dive_id|calibration_dive_id|camera_id|model|known_length_m|length_m|depth_m|dot|leid|pos|ax|km
66|83|10|Grouper|0.36|0.3049862521605992|2.198831558227539|2043.1141187665821;1388.0852797623602|21|[-0.029473014175891876, -0.09940780699253082, 0.0]|[0.02901473641395569, 0.013735744170844555, 0.9994845986366272]|[[2841.3712142828917, 0.0, 2004.355023481056], [0.0, 2863.7600731700495, 1476.2484742699291], [0.0, 0.0, 1.0]]
66|83|10|Grouper|0.36|0.3046287541977297|2.212307929992676|2046.001467880291;1387.8835719888875|21|[-0.029473014175891876, -0.09940780699253082, 0.0]|[0.02901473641395569, 0.013735744170844555, 0.9994845986366272]|[[2841.3712142828917, 0.0, 2004.355023481056], [0.0, 2863.7600731700495, 1476.2484742699291], [0.0, 0.0, 1.0]]
66|83|10|Grouper|0.36|0.3164271480302645|2.2647945880889893|2047.5747048312408;1390.628120541091|21|[-0.029473014175891876, -0.09940780699253082, 0.0]|[0.02901473641395569, 0.013735744170844555, 0.9994845986366272]|[[2841.3712142828917, 0.0, 2004.355023481056], [0.0, 2863.7600731700495, 1476.2484742699291], [0.0, 0.0, 1.0]]
66|83|10|Grouper|0.36|0.30367747068423806|2.214240312576294|2046.913674151784;1387.7005098169334|21|[-0.029473014175891876, -0.09940780699253082, 0.0]|[0.02901473641395569, 0.013735744170844555, 0.9994845986366272]|[[2841.3712142828917, 0.0, 2004.355023481056], [0.0, 2863.7600731700495, 1476.2484742699291], [0.0, 0.0, 1.0]]
66|83|10|Shark|0.605|0.6028819290070336|1.3332633972167969|2019.0971389097467;1303.6771962115847|21|[-0.029473014175891876, -0.09940780699253082, 0.0]|[0.02901473641395569, 0.013735744170844555, 0.9994845986366272]|[[2841.3712142828917, 0.0, 2004.355023481056], [0.0, 2863.7600731700495, 1476.2484742699291], [0.0, 0.0, 1.0]]
66|83|10|Shark|0.605|0.6013915219204907|1.3344919681549072|2019.9021427334114;1303.617709311108|21|[-0.029473014175891876, -0.09940780699253082, 0.0]|[0.02901473641395569, 0.013735744170844555, 0.9994845986366272]|[[2841.3712142828917, 0.0, 2004.355023481056], [0.0, 2863.7600731700495, 1476.2484742699291], [0.0, 0.0, 1.0]]
66|83|10|Shark|0.605|0.5951196649419139|1.560592770576477|2030.3865926442747;1334.0591833282776|21|[-0.029473014175891876, -0.09940780699253082, 0.0]|[0.02901473641395569, 0.013735744170844555, 0.9994845986366272]|[[2841.3712142828917, 0.0, 2004.355023481056], [0.0, 2863.7600731700495, 1476.2484742699291], [0.0, 0.0, 1.0]]
66|83|10|Shark|0.605|0.597605900521701|1.5122737884521484|2027.401164636206;1328.6636580293964|21|[-0.029473014175891876, -0.09940780699253082, 0.0]|[0.02901473641395569, 0.013735744170844555, 0.9994845986366272]|[[2841.3712142828917, 0.0, 2004.355023481056], [0.0, 2863.7600731700495, 1476.2484742699291], [0.0, 0.0, 1.0]]
66|83|10|Shark|0.605|0.5997940778799594|1.537984848022461|2028.9258673454847;1331.6089512620433|21|[-0.029473014175891876, -0.09940780699253082, 0.0]|[0.02901473641395569, 0.013735744170844555, 0.9994845986366272]|[[2841.3712142828917, 0.0, 2004.355023481056], [0.0, 2863.7600731700495, 1476.2484742699291], [0.0, 0.0, 1.0]]
66|83|10|Shark|0.605|0.5984507661756732|1.5506017208099365|2028.6510277855546;1333.3663783477116|21|[-0.029473014175891876, -0.09940780699253082, 0.0]|[0.02901473641395569, 0.013735744170844555, 0.9994845986366272]|[[2841.3712142828917, 0.0, 2004.355023481056], [0.0, 2863.7600731700495, 1476.2484742699291], [0.0, 0.0, 1.0]]
66|83|10|Shark|0.605|0.5941947098027545|1.5795669555664062|2030.4511643431647;1336.4501991395127|21|[-0.029473014175891876, -0.09940780699253082, 0.0]|[0.02901473641395569, 0.013735744170844555, 0.9994845986366272]|[[2841.3712142828917, 0.0, 2004.355023481056], [0.0, 2863.7600731700495, 1476.2484742699291], [0.0, 0.0, 1.0]]
66|83|10|Shark|0.605|0.5974067842603665|1.6063196659088135|2030.637574990862;1339.7011703605206|21|[-0.029473014175891876, -0.09940780699253082, 0.0]|[0.02901473641395569, 0.013735744170844555, 0.9994845986366272]|[[2841.3712142828917, 0.0, 2004.355023481056], [0.0, 2863.7600731700495, 1476.2484742699291], [0.0, 0.0, 1.0]]
66|83|10|Shark|0.605|0.60414764012131|1.6512272357940674|2031.816396042133;1344.5929028550165|21|[-0.029473014175891876, -0.09940780699253082, 0.0]|[0.02901473641395569, 0.013735744170844555, 0.9994845986366272]|[[2841.3712142828917, 0.0, 2004.355023481056], [0.0, 2863.7600731700495, 1476.2484742699291], [0.0, 0.0, 1.0]]
66|83|10|Shark|0.605|0.58867037195385|2.413271427154541|2049.0841513987;1398.6310906256924|21|[-0.029473014175891876, -0.09940780699253082, 0.0]|[0.02901473641395569, 0.013735744170844555, 0.9994845986366272]|[[2841.3712142828917, 0.0, 2004.355023481056], [0.0, 2863.7600731700495, 1476.2484742699291], [0.0, 0.0, 1.0]]
66|83|10|Shark|0.605|0.5853996930393571|2.4956820011138916|2050.300328597378;1402.5039447347167|21|[-0.029473014175891876, -0.09940780699253082, 0.0]|[0.02901473641395569, 0.013735744170844555, 0.9994845986366272]|[[2841.3712142828917, 0.0, 2004.355023481056], [0.0, 2863.7600731700495, 1476.2484742699291], [0.0, 0.0, 1.0]]
66|83|10|Shark|0.605|0.5831759917585385|2.487372875213623|2051.051426662005;1401.8220167265476|21|[-0.029473014175891876, -0.09940780699253082, 0.0]|[0.02901473641395569, 0.013735744170844555, 0.9994845986366272]|[[2841.3712142828917, 0.0, 2004.355023481056], [0.0, 2863.7600731700495, 1476.2484742699291], [0.0, 0.0, 1.0]]
66|83|10|Shark|0.605|0.5882838251755056|2.5119619369506836|2052.065501911899;1402.7211539387|21|[-0.029473014175891876, -0.09940780699253082, 0.0]|[0.02901473641395569, 0.013735744170844555, 0.9994845986366272]|[[2841.3712142828917, 0.0, 2004.355023481056], [0.0, 2863.7600731700495, 1476.2484742699291], [0.0, 0.0, 1.0]]
66|83|10|Purple Angel|0.192|0.18583302293150905|1.3485617637634277|2019.6108425807595;1306.1751618784633|21|[-0.029473014175891876, -0.09940780699253082, 0.0]|[0.02901473641395569, 0.013735744170844555, 0.9994845986366272]|[[2841.3712142828917, 0.0, 2004.355023481056], [0.0, 2863.7600731700495, 1476.2484742699291], [0.0, 0.0, 1.0]]
66|83|10|Purple Angel|0.192|0.18259034231816731|1.3243893384933472|2019.6823707571134;1301.8950085025372|21|[-0.029473014175891876, -0.09940780699253082, 0.0]|[0.02901473641395569, 0.013735744170844555, 0.9994845986366272]|[[2841.3712142828917, 0.0, 2004.355023481056], [0.0, 2863.7600731700495, 1476.2484742699291], [0.0, 0.0, 1.0]]
66|83|10|Purple Angel|0.192|0.18621867310068274|1.3441377878189087|2020.2163409123498;1305.189680908703|21|[-0.029473014175891876, -0.09940780699253082, 0.0]|[0.02901473641395569, 0.013735744170844555, 0.9994845986366272]|[[2841.3712142828917, 0.0, 2004.355023481056], [0.0, 2863.7600731700495, 1476.2484742699291], [0.0, 0.0, 1.0]]
66|83|10|Purple Angel|0.192|0.17846061917343728|2.4217333793640137|2049.0988879203323;1399.0940927023007|21|[-0.029473014175891876, -0.09940780699253082, 0.0]|[0.02901473641395569, 0.013735744170844555, 0.9994845986366272]|[[2841.3712142828917, 0.0, 2004.355023481056], [0.0, 2863.7600731700495, 1476.2484742699291], [0.0, 0.0, 1.0]]
66|83|10|Purple Angel|0.192|0.1990307171748578|3.1314473152160645|2059.259296494233;1424.9291247455687|21|[-0.029473014175891876, -0.09940780699253082, 0.0]|[0.02901473641395569, 0.013735744170844555, 0.9994845986366272]|[[2841.3712142828917, 0.0, 2004.355023481056], [0.0, 2863.7600731700495, 1476.2484742699291], [0.0, 0.0, 1.0]]
66|83|10|Purple Angel|0.192|0.1788986184085381|2.8112964630126953|2054.156277637424;1415.2892338063064|21|[-0.029473014175891876, -0.09940780699253082, 0.0]|[0.02901473641395569, 0.013735744170844555, 0.9994845986366272]|[[2841.3712142828917, 0.0, 2004.355023481056], [0.0, 2863.7600731700495, 1476.2484742699291], [0.0, 0.0, 1.0]]
66|83|10|Purple Angel|0.192|0.1782544875936144|2.7684166431427|2053.8087074523523;1413.6812117823065|21|[-0.029473014175891876, -0.09940780699253082, 0.0]|[0.02901473641395569, 0.013735744170844555, 0.9994845986366272]|[[2841.3712142828917, 0.0, 2004.355023481056], [0.0, 2863.7600731700495, 1476.2484742699291], [0.0, 0.0, 1.0]]
66|83|10|Purple Angel|0.192|0.1799861545326396|2.889155387878418|2053.618439398751;1418.5304643274578|21|[-0.029473014175891876, -0.09940780699253082, 0.0]|[0.02901473641395569, 0.013735744170844555, 0.9994845986366272]|[[2841.3712142828917, 0.0, 2004.355023481056], [0.0, 2863.7600731700495, 1476.2484742699291], [0.0, 0.0, 1.0]]
66|83|10|Snook|0.455|0.42247349787641614|1.9587785005569458|2040.406562230841;1371.4814120743654|21|[-0.029473014175891876, -0.09940780699253082, 0.0]|[0.02901473641395569, 0.013735744170844555, 0.9994845986366272]|[[2841.3712142828917, 0.0, 2004.355023481056], [0.0, 2863.7600731700495, 1476.2484742699291], [0.0, 0.0, 1.0]]
66|83|10|Snook|0.455|0.4106612551747665|1.868316650390625|2039.7515840706035;1363.9346928118748|21|[-0.029473014175891876, -0.09940780699253082, 0.0]|[0.02901473641395569, 0.013735744170844555, 0.9994845986366272]|[[2841.3712142828917, 0.0, 2004.355023481056], [0.0, 2863.7600731700495, 1476.2484742699291], [0.0, 0.0, 1.0]]
66|83|10|Snook|0.455|0.41726333892379414|1.8242197036743164|2036.5969312931888;1360.9621300261028|21|[-0.029473014175891876, -0.09940780699253082, 0.0]|[0.02901473641395569, 0.013735744170844555, 0.9994845986366272]|[[2841.3712142828917, 0.0, 2004.355023481056], [0.0, 2863.7600731700495, 1476.2484742699291], [0.0, 0.0, 1.0]]
66|83|10|Snook|0.455|0.41753219883623477|1.8148372173309326|2036.9797593694245;1359.9382472815475|21|[-0.029473014175891876, -0.09940780699253082, 0.0]|[0.02901473641395569, 0.013735744170844555, 0.9994845986366272]|[[2841.3712142828917, 0.0, 2004.355023481056], [0.0, 2863.7600731700495, 1476.2484742699291], [0.0, 0.0, 1.0]]
66|83|10|Snook|0.455|0.42087012918601274|1.8131123781204224|2038.684921753198;1359.1987986847228|21|[-0.029473014175891876, -0.09940780699253082, 0.0]|[0.02901473641395569, 0.013735744170844555, 0.9994845986366272]|[[2841.3712142828917, 0.0, 2004.355023481056], [0.0, 2863.7600731700495, 1476.2484742699291], [0.0, 0.0, 1.0]]
66|83|10|Snook|0.455|0.412817567366683|1.830470323562622|2038.4448339539301;1360.907405600756|21|[-0.029473014175891876, -0.09940780699253082, 0.0]|[0.02901473641395569, 0.013735744170844555, 0.9994845986366272]|[[2841.3712142828917, 0.0, 2004.355023481056], [0.0, 2863.7600731700495, 1476.2484742699291], [0.0, 0.0, 1.0]]
66|83|10|Snook|0.455|0.42982125426715934|1.6611964702606201|2032.1939851524648;1345.607651590406|21|[-0.029473014175891876, -0.09940780699253082, 0.0]|[0.02901473641395569, 0.013735744170844555, 0.9994845986366272]|[[2841.3712142828917, 0.0, 2004.355023481056], [0.0, 2863.7600731700495, 1476.2484742699291], [0.0, 0.0, 1.0]]
66|83|10|Snook|0.455|0.4375562397206184|1.647630214691162|2032.406652610421;1343.9725549661434|21|[-0.029473014175891876, -0.09940780699253082, 0.0]|[0.02901473641395569, 0.013735744170844555, 0.9994845986366272]|[[2841.3712142828917, 0.0, 2004.355023481056], [0.0, 2863.7600731700495, 1476.2484742699291], [0.0, 0.0, 1.0]]
66|83|10|Snook|0.455|0.4378712219294786|1.6511561870574951|2032.7766428840268;1344.254382020326|21|[-0.029473014175891876, -0.09940780699253082, 0.0]|[0.02901473641395569, 0.013735744170844555, 0.9994845986366272]|[[2841.3712142828917, 0.0, 2004.355023481056], [0.0, 2863.7600731700495, 1476.2484742699291], [0.0, 0.0, 1.0]]
66|83|10|Snook|0.455|0.4070727739218568|1.7384110689163208|2035.1959307448956;1352.9609325232987|21|[-0.029473014175891876, -0.09940780699253082, 0.0]|[0.02901473641395569, 0.013735744170844555, 0.9994845986366272]|[[2841.3712142828917, 0.0, 2004.355023481056], [0.0, 2863.7600731700495, 1476.2484742699291], [0.0, 0.0, 1.0]]
66|83|10|Snook|0.455|0.33392214034912543|1.7174961566925049|2035.0121993797898;1350.8309005055082|21|[-0.029473014175891876, -0.09940780699253082, 0.0]|[0.02901473641395569, 0.013735744170844555, 0.9994845986366272]|[[2841.3712142828917, 0.0, 2004.355023481056], [0.0, 2863.7600731700495, 1476.2484742699291], [0.0, 0.0, 1.0]]
66|83|10|Snook|0.455|0.3159260205019322|1.7157938480377197|2034.1963367572173;1350.920944793342|21|[-0.029473014175891876, -0.09940780699253082, 0.0]|[0.02901473641395569, 0.013735744170844555, 0.9994845986366272]|[[2841.3712142828917, 0.0, 2004.355023481056], [0.0, 2863.7600731700495, 1476.2484742699291], [0.0, 0.0, 1.0]]
66|83|10|Snook|0.455|0.3644653551199609|1.7787203788757324|2036.7931855504307;1356.4996141027245|21|[-0.029473014175891876, -0.09940780699253082, 0.0]|[0.02901473641395569, 0.013735744170844555, 0.9994845986366272]|[[2841.3712142828917, 0.0, 2004.355023481056], [0.0, 2863.7600731700495, 1476.2484742699291], [0.0, 0.0, 1.0]]
66|83|10|Snook|0.455|0.3498868528429898|1.792510747909546|2037.0850960823584;1357.749750035484|21|[-0.029473014175891876, -0.09940780699253082, 0.0]|[0.02901473641395569, 0.013735744170844555, 0.9994845986366272]|[[2841.3712142828917, 0.0, 2004.355023481056], [0.0, 2863.7600731700495, 1476.2484742699291], [0.0, 0.0, 1.0]]
66|83|10|Snook|0.455|0.3541063765413306|1.7830054759979248|2036.768756352276;1356.92449622786|21|[-0.029473014175891876, -0.09940780699253082, 0.0]|[0.02901473641395569, 0.013735744170844555, 0.9994845986366272]|[[2841.3712142828917, 0.0, 2004.355023481056], [0.0, 2863.7600731700495, 1476.2484742699291], [0.0, 0.0, 1.0]]
66|83|10|Snook|0.455|0.33078809542437515|1.080966830253601|2002.3478436944997;1254.5415874902612|21|[-0.029473014175891876, -0.09940780699253082, 0.0]|[0.02901473641395569, 0.013735744170844555, 0.9994845986366272]|[[2841.3712142828917, 0.0, 2004.355023481056], [0.0, 2863.7600731700495, 1476.2484742699291], [0.0, 0.0, 1.0]]
76|63|3|Shark|0.605|0.5203286854604017|1.2597874402999878|1957.8838821851498;1346.4949641950564|20|[-0.03206002712249756, -0.09930168092250824, 0.0]|[0.0013077228795737028, 0.027590053156018257, 0.999618411064148]|[[2832.88718694667, 0.0, 2027.3101376941806], [0.0, 2857.5529688242154, 1492.5272084030742], [0.0, 0.0, 1.0]]
76|63|3|Shark|0.605|0.5479612547593039|1.255497932434082|1958.1451555110364;1345.5588033746308|20|[-0.03206002712249756, -0.09930168092250824, 0.0]|[0.0013077228795737028, 0.027590053156018257, 0.999618411064148]|[[2832.88718694667, 0.0, 2027.3101376941806], [0.0, 2857.5529688242154, 1492.5272084030742], [0.0, 0.0, 1.0]]
76|63|3|Shark|0.605|0.5274991592017664|1.2414071559906006|1956.2587934744608;1343.3558410273827|20|[-0.03206002712249756, -0.09930168092250824, 0.0]|[0.0013077228795737028, 0.027590053156018257, 0.999618411064148]|[[2832.88718694667, 0.0, 2027.3101376941806], [0.0, 2857.5529688242154, 1492.5272084030742], [0.0, 0.0, 1.0]]
76|63|3|Shark|0.605|0.5360814311627861|1.3247697353363037|1959.0457098222178;1358.3812046447686|20|[-0.03206002712249756, -0.09930168092250824, 0.0]|[0.0013077228795737028, 0.027590053156018257, 0.999618411064148]|[[2832.88718694667, 0.0, 2027.3101376941806], [0.0, 2857.5529688242154, 1492.5272084030742], [0.0, 0.0, 1.0]]
76|63|3|Shark|0.605|0.5358475999019513|1.123928427696228|1949.5279964618933;1319.1466047709305|20|[-0.03206002712249756, -0.09930168092250824, 0.0]|[0.0013077228795737028, 0.027590053156018257, 0.999618411064148]|[[2832.88718694667, 0.0, 2027.3101376941806], [0.0, 2857.5529688242154, 1492.5272084030742], [0.0, 0.0, 1.0]]
76|63|3|Shark|0.605|0.5338611576428688|1.1963478326797485|1954.587960741197;1334.3722217729107|20|[-0.03206002712249756, -0.09930168092250824, 0.0]|[0.0013077228795737028, 0.027590053156018257, 0.999618411064148]|[[2832.88718694667, 0.0, 2027.3101376941806], [0.0, 2857.5529688242154, 1492.5272084030742], [0.0, 0.0, 1.0]]
76|63|3|Shark|0.605|0.5384755302380534|1.1054017543792725|1947.6686900624945;1315.0852246655375|20|[-0.03206002712249756, -0.09930168092250824, 0.0]|[0.0013077228795737028, 0.027590053156018257, 0.999618411064148]|[[2832.88718694667, 0.0, 2027.3101376941806], [0.0, 2857.5529688242154, 1492.5272084030742], [0.0, 0.0, 1.0]]
76|63|3|Shark|0.605|0.5298737907270785|1.157069444656372|1951.355142106505;1326.545687718992|20|[-0.03206002712249756, -0.09930168092250824, 0.0]|[0.0013077228795737028, 0.027590053156018257, 0.999618411064148]|[[2832.88718694667, 0.0, 2027.3101376941806], [0.0, 2857.5529688242154, 1492.5272084030742], [0.0, 0.0, 1.0]]
76|63|3|Shark|0.605|0.5385802641144453|1.1494038105010986|1950.446023822057;1325.034934327523|20|[-0.03206002712249756, -0.09930168092250824, 0.0]|[0.0013077228795737028, 0.027590053156018257, 0.999618411064148]|[[2832.88718694667, 0.0, 2027.3101376941806], [0.0, 2857.5529688242154, 1492.5272084030742], [0.0, 0.0, 1.0]]
76|63|3|Shark|0.605|0.549182020117657|1.8731689453125|1979.812186443273;1420.8484254970306|20|[-0.03206002712249756, -0.09930168092250824, 0.0]|[0.0013077228795737028, 0.027590053156018257, 0.999618411064148]|[[2832.88718694667, 0.0, 2027.3101376941806], [0.0, 2857.5529688242154, 1492.5272084030742], [0.0, 0.0, 1.0]]
76|63|3|Shark|0.605|0.5563632585100188|1.8922933340072632|1981.6530273871708;1421.8930605477444|20|[-0.03206002712249756, -0.09930168092250824, 0.0]|[0.0013077228795737028, 0.027590053156018257, 0.999618411064148]|[[2832.88718694667, 0.0, 2027.3101376941806], [0.0, 2857.5529688242154, 1492.5272084030742], [0.0, 0.0, 1.0]]
76|63|3|Shark|0.605|0.5530289257548082|1.886426329612732|1981.623760430796;1421.3903504587297|20|[-0.03206002712249756, -0.09930168092250824, 0.0]|[0.0013077228795737028, 0.027590053156018257, 0.999618411064148]|[[2832.88718694667, 0.0, 2027.3101376941806], [0.0, 2857.5529688242154, 1492.5272084030742], [0.0, 0.0, 1.0]]
76|63|3|Shark|0.605|0.549427023524329|1.8810621500015259|1980.251436159591;1421.3991418367893|20|[-0.03206002712249756, -0.09930168092250824, 0.0]|[0.0013077228795737028, 0.027590053156018257, 0.999618411064148]|[[2832.88718694667, 0.0, 2027.3101376941806], [0.0, 2857.5529688242154, 1492.5272084030742], [0.0, 0.0, 1.0]]
76|63|3|Shark|0.605|0.5503106508680008|1.8810081481933594|1980.572274083535;1421.2802707657863|20|[-0.03206002712249756, -0.09930168092250824, 0.0]|[0.0013077228795737028, 0.027590053156018257, 0.999618411064148]|[[2832.88718694667, 0.0, 2027.3101376941806], [0.0, 2857.5529688242154, 1492.5272084030742], [0.0, 0.0, 1.0]]
76|63|3|Shark|0.605|0.5523573412245564|1.8887059688568115|1979.436477692527;1422.3813848786208|20|[-0.03206002712249756, -0.09930168092250824, 0.0]|[0.0013077228795737028, 0.027590053156018257, 0.999618411064148]|[[2832.88718694667, 0.0, 2027.3101376941806], [0.0, 2857.5529688242154, 1492.5272084030742], [0.0, 0.0, 1.0]]
76|63|3|Shark|0.605|0.5495183214856068|1.8770583868026733|1980.1698981296656;1421.0760602065532|20|[-0.03206002712249756, -0.09930168092250824, 0.0]|[0.0013077228795737028, 0.027590053156018257, 0.999618411064148]|[[2832.88718694667, 0.0, 2027.3101376941806], [0.0, 2857.5529688242154, 1492.5272084030742], [0.0, 0.0, 1.0]]
76|63|3|Shark|0.605|0.5481153649720252|1.8759925365447998|1981.0692639237275;1420.6590124651295|20|[-0.03206002712249756, -0.09930168092250824, 0.0]|[0.0013077228795737028, 0.027590053156018257, 0.999618411064148]|[[2832.88718694667, 0.0, 2027.3101376941806], [0.0, 2857.5529688242154, 1492.5272084030742], [0.0, 0.0, 1.0]]
76|63|3|Shark|0.605|0.5490540302184357|1.8776259422302246|1980.6388691423092;1420.9507896692405|20|[-0.03206002712249756, -0.09930168092250824, 0.0]|[0.0013077228795737028, 0.027590053156018257, 0.999618411064148]|[[2832.88718694667, 0.0, 2027.3101376941806], [0.0, 2857.5529688242154, 1492.5272084030742], [0.0, 0.0, 1.0]]
76|63|3|Shark|0.605|0.5491464718268031|1.8756682872772217|1980.8345139253472;1420.712609278765|20|[-0.03206002712249756, -0.09930168092250824, 0.0]|[0.0013077228795737028, 0.027590053156018257, 0.999618411064148]|[[2832.88718694667, 0.0, 2027.3101376941806], [0.0, 2857.5529688242154, 1492.5272084030742], [0.0, 0.0, 1.0]]
76|63|3|Shark|0.605|0.5714652417625938|2.304943799972534|1990.8307684922333;1448.5474679595527|20|[-0.03206002712249756, -0.09930168092250824, 0.0]|[0.0013077228795737028, 0.027590053156018257, 0.999618411064148]|[[2832.88718694667, 0.0, 2027.3101376941806], [0.0, 2857.5529688242154, 1492.5272084030742], [0.0, 0.0, 1.0]]
76|63|3|Shark|0.605|0.5699321265116303|2.2334482669830322|1987.984743048018;1445.1683779173368|20|[-0.03206002712249756, -0.09930168092250824, 0.0]|[0.0013077228795737028, 0.027590053156018257, 0.999618411064148]|[[2832.88718694667, 0.0, 2027.3101376941806], [0.0, 2857.5529688242154, 1492.5272084030742], [0.0, 0.0, 1.0]]
76|63|3|Shark|0.605|0.5637008076399033|2.240142583847046|1988.2569417525187;1445.4988082386915|20|[-0.03206002712249756, -0.09930168092250824, 0.0]|[0.0013077228795737028, 0.027590053156018257, 0.999618411064148]|[[2832.88718694667, 0.0, 2027.3101376941806], [0.0, 2857.5529688242154, 1492.5272084030742], [0.0, 0.0, 1.0]]
76|63|3|Shark|0.605|0.5584417789041491|2.3505020141601562|1991.905796395122;1450.8184338566646|20|[-0.03206002712249756, -0.09930168092250824, 0.0]|[0.0013077228795737028, 0.027590053156018257, 0.999618411064148]|[[2832.88718694667, 0.0, 2027.3101376941806], [0.0, 2857.5529688242154, 1492.5272084030742], [0.0, 0.0, 1.0]]
76|63|3|Shark|0.605|0.5574919033892698|2.276691198348999|1989.8473649973441;1447.1845013258758|20|[-0.03206002712249756, -0.09930168092250824, 0.0]|[0.0013077228795737028, 0.027590053156018257, 0.999618411064148]|[[2832.88718694667, 0.0, 2027.3101376941806], [0.0, 2857.5529688242154, 1492.5272084030742], [0.0, 0.0, 1.0]]
76|63|3|Shark|0.605|0.569513986406479|2.3605098724365234|1991.5442179136583;1451.5120902083402|20|[-0.03206002712249756, -0.09930168092250824, 0.0]|[0.0013077228795737028, 0.027590053156018257, 0.999618411064148]|[[2832.88718694667, 0.0, 2027.3101376941806], [0.0, 2857.5529688242154, 1492.5272084030742], [0.0, 0.0, 1.0]]
76|63|3|Shark|0.605|0.5717790468526295|2.4827330112457275|1992.0143872184108;1457.9441483428404|20|[-0.03206002712249756, -0.09930168092250824, 0.0]|[0.0013077228795737028, 0.027590053156018257, 0.999618411064148]|[[2832.88718694667, 0.0, 2027.3101376941806], [0.0, 2857.5529688242154, 1492.5272084030742], [0.0, 0.0, 1.0]]
76|63|3|Shark|0.605|0.5577807261226866|2.3875927925109863|1991.5139376499296;1453.0389980252958|20|[-0.03206002712249756, -0.09930168092250824, 0.0]|[0.0013077228795737028, 0.027590053156018257, 0.999618411064148]|[[2832.88718694667, 0.0, 2027.3101376941806], [0.0, 2857.5529688242154, 1492.5272084030742], [0.0, 0.0, 1.0]]
76|63|3|Purple Angel|0.192|0.18821989766073713|0.8735721111297607|1925.041509565361;1247.2345222425283|20|[-0.03206002712249756, -0.09930168092250824, 0.0]|[0.0013077228795737028, 0.027590053156018257, 0.999618411064148]|[[2832.88718694667, 0.0, 2027.3101376941806], [0.0, 2857.5529688242154, 1492.5272084030742], [0.0, 0.0, 1.0]]
76|63|3|Purple Angel|0.192|0.18938567491907787|0.8653489351272583|1924.5;1244|20|[-0.03206002712249756, -0.09930168092250824, 0.0]|[0.0013077228795737028, 0.027590053156018257, 0.999618411064148]|[[2832.88718694667, 0.0, 2027.3101376941806], [0.0, 2857.5529688242154, 1492.5272084030742], [0.0, 0.0, 1.0]]
76|63|3|Purple Angel|0.192|0.18785360391027123|0.8568137288093567|1926.6632396194682;1239.686050764895|20|[-0.03206002712249756, -0.09930168092250824, 0.0]|[0.0013077228795737028, 0.027590053156018257, 0.999618411064148]|[[2832.88718694667, 0.0, 2027.3101376941806], [0.0, 2857.5529688242154, 1492.5272084030742], [0.0, 0.0, 1.0]]
76|63|3|Purple Angel|0.192|0.1847540086961635|1.7782914638519287|1977.3377947402387;1412.7273410049872|20|[-0.03206002712249756, -0.09930168092250824, 0.0]|[0.0013077228795737028, 0.027590053156018257, 0.999618411064148]|[[2832.88718694667, 0.0, 2027.3101376941806], [0.0, 2857.5529688242154, 1492.5272084030742], [0.0, 0.0, 1.0]]
76|63|3|Purple Angel|0.192|0.18413629039995286|1.735823392868042|1977.5715622876596;1408.2967211028215|20|[-0.03206002712249756, -0.09930168092250824, 0.0]|[0.0013077228795737028, 0.027590053156018257, 0.999618411064148]|[[2832.88718694667, 0.0, 2027.3101376941806], [0.0, 2857.5529688242154, 1492.5272084030742], [0.0, 0.0, 1.0]]
76|63|3|Purple Angel|0.192|0.18283727813061354|1.815151333808899|1978.367609618879;1415.9771979775392|20|[-0.03206002712249756, -0.09930168092250824, 0.0]|[0.0013077228795737028, 0.027590053156018257, 0.999618411064148]|[[2832.88718694667, 0.0, 2027.3101376941806], [0.0, 2857.5529688242154, 1492.5272084030742], [0.0, 0.0, 1.0]]
76|63|3|Purple Angel|0.192|0.1865484173663072|1.8117141723632812|1977.6178075795847;1415.911542709085|20|[-0.03206002712249756, -0.09930168092250824, 0.0]|[0.0013077228795737028, 0.027590053156018257, 0.999618411064148]|[[2832.88718694667, 0.0, 2027.3101376941806], [0.0, 2857.5529688242154, 1492.5272084030742], [0.0, 0.0, 1.0]]
76|63|3|Purple Angel|0.192|0.18377185925666853|1.8169031143188477|1978.6780541619942;1416.028644825029|20|[-0.03206002712249756, -0.09930168092250824, 0.0]|[0.0013077228795737028, 0.027590053156018257, 0.999618411064148]|[[2832.88718694667, 0.0, 2027.3101376941806], [0.0, 2857.5529688242154, 1492.5272084030742], [0.0, 0.0, 1.0]]
76|63|3|Purple Angel|0.192|0.18277527204654143|1.8369578123092651|1977.9909601858717;1418.1867042414322|20|[-0.03206002712249756, -0.09930168092250824, 0.0]|[0.0013077228795737028, 0.027590053156018257, 0.999618411064148]|[[2832.88718694667, 0.0, 2027.3101376941806], [0.0, 2857.5529688242154, 1492.5272084030742], [0.0, 0.0, 1.0]]
76|63|3|Purple Angel|0.192|0.18511956641558971|1.8484163284301758|1977.4735357595368;1419.4669877449473|20|[-0.03206002712249756, -0.09930168092250824, 0.0]|[0.0013077228795737028, 0.027590053156018257, 0.999618411064148]|[[2832.88718694667, 0.0, 2027.3101376941806], [0.0, 2857.5529688242154, 1492.5272084030742], [0.0, 0.0, 1.0]]
76|63|3|Purple Angel|0.192|0.1821827372715756|1.832491159439087|1978.440926805544;1417.5909816056349|20|[-0.03206002712249756, -0.09930168092250824, 0.0]|[0.0013077228795737028, 0.027590053156018257, 0.999618411064148]|[[2832.88718694667, 0.0, 2027.3101376941806], [0.0, 2857.5529688242154, 1492.5272084030742], [0.0, 0.0, 1.0]]
76|63|3|Purple Angel|0.192|0.186018359417984|1.8749659061431885|1981.8963911525027;1420.2817229336436|20|[-0.03206002712249756, -0.09930168092250824, 0.0]|[0.0013077228795737028, 0.027590053156018257, 0.999618411064148]|[[2832.88718694667, 0.0, 2027.3101376941806], [0.0, 2857.5529688242154, 1492.5272084030742], [0.0, 0.0, 1.0]]
76|63|3|Grouper|0.36|0.3406396118260624|1.4952865839004517|1969.0632220957546;1382.0416876652987|20|[-0.03206002712249756, -0.09930168092250824, 0.0]|[0.0013077228795737028, 0.027590053156018257, 0.999618411064148]|[[2832.88718694667, 0.0, 2027.3101376941806], [0.0, 2857.5529688242154, 1492.5272084030742], [0.0, 0.0, 1.0]]
76|63|3|Grouper|0.36|0.34577461954441824|1.5741288661956787|1970.9694880401046;1391.9289863619003|20|[-0.03206002712249756, -0.09930168092250824, 0.0]|[0.0013077228795737028, 0.027590053156018257, 0.999618411064148]|[[2832.88718694667, 0.0, 2027.3101376941806], [0.0, 2857.5529688242154, 1492.5272084030742], [0.0, 0.0, 1.0]]
76|63|3|Grouper|0.36|0.34234080103676134|1.5549265146255493|1970.5415561216803;1389.6072369251185|20|[-0.03206002712249756, -0.09930168092250824, 0.0]|[0.0013077228795737028, 0.027590053156018257, 0.999618411064148]|[[2832.88718694667, 0.0, 2027.3101376941806], [0.0, 2857.5529688242154, 1492.5272084030742], [0.0, 0.0, 1.0]]
76|63|3|Grouper|0.36|0.33545022633929295|1.505768060684204|1968.9514627644608;1383.5359993712516|20|[-0.03206002712249756, -0.09930168092250824, 0.0]|[0.0013077228795737028, 0.027590053156018257, 0.999618411064148]|[[2832.88718694667, 0.0, 2027.3101376941806], [0.0, 2857.5529688242154, 1492.5272084030742], [0.0, 0.0, 1.0]]
76|63|3|Grouper|0.36|0.33517123199845333|1.4232327938079834|1965.9607821544528;1372.4315576816036|20|[-0.03206002712249756, -0.09930168092250824, 0.0]|[0.0013077228795737028, 0.027590053156018257, 0.999618411064148]|[[2832.88718694667, 0.0, 2027.3101376941806], [0.0, 2857.5529688242154, 1492.5272084030742], [0.0, 0.0, 1.0]]
76|63|3|Grouper|0.36|0.33909025138002474|1.4678863286972046|1966.7819901542935;1378.8895811282734|20|[-0.03206002712249756, -0.09930168092250824, 0.0]|[0.0013077228795737028, 0.027590053156018257, 0.999618411064148]|[[2832.88718694667, 0.0, 2027.3101376941806], [0.0, 2857.5529688242154, 1492.5272084030742], [0.0, 0.0, 1.0]]
76|63|3|Grouper|0.36|0.34023766566813507|1.4275270700454712|1965.565586863112;1373.2358728626336|20|[-0.03206002712249756, -0.09930168092250824, 0.0]|[0.0013077228795737028, 0.027590053156018257, 0.999618411064148]|[[2832.88718694667, 0.0, 2027.3101376941806], [0.0, 2857.5529688242154, 1492.5272084030742], [0.0, 0.0, 1.0]]
76|63|3|Grouper|0.36|0.3375105128971768|1.4475725889205933|1965.3697649046405;1376.372603651611|20|[-0.03206002712249756, -0.09930168092250824, 0.0]|[0.0013077228795737028, 0.027590053156018257, 0.999618411064148]|[[2832.88718694667, 0.0, 2027.3101376941806], [0.0, 2857.5529688242154, 1492.5272084030742], [0.0, 0.0, 1.0]]
76|63|3|Grouper|0.36|0.34061520901905434|1.4077043533325195|1965.316412140687;1370.2195441864387|20|[-0.03206002712249756, -0.09930168092250824, 0.0]|[0.0013077228795737028, 0.027590053156018257, 0.999618411064148]|[[2832.88718694667, 0.0, 2027.3101376941806], [0.0, 2857.5529688242154, 1492.5272084030742], [0.0, 0.0, 1.0]]
76|63|3|Grouper|0.36|0.34615446662767274|1.3977930545806885|1965.5767779619414;1368.5458823386468|20|[-0.03206002712249756, -0.09930168092250824, 0.0]|[0.0013077228795737028, 0.027590053156018257, 0.999618411064148]|[[2832.88718694667, 0.0, 2027.3101376941806], [0.0, 2857.5529688242154, 1492.5272084030742], [0.0, 0.0, 1.0]]
76|63|3|Grouper|0.36|0.3411909586443384|1.2962359189987183|1960.0094878317987;1352.7929594934403|20|[-0.03206002712249756, -0.09930168092250824, 0.0]|[0.0013077228795737028, 0.027590053156018257, 0.999618411064148]|[[2832.88718694667, 0.0, 2027.3101376941806], [0.0, 2857.5529688242154, 1492.5272084030742], [0.0, 0.0, 1.0]]
76|63|3|Grouper|0.36|0.3246816918635769|1.2901562452316284|1958.8331663104693;1352.046905687|20|[-0.03206002712249756, -0.09930168092250824, 0.0]|[0.0013077228795737028, 0.027590053156018257, 0.999618411064148]|[[2832.88718694667, 0.0, 2027.3101376941806], [0.0, 2857.5529688242154, 1492.5272084030742], [0.0, 0.0, 1.0]]
76|63|3|Grouper|0.36|0.31933082284141145|1.3126215934753418|1960.6775394364113;1355.5919711527129|20|[-0.03206002712249756, -0.09930168092250824, 0.0]|[0.0013077228795737028, 0.027590053156018257, 0.999618411064148]|[[2832.88718694667, 0.0, 2027.3101376941806], [0.0, 2857.5529688242154, 1492.5272084030742], [0.0, 0.0, 1.0]]
76|63|3|Grouper|0.36|0.3069196936381781|1.302162766456604|1959.1074060190274;1354.2111569829112|20|[-0.03206002712249756, -0.09930168092250824, 0.0]|[0.0013077228795737028, 0.027590053156018257, 0.999618411064148]|[[2832.88718694667, 0.0, 2027.3101376941806], [0.0, 2857.5529688242154, 1492.5272084030742], [0.0, 0.0, 1.0]]
76|63|3|Grouper|0.36|0.3403086778031688|1.3032232522964478|1959.8089362957442;1354.1749043047664|20|[-0.03206002712249756, -0.09930168092250824, 0.0]|[0.0013077228795737028, 0.027590053156018257, 0.999618411064148]|[[2832.88718694667, 0.0, 2027.3101376941806], [0.0, 2857.5529688242154, 1492.5272084030742], [0.0, 0.0, 1.0]]
76|63|3|Grouper|0.36|0.33661301675167116|1.7646396160125732|1978.7623301521517;1410.8494303005964|20|[-0.03206002712249756, -0.09930168092250824, 0.0]|[0.0013077228795737028, 0.027590053156018257, 0.999618411064148]|[[2832.88718694667, 0.0, 2027.3101376941806], [0.0, 2857.5529688242154, 1492.5272084030742], [0.0, 0.0, 1.0]]
76|63|3|Grouper|0.36|0.3311704165155826|1.768940806388855|1977.63949238422;1411.6767881418116|20|[-0.03206002712249756, -0.09930168092250824, 0.0]|[0.0013077228795737028, 0.027590053156018257, 0.999618411064148]|[[2832.88718694667, 0.0, 2027.3101376941806], [0.0, 2857.5529688242154, 1492.5272084030742], [0.0, 0.0, 1.0]]
76|63|3|Grouper|0.36|0.32650238804658127|1.7730064392089844|1978.3643329190288;1411.824718822432|20|[-0.03206002712249756, -0.09930168092250824, 0.0]|[0.0013077228795737028, 0.027590053156018257, 0.999618411064148]|[[2832.88718694667, 0.0, 2027.3101376941806], [0.0, 2857.5529688242154, 1492.5272084030742], [0.0, 0.0, 1.0]]
76|63|3|Grouper|0.36|0.34222096682994624|1.7216224670410156|1975.559595101064;1407.5073257072897|20|[-0.03206002712249756, -0.09930168092250824, 0.0]|[0.0013077228795737028, 0.027590053156018257, 0.999618411064148]|[[2832.88718694667, 0.0, 2027.3101376941806], [0.0, 2857.5529688242154, 1492.5272084030742], [0.0, 0.0, 1.0]]
76|63|3|Grouper|0.36|0.3420037309773939|1.7459512948989868|1977.0139181834436;1409.5409264341927|20|[-0.03206002712249756, -0.09930168092250824, 0.0]|[0.0013077228795737028, 0.027590053156018257, 0.999618411064148]|[[2832.88718694667, 0.0, 2027.3101376941806], [0.0, 2857.5529688242154, 1492.5272084030742], [0.0, 0.0, 1.0]]
76|63|3|Grouper|0.36|0.34253629169803107|1.7262656688690186|1975.9549003432426;1407.857142857143|20|[-0.03206002712249756, -0.09930168092250824, 0.0]|[0.0013077228795737028, 0.027590053156018257, 0.999618411064148]|[[2832.88718694667, 0.0, 2027.3101376941806], [0.0, 2857.5529688242154, 1492.5272084030742], [0.0, 0.0, 1.0]]
76|63|3|Grouper|0.36|0.3372757815619806|1.7509828805923462|1977.284407343317;1409.9607573664637|20|[-0.03206002712249756, -0.09930168092250824, 0.0]|[0.0013077228795737028, 0.027590053156018257, 0.999618411064148]|[[2832.88718694667, 0.0, 2027.3101376941806], [0.0, 2857.5529688242154, 1492.5272084030742], [0.0, 0.0, 1.0]]
76|63|3|Grouper|0.36|0.3491271583225984|1.7687408924102783|1976.9095908162667;1411.9155886438823|20|[-0.03206002712249756, -0.09930168092250824, 0.0]|[0.0013077228795737028, 0.027590053156018257, 0.999618411064148]|[[2832.88718694667, 0.0, 2027.3101376941806], [0.0, 2857.5529688242154, 1492.5272084030742], [0.0, 0.0, 1.0]]
76|63|3|Grouper|0.36|0.339991496402525|1.719670295715332|1974.9378729935759;1407.5277300844248|20|[-0.03206002712249756, -0.09930168092250824, 0.0]|[0.0013077228795737028, 0.027590053156018257, 0.999618411064148]|[[2832.88718694667, 0.0, 2027.3101376941806], [0.0, 2857.5529688242154, 1492.5272084030742], [0.0, 0.0, 1.0]]
76|63|3|Grouper|0.36|0.34012127465447434|1.73065984249115|1976.0346413301709;1408.2960115130602|20|[-0.03206002712249756, -0.09930168092250824, 0.0]|[0.0013077228795737028, 0.027590053156018257, 0.999618411064148]|[[2832.88718694667, 0.0, 2027.3101376941806], [0.0, 2857.5529688242154, 1492.5272084030742], [0.0, 0.0, 1.0]]
76|63|3|Grouper|0.36|0.3129147583565376|1.6997110843658447|1976.0055240756762;1404.9805376506745|20|[-0.03206002712249756, -0.09930168092250824, 0.0]|[0.0013077228795737028, 0.027590053156018257, 0.999618411064148]|[[2832.88718694667, 0.0, 2027.3101376941806], [0.0, 2857.5529688242154, 1492.5272084030742], [0.0, 0.0, 1.0]]
76|63|3|Grouper|0.36|0.2885259374062499|1.7202364206314087|1977.3519255138665;1406.7250269108492|20|[-0.03206002712249756, -0.09930168092250824, 0.0]|[0.0013077228795737028, 0.027590053156018257, 0.999618411064148]|[[2832.88718694667, 0.0, 2027.3101376941806], [0.0, 2857.5529688242154, 1492.5272084030742], [0.0, 0.0, 1.0]]
76|63|3|Grouper|0.36|0.29854515439129437|1.7070757150650024|1975.9333570496328;1405.8016558614836|20|[-0.03206002712249756, -0.09930168092250824, 0.0]|[0.0013077228795737028, 0.027590053156018257, 0.999618411064148]|[[2832.88718694667, 0.0, 2027.3101376941806], [0.0, 2857.5529688242154, 1492.5272084030742], [0.0, 0.0, 1.0]]
76|63|3|Grouper|0.36|0.2948375456273998|1.7479956150054932|1977.0470751074574;1409.7473310984935|20|[-0.03206002712249756, -0.09930168092250824, 0.0]|[0.0013077228795737028, 0.027590053156018257, 0.999618411064148]|[[2832.88718694667, 0.0, 2027.3101376941806], [0.0, 2857.5529688242154, 1492.5272084030742], [0.0, 0.0, 1.0]]
76|63|3|Grouper|0.36|0.3229692278850317|1.694129467010498|1976.225216669671;1404.2921129022457|20|[-0.03206002712249756, -0.09930168092250824, 0.0]|[0.0013077228795737028, 0.027590053156018257, 0.999618411064148]|[[2832.88718694667, 0.0, 2027.3101376941806], [0.0, 2857.5529688242154, 1492.5272084030742], [0.0, 0.0, 1.0]]
76|63|3|Snook|0.455|0.43210150031954514|1.3170833587646484|1961.3128412556937;1356.1949385144137|20|[-0.03206002712249756, -0.09930168092250824, 0.0]|[0.0013077228795737028, 0.027590053156018257, 0.999618411064148]|[[2832.88718694667, 0.0, 2027.3101376941806], [0.0, 2857.5529688242154, 1492.5272084030742], [0.0, 0.0, 1.0]]
76|63|3|Snook|0.455|0.43027528237461377|1.3338817358016968|1962.2708741755614;1358.8747134497644|20|[-0.03206002712249756, -0.09930168092250824, 0.0]|[0.0013077228795737028, 0.027590053156018257, 0.999618411064148]|[[2832.88718694667, 0.0, 2027.3101376941806], [0.0, 2857.5529688242154, 1492.5272084030742], [0.0, 0.0, 1.0]]
76|63|3|Snook|0.455|0.43283999588752026|1.304834246635437|1959.8627101727757;1354.4490155226952|20|[-0.03206002712249756, -0.09930168092250824, 0.0]|[0.0013077228795737028, 0.027590053156018257, 0.999618411064148]|[[2832.88718694667, 0.0, 2027.3101376941806], [0.0, 2857.5529688242154, 1492.5272084030742], [0.0, 0.0, 1.0]]
76|63|3|Snook|0.455|0.4316898438842434|1.2802456617355347|1960.3678810637923;1349.657931277801|20|[-0.03206002712249756, -0.09930168092250824, 0.0]|[0.0013077228795737028, 0.027590053156018257, 0.999618411064148]|[[2832.88718694667, 0.0, 2027.3101376941806], [0.0, 2857.5529688242154, 1492.5272084030742], [0.0, 0.0, 1.0]]
76|63|3|Snook|0.455|0.3938877283886475|1.1565548181533813|1952.8775824070758;1325.9197334752037|20|[-0.03206002712249756, -0.09930168092250824, 0.0]|[0.0013077228795737028, 0.027590053156018257, 0.999618411064148]|[[2832.88718694667, 0.0, 2027.3101376941806], [0.0, 2857.5529688242154, 1492.5272084030742], [0.0, 0.0, 1.0]]
76|63|3|Snook|0.455|0.3784801799365331|1.1286784410476685|1950.5000000000002;1320|20|[-0.03206002712249756, -0.09930168092250824, 0.0]|[0.0013077228795737028, 0.027590053156018257, 0.999618411064148]|[[2832.88718694667, 0.0, 2027.3101376941806], [0.0, 2857.5529688242154, 1492.5272084030742], [0.0, 0.0, 1.0]]
76|63|3|Snook|0.455|0.37201173151916767|1.073617935180664|1945.8801981200158;1307.2684411883479|20|[-0.03206002712249756, -0.09930168092250824, 0.0]|[0.0013077228795737028, 0.027590053156018257, 0.999618411064148]|[[2832.88718694667, 0.0, 2027.3101376941806], [0.0, 2857.5529688242154, 1492.5272084030742], [0.0, 0.0, 1.0]]
76|63|3|Snook|0.455|0.36651210572909715|1.092931866645813|1947.5964816200244;1311.8709521424876|20|[-0.03206002712249756, -0.09930168092250824, 0.0]|[0.0013077228795737028, 0.027590053156018257, 0.999618411064148]|[[2832.88718694667, 0.0, 2027.3101376941806], [0.0, 2857.5529688242154, 1492.5272084030742], [0.0, 0.0, 1.0]]
76|63|3|Snook|0.455|0.37130011577595523|1.107113242149353|1947.374172745501;1315.6293947506933|20|[-0.03206002712249756, -0.09930168092250824, 0.0]|[0.0013077228795737028, 0.027590053156018257, 0.999618411064148]|[[2832.88718694667, 0.0, 2027.3101376941806], [0.0, 2857.5529688242154, 1492.5272084030742], [0.0, 0.0, 1.0]]
76|63|3|Snook|0.455|0.3635636187490082|2.1010847091674805|1985.5580632358494;1437.1238222749569|20|[-0.03206002712249756, -0.09930168092250824, 0.0]|[0.0013077228795737028, 0.027590053156018257, 0.999618411064148]|[[2832.88718694667, 0.0, 2027.3101376941806], [0.0, 2857.5529688242154, 1492.5272084030742], [0.0, 0.0, 1.0]]
76|63|3|Snook|0.455|0.35005481071140887|2.1073520183563232|1987.119480492228;1437.0193069320699|20|[-0.03206002712249756, -0.09930168092250824, 0.0]|[0.0013077228795737028, 0.027590053156018257, 0.999618411064148]|[[2832.88718694667, 0.0, 2027.3101376941806], [0.0, 2857.5529688242154, 1492.5272084030742], [0.0, 0.0, 1.0]]
76|63|3|Snook|0.455|0.3419455778160999|2.1121273040771484|1985.2177237562018;1438.0267442824413|20|[-0.03206002712249756, -0.09930168092250824, 0.0]|[0.0013077228795737028, 0.027590053156018257, 0.999618411064148]|[[2832.88718694667, 0.0, 2027.3101376941806], [0.0, 2857.5529688242154, 1492.5272084030742], [0.0, 0.0, 1.0]]
76|63|3|Snook|0.455|0.3301433705181137|2.065735340118408|1986.5378346915018;1434.2060535506403|20|[-0.03206002712249756, -0.09930168092250824, 0.0]|[0.0013077228795737028, 0.027590053156018257, 0.999618411064148]|[[2832.88718694667, 0.0, 2027.3101376941806], [0.0, 2857.5529688242154, 1492.5272084030742], [0.0, 0.0, 1.0]]
76|63|3|Snook|0.455|0.3373816952409455|2.127598762512207|1986.3736297897237;1438.6900435821556|20|[-0.03206002712249756, -0.09930168092250824, 0.0]|[0.0013077228795737028, 0.027590053156018257, 0.999618411064148]|[[2832.88718694667, 0.0, 2027.3101376941806], [0.0, 2857.5529688242154, 1492.5272084030742], [0.0, 0.0, 1.0]]
76|63|3|Snook|0.455|0.363295212921425|2.1148626804351807|1985.1442263983045;1438.2587005757546|20|[-0.03206002712249756, -0.09930168092250824, 0.0]|[0.0013077228795737028, 0.027590053156018257, 0.999618411064148]|[[2832.88718694667, 0.0, 2027.3101376941806], [0.0, 2857.5529688242154, 1492.5272084030742], [0.0, 0.0, 1.0]]
76|63|3|Snook|0.455|0.425898483993193|2.1114320755004883|1985.8157057735993;1437.7577772083673|20|[-0.03206002712249756, -0.09930168092250824, 0.0]|[0.0013077228795737028, 0.027590053156018257, 0.999618411064148]|[[2832.88718694667, 0.0, 2027.3101376941806], [0.0, 2857.5529688242154, 1492.5272084030742], [0.0, 0.0, 1.0]]
76|63|3|Snook|0.455|0.42506864578683135|2.10331654548645|1986.289518906914;1437.0169509611105|20|[-0.03206002712249756, -0.09930168092250824, 0.0]|[0.0013077228795737028, 0.027590053156018257, 0.999618411064148]|[[2832.88718694667, 0.0, 2027.3101376941806], [0.0, 2857.5529688242154, 1492.5272084030742], [0.0, 0.0, 1.0]]
76|63|3|Snook|0.455|0.40823528819799826|2.1291003227233887|1985.9000097781422;1438.9816200118028|20|[-0.03206002712249756, -0.09930168092250824, 0.0]|[0.0013077228795737028, 0.027590053156018257, 0.999618411064148]|[[2832.88718694667, 0.0, 2027.3101376941806], [0.0, 2857.5529688242154, 1492.5272084030742], [0.0, 0.0, 1.0]]
76|63|3|Snook|0.455|0.42120165800147363|2.1053178310394287|1987.1624633591346;1436.8520505727515|20|[-0.03206002712249756, -0.09930168092250824, 0.0]|[0.0013077228795737028, 0.027590053156018257, 0.999618411064148]|[[2832.88718694667, 0.0, 2027.3101376941806], [0.0, 2857.5529688242154, 1492.5272084030742], [0.0, 0.0, 1.0]]
76|63|3|Snook|0.455|0.41194918785603046|2.0904123783111572|1986.0469642822861;1436.1657192033485|20|[-0.03206002712249756, -0.09930168092250824, 0.0]|[0.0013077228795737028, 0.027590053156018257, 0.999618411064148]|[[2832.88718694667, 0.0, 2027.3101376941806], [0.0, 2857.5529688242154, 1492.5272084030742], [0.0, 0.0, 1.0]]
76|63|3|Snook|0.455|0.40416696769880095|2.076854944229126|1986.8327082314875;1434.9149584594204|20|[-0.03206002712249756, -0.09930168092250824, 0.0]|[0.0013077228795737028, 0.027590053156018257, 0.999618411064148]|[[2832.88718694667, 0.0, 2027.3101376941806], [0.0, 2857.5529688242154, 1492.5272084030742], [0.0, 0.0, 1.0]]
59|77|1|Shark|0.605|0.6209204098971791|1.3586183786392212|1920.5552096399333;1337.9368550326335|25|[-0.03057379275560379, -0.099056176841259, 0.0]|[0.005684984847903252, 0.032687537372112274, 0.9994494318962097]|[[2832.6628438838216, 0.0, 1968.0272553880557], [0.0, 2855.8825480621545, 1452.810040656435], [0.0, 0.0, 1.0]]
59|77|1|Shark|0.605|0.6165849702713315|1.3297557830810547|1918.9757846836235;1333.4800615043193|25|[-0.03057379275560379, -0.099056176841259, 0.0]|[0.005684984847903252, 0.032687537372112274, 0.9994494318962097]|[[2832.6628438838216, 0.0, 1968.0272553880557], [0.0, 2855.8825480621545, 1452.810040656435], [0.0, 0.0, 1.0]]
59|77|1|Shark|0.605|0.6129197906263839|1.3136996030807495|1917.7704663480104;1331.004669107231|25|[-0.03057379275560379, -0.099056176841259, 0.0]|[0.005684984847903252, 0.032687537372112274, 0.9994494318962097]|[[2832.6628438838216, 0.0, 1968.0272553880557], [0.0, 2855.8825480621545, 1452.810040656435], [0.0, 0.0, 1.0]]
59|77|1|Shark|0.605|0.612958706223398|1.292947769165039|1916.335625249697;1327.6789272749927|25|[-0.03057379275560379, -0.099056176841259, 0.0]|[0.005684984847903252, 0.032687537372112274, 0.9994494318962097]|[[2832.6628438838216, 0.0, 1968.0272553880557], [0.0, 2855.8825480621545, 1452.810040656435], [0.0, 0.0, 1.0]]
59|77|1|Shark|0.605|0.6118348294039523|1.292711853981018|1916.9161816065189;1327.452852153667|25|[-0.03057379275560379, -0.099056176841259, 0.0]|[0.005684984847903252, 0.032687537372112274, 0.9994494318962097]|[[2832.6628438838216, 0.0, 1968.0272553880557], [0.0, 2855.8825480621545, 1452.810040656435], [0.0, 0.0, 1.0]]
59|77|1|Shark|0.605|0.608563152093008|1.2828024625778198|1916.6583486467239;1325.6737169478338|25|[-0.03057379275560379, -0.099056176841259, 0.0]|[0.005684984847903252, 0.032687537372112274, 0.9994494318962097]|[[2832.6628438838216, 0.0, 1968.0272553880557], [0.0, 2855.8825480621545, 1452.810040656435], [0.0, 0.0, 1.0]]
59|77|1|Shark|0.605|0.6175691663629307|1.3136961460113525|1917.9739910503388;1330.94196444356|25|[-0.03057379275560379, -0.099056176841259, 0.0]|[0.005684984847903252, 0.032687537372112274, 0.9994494318962097]|[[2832.6628438838216, 0.0, 1968.0272553880557], [0.0, 2855.8825480621545, 1452.810040656435], [0.0, 0.0, 1.0]]
59|77|1|Shark|0.605|0.610298981187439|2.3366968631744385|1948.9792493724651;1424.5759991355203|25|[-0.03057379275560379, -0.099056176841259, 0.0]|[0.005684984847903252, 0.032687537372112274, 0.9994494318962097]|[[2832.6628438838216, 0.0, 1968.0272553880557], [0.0, 2855.8825480621545, 1452.810040656435], [0.0, 0.0, 1.0]]
59|77|1|Shark|0.605|0.6311706150877782|2.44895076751709|1949.4301708020148;1430.4977411081109|25|[-0.03057379275560379, -0.099056176841259, 0.0]|[0.005684984847903252, 0.032687537372112274, 0.9994494318962097]|[[2832.6628438838216, 0.0, 1968.0272553880557], [0.0, 2855.8825480621545, 1452.810040656435], [0.0, 0.0, 1.0]]
59|77|1|Shark|0.605|0.6175337957050009|2.4337685108184814|1950.194380851961;1429.490303014051|25|[-0.03057379275560379, -0.099056176841259, 0.0]|[0.005684984847903252, 0.032687537372112274, 0.9994494318962097]|[[2832.6628438838216, 0.0, 1968.0272553880557], [0.0, 2855.8825480621545, 1452.810040656435], [0.0, 0.0, 1.0]]
59|77|1|Shark|0.605|0.6143619085519185|2.466489315032959|1950.7894998995964;1431.0028294495846|25|[-0.03057379275560379, -0.099056176841259, 0.0]|[0.005684984847903252, 0.032687537372112274, 0.9994494318962097]|[[2832.6628438838216, 0.0, 1968.0272553880557], [0.0, 2855.8825480621545, 1452.810040656435], [0.0, 0.0, 1.0]]
59|77|1|Shark|0.605|0.6340140280692137|2.756769895553589|1953.490571762942;1443.348470509938|25|[-0.03057379275560379, -0.099056176841259, 0.0]|[0.005684984847903252, 0.032687537372112274, 0.9994494318962097]|[[2832.6628438838216, 0.0, 1968.0272553880557], [0.0, 2855.8825480621545, 1452.810040656435], [0.0, 0.0, 1.0]]
59|77|1|Shark|0.605|0.6309580684218816|2.721863269805908|1953.6106104954854;1441.8915431377109|25|[-0.03057379275560379, -0.099056176841259, 0.0]|[0.005684984847903252, 0.032687537372112274, 0.9994494318962097]|[[2832.6628438838216, 0.0, 1968.0272553880557], [0.0, 2855.8825480621545, 1452.810040656435], [0.0, 0.0, 1.0]]
59|77|1|Shark|0.605|0.6239516232560953|2.74080491065979|1953.1522251515432;1442.798216848619|25|[-0.03057379275560379, -0.099056176841259, 0.0]|[0.005684984847903252, 0.032687537372112274, 0.9994494318962097]|[[2832.6628438838216, 0.0, 1968.0272553880557], [0.0, 2855.8825480621545, 1452.810040656435], [0.0, 0.0, 1.0]]
59|77|1|Shark|0.605|0.6059778676095837|2.6264772415161133|1954.1367676364575;1437.6674998498547|25|[-0.03057379275560379, -0.099056176841259, 0.0]|[0.005684984847903252, 0.032687537372112274, 0.9994494318962097]|[[2832.6628438838216, 0.0, 1968.0272553880557], [0.0, 2855.8825480621545, 1452.810040656435], [0.0, 0.0, 1.0]]
59|77|1|Shark|0.605|0.6089145620872553|2.7050466537475586|1953.0796824970282;1441.3355750206592|25|[-0.03057379275560379, -0.099056176841259, 0.0]|[0.005684984847903252, 0.032687537372112274, 0.9994494318962097]|[[2832.6628438838216, 0.0, 1968.0272553880557], [0.0, 2855.8825480621545, 1452.810040656435], [0.0, 0.0, 1.0]]
59|77|1|Shark|0.605|0.6297685966347787|2.784973382949829|1953.6489763228087;1444.4396590293818|25|[-0.03057379275560379, -0.099056176841259, 0.0]|[0.005684984847903252, 0.032687537372112274, 0.9994494318962097]|[[2832.6628438838216, 0.0, 1968.0272553880557], [0.0, 2855.8825480621545, 1452.810040656435], [0.0, 0.0, 1.0]]
59|77|1|Grouper|0.36|0.35522850655989463|1.6429475545883179|1932.4525839737594;1373.7096553082845|25|[-0.03057379275560379, -0.099056176841259, 0.0]|[0.005684984847903252, 0.032687537372112274, 0.9994494318962097]|[[2832.6628438838216, 0.0, 1968.0272553880557], [0.0, 2855.8825480621545, 1452.810040656435], [0.0, 0.0, 1.0]]
59|77|1|Grouper|0.36|0.35470186536197956|1.6431807279586792|1932.2871682576658;1373.7965972974218|25|[-0.03057379275560379, -0.099056176841259, 0.0]|[0.005684984847903252, 0.032687537372112274, 0.9994494318962097]|[[2832.6628438838216, 0.0, 1968.0272553880557], [0.0, 2855.8825480621545, 1452.810040656435], [0.0, 0.0, 1.0]]
59|77|1|Grouper|0.36|0.3525296225708938|1.6128841638565063|1931.8122407063431;1370.400122470361|25|[-0.03057379275560379, -0.099056176841259, 0.0]|[0.005684984847903252, 0.032687537372112274, 0.9994494318962097]|[[2832.6628438838216, 0.0, 1968.0272553880557], [0.0, 2855.8825480621545, 1452.810040656435], [0.0, 0.0, 1.0]]
59|77|1|Grouper|0.36|0.3511606306344865|1.5794833898544312|1930.162289507423;1366.8368626479335|25|[-0.03057379275560379, -0.099056176841259, 0.0]|[0.005684984847903252, 0.032687537372112274, 0.9994494318962097]|[[2832.6628438838216, 0.0, 1968.0272553880557], [0.0, 2855.8825480621545, 1452.810040656435], [0.0, 0.0, 1.0]]
59|77|1|Grouper|0.36|0.35150461047572673|1.5982246398925781|1930.1544619281715;1369.134160876532|25|[-0.03057379275560379, -0.099056176841259, 0.0]|[0.005684984847903252, 0.032687537372112274, 0.9994494318962097]|[[2832.6628438838216, 0.0, 1968.0272553880557], [0.0, 2855.8825480621545, 1452.810040656435], [0.0, 0.0, 1.0]]
59|77|1|Grouper|0.36|0.34570498301956565|1.4392658472061157|1924.8437909797203;1349.388999733862|25|[-0.03057379275560379, -0.099056176841259, 0.0]|[0.005684984847903252, 0.032687537372112274, 0.9994494318962097]|[[2832.6628438838216, 0.0, 1968.0272553880557], [0.0, 2855.8825480621545, 1452.810040656435], [0.0, 0.0, 1.0]]
59|77|1|Grouper|0.36|0.3500939317353681|1.4445370435714722|1924.6144308397666;1350.2440879167411|25|[-0.03057379275560379, -0.099056176841259, 0.0]|[0.005684984847903252, 0.032687537372112274, 0.9994494318962097]|[[2832.6628438838216, 0.0, 1968.0272553880557], [0.0, 2855.8825480621545, 1452.810040656435], [0.0, 0.0, 1.0]]
59|77|1|Grouper|0.36|0.34638284553169063|1.439164638519287|1924.5681617498567;1349.4500638667705|25|[-0.03057379275560379, -0.099056176841259, 0.0]|[0.005684984847903252, 0.032687537372112274, 0.9994494318962097]|[[2832.6628438838216, 0.0, 1968.0272553880557], [0.0, 2855.8825480621545, 1452.810040656435], [0.0, 0.0, 1.0]]
59|77|1|Grouper|0.36|0.33675788876273927|1.4309660196304321|1925.2463587877785;1348.0331230443455|25|[-0.03057379275560379, -0.099056176841259, 0.0]|[0.005684984847903252, 0.032687537372112274, 0.9994494318962097]|[[2832.6628438838216, 0.0, 1968.0272553880557], [0.0, 2855.8825480621545, 1452.810040656435], [0.0, 0.0, 1.0]]
59|77|1|Grouper|0.36|0.32826025458927144|1.441017746925354|1925.0700884302987;1349.5869986929329|25|[-0.03057379275560379, -0.099056176841259, 0.0]|[0.005684984847903252, 0.032687537372112274, 0.9994494318962097]|[[2832.6628438838216, 0.0, 1968.0272553880557], [0.0, 2855.8825480621545, 1452.810040656435], [0.0, 0.0, 1.0]]
59|77|1|Grouper|0.36|0.3156905166791478|1.4473788738250732|1925.1494621498705;1350.498701841144|25|[-0.03057379275560379, -0.099056176841259, 0.0]|[0.005684984847903252, 0.032687537372112274, 0.9994494318962097]|[[2832.6628438838216, 0.0, 1968.0272553880557], [0.0, 2855.8825480621545, 1452.810040656435], [0.0, 0.0, 1.0]]
59|77|1|Grouper|0.36|0.3605327047051573|2.1267237663269043|1944.2267882140886;1412.9437890713461|25|[-0.03057379275560379, -0.099056176841259, 0.0]|[0.005684984847903252, 0.032687537372112274, 0.9994494318962097]|[[2832.6628438838216, 0.0, 1968.0272553880557], [0.0, 2855.8825480621545, 1452.810040656435], [0.0, 0.0, 1.0]]
59|77|1|Grouper|0.36|0.3610486152104037|2.1281747817993164|1943.9786044955274;1413.1121604782015|25|[-0.03057379275560379, -0.099056176841259, 0.0]|[0.005684984847903252, 0.032687537372112274, 0.9994494318962097]|[[2832.6628438838216, 0.0, 1968.0272553880557], [0.0, 2855.8825480621545, 1452.810040656435], [0.0, 0.0, 1.0]]
59|77|1|Grouper|0.36|0.35988305338400556|2.138327121734619|1944.2990561320964;1413.7062130340823|25|[-0.03057379275560379, -0.099056176841259, 0.0]|[0.005684984847903252, 0.032687537372112274, 0.9994494318962097]|[[2832.6628438838216, 0.0, 1968.0272553880557], [0.0, 2855.8825480621545, 1452.810040656435], [0.0, 0.0, 1.0]]
59|77|1|Grouper|0.36|0.3646481284087374|2.184995412826538|1945.3791971001876;1416.475970378418|25|[-0.03057379275560379, -0.099056176841259, 0.0]|[0.005684984847903252, 0.032687537372112274, 0.9994494318962097]|[[2832.6628438838216, 0.0, 1968.0272553880557], [0.0, 2855.8825480621545, 1452.810040656435], [0.0, 0.0, 1.0]]
59|77|1|Grouper|0.36|0.360155511668187|2.1429431438446045|1945.4121914512416;1413.6968345535158|25|[-0.03057379275560379, -0.099056176841259, 0.0]|[0.005684984847903252, 0.032687537372112274, 0.9994494318962097]|[[2832.6628438838216, 0.0, 1968.0272553880557], [0.0, 2855.8825480621545, 1452.810040656435], [0.0, 0.0, 1.0]]
59|77|1|Grouper|0.36|0.36015730671215757|2.1308436393737793|1945.2493082865258;1412.9344368270586|25|[-0.03057379275560379, -0.099056176841259, 0.0]|[0.005684984847903252, 0.032687537372112274, 0.9994494318962097]|[[2832.6628438838216, 0.0, 1968.0272553880557], [0.0, 2855.8825480621545, 1452.810040656435], [0.0, 0.0, 1.0]]
59|77|1|Grouper|0.36|0.36212499141407384|2.1934056282043457|1945.228877456331;1417.0569772507583|25|[-0.03057379275560379, -0.099056176841259, 0.0]|[0.005684984847903252, 0.032687537372112274, 0.9994494318962097]|[[2832.6628438838216, 0.0, 1968.0272553880557], [0.0, 2855.8825480621545, 1452.810040656435], [0.0, 0.0, 1.0]]
59|77|1|Grouper|0.36|0.3567566773687199|2.1477909088134766|1944.593396190122;1414.2531032714653|25|[-0.03057379275560379, -0.099056176841259, 0.0]|[0.005684984847903252, 0.032687537372112274, 0.9994494318962097]|[[2832.6628438838216, 0.0, 1968.0272553880557], [0.0, 2855.8825480621545, 1452.810040656435], [0.0, 0.0, 1.0]]
59|77|1|Grouper|0.36|0.35836668565833874|2.1707985401153564|1947.0163876561426;1415.09030662877|25|[-0.03057379275560379, -0.099056176841259, 0.0]|[0.005684984847903252, 0.032687537372112274, 0.9994494318962097]|[[2832.6628438838216, 0.0, 1968.0272553880557], [0.0, 2855.8825480621545, 1452.810040656435], [0.0, 0.0, 1.0]]
59|77|1|Grouper|0.36|0.3256727101317345|2.13260817527771|1943.961957180627;1413.4273140759933|25|[-0.03057379275560379, -0.099056176841259, 0.0]|[0.005684984847903252, 0.032687537372112274, 0.9994494318962097]|[[2832.6628438838216, 0.0, 1968.0272553880557], [0.0, 2855.8825480621545, 1452.810040656435], [0.0, 0.0, 1.0]]
59|77|1|Grouper|0.36|0.34462055414439396|2.2544620037078857|1948.0703284032766;1420.0353980542586|25|[-0.03057379275560379, -0.099056176841259, 0.0]|[0.005684984847903252, 0.032687537372112274, 0.9994494318962097]|[[2832.6628438838216, 0.0, 1968.0272553880557], [0.0, 2855.8825480621545, 1452.810040656435], [0.0, 0.0, 1.0]]
59|77|1|Grouper|0.36|0.33574176200143657|2.1515986919403076|1944.9844454555903;1414.3943137781368|25|[-0.03057379275560379, -0.099056176841259, 0.0]|[0.005684984847903252, 0.032687537372112274, 0.9994494318962097]|[[2832.6628438838216, 0.0, 1968.0272553880557], [0.0, 2855.8825480621545, 1452.810040656435], [0.0, 0.0, 1.0]]
59|77|1|Grouper|0.36|0.3258595560454979|2.089184045791626|1943.295585478611;1410.61339498388|25|[-0.03057379275560379, -0.099056176841259, 0.0]|[0.005684984847903252, 0.032687537372112274, 0.9994494318962097]|[[2832.6628438838216, 0.0, 1968.0272553880557], [0.0, 2855.8825480621545, 1452.810040656435], [0.0, 0.0, 1.0]]
59|77|1|Grouper|0.36|0.3240076027881237|2.0717809200286865|1941.4973038413589;1409.942224428348|25|[-0.03057379275560379, -0.099056176841259, 0.0]|[0.005684984847903252, 0.032687537372112274, 0.9994494318962097]|[[2832.6628438838216, 0.0, 1968.0272553880557], [0.0, 2855.8825480621545, 1452.810040656435], [0.0, 0.0, 1.0]]
59|77|1|Snook|0.455|0.4350152591909786|0.9681005477905273|1895.8183051925675;1253.6475571338979|25|[-0.03057379275560379, -0.099056176841259, 0.0]|[0.005684984847903252, 0.032687537372112274, 0.9994494318962097]|[[2832.6628438838216, 0.0, 1968.0272553880557], [0.0, 2855.8825480621545, 1452.810040656435], [0.0, 0.0, 1.0]]
59|77|1|Snook|0.455|0.44268089881762956|0.9753754138946533|1896.1654569851285;1255.9261540709067|25|[-0.03057379275560379, -0.099056176841259, 0.0]|[0.005684984847903252, 0.032687537372112274, 0.9994494318962097]|[[2832.6628438838216, 0.0, 1968.0272553880557], [0.0, 2855.8825480621545, 1452.810040656435], [0.0, 0.0, 1.0]]
59|77|1|Snook|0.455|0.44398968611485623|0.972173273563385|1896.1658737000646;1254.8795494280137|25|[-0.03057379275560379, -0.099056176841259, 0.0]|[0.005684984847903252, 0.032687537372112274, 0.9994494318962097]|[[2832.6628438838216, 0.0, 1968.0272553880557], [0.0, 2855.8825480621545, 1452.810040656435], [0.0, 0.0, 1.0]]
59|77|1|Snook|0.455|0.41952960589409705|0.8932755589485168|1886.7448572199116;1229.6564031587143|25|[-0.03057379275560379, -0.099056176841259, 0.0]|[0.005684984847903252, 0.032687537372112274, 0.9994494318962097]|[[2832.6628438838216, 0.0, 1968.0272553880557], [0.0, 2855.8825480621545, 1452.810040656435], [0.0, 0.0, 1.0]]
59|77|1|Snook|0.455|0.42892189620605653|0.9130697846412659|1889.6863018859258;1236.2597558835816|25|[-0.03057379275560379, -0.099056176841259, 0.0]|[0.005684984847903252, 0.032687537372112274, 0.9994494318962097]|[[2832.6628438838216, 0.0, 1968.0272553880557], [0.0, 2855.8825480621545, 1452.810040656435], [0.0, 0.0, 1.0]]
59|77|1|Snook|0.455|0.43580405064174205|0.932100236415863|1893.9904610492845;1241.8823529411764|25|[-0.03057379275560379, -0.099056176841259, 0.0]|[0.005684984847903252, 0.032687537372112274, 0.9994494318962097]|[[2832.6628438838216, 0.0, 1968.0272553880557], [0.0, 2855.8825480621545, 1452.810040656435], [0.0, 0.0, 1.0]]
59|77|1|Snook|0.455|0.41572529840741695|0.8896326422691345|1889.1955484896662;1227.4976152623212|25|[-0.03057379275560379, -0.099056176841259, 0.0]|[0.005684984847903252, 0.032687537372112274, 0.9994494318962097]|[[2832.6628438838216, 0.0, 1968.0272553880557], [0.0, 2855.8825480621545, 1452.810040656435], [0.0, 0.0, 1.0]]
59|77|1|Snook|0.455|0.4524510648380065|2.25532865524292|1946.7695451476757;1420.4569296302548|25|[-0.03057379275560379, -0.099056176841259, 0.0]|[0.005684984847903252, 0.032687537372112274, 0.9994494318962097]|[[2832.6628438838216, 0.0, 1968.0272553880557], [0.0, 2855.8825480621545, 1452.810040656435], [0.0, 0.0, 1.0]]
59|77|1|Snook|0.455|0.45477834405042733|2.2660634517669678|1946.4268707828505;1421.2085889949524|25|[-0.03057379275560379, -0.099056176841259, 0.0]|[0.005684984847903252, 0.032687537372112274, 0.9994494318962097]|[[2832.6628438838216, 0.0, 1968.0272553880557], [0.0, 2855.8825480621545, 1452.810040656435], [0.0, 0.0, 1.0]]
59|77|1|Snook|0.455|0.45073481658652703|2.2427353858947754|1946.2654446051995;1419.8362578539757|25|[-0.03057379275560379, -0.099056176841259, 0.0]|[0.005684984847903252, 0.032687537372112274, 0.9994494318962097]|[[2832.6628438838216, 0.0, 1968.0272553880557], [0.0, 2855.8825480621545, 1452.810040656435], [0.0, 0.0, 1.0]]
59|77|1|Snook|0.455|0.45558647543197994|2.2782793045043945|1946.3902855815015;1421.9498694417066|25|[-0.03057379275560379, -0.099056176841259, 0.0]|[0.005684984847903252, 0.032687537372112274, 0.9994494318962097]|[[2832.6628438838216, 0.0, 1968.0272553880557], [0.0, 2855.8825480621545, 1452.810040656435], [0.0, 0.0, 1.0]]
59|77|1|Snook|0.455|0.44441404301588844|2.2205259799957275|1946.0107208773218;1418.5349293734114|25|[-0.03057379275560379, -0.099056176841259, 0.0]|[0.005684984847903252, 0.032687537372112274, 0.9994494318962097]|[[2832.6628438838216, 0.0, 1968.0272553880557], [0.0, 2855.8825480621545, 1452.810040656435], [0.0, 0.0, 1.0]]
59|77|1|Snook|0.455|0.4373319439364938|2.1917777061462402|1945.6026034735187;1416.8419239492407|25|[-0.03057379275560379, -0.099056176841259, 0.0]|[0.005684984847903252, 0.032687537372112274, 0.9994494318962097]|[[2832.6628438838216, 0.0, 1968.0272553880557], [0.0, 2855.8825480621545, 1452.810040656435], [0.0, 0.0, 1.0]]
59|77|1|Snook|0.455|0.4432071543041697|2.22304105758667|1945.9846693147038;1418.7066028018255|25|[-0.03057379275560379, -0.099056176841259, 0.0]|[0.005684984847903252, 0.032687537372112274, 0.9994494318962097]|[[2832.6628438838216, 0.0, 1968.0272553880557], [0.0, 2855.8825480621545, 1452.810040656435], [0.0, 0.0, 1.0]]
59|77|1|Snook|0.455|0.44206642543296004|2.225972890853882|1946.2551530673197;1418.806527949778|25|[-0.03057379275560379, -0.099056176841259, 0.0]|[0.005684984847903252, 0.032687537372112274, 0.9994494318962097]|[[2832.6628438838216, 0.0, 1968.0272553880557], [0.0, 2855.8825480621545, 1452.810040656435], [0.0, 0.0, 1.0]]
59|77|1|Snook|0.455|0.4414621131026961|2.210994005203247|1946.3622991296902;1417.852206331141|25|[-0.03057379275560379, -0.099056176841259, 0.0]|[0.005684984847903252, 0.032687537372112274, 0.9994494318962097]|[[2832.6628438838216, 0.0, 1968.0272553880557], [0.0, 2855.8825480621545, 1452.810040656435], [0.0, 0.0, 1.0]]
59|77|1|Snook|0.455|0.44382767600702705|2.2288622856140137|1945.6271128243143;1419.1818016553352|25|[-0.03057379275560379, -0.099056176841259, 0.0]|[0.005684984847903252, 0.032687537372112274, 0.9994494318962097]|[[2832.6628438838216, 0.0, 1968.0272553880557], [0.0, 2855.8825480621545, 1452.810040656435], [0.0, 0.0, 1.0]]
59|77|1|Snook|0.455|0.44662451956722665|2.255138635635376|1947.072449548222;1420.3665453986632|25|[-0.03057379275560379, -0.099056176841259, 0.0]|[0.005684984847903252, 0.032687537372112274, 0.9994494318962097]|[[2832.6628438838216, 0.0, 1968.0272553880557], [0.0, 2855.8825480621545, 1452.810040656435], [0.0, 0.0, 1.0]]
59|77|1|Snook|0.455|0.40873827738207447|2.185542583465576|1946.3146894080326;1416.2323771758563|25|[-0.03057379275560379, -0.099056176841259, 0.0]|[0.005684984847903252, 0.032687537372112274, 0.9994494318962097]|[[2832.6628438838216, 0.0, 1968.0272553880557], [0.0, 2855.8825480621545, 1452.810040656435], [0.0, 0.0, 1.0]]
59|77|1|Snook|0.455|0.4295881090723905|2.2477269172668457|1947.140278189255;1419.8915120719416|25|[-0.03057379275560379, -0.099056176841259, 0.0]|[0.005684984847903252, 0.032687537372112274, 0.9994494318962097]|[[2832.6628438838216, 0.0, 1968.0272553880557], [0.0, 2855.8825480621545, 1452.810040656435], [0.0, 0.0, 1.0]]
59|77|1|Snook|0.455|0.43937793570400613|2.278963804244995|1948.0661782235263;1421.4976332790663|25|[-0.03057379275560379, -0.099056176841259, 0.0]|[0.005684984847903252, 0.032687537372112274, 0.9994494318962097]|[[2832.6628438838216, 0.0, 1968.0272553880557], [0.0, 2855.8825480621545, 1452.810040656435], [0.0, 0.0, 1.0]]
59|77|1|Snook|0.455|0.41626060249041436|2.273832321166992|1946.1866166334346;1421.7462004936394|25|[-0.03057379275560379, -0.099056176841259, 0.0]|[0.005684984847903252, 0.032687537372112274, 0.9994494318962097]|[[2832.6628438838216, 0.0, 1968.0272553880557], [0.0, 2855.8825480621545, 1452.810040656435], [0.0, 0.0, 1.0]]
59|77|1|Snook|0.455|0.41014378343426056|2.2638092041015625|1946.6262349156355;1421.0099236309793|25|[-0.03057379275560379, -0.099056176841259, 0.0]|[0.005684984847903252, 0.032687537372112274, 0.9994494318962097]|[[2832.6628438838216, 0.0, 1968.0272553880557], [0.0, 2855.8825480621545, 1452.810040656435], [0.0, 0.0, 1.0]]
59|77|1|Purple Angel|0.192|0.19018057218046486|1.2439992427825928|1915.150037545515;1318.613188633288|25|[-0.03057379275560379, -0.099056176841259, 0.0]|[0.005684984847903252, 0.032687537372112274, 0.9994494318962097]|[[2832.6628438838216, 0.0, 1968.0272553880557], [0.0, 2855.8825480621545, 1452.810040656435], [0.0, 0.0, 1.0]]
59|77|1|Purple Angel|0.192|0.18990567558187227|1.2431910037994385|1916.0262907581614;1318.1841796841622|25|[-0.03057379275560379, -0.099056176841259, 0.0]|[0.005684984847903252, 0.032687537372112274, 0.9994494318962097]|[[2832.6628438838216, 0.0, 1968.0272553880557], [0.0, 2855.8825480621545, 1452.810040656435], [0.0, 0.0, 1.0]]
59|77|1|Purple Angel|0.192|0.19101620428006647|1.2441617250442505|1914.5803767380821;1318.820086066586|25|[-0.03057379275560379, -0.099056176841259, 0.0]|[0.005684984847903252, 0.032687537372112274, 0.9994494318962097]|[[2832.6628438838216, 0.0, 1968.0272553880557], [0.0, 2855.8825480621545, 1452.810040656435], [0.0, 0.0, 1.0]]
59|77|1|Purple Angel|0.192|0.1908474947907275|1.2424360513687134|1914.7594495279827;1318.4126733790786|25|[-0.03057379275560379, -0.099056176841259, 0.0]|[0.005684984847903252, 0.032687537372112274, 0.9994494318962097]|[[2832.6628438838216, 0.0, 1968.0272553880557], [0.0, 2855.8825480621545, 1452.810040656435], [0.0, 0.0, 1.0]]
59|77|1|Purple Angel|0.192|0.19053166481792572|1.180629014968872|1910.8291622694092;1306.5841162774814|25|[-0.03057379275560379, -0.099056176841259, 0.0]|[0.005684984847903252, 0.032687537372112274, 0.9994494318962097]|[[2832.6628438838216, 0.0, 1968.0272553880557], [0.0, 2855.8825480621545, 1452.810040656435], [0.0, 0.0, 1.0]]
59|77|1|Purple Angel|0.192|0.19063704843453008|1.1543256044387817|1909.4543844201066;1301.0314517303566|25|[-0.03057379275560379, -0.099056176841259, 0.0]|[0.005684984847903252, 0.032687537372112274, 0.9994494318962097]|[[2832.6628438838216, 0.0, 1968.0272553880557], [0.0, 2855.8825480621545, 1452.810040656435], [0.0, 0.0, 1.0]]
59|77|1|Purple Angel|0.192|0.19032190675459626|1.1638033390045166|1910.7680110137385;1302.8058529942837|25|[-0.03057379275560379, -0.099056176841259, 0.0]|[0.005684984847903252, 0.032687537372112274, 0.9994494318962097]|[[2832.6628438838216, 0.0, 1968.0272553880557], [0.0, 2855.8825480621545, 1452.810040656435], [0.0, 0.0, 1.0]]
59|77|1|Purple Angel|0.192|0.1979962742064311|1.1866589784622192|1912.3201977791844;1307.4653130467718|25|[-0.03057379275560379, -0.099056176841259, 0.0]|[0.005684984847903252, 0.032687537372112274, 0.9994494318962097]|[[2832.6628438838216, 0.0, 1968.0272553880557], [0.0, 2855.8825480621545, 1452.810040656435], [0.0, 0.0, 1.0]]
59|77|1|Purple Angel|0.192|0.18977131273780204|1.1212607622146606|1907.5980607077265;1293.694892231756|25|[-0.03057379275560379, -0.099056176841259, 0.0]|[0.005684984847903252, 0.032687537372112274, 0.9994494318962097]|[[2832.6628438838216, 0.0, 1968.0272553880557], [0.0, 2855.8825480621545, 1452.810040656435], [0.0, 0.0, 1.0]]
59|77|1|Purple Angel|0.192|0.19075465477700762|1.1010303497314453|1906.2981147704654;1289.0235924017404|25|[-0.03057379275560379, -0.099056176841259, 0.0]|[0.005684984847903252, 0.032687537372112274, 0.9994494318962097]|[[2832.6628438838216, 0.0, 1968.0272553880557], [0.0, 2855.8825480621545, 1452.810040656435], [0.0, 0.0, 1.0]]
59|77|1|Purple Angel|0.192|0.1918483512043884|1.1249971389770508|1906.3305564160933;1295.0109287259277|25|[-0.03057379275560379, -0.099056176841259, 0.0]|[0.005684984847903252, 0.032687537372112274, 0.9994494318962097]|[[2832.6628438838216, 0.0, 1968.0272553880557], [0.0, 2855.8825480621545, 1452.810040656435], [0.0, 0.0, 1.0]]
59|77|1|Purple Angel|0.192|0.19282083663882812|2.0707266330718994|1942.9642854994368;1409.3982737270926|25|[-0.03057379275560379, -0.099056176841259, 0.0]|[0.005684984847903252, 0.032687537372112274, 0.9994494318962097]|[[2832.6628438838216, 0.0, 1968.0272553880557], [0.0, 2855.8825480621545, 1452.810040656435], [0.0, 0.0, 1.0]]
59|77|1|Purple Angel|0.192|0.1973078542760444|2.072347402572632|1943.1252431645678;1409.4666284766765|25|[-0.03057379275560379, -0.099056176841259, 0.0]|[0.005684984847903252, 0.032687537372112274, 0.9994494318962097]|[[2832.6628438838216, 0.0, 1968.0272553880557], [0.0, 2855.8825480621545, 1452.810040656435], [0.0, 0.0, 1.0]]
59|77|1|Purple Angel|0.192|0.19216339454161818|1.9071383476257324|1939.4736509088928;1397.6475457874715|25|[-0.03057379275560379, -0.099056176841259, 0.0]|[0.005684984847903252, 0.032687537372112274, 0.9994494318962097]|[[2832.6628438838216, 0.0, 1968.0272553880557], [0.0, 2855.8825480621545, 1452.810040656435], [0.0, 0.0, 1.0]]
59|77|1|Purple Angel|0.192|0.19163094934562935|2.301151752471924|1947.1906022125318;1423.0649867789716|25|[-0.03057379275560379, -0.099056176841259, 0.0]|[0.005684984847903252, 0.032687537372112274, 0.9994494318962097]|[[2832.6628438838216, 0.0, 1968.0272553880557], [0.0, 2855.8825480621545, 1452.810040656435], [0.0, 0.0, 1.0]]
59|77|1|Purple Angel|0.192|0.1910902344185472|2.273580312728882|1947.1698499803106;1421.4321135967414|25|[-0.03057379275560379, -0.099056176841259, 0.0]|[0.005684984847903252, 0.032687537372112274, 0.9994494318962097]|[[2832.6628438838216, 0.0, 1968.0272553880557], [0.0, 2855.8825480621545, 1452.810040656435], [0.0, 0.0, 1.0]]
59|77|1|Purple Angel|0.192|0.1942294315515249|2.3318886756896973|1947.3954489239563;1424.7713388933512|25|[-0.03057379275560379, -0.099056176841259, 0.0]|[0.005684984847903252, 0.032687537372112274, 0.9994494318962097]|[[2832.6628438838216, 0.0, 1968.0272553880557], [0.0, 2855.8825480621545, 1452.810040656435], [0.0, 0.0, 1.0]]
59|77|1|Purple Angel|0.192|0.18792744512911816|2.2037127017974854|1947.4633643428558;1417.0758182589389|25|[-0.03057379275560379, -0.099056176841259, 0.0]|[0.005684984847903252, 0.032687537372112274, 0.9994494318962097]|[[2832.6628438838216, 0.0, 1968.0272553880557], [0.0, 2855.8825480621545, 1452.810040656435], [0.0, 0.0, 1.0]]
58|71|2|Grouper|0.36|0.3654926036114996|1.2653939723968506|2052.2225755166933;1356.960254372019|24|[-0.031173786148428917, -0.10015573352575302, 0.0]|[0.03132905066013336, 0.047706976532936096, 0.9983699321746826]|[[2855.292793016781, 0.0, 2031.7894533541553], [0.0, 2881.0734769839373, 1447.6913944790074], [0.0, 0.0, 1.0]]
58|71|2|Grouper|0.36|0.36459743720754245|1.2636668682098389|2053.0024574107456;1356.3942886424134|24|[-0.031173786148428917, -0.10015573352575302, 0.0]|[0.03132905066013336, 0.047706976532936096, 0.9983699321746826]|[[2855.292793016781, 0.0, 2031.7894533541553], [0.0, 2881.0734769839373, 1447.6913944790074], [0.0, 0.0, 1.0]]
58|71|2|Grouper|0.36|0.3632356320534927|1.528298020362854|2067.1496790878623;1395.3935900132317|24|[-0.031173786148428917, -0.10015573352575302, 0.0]|[0.03132905066013336, 0.047706976532936096, 0.9983699321746826]|[[2855.292793016781, 0.0, 2031.7894533541553], [0.0, 2881.0734769839373, 1447.6913944790074], [0.0, 0.0, 1.0]]
58|71|2|Grouper|0.36|0.3617095488178243|1.4831700325012207|2065.7853263797606;1389.5363900734071|24|[-0.031173786148428917, -0.10015573352575302, 0.0]|[0.03132905066013336, 0.047706976532936096, 0.9983699321746826]|[[2855.292793016781, 0.0, 2031.7894533541553], [0.0, 2881.0734769839373, 1447.6913944790074], [0.0, 0.0, 1.0]]
58|71|2|Grouper|0.36|0.36575497011242525|1.5735011100769043|2068.301377603705;1400.9540507906854|24|[-0.031173786148428917, -0.10015573352575302, 0.0]|[0.03132905066013336, 0.047706976532936096, 0.9983699321746826]|[[2855.292793016781, 0.0, 2031.7894533541553], [0.0, 2881.0734769839373, 1447.6913944790074], [0.0, 0.0, 1.0]]
58|71|2|Grouper|0.36|0.3685983771388443|1.86250901222229|2077.321828756876;1429.368317772203|24|[-0.031173786148428917, -0.10015573352575302, 0.0]|[0.03132905066013336, 0.047706976532936096, 0.9983699321746826]|[[2855.292793016781, 0.0, 2031.7894533541553], [0.0, 2881.0734769839373, 1447.6913944790074], [0.0, 0.0, 1.0]]
58|71|2|Grouper|0.36|0.36385661530726077|1.8602747917175293|2076.78275327372;1429.3066030154355|24|[-0.031173786148428917, -0.10015573352575302, 0.0]|[0.03132905066013336, 0.047706976532936096, 0.9983699321746826]|[[2855.292793016781, 0.0, 2031.7894533541553], [0.0, 2881.0734769839373, 1447.6913944790074], [0.0, 0.0, 1.0]]
58|71|2|Grouper|0.36|0.3562232414718988|1.8587162494659424|2076.658746727006;1429.2003596316972|24|[-0.031173786148428917, -0.10015573352575302, 0.0]|[0.03132905066013336, 0.047706976532936096, 0.9983699321746826]|[[2855.292793016781, 0.0, 2031.7894533541553], [0.0, 2881.0734769839373, 1447.6913944790074], [0.0, 0.0, 1.0]]
58|71|2|Grouper|0.36|0.35097160732954735|1.8752206563949585|2077.250518522529;1430.5192757309133|24|[-0.031173786148428917, -0.10015573352575302, 0.0]|[0.03132905066013336, 0.047706976532936096, 0.9983699321746826]|[[2855.292793016781, 0.0, 2031.7894533541553], [0.0, 2881.0734769839373, 1447.6913944790074], [0.0, 0.0, 1.0]]
58|71|2|Shark|0.605|0.6245815936599836|1.3912490606307983|2057.5624398214036;1377.903561086015|24|[-0.031173786148428917, -0.10015573352575302, 0.0]|[0.03132905066013336, 0.047706976532936096, 0.9983699321746826]|[[2855.292793016781, 0.0, 2031.7894533541553], [0.0, 2881.0734769839373, 1447.6913944790074], [0.0, 0.0, 1.0]]
58|71|2|Shark|0.605|0.6305193868932951|1.3824542760849|2056.4552656809738;1376.8145975460334|24|[-0.031173786148428917, -0.10015573352575302, 0.0]|[0.03132905066013336, 0.047706976532936096, 0.9983699321746826]|[[2855.292793016781, 0.0, 2031.7894533541553], [0.0, 2881.0734769839373, 1447.6913944790074], [0.0, 0.0, 1.0]]
58|71|2|Shark|0.605|0.624521214385951|1.4854989051818848|2061.7553080899247;1391.0213424238864|24|[-0.031173786148428917, -0.10015573352575302, 0.0]|[0.03132905066013336, 0.047706976532936096, 0.9983699321746826]|[[2855.292793016781, 0.0, 2031.7894533541553], [0.0, 2881.0734769839373, 1447.6913944790074], [0.0, 0.0, 1.0]]
58|71|2|Shark|0.605|0.6300027818040079|1.5048789978027344|2064.4178897484644;1392.9571636537123|24|[-0.031173786148428917, -0.10015573352575302, 0.0]|[0.03132905066013336, 0.047706976532936096, 0.9983699321746826]|[[2855.292793016781, 0.0, 2031.7894533541553], [0.0, 2881.0734769839373, 1447.6913944790074], [0.0, 0.0, 1.0]]
58|71|2|Shark|0.605|0.6292986162802392|2.199448347091675|2081.6261099519656;1453.9504955610298|24|[-0.031173786148428917, -0.10015573352575302, 0.0]|[0.03132905066013336, 0.047706976532936096, 0.9983699321746826]|[[2855.292793016781, 0.0, 2031.7894533541553], [0.0, 2881.0734769839373, 1447.6913944790074], [0.0, 0.0, 1.0]]
58|71|2|Shark|0.605|0.6272098189822727|2.3377816677093506|2083.9961270001204;1461.711602712053|24|[-0.031173786148428917, -0.10015573352575302, 0.0]|[0.03132905066013336, 0.047706976532936096, 0.9983699321746826]|[[2855.292793016781, 0.0, 2031.7894533541553], [0.0, 2881.0734769839373, 1447.6913944790074], [0.0, 0.0, 1.0]]
58|71|2|Shark|0.605|0.6262355393709188|2.272308588027954|2081.5598154476065;1458.5874383149035|24|[-0.031173786148428917, -0.10015573352575302, 0.0]|[0.03132905066013336, 0.047706976532936096, 0.9983699321746826]|[[2855.292793016781, 0.0, 2031.7894533541553], [0.0, 2881.0734769839373, 1447.6913944790074], [0.0, 0.0, 1.0]]
58|71|2|Shark|0.605|0.6343356022929032|2.695801019668579|2090.2083947392775;1477.7829540149357|24|[-0.031173786148428917, -0.10015573352575302, 0.0]|[0.03132905066013336, 0.047706976532936096, 0.9983699321746826]|[[2855.292793016781, 0.0, 2031.7894533541553], [0.0, 2881.0734769839373, 1447.6913944790074], [0.0, 0.0, 1.0]]
58|71|2|Shark|0.605|0.6362258683327812|2.6695621013641357|2089.466079381032;1476.854214958234|24|[-0.031173786148428917, -0.10015573352575302, 0.0]|[0.03132905066013336, 0.047706976532936096, 0.9983699321746826]|[[2855.292793016781, 0.0, 2031.7894533541553], [0.0, 2881.0734769839373, 1447.6913944790074], [0.0, 0.0, 1.0]]
58|71|2|Shark|0.605|0.6164688165141263|2.6261775493621826|2090.5271738250376;1474.6217025482733|24|[-0.031173786148428917, -0.10015573352575302, 0.0]|[0.03132905066013336, 0.047706976532936096, 0.9983699321746826]|[[2855.292793016781, 0.0, 2031.7894533541553], [0.0, 2881.0734769839373, 1447.6913944790074], [0.0, 0.0, 1.0]]
58|71|2|Shark|0.605|0.634169546764895|2.6705751419067383|2090.344965426617;1476.6614044462176|24|[-0.031173786148428917, -0.10015573352575302, 0.0]|[0.03132905066013336, 0.047706976532936096, 0.9983699321746826]|[[2855.292793016781, 0.0, 2031.7894533541553], [0.0, 2881.0734769839373, 1447.6913944790074], [0.0, 0.0, 1.0]]
58|71|2|Shark|0.605|0.628340440032473|2.715808391571045|2090.1096317137744;1478.6664016829352|24|[-0.031173786148428917, -0.10015573352575302, 0.0]|[0.03132905066013336, 0.047706976532936096, 0.9983699321746826]|[[2855.292793016781, 0.0, 2031.7894533541553], [0.0, 2881.0734769839373, 1447.6913944790074], [0.0, 0.0, 1.0]]
58|71|2|Purple Angel|0.192|0.17451631800842005|1.4083747863769531|2061.6921546999;1379.4486042727422|24|[-0.031173786148428917, -0.10015573352575302, 0.0]|[0.03132905066013336, 0.047706976532936096, 0.9983699321746826]|[[2855.292793016781, 0.0, 2031.7894533541553], [0.0, 2881.0734769839373, 1447.6913944790074], [0.0, 0.0, 1.0]]
58|71|2|Purple Angel|0.192|0.17466436005033073|1.4582663774490356|2062.077916609748;1386.9609052669318|24|[-0.031173786148428917, -0.10015573352575302, 0.0]|[0.03132905066013336, 0.047706976532936096, 0.9983699321746826]|[[2855.292793016781, 0.0, 2031.7894533541553], [0.0, 2881.0734769839373, 1447.6913944790074], [0.0, 0.0, 1.0]]
58|71|2|Purple Angel|0.192|0.17082393577338706|1.4936301708221436|2063.6312193194813;1391.6150019254553|24|[-0.031173786148428917, -0.10015573352575302, 0.0]|[0.03132905066013336, 0.047706976532936096, 0.9983699321746826]|[[2855.292793016781, 0.0, 2031.7894533541553], [0.0, 2881.0734769839373, 1447.6913944790074], [0.0, 0.0, 1.0]]
60|65|4|Shark|0.605|0.611001808437446|0.6954958438873291|1935.3964495969385;1122.3827720824165|23|[-0.03170420974493027, -0.09955649077892303, 0.0]|[0.026946846395730972, 0.02996676415205002, 0.9991876482963562]|[[2827.300073606339, 0.0, 1993.2574097262354], [0.0, 2852.2438974589363, 1443.3722632010733], [0.0, 0.0, 1.0]]
60|65|4|Shark|0.605|0.6080834233539679|0.6884851455688477|1936.5097000517017;1117.3931264544005|23|[-0.03170420974493027, -0.09955649077892303, 0.0]|[0.026946846395730972, 0.02996676415205002, 0.9991876482963562]|[[2827.300073606339, 0.0, 1993.2574097262354], [0.0, 2852.2438974589363, 1443.3722632010733], [0.0, 0.0, 1.0]]
60|65|4|Shark|0.605|0.6093503642856928|0.6827916502952576|1934.6116108971867;1114.2276965336082|23|[-0.03170420974493027, -0.09955649077892303, 0.0]|[0.026946846395730972, 0.02996676415205002, 0.9991876482963562]|[[2827.300073606339, 0.0, 1993.2574097262354], [0.0, 2852.2438974589363, 1443.3722632010733], [0.0, 0.0, 1.0]]
60|65|4|Shark|0.605|0.6124504369235394|0.6261482238769531|1924.0425271397773;1076.162230143667|23|[-0.03170420974493027, -0.09955649077892303, 0.0]|[0.026946846395730972, 0.02996676415205002, 0.9991876482963562]|[[2827.300073606339, 0.0, 1993.2574097262354], [0.0, 2852.2438974589363, 1443.3722632010733], [0.0, 0.0, 1.0]]
60|65|4|Shark|0.605|0.6167927691751458|0.6306596398353577|1927.032328634992;1078.7644155202136|23|[-0.03170420974493027, -0.09955649077892303, 0.0]|[0.026946846395730972, 0.02996676415205002, 0.9991876482963562]|[[2827.300073606339, 0.0, 1993.2574097262354], [0.0, 2852.2438974589363, 1443.3722632010733], [0.0, 0.0, 1.0]]
60|65|4|Shark|0.605|0.6112569085979076|0.6278536915779114|1926.199068684517;1076.8149010477298|23|[-0.03170420974493027, -0.09955649077892303, 0.0]|[0.026946846395730972, 0.02996676415205002, 0.9991876482963562]|[[2827.300073606339, 0.0, 1993.2574097262354], [0.0, 2852.2438974589363, 1443.3722632010733], [0.0, 0.0, 1.0]]
60|65|4|Shark|0.605|0.6113139414681134|0.6378361582756042|1927.5672861674689;1084.175167893728|23|[-0.03170420974493027, -0.09955649077892303, 0.0]|[0.026946846395730972, 0.02996676415205002, 0.9991876482963562]|[[2827.300073606339, 0.0, 1993.2574097262354], [0.0, 2852.2438974589363, 1443.3722632010733], [0.0, 0.0, 1.0]]
60|65|4|Shark|0.605|0.612007153854119|0.6320545077323914|1925.0430872496158;1080.5159223289982|23|[-0.03170420974493027, -0.09955649077892303, 0.0]|[0.026946846395730972, 0.02996676415205002, 0.9991876482963562]|[[2827.300073606339, 0.0, 1993.2574097262354], [0.0, 2852.2438974589363, 1443.3722632010733], [0.0, 0.0, 1.0]]
60|65|4|Shark|0.605|0.611311639189521|0.6353991627693176|1926.7303408424755;1082.5675485625968|23|[-0.03170420974493027, -0.09955649077892303, 0.0]|[0.026946846395730972, 0.02996676415205002, 0.9991876482963562]|[[2827.300073606339, 0.0, 1993.2574097262354], [0.0, 2852.2438974589363, 1443.3722632010733], [0.0, 0.0, 1.0]]
60|65|4|Shark|0.605|0.6014265332946892|1.359297275543213|1999.7151809716386;1321.3232769572808|23|[-0.03170420974493027, -0.09955649077892303, 0.0]|[0.026946846395730972, 0.02996676415205002, 0.9991876482963562]|[[2827.300073606339, 0.0, 1993.2574097262354], [0.0, 2852.2438974589363, 1443.3722632010733], [0.0, 0.0, 1.0]]
60|65|4|Shark|0.605|0.6067595638312172|1.347687840461731|2000.1659280999816;1319.1549942884071|23|[-0.03170420974493027, -0.09955649077892303, 0.0]|[0.026946846395730972, 0.02996676415205002, 0.9991876482963562]|[[2827.300073606339, 0.0, 1993.2574097262354], [0.0, 2852.2438974589363, 1443.3722632010733], [0.0, 0.0, 1.0]]
60|65|4|Shark|0.605|0.6132370592339322|1.4061509370803833|2002.0138271711292;1328.2544620644123|23|[-0.03170420974493027, -0.09955649077892303, 0.0]|[0.026946846395730972, 0.02996676415205002, 0.9991876482963562]|[[2827.300073606339, 0.0, 1993.2574097262354], [0.0, 2852.2438974589363, 1443.3722632010733], [0.0, 0.0, 1.0]]
60|65|4|Shark|0.605|0.6029508993498283|1.3896650075912476|2000.6236801834946;1326.0817253660855|23|[-0.03170420974493027, -0.09955649077892303, 0.0]|[0.026946846395730972, 0.02996676415205002, 0.9991876482963562]|[[2827.300073606339, 0.0, 1993.2574097262354], [0.0, 2852.2438974589363, 1443.3722632010733], [0.0, 0.0, 1.0]]
60|65|4|Shark|0.605|0.6014602210851712|1.4666094779968262|2004.694622816852;1336.5517894890654|23|[-0.03170420974493027, -0.09955649077892303, 0.0]|[0.026946846395730972, 0.02996676415205002, 0.9991876482963562]|[[2827.300073606339, 0.0, 1993.2574097262354], [0.0, 2852.2438974589363, 1443.3722632010733], [0.0, 0.0, 1.0]]
60|65|4|Shark|0.605|0.599939650109113|1.4722036123275757|2003.3208384776515;1337.8962143924937|23|[-0.03170420974493027, -0.09955649077892303, 0.0]|[0.026946846395730972, 0.02996676415205002, 0.9991876482963562]|[[2827.300073606339, 0.0, 1993.2574097262354], [0.0, 2852.2438974589363, 1443.3722632010733], [0.0, 0.0, 1.0]]
60|65|4|Shark|0.605|0.6002833654951986|1.4722411632537842|2004.003450656552;1337.6399424964022|23|[-0.03170420974493027, -0.09955649077892303, 0.0]|[0.026946846395730972, 0.02996676415205002, 0.9991876482963562]|[[2827.300073606339, 0.0, 1993.2574097262354], [0.0, 2852.2438974589363, 1443.3722632010733], [0.0, 0.0, 1.0]]
60|65|4|Shark|0.605|0.6042332737505763|1.4819285869598389|2004.3816572884716;1338.916803820006|23|[-0.03170420974493027, -0.09955649077892303, 0.0]|[0.026946846395730972, 0.02996676415205002, 0.9991876482963562]|[[2827.300073606339, 0.0, 1993.2574097262354], [0.0, 2852.2438974589363, 1443.3722632010733], [0.0, 0.0, 1.0]]
60|65|4|Shark|0.605|0.6113621630836773|1.5006359815597534|2007.7672604290708;1340.356489971424|23|[-0.03170420974493027, -0.09955649077892303, 0.0]|[0.026946846395730972, 0.02996676415205002, 0.9991876482963562]|[[2827.300073606339, 0.0, 1993.2574097262354], [0.0, 2852.2438974589363, 1443.3722632010733], [0.0, 0.0, 1.0]]
60|65|4|Shark|0.605|0.6008599209970732|1.4756028652191162|2005.4549334524613;1337.6007243190588|23|[-0.03170420974493027, -0.09955649077892303, 0.0]|[0.026946846395730972, 0.02996676415205002, 0.9991876482963562]|[[2827.300073606339, 0.0, 1993.2574097262354], [0.0, 2852.2438974589363, 1443.3722632010733], [0.0, 0.0, 1.0]]
60|65|4|Grouper|0.36|0.3473984838749527|1.4068251848220825|2002.7788641860125;1328.0892643322024|23|[-0.03170420974493027, -0.09955649077892303, 0.0]|[0.026946846395730972, 0.02996676415205002, 0.9991876482963562]|[[2827.300073606339, 0.0, 1993.2574097262354], [0.0, 2852.2438974589363, 1443.3722632010733], [0.0, 0.0, 1.0]]
60|65|4|Grouper|0.36|0.3499261479471178|1.4234912395477295|2002.983683773056;1330.6425954943084|23|[-0.03170420974493027, -0.09955649077892303, 0.0]|[0.026946846395730972, 0.02996676415205002, 0.9991876482963562]|[[2827.300073606339, 0.0, 1993.2574097262354], [0.0, 2852.2438974589363, 1443.3722632010733], [0.0, 0.0, 1.0]]
60|65|4|Grouper|0.36|0.3484230696599163|1.413307785987854|2002.570581312318;1329.186447755951|23|[-0.03170420974493027, -0.09955649077892303, 0.0]|[0.026946846395730972, 0.02996676415205002, 0.9991876482963562]|[[2827.300073606339, 0.0, 1993.2574097262354], [0.0, 2852.2438974589363, 1443.3722632010733], [0.0, 0.0, 1.0]]
60|65|4|Grouper|0.36|0.3475684093932937|1.412384271621704|2001.7652681086856;1329.3341215358084|23|[-0.03170420974493027, -0.09955649077892303, 0.0]|[0.026946846395730972, 0.02996676415205002, 0.9991876482963562]|[[2827.300073606339, 0.0, 1993.2574097262354], [0.0, 2852.2438974589363, 1443.3722632010733], [0.0, 0.0, 1.0]]
60|65|4|Grouper|0.36|0.34810583220527846|1.4115904569625854|2000.393127880133;1329.7224017933272|23|[-0.03170420974493027, -0.09955649077892303, 0.0]|[0.026946846395730972, 0.02996676415205002, 0.9991876482963562]|[[2827.300073606339, 0.0, 1993.2574097262354], [0.0, 2852.2438974589363, 1443.3722632010733], [0.0, 0.0, 1.0]]
60|65|4|Grouper|0.36|0.3499294876830977|1.4128915071487427|2003.516765905922;1328.7854933486178|23|[-0.03170420974493027, -0.09955649077892303, 0.0]|[0.026946846395730972, 0.02996676415205002, 0.9991876482963562]|[[2827.300073606339, 0.0, 1993.2574097262354], [0.0, 2852.2438974589363, 1443.3722632010733], [0.0, 0.0, 1.0]]
60|65|4|Grouper|0.36|0.3331525185410549|1.4001166820526123|2001.377422467555;1327.5068048329006|23|[-0.03170420974493027, -0.09955649077892303, 0.0]|[0.026946846395730972, 0.02996676415205002, 0.9991876482963562]|[[2827.300073606339, 0.0, 1993.2574097262354], [0.0, 2852.2438974589363, 1443.3722632010733], [0.0, 0.0, 1.0]]
60|65|4|Grouper|0.36|0.34741920146453575|1.4078749418258667|2001.9867851154045;1328.537388355561|23|[-0.03170420974493027, -0.09955649077892303, 0.0]|[0.026946846395730972, 0.02996676415205002, 0.9991876482963562]|[[2827.300073606339, 0.0, 1993.2574097262354], [0.0, 2852.2438974589363, 1443.3722632010733], [0.0, 0.0, 1.0]]
60|65|4|Grouper|0.36|0.3444449900572009|1.4054070711135864|2002.3085673739595;1328.0233410791805|23|[-0.03170420974493027, -0.09955649077892303, 0.0]|[0.026946846395730972, 0.02996676415205002, 0.9991876482963562]|[[2827.300073606339, 0.0, 1993.2574097262354], [0.0, 2852.2438974589363, 1443.3722632010733], [0.0, 0.0, 1.0]]
60|65|4|Grouper|0.36|0.34337998491002797|1.4030801057815552|2001.697329290172;1327.8757750407428|23|[-0.03170420974493027, -0.09955649077892303, 0.0]|[0.026946846395730972, 0.02996676415205002, 0.9991876482963562]|[[2827.300073606339, 0.0, 1993.2574097262354], [0.0, 2852.2438974589363, 1443.3722632010733], [0.0, 0.0, 1.0]]
60|65|4|Grouper|0.36|0.3318553148524912|1.3970922231674194|2002.2992405653617;1326.6950463520818|23|[-0.03170420974493027, -0.09955649077892303, 0.0]|[0.026946846395730972, 0.02996676415205002, 0.9991876482963562]|[[2827.300073606339, 0.0, 1993.2574097262354], [0.0, 2852.2438974589363, 1443.3722632010733], [0.0, 0.0, 1.0]]
60|65|4|Grouper|0.36|0.3219816885762482|1.398339033126831|2001.3337415342971;1327.237366957762|23|[-0.03170420974493027, -0.09955649077892303, 0.0]|[0.026946846395730972, 0.02996676415205002, 0.9991876482963562]|[[2827.300073606339, 0.0, 1993.2574097262354], [0.0, 2852.2438974589363, 1443.3722632010733], [0.0, 0.0, 1.0]]
60|65|4|Grouper|0.36|0.35457518460760595|1.859976053237915|2018.640712787074;1377.1509399020906|23|[-0.03170420974493027, -0.09955649077892303, 0.0]|[0.026946846395730972, 0.02996676415205002, 0.9991876482963562]|[[2827.300073606339, 0.0, 1993.2574097262354], [0.0, 2852.2438974589363, 1443.3722632010733], [0.0, 0.0, 1.0]]
60|65|4|Grouper|0.36|0.3446091195324492|1.8189091682434082|2015.4093774203577;1374.515965405241|23|[-0.03170420974493027, -0.09955649077892303, 0.0]|[0.026946846395730972, 0.02996676415205002, 0.9991876482963562]|[[2827.300073606339, 0.0, 1993.2574097262354], [0.0, 2852.2438974589363, 1443.3722632010733], [0.0, 0.0, 1.0]]
60|65|4|Grouper|0.36|0.3482340533258657|1.8502390384674072|2017.0580849090572;1376.8360959865715|23|[-0.03170420974493027, -0.09955649077892303, 0.0]|[0.026946846395730972, 0.02996676415205002, 0.9991876482963562]|[[2827.300073606339, 0.0, 1993.2574097262354], [0.0, 2852.2438974589363, 1443.3722632010733], [0.0, 0.0, 1.0]]
60|65|4|Grouper|0.36|0.34681893320503243|1.8296353816986084|2016.3670900589614;1375.1658346803522|23|[-0.03170420974493027, -0.09955649077892303, 0.0]|[0.026946846395730972, 0.02996676415205002, 0.9991876482963562]|[[2827.300073606339, 0.0, 1993.2574097262354], [0.0, 2852.2438974589363, 1443.3722632010733], [0.0, 0.0, 1.0]]
60|65|4|Grouper|0.36|0.34322099761737823|1.871742844581604|2017.3445172225756;1378.702082315933|23|[-0.03170420974493027, -0.09955649077892303, 0.0]|[0.026946846395730972, 0.02996676415205002, 0.9991876482963562]|[[2827.300073606339, 0.0, 1993.2574097262354], [0.0, 2852.2438974589363, 1443.3722632010733], [0.0, 0.0, 1.0]]
60|65|4|Grouper|0.36|0.35124661702021287|1.8789139986038208|2017.3340866119506;1379.3628765369806|23|[-0.03170420974493027, -0.09955649077892303, 0.0]|[0.026946846395730972, 0.02996676415205002, 0.9991876482963562]|[[2827.300073606339, 0.0, 1993.2574097262354], [0.0, 2852.2438974589363, 1443.3722632010733], [0.0, 0.0, 1.0]]
60|65|4|Grouper|0.36|0.35489442084657014|1.940307378768921|2018.1085871059681;1384.4435668054437|23|[-0.03170420974493027, -0.09955649077892303, 0.0]|[0.026946846395730972, 0.02996676415205002, 0.9991876482963562]|[[2827.300073606339, 0.0, 1993.2574097262354], [0.0, 2852.2438974589363, 1443.3722632010733], [0.0, 0.0, 1.0]]
60|65|4|Snook|0.455|0.43078469847020046|1.555776834487915|2007.9642034758915;1347.7399419054095|23|[-0.03170420974493027, -0.09955649077892303, 0.0]|[0.026946846395730972, 0.02996676415205002, 0.9991876482963562]|[[2827.300073606339, 0.0, 1993.2574097262354], [0.0, 2852.2438974589363, 1443.3722632010733], [0.0, 0.0, 1.0]]
60|65|4|Snook|0.455|0.42685362521356324|1.5553828477859497|2008.7127491297779;1347.4156124832723|23|[-0.03170420974493027, -0.09955649077892303, 0.0]|[0.026946846395730972, 0.02996676415205002, 0.9991876482963562]|[[2827.300073606339, 0.0, 1993.2574097262354], [0.0, 2852.2438974589363, 1443.3722632010733], [0.0, 0.0, 1.0]]
60|65|4|Snook|0.455|0.43390140229827506|1.5424506664276123|2006.9855445978844;1346.3445331448877|23|[-0.03170420974493027, -0.09955649077892303, 0.0]|[0.026946846395730972, 0.02996676415205002, 0.9991876482963562]|[[2827.300073606339, 0.0, 1993.2574097262354], [0.0, 2852.2438974589363, 1443.3722632010733], [0.0, 0.0, 1.0]]
60|65|4|Snook|0.455|0.4340944883347706|1.3710057735443115|2000.219038971381;1323.135583344286|23|[-0.03170420974493027, -0.09955649077892303, 0.0]|[0.026946846395730972, 0.02996676415205002, 0.9991876482963562]|[[2827.300073606339, 0.0, 1993.2574097262354], [0.0, 2852.2438974589363, 1443.3722632010733], [0.0, 0.0, 1.0]]
60|65|4|Snook|0.455|0.43315674284863437|1.3250911235809326|1997.9435647609534;1315.953991689132|23|[-0.03170420974493027, -0.09955649077892303, 0.0]|[0.026946846395730972, 0.02996676415205002, 0.9991876482963562]|[[2827.300073606339, 0.0, 1993.2574097262354], [0.0, 2852.2438974589363, 1443.3722632010733], [0.0, 0.0, 1.0]]
60|65|4|Snook|0.455|0.4382118702096138|1.350273609161377|1999.8040807094421;1319.734370056889|23|[-0.03170420974493027, -0.09955649077892303, 0.0]|[0.026946846395730972, 0.02996676415205002, 0.9991876482963562]|[[2827.300073606339, 0.0, 1993.2574097262354], [0.0, 2852.2438974589363, 1443.3722632010733], [0.0, 0.0, 1.0]]
60|65|4|Snook|0.455|0.42767210040963366|2.1186954975128174|2020.6422819992652;1397.35528338114|23|[-0.03170420974493027, -0.09955649077892303, 0.0]|[0.026946846395730972, 0.02996676415205002, 0.9991876482963562]|[[2827.300073606339, 0.0, 1993.2574097262354], [0.0, 2852.2438974589363, 1443.3722632010733], [0.0, 0.0, 1.0]]
60|65|4|Snook|0.455|0.433090830625778|2.1510205268859863|2022.5979113482797;1398.815948924019|23|[-0.03170420974493027, -0.09955649077892303, 0.0]|[0.026946846395730972, 0.02996676415205002, 0.9991876482963562]|[[2827.300073606339, 0.0, 1993.2574097262354], [0.0, 2852.2438974589363, 1443.3722632010733], [0.0, 0.0, 1.0]]
60|65|4|Snook|0.455|0.4319926072311593|2.142928123474121|2022.8708016271214;1398.140678707033|23|[-0.03170420974493027, -0.09955649077892303, 0.0]|[0.026946846395730972, 0.02996676415205002, 0.9991876482963562]|[[2827.300073606339, 0.0, 1993.2574097262354], [0.0, 2852.2438974589363, 1443.3722632010733], [0.0, 0.0, 1.0]]
60|65|4|Snook|0.455|0.4315963651846689|2.140101194381714|2023.1708776713306;1397.8259634799276|23|[-0.03170420974493027, -0.09955649077892303, 0.0]|[0.026946846395730972, 0.02996676415205002, 0.9991876482963562]|[[2827.300073606339, 0.0, 1993.2574097262354], [0.0, 2852.2438974589363, 1443.3722632010733], [0.0, 0.0, 1.0]]
60|65|4|Snook|0.455|0.4291248754225744|2.157857894897461|2021.906962344772;1399.5818193875575|23|[-0.03170420974493027, -0.09955649077892303, 0.0]|[0.026946846395730972, 0.02996676415205002, 0.9991876482963562]|[[2827.300073606339, 0.0, 1993.2574097262354], [0.0, 2852.2438974589363, 1443.3722632010733], [0.0, 0.0, 1.0]]
60|65|4|Snook|0.455|0.4263034950083961|2.1353673934936523|2023.266480102876;1397.4454642567428|23|[-0.03170420974493027, -0.09955649077892303, 0.0]|[0.026946846395730972, 0.02996676415205002, 0.9991876482963562]|[[2827.300073606339, 0.0, 1993.2574097262354], [0.0, 2852.2438974589363, 1443.3722632010733], [0.0, 0.0, 1.0]]
60|65|4|Snook|0.455|0.4127362958899489|2.074381113052368|2022.493430457111;1393.3610771279518|23|[-0.03170420974493027, -0.09955649077892303, 0.0]|[0.026946846395730972, 0.02996676415205002, 0.9991876482963562]|[[2827.300073606339, 0.0, 1993.2574097262354], [0.0, 2852.2438974589363, 1443.3722632010733], [0.0, 0.0, 1.0]]
60|65|4|Snook|0.455|0.417183607681298|2.092135429382324|2022.5182130999078;1394.6390245627667|23|[-0.03170420974493027, -0.09955649077892303, 0.0]|[0.026946846395730972, 0.02996676415205002, 0.9991876482963562]|[[2827.300073606339, 0.0, 1993.2574097262354], [0.0, 2852.2438974589363, 1443.3722632010733], [0.0, 0.0, 1.0]]
60|65|4|Snook|0.455|0.4169796249365541|2.121368885040283|2022.4289780029897;1396.7898110887647|23|[-0.03170420974493027, -0.09955649077892303, 0.0]|[0.026946846395730972, 0.02996676415205002, 0.9991876482963562]|[[2827.300073606339, 0.0, 1993.2574097262354], [0.0, 2852.2438974589363, 1443.3722632010733], [0.0, 0.0, 1.0]]
60|65|4|Snook|0.455|0.4242143779080199|2.1395339965820312|2022.4926485111396;1398.0538523993164|23|[-0.03170420974493027, -0.09955649077892303, 0.0]|[0.026946846395730972, 0.02996676415205002, 0.9991876482963562]|[[2827.300073606339, 0.0, 1993.2574097262354], [0.0, 2852.2438974589363, 1443.3722632010733], [0.0, 0.0, 1.0]]
60|65|4|Purple Angel|0.192|0.1887482533427805|0.9025177359580994|1967.631074914395;1215.1269045160786|23|[-0.03170420974493027, -0.09955649077892303, 0.0]|[0.026946846395730972, 0.02996676415205002, 0.9991876482963562]|[[2827.300073606339, 0.0, 1993.2574097262354], [0.0, 2852.2438974589363, 1443.3722632010733], [0.0, 0.0, 1.0]]
60|65|4|Purple Angel|0.192|0.189105146220764|0.8942340612411499|1965.3656845753899;1212.6724436741767|23|[-0.03170420974493027, -0.09955649077892303, 0.0]|[0.026946846395730972, 0.02996676415205002, 0.9991876482963562]|[[2827.300073606339, 0.0, 1993.2574097262354], [0.0, 2852.2438974589363, 1443.3722632010733], [0.0, 0.0, 1.0]]
60|65|4|Purple Angel|0.192|0.18693760096457596|0.8704127669334412|1961.9910484179327;1204.2021373967395|23|[-0.03170420974493027, -0.09955649077892303, 0.0]|[0.026946846395730972, 0.02996676415205002, 0.9991876482963562]|[[2827.300073606339, 0.0, 1993.2574097262354], [0.0, 2852.2438974589363, 1443.3722632010733], [0.0, 0.0, 1.0]]
60|65|4|Purple Angel|0.192|0.18786128500154975|0.9052399396896362|1967.9720605355064;1216.058207217695|23|[-0.03170420974493027, -0.09955649077892303, 0.0]|[0.026946846395730972, 0.02996676415205002, 0.9991876482963562]|[[2827.300073606339, 0.0, 1993.2574097262354], [0.0, 2852.2438974589363, 1443.3722632010733], [0.0, 0.0, 1.0]]
60|65|4|Purple Angel|0.192|0.18814746423272513|0.8092597126960754|1954.2652166559187;1179.5283301535164|23|[-0.03170420974493027, -0.09955649077892303, 0.0]|[0.026946846395730972, 0.02996676415205002, 0.9991876482963562]|[[2827.300073606339, 0.0, 1993.2574097262354], [0.0, 2852.2438974589363, 1443.3722632010733], [0.0, 0.0, 1.0]]
60|65|4|Purple Angel|0.192|0.188151594935369|0.7743909955024719|1950.7531040491692;1163.2167613153615|23|[-0.03170420974493027, -0.09955649077892303, 0.0]|[0.026946846395730972, 0.02996676415205002, 0.9991876482963562]|[[2827.300073606339, 0.0, 1993.2574097262354], [0.0, 2852.2438974589363, 1443.3722632010733], [0.0, 0.0, 1.0]]
60|65|4|Purple Angel|0.192|0.18763690539785588|0.7852118015289307|1951.243189973999;1168.6484911221692|23|[-0.03170420974493027, -0.09955649077892303, 0.0]|[0.026946846395730972, 0.02996676415205002, 0.9991876482963562]|[[2827.300073606339, 0.0, 1993.2574097262354], [0.0, 2852.2438974589363, 1443.3722632010733], [0.0, 0.0, 1.0]]
60|65|4|Purple Angel|0.192|0.18701155369880698|0.7944920659065247|1952.0544875429855;1173.0548318493156|23|[-0.03170420974493027, -0.09955649077892303, 0.0]|[0.026946846395730972, 0.02996676415205002, 0.9991876482963562]|[[2827.300073606339, 0.0, 1993.2574097262354], [0.0, 2852.2438974589363, 1443.3722632010733], [0.0, 0.0, 1.0]]
60|65|4|Purple Angel|0.192|0.18405768322826285|1.6288987398147583|2009.4838399698033;1356.347297300748|23|[-0.03170420974493027, -0.09955649077892303, 0.0]|[0.026946846395730972, 0.02996676415205002, 0.9991876482963562]|[[2827.300073606339, 0.0, 1993.2574097262354], [0.0, 2852.2438974589363, 1443.3722632010733], [0.0, 0.0, 1.0]]
60|65|4|Purple Angel|0.192|0.18539491284994158|1.6628432273864746|2011.3028214671392;1359.6438130018264|23|[-0.03170420974493027, -0.09955649077892303, 0.0]|[0.026946846395730972, 0.02996676415205002, 0.9991876482963562]|[[2827.300073606339, 0.0, 1993.2574097262354], [0.0, 2852.2438974589363, 1443.3722632010733], [0.0, 0.0, 1.0]]
60|65|4|Purple Angel|0.192|0.18454721693966897|1.6923187971115112|2011.57267341142;1362.8808513155882|23|[-0.03170420974493027, -0.09955649077892303, 0.0]|[0.026946846395730972, 0.02996676415205002, 0.9991876482963562]|[[2827.300073606339, 0.0, 1993.2574097262354], [0.0, 2852.2438974589363, 1443.3722632010733], [0.0, 0.0, 1.0]]
60|65|4|Purple Angel|0.192|0.18523744732378217|1.6807433366775513|2010.4950601458027;1361.9990532737816|23|[-0.03170420974493027, -0.09955649077892303, 0.0]|[0.026946846395730972, 0.02996676415205002, 0.9991876482963562]|[[2827.300073606339, 0.0, 1993.2574097262354], [0.0, 2852.2438974589363, 1443.3722632010733], [0.0, 0.0, 1.0]]
60|65|4|Purple Angel|0.192|0.18761491947090592|1.7349557876586914|2012.0021831109066;1367.3514139679583|23|[-0.03170420974493027, -0.09955649077892303, 0.0]|[0.026946846395730972, 0.02996676415205002, 0.9991876482963562]|[[2827.300073606339, 0.0, 1993.2574097262354], [0.0, 2852.2438974589363, 1443.3722632010733], [0.0, 0.0, 1.0]]
60|65|4|Purple Angel|0.192|0.18415692234266087|1.7361953258514404|2011.7104148557682;1367.596736808189|23|[-0.03170420974493027, -0.09955649077892303, 0.0]|[0.026946846395730972, 0.02996676415205002, 0.9991876482963562]|[[2827.300073606339, 0.0, 1993.2574097262354], [0.0, 2852.2438974589363, 1443.3722632010733], [0.0, 0.0, 1.0]]
60|65|4|Purple Angel|0.192|0.18373184075480345|1.722665786743164|2012.1855880895785;1365.9574243721024|23|[-0.03170420974493027, -0.09955649077892303, 0.0]|[0.026946846395730972, 0.02996676415205002, 0.9991876482963562]|[[2827.300073606339, 0.0, 1993.2574097262354], [0.0, 2852.2438974589363, 1443.3722632010733], [0.0, 0.0, 1.0]]
60|65|4|Purple Angel|0.192|0.1832410409860824|1.6929174661636353|2011.7588146727646;1362.871619344709|23|[-0.03170420974493027, -0.09955649077892303, 0.0]|[0.026946846395730972, 0.02996676415205002, 0.9991876482963562]|[[2827.300073606339, 0.0, 1993.2574097262354], [0.0, 2852.2438974589363, 1443.3722632010733], [0.0, 0.0, 1.0]]
60|65|4|Purple Angel|0.192|0.1844546682525621|1.71432626247406|2011.948576503292;1365.1516706642503|23|[-0.03170420974493027, -0.09955649077892303, 0.0]|[0.026946846395730972, 0.02996676415205002, 0.9991876482963562]|[[2827.300073606339, 0.0, 1993.2574097262354], [0.0, 2852.2438974589363, 1443.3722632010733], [0.0, 0.0, 1.0]]
60|65|4|Purple Angel|0.192|0.18508826647873208|1.7050666809082031|2011.644819035344;1364.2552570114633|23|[-0.03170420974493027, -0.09955649077892303, 0.0]|[0.026946846395730972, 0.02996676415205002, 0.9991876482963562]|[[2827.300073606339, 0.0, 1993.2574097262354], [0.0, 2852.2438974589363, 1443.3722632010733], [0.0, 0.0, 1.0]]
60|65|4|Purple Angel|0.192|0.18505547009183174|1.6869837045669556|2012.379078498069;1361.9764821961992|23|[-0.03170420974493027, -0.09955649077892303, 0.0]|[0.026946846395730972, 0.02996676415205002, 0.9991876482963562]|[[2827.300073606339, 0.0, 1993.2574097262354], [0.0, 2852.2438974589363, 1443.3722632010733], [0.0, 0.0, 1.0]]
60|65|4|Purple Angel|0.192|0.18534756033987598|1.6595360040664673|2010.5581511188896;1359.5493961081863|23|[-0.03170420974493027, -0.09955649077892303, 0.0]|[0.026946846395730972, 0.02996676415205002, 0.9991876482963562]|[[2827.300073606339, 0.0, 1993.2574097262354], [0.0, 2852.2438974589363, 1443.3722632010733], [0.0, 0.0, 1.0]]
60|65|4|Purple Angel|0.192|0.18651576673478837|1.6719744205474854|2010.8623334492663;1360.8608667668857|23|[-0.03170420974493027, -0.09955649077892303, 0.0]|[0.026946846395730972, 0.02996676415205002, 0.9991876482963562]|[[2827.300073606339, 0.0, 1993.2574097262354], [0.0, 2852.2438974589363, 1443.3722632010733], [0.0, 0.0, 1.0]]
60|65|4|Purple Angel|0.192|0.1856890560195361|1.6634141206741333|2010.987135710454;1359.8408149464628|23|[-0.03170420974493027, -0.09955649077892303, 0.0]|[0.026946846395730972, 0.02996676415205002, 0.9991876482963562]|[[2827.300073606339, 0.0, 1993.2574097262354], [0.0, 2852.2438974589363, 1443.3722632010733], [0.0, 0.0, 1.0]]
60|65|4|Purple Angel|0.192|0.1863657272229256|1.6734379529953003|2010.152024602744;1361.3138618342107|23|[-0.03170420974493027, -0.09955649077892303, 0.0]|[0.026946846395730972, 0.02996676415205002, 0.9991876482963562]|[[2827.300073606339, 0.0, 1993.2574097262354], [0.0, 2852.2438974589363, 1443.3722632010733], [0.0, 0.0, 1.0]]
60|65|4|Purple Angel|0.192|0.18454047015895653|1.6564173698425293|2010.4607873519737;1359.2303544110448|23|[-0.03170420974493027, -0.09955649077892303, 0.0]|[0.026946846395730972, 0.02996676415205002, 0.9991876482963562]|[[2827.300073606339, 0.0, 1993.2574097262354], [0.0, 2852.2438974589363, 1443.3722632010733], [0.0, 0.0, 1.0]]
61|80|6|Purple Angel|0.192|0.19172208027138296|1.6612091064453125|2071.0137076224896;1367.297638434262|26|[-0.029877623543143272, -0.10001984238624573, 0.0]|[0.022014986723661423, 0.027923760935664177, 0.9993675947189331]|[[2825.1480807147805, 0.0, 2061.852601572974], [0.0, 2850.606508156248, 1458.5627645450384], [0.0, 0.0, 1.0]]
61|80|6|Purple Angel|0.192|0.19088061581170543|1.65793776512146|2073.275919084239;1366.208719577264|26|[-0.029877623543143272, -0.10001984238624573, 0.0]|[0.022014986723661423, 0.027923760935664177, 0.9993675947189331]|[[2825.1480807147805, 0.0, 2061.852601572974], [0.0, 2850.606508156248, 1458.5627645450384], [0.0, 0.0, 1.0]]
61|80|6|Purple Angel|0.192|0.1911134995421567|1.673270344734192|2071.993604582196;1368.332685856129|26|[-0.029877623543143272, -0.10001984238624573, 0.0]|[0.022014986723661423, 0.027923760935664177, 0.9993675947189331]|[[2825.1480807147805, 0.0, 2061.852601572974], [0.0, 2850.606508156248, 1458.5627645450384], [0.0, 0.0, 1.0]]
61|80|6|Purple Angel|0.192|0.187747307260415|1.649930715560913|2071.336265758005;1365.9020003099192|26|[-0.029877623543143272, -0.10001984238624573, 0.0]|[0.022014986723661423, 0.027923760935664177, 0.9993675947189331]|[[2825.1480807147805, 0.0, 2061.852601572974], [0.0, 2850.606508156248, 1458.5627645450384], [0.0, 0.0, 1.0]]
61|80|6|Purple Angel|0.192|0.19085715688350743|1.6722187995910645|2070.978119172275;1368.5427640497032|26|[-0.029877623543143272, -0.10001984238624573, 0.0]|[0.022014986723661423, 0.027923760935664177, 0.9993675947189331]|[[2825.1480807147805, 0.0, 2061.852601572974], [0.0, 2850.606508156248, 1458.5627645450384], [0.0, 0.0, 1.0]]
61|80|6|Purple Angel|0.192|0.19027577328908724|1.6690582036972046|2072.661646138377;1367.6551140853485|26|[-0.029877623543143272, -0.10001984238624573, 0.0]|[0.022014986723661423, 0.027923760935664177, 0.9993675947189331]|[[2825.1480807147805, 0.0, 2061.852601572974], [0.0, 2850.606508156248, 1458.5627645450384], [0.0, 0.0, 1.0]]
61|80|6|Purple Angel|0.192|0.19102680377509504|1.6732137203216553|2072.283199814839;1368.2341872446532|26|[-0.029877623543143272, -0.10001984238624573, 0.0]|[0.022014986723661423, 0.027923760935664177, 0.9993675947189331]|[[2825.1480807147805, 0.0, 2061.852601572974], [0.0, 2850.606508156248, 1458.5627645450384], [0.0, 0.0, 1.0]]
61|80|6|Purple Angel|0.192|0.1922414645469892|1.6782548427581787|2073.0671857583106;1368.554016572532|26|[-0.029877623543143272, -0.10001984238624573, 0.0]|[0.022014986723661423, 0.027923760935664177, 0.9993675947189331]|[[2825.1480807147805, 0.0, 2061.852601572974], [0.0, 2850.606508156248, 1458.5627645450384], [0.0, 0.0, 1.0]]
61|80|6|Purple Angel|0.192|0.18983921810351098|1.674118995666504|2072.013192089299;1368.4209918412473|26|[-0.029877623543143272, -0.10001984238624573, 0.0]|[0.022014986723661423, 0.027923760935664177, 0.9993675947189331]|[[2825.1480807147805, 0.0, 2061.852601572974], [0.0, 2850.606508156248, 1458.5627645450384], [0.0, 0.0, 1.0]]
61|80|6|Purple Angel|0.192|0.18911309357580566|1.6765172481536865|2072.5777882385623;1368.5048660151265|26|[-0.029877623543143272, -0.10001984238624573, 0.0]|[0.022014986723661423, 0.027923760935664177, 0.9993675947189331]|[[2825.1480807147805, 0.0, 2061.852601572974], [0.0, 2850.606508156248, 1458.5627645450384], [0.0, 0.0, 1.0]]
61|80|6|Purple Angel|0.192|0.1890722682291466|1.6760601997375488|2071.7200595689133;1368.7292164355194|26|[-0.029877623543143272, -0.10001984238624573, 0.0]|[0.022014986723661423, 0.027923760935664177, 0.9993675947189331]|[[2825.1480807147805, 0.0, 2061.852601572974], [0.0, 2850.606508156248, 1458.5627645450384], [0.0, 0.0, 1.0]]
61|80|6|Purple Angel|0.192|0.19015232297153847|1.6858711242675781|2071.353722415439;1369.941081772126|26|[-0.029877623543143272, -0.10001984238624573, 0.0]|[0.022014986723661423, 0.027923760935664177, 0.9993675947189331]|[[2825.1480807147805, 0.0, 2061.852601572974], [0.0, 2850.606508156248, 1458.5627645450384], [0.0, 0.0, 1.0]]
61|80|6|Purple Angel|0.192|0.19135923609119104|2.342663288116455|2086.8522902865393;1416.8899031796195|26|[-0.029877623543143272, -0.10001984238624573, 0.0]|[0.022014986723661423, 0.027923760935664177, 0.9993675947189331]|[[2825.1480807147805, 0.0, 2061.852601572974], [0.0, 2850.606508156248, 1458.5627645450384], [0.0, 0.0, 1.0]]
61|80|6|Purple Angel|0.192|0.19046149358659284|2.256357431411743|2085.2967920858396;1412.2757417556752|26|[-0.029877623543143272, -0.10001984238624573, 0.0]|[0.022014986723661423, 0.027923760935664177, 0.9993675947189331]|[[2825.1480807147805, 0.0, 2061.852601572974], [0.0, 2850.606508156248, 1458.5627645450384], [0.0, 0.0, 1.0]]
61|80|6|Purple Angel|0.192|0.19421570889510742|2.2481272220611572|2084.9354465211086;1411.8994796767945|26|[-0.029877623543143272, -0.10001984238624573, 0.0]|[0.022014986723661423, 0.027923760935664177, 0.9993675947189331]|[[2825.1480807147805, 0.0, 2061.852601572974], [0.0, 2850.606508156248, 1458.5627645450384], [0.0, 0.0, 1.0]]
61|80|6|Purple Angel|0.192|0.19032603222285982|2.4590635299682617|2087.113628191494;1423.132704115237|26|[-0.029877623543143272, -0.10001984238624573, 0.0]|[0.022014986723661423, 0.027923760935664177, 0.9993675947189331]|[[2825.1480807147805, 0.0, 2061.852601572974], [0.0, 2850.606508156248, 1458.5627645450384], [0.0, 0.0, 1.0]]
61|80|6|Purple Angel|0.192|0.1893299649540438|2.385788679122925|2086.829388086543;1419.3175936433663|26|[-0.029877623543143272, -0.10001984238624573, 0.0]|[0.022014986723661423, 0.027923760935664177, 0.9993675947189331]|[[2825.1480807147805, 0.0, 2061.852601572974], [0.0, 2850.606508156248, 1458.5627645450384], [0.0, 0.0, 1.0]]
61|80|6|Grouper|0.36|0.3557567901687662|1.2369213104248047|2050.763411379185;1309.36500619081|26|[-0.029877623543143272, -0.10001984238624573, 0.0]|[0.022014986723661423, 0.027923760935664177, 0.9993675947189331]|[[2825.1480807147805, 0.0, 2061.852601572974], [0.0, 2850.606508156248, 1458.5627645450384], [0.0, 0.0, 1.0]]
61|80|6|Grouper|0.36|0.3514175982216453|1.2683755159378052|2053.2177571185234;1314.8170792058083|26|[-0.029877623543143272, -0.10001984238624573, 0.0]|[0.022014986723661423, 0.027923760935664177, 0.9993675947189331]|[[2825.1480807147805, 0.0, 2061.852601572974], [0.0, 2850.606508156248, 1458.5627645450384], [0.0, 0.0, 1.0]]
61|80|6|Grouper|0.36|0.35211919633736133|1.2893716096878052|2056.016568240255;1317.901386090048|26|[-0.029877623543143272, -0.10001984238624573, 0.0]|[0.022014986723661423, 0.027923760935664177, 0.9993675947189331]|[[2825.1480807147805, 0.0, 2061.852601572974], [0.0, 2850.606508156248, 1458.5627645450384], [0.0, 0.0, 1.0]]
61|80|6|Grouper|0.36|0.3532648657881582|1.2527464628219604|2052.4348003702926;1311.9970554851059|26|[-0.029877623543143272, -0.10001984238624573, 0.0]|[0.022014986723661423, 0.027923760935664177, 0.9993675947189331]|[[2825.1480807147805, 0.0, 2061.852601572974], [0.0, 2850.606508156248, 1458.5627645450384], [0.0, 0.0, 1.0]]
61|80|6|Grouper|0.36|0.3518685737179744|1.2128413915634155|2051.6040123738408;1304.034719670022|26|[-0.029877623543143272, -0.10001984238624573, 0.0]|[0.022014986723661423, 0.027923760935664177, 0.9993675947189331]|[[2825.1480807147805, 0.0, 2061.852601572974], [0.0, 2850.606508156248, 1458.5627645450384], [0.0, 0.0, 1.0]]
61|80|6|Grouper|0.36|0.35249172997872175|1.2070871591567993|2050.523659352751;1303.168820908315|26|[-0.029877623543143272, -0.10001984238624573, 0.0]|[0.022014986723661423, 0.027923760935664177, 0.9993675947189331]|[[2825.1480807147805, 0.0, 2061.852601572974], [0.0, 2850.606508156248, 1458.5627645450384], [0.0, 0.0, 1.0]]
61|80|6|Grouper|0.36|0.3551600459504567|1.215161681175232|2050.2100978457847;1305.0005668389163|26|[-0.029877623543143272, -0.10001984238624573, 0.0]|[0.022014986723661423, 0.027923760935664177, 0.9993675947189331]|[[2825.1480807147805, 0.0, 2061.852601572974], [0.0, 2850.606508156248, 1458.5627645450384], [0.0, 0.0, 1.0]]
61|80|6|Grouper|0.36|0.35555070423417423|1.2388808727264404|2053.8398906012408;1308.7348553477425|26|[-0.029877623543143272, -0.10001984238624573, 0.0]|[0.022014986723661423, 0.027923760935664177, 0.9993675947189331]|[[2825.1480807147805, 0.0, 2061.852601572974], [0.0, 2850.606508156248, 1458.5627645450384], [0.0, 0.0, 1.0]]
61|80|6|Grouper|0.36|0.3574292774121939|1.2315272092819214|2051.7266028442514;1307.920305093096|26|[-0.029877623543143272, -0.10001984238624573, 0.0]|[0.022014986723661423, 0.027923760935664177, 0.9993675947189331]|[[2825.1480807147805, 0.0, 2061.852601572974], [0.0, 2850.606508156248, 1458.5627645450384], [0.0, 0.0, 1.0]]
61|80|6|Grouper|0.36|0.3578160926753251|1.2450666427612305|2053.7840227507886;1310.0042497163415|26|[-0.029877623543143272, -0.10001984238624573, 0.0]|[0.022014986723661423, 0.027923760935664177, 0.9993675947189331]|[[2825.1480807147805, 0.0, 2061.852601572974], [0.0, 2850.606508156248, 1458.5627645450384], [0.0, 0.0, 1.0]]
61|80|6|Grouper|0.36|0.3541473438160127|1.949466347694397|2078.650262304455;1392.64914408988|26|[-0.029877623543143272, -0.10001984238624573, 0.0]|[0.022014986723661423, 0.027923760935664177, 0.9993675947189331]|[[2825.1480807147805, 0.0, 2061.852601572974], [0.0, 2850.606508156248, 1458.5627645450384], [0.0, 0.0, 1.0]]
61|80|6|Grouper|0.36|0.3598864956021213|1.930733561515808|2077.748753106781;1391.3797421466124|26|[-0.029877623543143272, -0.10001984238624573, 0.0]|[0.022014986723661423, 0.027923760935664177, 0.9993675947189331]|[[2825.1480807147805, 0.0, 2061.852601572974], [0.0, 2850.606508156248, 1458.5627645450384], [0.0, 0.0, 1.0]]
61|80|6|Grouper|0.36|0.35722840674474304|1.8973053693771362|2078.105388529167;1388.411534352074|26|[-0.029877623543143272, -0.10001984238624573, 0.0]|[0.022014986723661423, 0.027923760935664177, 0.9993675947189331]|[[2825.1480807147805, 0.0, 2061.852601572974], [0.0, 2850.606508156248, 1458.5627645450384], [0.0, 0.0, 1.0]]
61|80|6|Grouper|0.36|0.35658063594609224|1.9475067853927612|2079.097808312943;1392.3387034436728|26|[-0.029877623543143272, -0.10001984238624573, 0.0]|[0.022014986723661423, 0.027923760935664177, 0.9993675947189331]|[[2825.1480807147805, 0.0, 2061.852601572974], [0.0, 2850.606508156248, 1458.5627645450384], [0.0, 0.0, 1.0]]
61|80|6|Grouper|0.36|0.3506548227757726|1.906355619430542|2079.942660792171;1388.6212992648022|26|[-0.029877623543143272, -0.10001984238624573, 0.0]|[0.022014986723661423, 0.027923760935664177, 0.9993675947189331]|[[2825.1480807147805, 0.0, 2061.852601572974], [0.0, 2850.606508156248, 1458.5627645450384], [0.0, 0.0, 1.0]]
61|80|6|Grouper|0.36|0.35661341335561464|1.8036634922027588|2075.999554494255;1380.5355130361247|26|[-0.029877623543143272, -0.10001984238624573, 0.0]|[0.022014986723661423, 0.027923760935664177, 0.9993675947189331]|[[2825.1480807147805, 0.0, 2061.852601572974], [0.0, 2850.606508156248, 1458.5627645450384], [0.0, 0.0, 1.0]]
61|80|6|Grouper|0.36|0.35677149722600376|1.8759665489196777|2077.2748999793666;1386.801562432603|26|[-0.029877623543143272, -0.10001984238624573, 0.0]|[0.022014986723661423, 0.027923760935664177, 0.9993675947189331]|[[2825.1480807147805, 0.0, 2061.852601572974], [0.0, 2850.606508156248, 1458.5627645450384], [0.0, 0.0, 1.0]]
61|80|6|Grouper|0.36|0.35577412640479295|1.8072385787963867|2077.287956087766;1380.4698489306481|26|[-0.029877623543143272, -0.10001984238624573, 0.0]|[0.022014986723661423, 0.027923760935664177, 0.9993675947189331]|[[2825.1480807147805, 0.0, 2061.852601572974], [0.0, 2850.606508156248, 1458.5627645450384], [0.0, 0.0, 1.0]]
61|80|6|Grouper|0.36|0.3588638143957399|1.8422605991363525|2076.3902268201837;1384.0369189813568|26|[-0.029877623543143272, -0.10001984238624573, 0.0]|[0.022014986723661423, 0.027923760935664177, 0.9993675947189331]|[[2825.1480807147805, 0.0, 2061.852601572974], [0.0, 2850.606508156248, 1458.5627645450384], [0.0, 0.0, 1.0]]
61|80|6|Grouper|0.36|0.35561200026848117|1.8166489601135254|2076.19790491064;1381.7163611530245|26|[-0.029877623543143272, -0.10001984238624573, 0.0]|[0.022014986723661423, 0.027923760935664177, 0.9993675947189331]|[[2825.1480807147805, 0.0, 2061.852601572974], [0.0, 2850.606508156248, 1458.5627645450384], [0.0, 0.0, 1.0]]
61|80|6|Grouper|0.36|0.35540466019406775|1.773027777671814|2075.7656184664293;1377.633528526695|26|[-0.029877623543143272, -0.10001984238624573, 0.0]|[0.022014986723661423, 0.027923760935664177, 0.9993675947189331]|[[2825.1480807147805, 0.0, 2061.852601572974], [0.0, 2850.606508156248, 1458.5627645450384], [0.0, 0.0, 1.0]]
61|80|6|Grouper|0.36|0.3505222579867574|1.7500079870224|2074.5043971681816;1375.7090941230797|26|[-0.029877623543143272, -0.10001984238624573, 0.0]|[0.022014986723661423, 0.027923760935664177, 0.9993675947189331]|[[2825.1480807147805, 0.0, 2061.852601572974], [0.0, 2850.606508156248, 1458.5627645450384], [0.0, 0.0, 1.0]]
61|80|6|Grouper|0.36|0.35241014170201146|1.768044114112854|2075.482274667684;1377.2259390403328|26|[-0.029877623543143272, -0.10001984238624573, 0.0]|[0.022014986723661423, 0.027923760935664177, 0.9993675947189331]|[[2825.1480807147805, 0.0, 2061.852601572974], [0.0, 2850.606508156248, 1458.5627645450384], [0.0, 0.0, 1.0]]
61|80|6|Grouper|0.36|0.35787302429901074|1.7866650819778442|2074.602175510266;1379.3462950835121|26|[-0.029877623543143272, -0.10001984238624573, 0.0]|[0.022014986723661423, 0.027923760935664177, 0.9993675947189331]|[[2825.1480807147805, 0.0, 2061.852601572974], [0.0, 2850.606508156248, 1458.5627645450384], [0.0, 0.0, 1.0]]
61|80|6|Grouper|0.36|0.3563686655252612|1.7804728746414185|2075.3902256732185;1378.4838850780893|26|[-0.029877623543143272, -0.10001984238624573, 0.0]|[0.022014986723661423, 0.027923760935664177, 0.9993675947189331]|[[2825.1480807147805, 0.0, 2061.852601572974], [0.0, 2850.606508156248, 1458.5627645450384], [0.0, 0.0, 1.0]]
61|80|6|Grouper|0.36|0.35583373021309905|1.775072693824768|2074.7972081476114;1378.1362092645688|26|[-0.029877623543143272, -0.10001984238624573, 0.0]|[0.022014986723661423, 0.027923760935664177, 0.9993675947189331]|[[2825.1480807147805, 0.0, 2061.852601572974], [0.0, 2850.606508156248, 1458.5627645450384], [0.0, 0.0, 1.0]]
61|80|6|Snook|0.455|0.43951077121529647|1.2214300632476807|2052.7108925091115;1305.4903408578286|26|[-0.029877623543143272, -0.10001984238624573, 0.0]|[0.022014986723661423, 0.027923760935664177, 0.9993675947189331]|[[2825.1480807147805, 0.0, 2061.852601572974], [0.0, 2850.606508156248, 1458.5627645450384], [0.0, 0.0, 1.0]]
61|80|6|Snook|0.455|0.44081792880768333|1.2191201448440552|2052.9707538251573;1304.9292392797083|26|[-0.029877623543143272, -0.10001984238624573, 0.0]|[0.022014986723661423, 0.027923760935664177, 0.9993675947189331]|[[2825.1480807147805, 0.0, 2061.852601572974], [0.0, 2850.606508156248, 1458.5627645450384], [0.0, 0.0, 1.0]]
61|80|6|Snook|0.455|0.45368266320428635|1.2493915557861328|2052.476370510397;1311.304347826087|26|[-0.029877623543143272, -0.10001984238624573, 0.0]|[0.022014986723661423, 0.027923760935664177, 0.9993675947189331]|[[2825.1480807147805, 0.0, 2061.852601572974], [0.0, 2850.606508156248, 1458.5627645450384], [0.0, 0.0, 1.0]]
61|80|6|Snook|0.455|0.44831578256899846|1.7983726263046265|2073.784245256908;1380.7726549583722|26|[-0.029877623543143272, -0.10001984238624573, 0.0]|[0.022014986723661423, 0.027923760935664177, 0.9993675947189331]|[[2825.1480807147805, 0.0, 2061.852601572974], [0.0, 2850.606508156248, 1458.5627645450384], [0.0, 0.0, 1.0]]
61|80|6|Snook|0.455|0.44487697366818174|1.7946803569793701|2075.374777755564;1379.8717994334493|26|[-0.029877623543143272, -0.10001984238624573, 0.0]|[0.022014986723661423, 0.027923760935664177, 0.9993675947189331]|[[2825.1480807147805, 0.0, 2061.852601572974], [0.0, 2850.606508156248, 1458.5627645450384], [0.0, 0.0, 1.0]]
61|80|6|Snook|0.455|0.4496709923522829|1.7624714374542236|2073.2426471953754;1377.3934519392153|26|[-0.029877623543143272, -0.10001984238624573, 0.0]|[0.022014986723661423, 0.027923760935664177, 0.9993675947189331]|[[2825.1480807147805, 0.0, 2061.852601572974], [0.0, 2850.606508156248, 1458.5627645450384], [0.0, 0.0, 1.0]]
61|80|6|Snook|0.455|0.44913265605431274|1.7450484037399292|2075.0592618616315;1375.0294669541786|26|[-0.029877623543143272, -0.10001984238624573, 0.0]|[0.022014986723661423, 0.027923760935664177, 0.9993675947189331]|[[2825.1480807147805, 0.0, 2061.852601572974], [0.0, 2850.606508156248, 1458.5627645450384], [0.0, 0.0, 1.0]]
61|80|6|Snook|0.455|0.4479368847370368|1.8315011262893677|2076.0366300829332;1383.1586214489175|26|[-0.029877623543143272, -0.10001984238624573, 0.0]|[0.022014986723661423, 0.027923760935664177, 0.9993675947189331]|[[2825.1480807147805, 0.0, 2061.852601572974], [0.0, 2850.606508156248, 1458.5627645450384], [0.0, 0.0, 1.0]]
61|80|6|Snook|0.455|0.4351889795368809|1.9486693143844604|2080.4174720308592;1392.007216317725|26|[-0.029877623543143272, -0.10001984238624573, 0.0]|[0.022014986723661423, 0.027923760935664177, 0.9993675947189331]|[[2825.1480807147805, 0.0, 2061.852601572974], [0.0, 2850.606508156248, 1458.5627645450384], [0.0, 0.0, 1.0]]
61|80|6|Snook|0.455|0.44903981295704287|2.005463123321533|2079.6012454347683;1396.809740211669|26|[-0.029877623543143272, -0.10001984238624573, 0.0]|[0.022014986723661423, 0.027923760935664177, 0.9993675947189331]|[[2825.1480807147805, 0.0, 2061.852601572974], [0.0, 2850.606508156248, 1458.5627645450384], [0.0, 0.0, 1.0]]
61|80|6|Snook|0.455|0.4445628881885859|1.998890995979309|2080.3361035659036;1396.059736306046|26|[-0.029877623543143272, -0.10001984238624573, 0.0]|[0.022014986723661423, 0.027923760935664177, 0.9993675947189331]|[[2825.1480807147805, 0.0, 2061.852601572974], [0.0, 2850.606508156248, 1458.5627645450384], [0.0, 0.0, 1.0]]
61|80|6|Snook|0.455|0.4614019938871242|2.0675346851348877|2079.4389890487655;1401.5892745511514|26|[-0.029877623543143272, -0.10001984238624573, 0.0]|[0.022014986723661423, 0.027923760935664177, 0.9993675947189331]|[[2825.1480807147805, 0.0, 2061.852601572974], [0.0, 2850.606508156248, 1458.5627645450384], [0.0, 0.0, 1.0]]
61|80|6|Snook|0.455|0.44481376628447666|2.000079870223999|2080.158597611425;1396.2118203526536|26|[-0.029877623543143272, -0.10001984238624573, 0.0]|[0.022014986723661423, 0.027923760935664177, 0.9993675947189331]|[[2825.1480807147805, 0.0, 2061.852601572974], [0.0, 2850.606508156248, 1458.5627645450384], [0.0, 0.0, 1.0]]
61|80|6|Snook|0.455|0.43446044688707336|1.9531809091567993|2079.5076478502037;1392.658841739777|26|[-0.029877623543143272, -0.10001984238624573, 0.0]|[0.022014986723661423, 0.027923760935664177, 0.9993675947189331]|[[2825.1480807147805, 0.0, 2061.852601572974], [0.0, 2850.606508156248, 1458.5627645450384], [0.0, 0.0, 1.0]]
61|80|6|Snook|0.455|0.44838564046858265|2.007956027984619|2079.842477827113;1396.9273460122706|26|[-0.029877623543143272, -0.10001984238624573, 0.0]|[0.022014986723661423, 0.027923760935664177, 0.9993675947189331]|[[2825.1480807147805, 0.0, 2061.852601572974], [0.0, 2850.606508156248, 1458.5627645450384], [0.0, 0.0, 1.0]]
61|80|6|Snook|0.455|0.4377253281115809|1.9618234634399414|2080.6092093515804;1393.0125137225896|26|[-0.029877623543143272, -0.10001984238624573, 0.0]|[0.022014986723661423, 0.027923760935664177, 0.9993675947189331]|[[2825.1480807147805, 0.0, 2061.852601572974], [0.0, 2850.606508156248, 1458.5627645450384], [0.0, 0.0, 1.0]]
61|80|6|Snook|0.455|0.4409950188237959|1.5387648344039917|2067.836171177661;1353.3601949022673|26|[-0.029877623543143272, -0.10001984238624573, 0.0]|[0.022014986723661423, 0.027923760935664177, 0.9993675947189331]|[[2825.1480807147805, 0.0, 2061.852601572974], [0.0, 2850.606508156248, 1458.5627645450384], [0.0, 0.0, 1.0]]
61|80|6|Snook|0.455|0.4461873579431654|1.5829761028289795|2068.6104935539224;1358.7791405690891|26|[-0.029877623543143272, -0.10001984238624573, 0.0]|[0.022014986723661423, 0.027923760935664177, 0.9993675947189331]|[[2825.1480807147805, 0.0, 2061.852601572974], [0.0, 2850.606508156248, 1458.5627645450384], [0.0, 0.0, 1.0]]
61|80|6|Snook|0.455|0.4486569620672724|1.577398419380188|2068.1480773662875;1358.2292146678708|26|[-0.029877623543143272, -0.10001984238624573, 0.0]|[0.022014986723661423, 0.027923760935664177, 0.9993675947189331]|[[2825.1480807147805, 0.0, 2061.852601572974], [0.0, 2850.606508156248, 1458.5627645450384], [0.0, 0.0, 1.0]]
61|80|6|Snook|0.455|0.44937022698681883|1.5084060430526733|2065.1423511038142;1350.1449600252963|26|[-0.029877623543143272, -0.10001984238624573, 0.0]|[0.022014986723661423, 0.027923760935664177, 0.9993675947189331]|[[2825.1480807147805, 0.0, 2061.852601572974], [0.0, 2850.606508156248, 1458.5627645450384], [0.0, 0.0, 1.0]]
61|80|6|Snook|0.455|0.4479999294063894|1.5340689420700073|2066.579361843498;1353.1492849063293|26|[-0.029877623543143272, -0.10001984238624573, 0.0]|[0.022014986723661423, 0.027923760935664177, 0.9993675947189331]|[[2825.1480807147805, 0.0, 2061.852601572974], [0.0, 2850.606508156248, 1458.5627645450384], [0.0, 0.0, 1.0]]
61|80|6|Snook|0.455|0.4466882925561613|1.5153493881225586|2065.585898215493;1350.9417651455528|26|[-0.029877623543143272, -0.10001984238624573, 0.0]|[0.022014986723661423, 0.027923760935664177, 0.9993675947189331]|[[2825.1480807147805, 0.0, 2061.852601572974], [0.0, 2850.606508156248, 1458.5627645450384], [0.0, 0.0, 1.0]]
61|80|6|Snook|0.455|0.4497372629202255|1.5329170227050781|2067.3389838228973;1352.7415221498652|26|[-0.029877623543143272, -0.10001984238624573, 0.0]|[0.022014986723661423, 0.027923760935664177, 0.9993675947189331]|[[2825.1480807147805, 0.0, 2061.852601572974], [0.0, 2850.606508156248, 1458.5627645450384], [0.0, 0.0, 1.0]]
61|80|6|Snook|0.455|0.44779078239832226|1.4899585247039795|2064.07957850978;1347.9281183954408|26|[-0.029877623543143272, -0.10001984238624573, 0.0]|[0.022014986723661423, 0.027923760935664177, 0.9993675947189331]|[[2825.1480807147805, 0.0, 2061.852601572974], [0.0, 2850.606508156248, 1458.5627645450384], [0.0, 0.0, 1.0]]
84|62|5|Grouper|0.36|0.3568613856582555|1.3699328899383545|1973.5688330277542;1316.6391809813372|19|[-0.030078189447522163, -0.09927792847156525, 0.0]|[0.014451604336500168, 0.03844136372208595, 0.9991563558578491]|[[2833.277965760987, 0.0, 2009.7572163743287], [0.0, 2858.7736950651392, 1407.9866181636053], [0.0, 0.0, 1.0]]
84|62|5|Grouper|0.36|0.3572317950177973|1.4015661478042603|1975.1232330422024;1321.2726319212024|19|[-0.030078189447522163, -0.09927792847156525, 0.0]|[0.014451604336500168, 0.03844136372208595, 0.9991563558578491]|[[2833.277965760987, 0.0, 2009.7572163743287], [0.0, 2858.7736950651392, 1407.9866181636053], [0.0, 0.0, 1.0]]
84|62|5|Grouper|0.36|0.3529825728493217|1.3877333402633667|1974.4797629087996;1319.2644165823212|19|[-0.030078189447522163, -0.09927792847156525, 0.0]|[0.014451604336500168, 0.03844136372208595, 0.9991563558578491]|[[2833.277965760987, 0.0, 2009.7572163743287], [0.0, 2858.7736950651392, 1407.9866181636053], [0.0, 0.0, 1.0]]
84|62|5|Grouper|0.36|0.35908550002851963|1.458112120628357|1976.8400758924988;1329.5040984457746|19|[-0.030078189447522163, -0.09927792847156525, 0.0]|[0.014451604336500168, 0.03844136372208595, 0.9991563558578491]|[[2833.277965760987, 0.0, 2009.7572163743287], [0.0, 2858.7736950651392, 1407.9866181636053], [0.0, 0.0, 1.0]]
84|62|5|Grouper|0.36|0.3573514027229837|1.4424669742584229|1976.686703541419;1327.1268590384082|19|[-0.030078189447522163, -0.09927792847156525, 0.0]|[0.014451604336500168, 0.03844136372208595, 0.9991563558578491]|[[2833.277965760987, 0.0, 2009.7572163743287], [0.0, 2858.7736950651392, 1407.9866181636053], [0.0, 0.0, 1.0]]
84|62|5|Grouper|0.36|0.3487524866662192|1.4354692697525024|1976.4889076224429;1326.1235475985904|19|[-0.030078189447522163, -0.09927792847156525, 0.0]|[0.014451604336500168, 0.03844136372208595, 0.9991563558578491]|[[2833.277965760987, 0.0, 2009.7572163743287], [0.0, 2858.7736950651392, 1407.9866181636053], [0.0, 0.0, 1.0]]
84|62|5|Grouper|0.36|0.3531331391026754|1.4472917318344116|1976.084484658686;1328.184106892861|19|[-0.030078189447522163, -0.09927792847156525, 0.0]|[0.014451604336500168, 0.03844136372208595, 0.9991563558578491]|[[2833.277965760987, 0.0, 2009.7572163743287], [0.0, 2858.7736950651392, 1407.9866181636053], [0.0, 0.0, 1.0]]
84|62|5|Grouper|0.36|0.3617198814166717|1.4850884675979614|1978.3433716177665;1332.837295025582|19|[-0.030078189447522163, -0.09927792847156525, 0.0]|[0.014451604336500168, 0.03844136372208595, 0.9991563558578491]|[[2833.277965760987, 0.0, 2009.7572163743287], [0.0, 2858.7736950651392, 1407.9866181636053], [0.0, 0.0, 1.0]]
84|62|5|Grouper|0.36|0.3557916974977759|1.7854058742523193|1988.2730432630692;1365.1462746854615|19|[-0.030078189447522163, -0.09927792847156525, 0.0]|[0.014451604336500168, 0.03844136372208595, 0.9991563558578491]|[[2833.277965760987, 0.0, 2009.7572163743287], [0.0, 2858.7736950651392, 1407.9866181636053], [0.0, 0.0, 1.0]]
84|62|5|Grouper|0.36|0.3588348088818995|1.7759230136871338|1988.032074189924;1364.2773698807453|19|[-0.030078189447522163, -0.09927792847156525, 0.0]|[0.014451604336500168, 0.03844136372208595, 0.9991563558578491]|[[2833.277965760987, 0.0, 2009.7572163743287], [0.0, 2858.7736950651392, 1407.9866181636053], [0.0, 0.0, 1.0]]
84|62|5|Grouper|0.36|0.3547874042193339|1.7447011470794678|1986.9161147938403;1361.5212504953295|19|[-0.030078189447522163, -0.09927792847156525, 0.0]|[0.014451604336500168, 0.03844136372208595, 0.9991563558578491]|[[2833.277965760987, 0.0, 2009.7572163743287], [0.0, 2858.7736950651392, 1407.9866181636053], [0.0, 0.0, 1.0]]
84|62|5|Grouper|0.36|0.3582401495406193|1.7403931617736816|1985.8059305483703;1361.656519103819|19|[-0.030078189447522163, -0.09927792847156525, 0.0]|[0.014451604336500168, 0.03844136372208595, 0.9991563558578491]|[[2833.277965760987, 0.0, 2009.7572163743287], [0.0, 2858.7736950651392, 1407.9866181636053], [0.0, 0.0, 1.0]]
84|62|5|Grouper|0.36|0.36504992897914923|2.4781248569488525|2001.2571588906794;1410.5228371448893|19|[-0.030078189447522163, -0.09927792847156525, 0.0]|[0.014451604336500168, 0.03844136372208595, 0.9991563558578491]|[[2833.277965760987, 0.0, 2009.7572163743287], [0.0, 2858.7736950651392, 1407.9866181636053], [0.0, 0.0, 1.0]]
59|77|1|Grouper|0.36|0.3266068231672282|2.0707380771636963|1942.1256909503772;1409.6582564231276|25|[-0.03057379275560379, -0.099056176841259, 0.0]|[0.005684984847903252, 0.032687537372112274, 0.9994494318962097]|[[2832.6628438838216, 0.0, 1968.0272553880557], [0.0, 2855.8825480621545, 1452.810040656435], [0.0, 0.0, 1.0]]
60|65|4|Shark|0.605|0.6014432253705414|1.415797472000122|2002.1717104142926;1329.7209890274544|23|[-0.03170420974493027, -0.09955649077892303, 0.0]|[0.026946846395730972, 0.02996676415205002, 0.9991876482963562]|[[2827.300073606339, 0.0, 1993.2574097262354], [0.0, 2852.2438974589363, 1443.3722632010733], [0.0, 0.0, 1.0]]
84|62|5|Grouper|0.36|0.35096717311637554|1.7690443992614746|1986.6496321511704;1364.3032590780103|19|[-0.030078189447522163, -0.09927792847156525, 0.0]|[0.014451604336500168, 0.03844136372208595, 0.9991563558578491]|[[2833.277965760987, 0.0, 2009.7572163743287], [0.0, 2858.7736950651392, 1407.9866181636053], [0.0, 0.0, 1.0]]
60|65|4|Grouper|0.36|0.3471183511311716|1.3987497091293335|2001.45556640625;1327.26220703125|23|[-0.03170420974493027, -0.09955649077892303, 0.0]|[0.026946846395730972, 0.02996676415205002, 0.9991876482963562]|[[2827.300073606339, 0.0, 1993.2574097262354], [0.0, 2852.2438974589363, 1443.3722632010733], [0.0, 0.0, 1.0]]
84|62|5|Grouper|0.36|0.3630374257810287|2.5055129528045654|2001.2896728515625;1412.0355224609375|19|[-0.030078189447522163, -0.09927792847156525, 0.0]|[0.014451604336500168, 0.03844136372208595, 0.9991563558578491]|[[2833.277965760987, 0.0, 2009.7572163743287], [0.0, 2858.7736950651392, 1407.9866181636053], [0.0, 0.0, 1.0]]
84|62|5|Grouper|0.36|0.3609908147793266|2.497807025909424|2000.4692382812502;1412.16015625|19|[-0.030078189447522163, -0.09927792847156525, 0.0]|[0.014451604336500168, 0.03844136372208595, 0.9991563558578491]|[[2833.277965760987, 0.0, 2009.7572163743287], [0.0, 2858.7736950651392, 1407.9866181636053], [0.0, 0.0, 1.0]]
84|62|5|Snook|0.455|0.4375930123440044|1.3099734783172607|1961.4420166015625;1312.015380859375|19|[-0.030078189447522163, -0.09927792847156525, 0.0]|[0.014451604336500168, 0.03844136372208595, 0.9991563558578491]|[[2833.277965760987, 0.0, 2009.7572163743287], [0.0, 2858.7736950651392, 1407.9866181636053], [0.0, 0.0, 1.0]]
84|62|5|Snook|0.455|0.4388861253343542|0.8888512253761292|1929.5711863869149;1208.7619440289818|19|[-0.030078189447522163, -0.09927792847156525, 0.0]|[0.014451604336500168, 0.03844136372208595, 0.9991563558578491]|[[2833.277965760987, 0.0, 2009.7572163743287], [0.0, 2858.7736950651392, 1407.9866181636053], [0.0, 0.0, 1.0]]
84|62|5|Snook|0.455|0.43487212306999135|0.8998977541923523|1929.8065464409938;1213.192605861977|19|[-0.030078189447522163, -0.09927792847156525, 0.0]|[0.014451604336500168, 0.03844136372208595, 0.9991563558578491]|[[2833.277965760987, 0.0, 2009.7572163743287], [0.0, 2858.7736950651392, 1407.9866181636053], [0.0, 0.0, 1.0]]
84|62|5|Snook|0.455|0.4456946115052951|1.2096935510635376|1960.843505859375;1291.2042236328123|19|[-0.030078189447522163, -0.09927792847156525, 0.0]|[0.014451604336500168, 0.03844136372208595, 0.9991563558578491]|[[2833.277965760987, 0.0, 2009.7572163743287], [0.0, 2858.7736950651392, 1407.9866181636053], [0.0, 0.0, 1.0]]
84|62|5|Snook|0.455|0.4514335588346388|1.2093108892440796|1960.9500732421875;1291.0722656250002|19|[-0.030078189447522163, -0.09927792847156525, 0.0]|[0.014451604336500168, 0.03844136372208595, 0.9991563558578491]|[[2833.277965760987, 0.0, 2009.7572163743287], [0.0, 2858.7736950651392, 1407.9866181636053], [0.0, 0.0, 1.0]]
84|62|5|Snook|0.455|0.4462421596326403|1.1926445960998535|1960.4411621093748;1287.5205078125|19|[-0.030078189447522163, -0.09927792847156525, 0.0]|[0.014451604336500168, 0.03844136372208595, 0.9991563558578491]|[[2833.277965760987, 0.0, 2009.7572163743287], [0.0, 2858.7736950651392, 1407.9866181636053], [0.0, 0.0, 1.0]]
84|62|5|Snook|0.455|0.4456469046517294|1.208193302154541|1959.879150390625;1291.358642578125|19|[-0.030078189447522163, -0.09927792847156525, 0.0]|[0.014451604336500168, 0.03844136372208595, 0.9991563558578491]|[[2833.277965760987, 0.0, 2009.7572163743287], [0.0, 2858.7736950651392, 1407.9866181636053], [0.0, 0.0, 1.0]]
84|62|5|Snook|0.455|0.4473886744535822|1.2208412885665894|1960.6118164062498;1293.8267822265627|19|[-0.030078189447522163, -0.09927792847156525, 0.0]|[0.014451604336500168, 0.03844136372208595, 0.9991563558578491]|[[2833.277965760987, 0.0, 2009.7572163743287], [0.0, 2858.7736950651392, 1407.9866181636053], [0.0, 0.0, 1.0]]
84|62|5|Snook|0.455|0.44095341379248915|1.2464593648910522|1963.7821044921875;1297.74609375|19|[-0.030078189447522163, -0.09927792847156525, 0.0]|[0.014451604336500168, 0.03844136372208595, 0.9991563558578491]|[[2833.277965760987, 0.0, 2009.7572163743287], [0.0, 2858.7736950651392, 1407.9866181636053], [0.0, 0.0, 1.0]]
84|62|5|Snook|0.455|0.4447192037810303|1.2495815753936768|1963.6119384765625;1298.4927978515625|19|[-0.030078189447522163, -0.09927792847156525, 0.0]|[0.014451604336500168, 0.03844136372208595, 0.9991563558578491]|[[2833.277965760987, 0.0, 2009.7572163743287], [0.0, 2858.7736950651392, 1407.9866181636053], [0.0, 0.0, 1.0]]
84|62|5|Snook|0.455|0.44189303235381056|1.2508755922317505|1963.0739746093748;1299.0527343750002|19|[-0.030078189447522163, -0.09927792847156525, 0.0]|[0.014451604336500168, 0.03844136372208595, 0.9991563558578491]|[[2833.277965760987, 0.0, 2009.7572163743287], [0.0, 2858.7736950651392, 1407.9866181636053], [0.0, 0.0, 1.0]]
84|62|5|Snook|0.455|0.4354129101626286|1.224752426147461|1962.95556640625;1293.486083984375|19|[-0.030078189447522163, -0.09927792847156525, 0.0]|[0.014451604336500168, 0.03844136372208595, 0.9991563558578491]|[[2833.277965760987, 0.0, 2009.7572163743287], [0.0, 2858.7736950651392, 1407.9866181636053], [0.0, 0.0, 1.0]]
84|62|5|Purple Angel|0.192|0.19228133387011537|1.2001378536224365|1959.88134765625;1289.5322265625|19|[-0.030078189447522163, -0.09927792847156525, 0.0]|[0.014451604336500168, 0.03844136372208595, 0.9991563558578491]|[[2833.277965760987, 0.0, 2009.7572163743287], [0.0, 2858.7736950651392, 1407.9866181636053], [0.0, 0.0, 1.0]]
84|62|5|Purple Angel|0.192|0.19256625576882666|1.209273099899292|1960.088134765625;1291.4981689453127|19|[-0.030078189447522163, -0.09927792847156525, 0.0]|[0.014451604336500168, 0.03844136372208595, 0.9991563558578491]|[[2833.277965760987, 0.0, 2009.7572163743287], [0.0, 2858.7736950651392, 1407.9866181636053], [0.0, 0.0, 1.0]]
84|62|5|Snook|0.455|0.1933395888296617|1.1973730325698853|1960.2352294921875;1288.7181396484375|19|[-0.030078189447522163, -0.09927792847156525, 0.0]|[0.014451604336500168, 0.03844136372208595, 0.9991563558578491]|[[2833.277965760987, 0.0, 2009.7572163743287], [0.0, 2858.7736950651392, 1407.9866181636053], [0.0, 0.0, 1.0]]
84|62|5|Purple Angel|0.192|0.19362744568824172|1.2110730409622192|1960.8355712890625;1291.5218505859377|19|[-0.030078189447522163, -0.09927792847156525, 0.0]|[0.014451604336500168, 0.03844136372208595, 0.9991563558578491]|[[2833.277965760987, 0.0, 2009.7572163743287], [0.0, 2858.7736950651392, 1407.9866181636053], [0.0, 0.0, 1.0]]
84|62|5|Purple Angel|0.192|0.18937245801704108|1.4550056457519531|1970.080322265625;1332.707763671875|19|[-0.030078189447522163, -0.09927792847156525, 0.0]|[0.014451604336500168, 0.03844136372208595, 0.9991563558578491]|[[2833.277965760987, 0.0, 2009.7572163743287], [0.0, 2858.7736950651392, 1407.9866181636053], [0.0, 0.0, 1.0]]
84|62|5|Purple Angel|0.192|0.1911541133729767|1.4626291990280151|1971.4605712890625;1333.103271484375|19|[-0.030078189447522163, -0.09927792847156525, 0.0]|[0.014451604336500168, 0.03844136372208595, 0.9991563558578491]|[[2833.277965760987, 0.0, 2009.7572163743287], [0.0, 2858.7736950651392, 1407.9866181636053], [0.0, 0.0, 1.0]]
84|62|5|Snook|0.455|0.18940498122151564|1.4619477987289429|1972.8555908203125;1332.20263671875|19|[-0.030078189447522163, -0.09927792847156525, 0.0]|[0.014451604336500168, 0.03844136372208595, 0.9991563558578491]|[[2833.277965760987, 0.0, 2009.7572163743287], [0.0, 2858.7736950651392, 1407.9866181636053], [0.0, 0.0, 1.0]]
84|62|5|Purple Angel|0.192|0.1838810832811498|1.4921629428863525|1973.7895507812498;1336.3248291015625|19|[-0.030078189447522163, -0.09927792847156525, 0.0]|[0.014451604336500168, 0.03844136372208595, 0.9991563558578491]|[[2833.277965760987, 0.0, 2009.7572163743287], [0.0, 2858.7736950651392, 1407.9866181636053], [0.0, 0.0, 1.0]]
84|62|5|Purple Angel|0.192|0.18087382076154887|1.5141180753707886|1974.3294677734375;1339.287353515625|19|[-0.030078189447522163, -0.09927792847156525, 0.0]|[0.014451604336500168, 0.03844136372208595, 0.9991563558578491]|[[2833.277965760987, 0.0, 2009.7572163743287], [0.0, 2858.7736950651392, 1407.9866181636053], [0.0, 0.0, 1.0]]
84|62|5|Purple Angel|0.192|0.185052577776737|1.520134687423706|1974.001220703125;1340.3663330078125|19|[-0.030078189447522163, -0.09927792847156525, 0.0]|[0.014451604336500168, 0.03844136372208595, 0.9991563558578491]|[[2833.277965760987, 0.0, 2009.7572163743287], [0.0, 2858.7736950651392, 1407.9866181636053], [0.0, 0.0, 1.0]]
84|62|5|Purple Angel|0.192|0.1922663171872485|1.6813147068023682|1979.5120849609375;1358.502685546875|19|[-0.030078189447522163, -0.09927792847156525, 0.0]|[0.014451604336500168, 0.03844136372208595, 0.9991563558578491]|[[2833.277965760987, 0.0, 2009.7572163743287], [0.0, 2858.7736950651392, 1407.9866181636053], [0.0, 0.0, 1.0]]
84|62|5|Purple Angel|0.192|0.19112771442882937|1.665497899055481|1978.997802734375;1356.9002685546875|19|[-0.030078189447522163, -0.09927792847156525, 0.0]|[0.014451604336500168, 0.03844136372208595, 0.9991563558578491]|[[2833.277965760987, 0.0, 2009.7572163743287], [0.0, 2858.7736950651392, 1407.9866181636053], [0.0, 0.0, 1.0]]
84|62|5|Purple Angel|0.192|0.1928210167522978|1.6528184413909912|1978.0443115234375;1355.9202880859375|19|[-0.030078189447522163, -0.09927792847156525, 0.0]|[0.014451604336500168, 0.03844136372208595, 0.9991563558578491]|[[2833.277965760987, 0.0, 2009.7572163743287], [0.0, 2858.7736950651392, 1407.9866181636053], [0.0, 0.0, 1.0]]
84|62|5|Purple Angel|0.192|0.19258035291738865|1.6496999263763428|1978.283447265625;1355.37109375|19|[-0.030078189447522163, -0.09927792847156525, 0.0]|[0.014451604336500168, 0.03844136372208595, 0.9991563558578491]|[[2833.277965760987, 0.0, 2009.7572163743287], [0.0, 2858.7736950651392, 1407.9866181636053], [0.0, 0.0, 1.0]]
84|62|5|Purple Angel|0.192|0.19318581074514873|1.6596070528030396|1978.4990234375;1356.4736328125|19|[-0.030078189447522163, -0.09927792847156525, 0.0]|[0.014451604336500168, 0.03844136372208595, 0.9991563558578491]|[[2833.277965760987, 0.0, 2009.7572163743287], [0.0, 2858.7736950651392, 1407.9866181636053], [0.0, 0.0, 1.0]]
84|62|5|Purple Angel|0.192|0.19418947294500927|1.6533046960830688|1978.5708007812498;1355.6484375|19|[-0.030078189447522163, -0.09927792847156525, 0.0]|[0.014451604336500168, 0.03844136372208595, 0.9991563558578491]|[[2833.277965760987, 0.0, 2009.7572163743287], [0.0, 2858.7736950651392, 1407.9866181636053], [0.0, 0.0, 1.0]]
84|62|5|Shark|0.605|0.6184904899504076|1.6022818088531494|1976.261474609375;1350.4803466796875|19|[-0.030078189447522163, -0.09927792847156525, 0.0]|[0.014451604336500168, 0.03844136372208595, 0.9991563558578491]|[[2833.277965760987, 0.0, 2009.7572163743287], [0.0, 2858.7736950651392, 1407.9866181636053], [0.0, 0.0, 1.0]]
84|62|5|Shark|0.605|0.6189175790053764|1.605324625968933|1976.3388671875;1350.8365478515625|19|[-0.030078189447522163, -0.09927792847156525, 0.0]|[0.014451604336500168, 0.03844136372208595, 0.9991563558578491]|[[2833.277965760987, 0.0, 2009.7572163743287], [0.0, 2858.7736950651392, 1407.9866181636053], [0.0, 0.0, 1.0]]
84|62|5|Shark|0.605|0.6203226527485333|1.6071946620941162|1976.533935546875;1350.9627685546875|19|[-0.030078189447522163, -0.09927792847156525, 0.0]|[0.014451604336500168, 0.03844136372208595, 0.9991563558578491]|[[2833.277965760987, 0.0, 2009.7572163743287], [0.0, 2858.7736950651392, 1407.9866181636053], [0.0, 0.0, 1.0]]
84|62|5|Shark|0.605|0.620553236550623|1.6033165454864502|1976.32373046875;1350.5870361328125|19|[-0.030078189447522163, -0.09927792847156525, 0.0]|[0.014451604336500168, 0.03844136372208595, 0.9991563558578491]|[[2833.277965760987, 0.0, 2009.7572163743287], [0.0, 2858.7736950651392, 1407.9866181636053], [0.0, 0.0, 1.0]]
84|62|5|Shark|0.605|0.6033376477936525|2.4297008514404297|1995.0495576690262;1412.2183670831766|19|[-0.030078189447522163, -0.09927792847156525, 0.0]|[0.014451604336500168, 0.03844136372208595, 0.9991563558578491]|[[2833.277965760987, 0.0, 2009.7572163743287], [0.0, 2858.7736950651392, 1407.9866181636053], [0.0, 0.0, 1.0]]
84|62|5|Shark|0.605|0.5941010141028694|2.4120235443115234|1994.7757049389477;1411.337555930927|19|[-0.030078189447522163, -0.09927792847156525, 0.0]|[0.014451604336500168, 0.03844136372208595, 0.9991563558578491]|[[2833.277965760987, 0.0, 2009.7572163743287], [0.0, 2858.7736950651392, 1407.9866181636053], [0.0, 0.0, 1.0]]
84|62|5|Shark|0.605|0.5975364150267437|2.4291539192199707|1995.4278781620221;1411.8801869880765|19|[-0.030078189447522163, -0.09927792847156525, 0.0]|[0.014451604336500168, 0.03844136372208595, 0.9991563558578491]|[[2833.277965760987, 0.0, 2009.7572163743287], [0.0, 2858.7736950651392, 1407.9866181636053], [0.0, 0.0, 1.0]]
60|65|4|Ruler|0.3429|0.3362840648122832|0.8407644629478455|1958.5536406968092;1192.6274393883316|23|[-0.03170420974493027, -0.09955649077892303, 0.0]|[0.026946846395730972, 0.02996676415205002, 0.9991876482963562]|[[2827.300073606339, 0.0, 1993.2574097262354], [0.0, 2852.2438974589363, 1443.3722632010733], [0.0, 0.0, 1.0]]
60|65|4|Ruler|0.3429|0.3364222947494769|0.8418354392051697|1958.9758946336187;1192.9598330330823|23|[-0.03170420974493027, -0.09955649077892303, 0.0]|[0.026946846395730972, 0.02996676415205002, 0.9991876482963562]|[[2827.300073606339, 0.0, 1993.2574097262354], [0.0, 2852.2438974589363, 1443.3722632010733], [0.0, 0.0, 1.0]]
60|65|4|Ruler|0.3429|0.3353644970279724|0.8392741084098816|1959.9196684077435;1191.4921622021848|23|[-0.03170420974493027, -0.09955649077892303, 0.0]|[0.026946846395730972, 0.02996676415205002, 0.9991876482963562]|[[2827.300073606339, 0.0, 1993.2574097262354], [0.0, 2852.2438974589363, 1443.3722632010733], [0.0, 0.0, 1.0]]
60|65|4|Ruler|0.3429|0.3352121274418087|0.8494724631309509|1958.7001957774237;1196.4211487109044|23|[-0.03170420974493027, -0.09955649077892303, 0.0]|[0.026946846395730972, 0.02996676415205002, 0.9991876482963562]|[[2827.300073606339, 0.0, 1993.2574097262354], [0.0, 2852.2438974589363, 1443.3722632010733], [0.0, 0.0, 1.0]]
60|65|4|Ruler|0.3429|0.3341695606952455|0.8305097818374634|1956.9522078319028;1188.5552029560606|23|[-0.03170420974493027, -0.09955649077892303, 0.0]|[0.026946846395730972, 0.02996676415205002, 0.9991876482963562]|[[2827.300073606339, 0.0, 1993.2574097262354], [0.0, 2852.2438974589363, 1443.3722632010733], [0.0, 0.0, 1.0]]
60|65|4|Ruler|0.3429|0.33344566294877137|0.8034781813621521|1952.8775824070758;1177.208758823476|23|[-0.03170420974493027, -0.09955649077892303, 0.0]|[0.026946846395730972, 0.02996676415205002, 0.9991876482963562]|[[2827.300073606339, 0.0, 1993.2574097262354], [0.0, 2852.2438974589363, 1443.3722632010733], [0.0, 0.0, 1.0]]
60|65|4|Ruler|0.3429|0.33396557118613157|0.8039498925209045|1953.8378421103805;1177.0977400612182|23|[-0.03170420974493027, -0.09955649077892303, 0.0]|[0.026946846395730972, 0.02996676415205002, 0.9991876482963562]|[[2827.300073606339, 0.0, 1993.2574097262354], [0.0, 2852.2438974589363, 1443.3722632010733], [0.0, 0.0, 1.0]]
60|65|4|Ruler|0.3429|0.3349533104183565|0.804564893245697|1954.0938246532792;1177.3074110308996|23|[-0.03170420974493027, -0.09955649077892303, 0.0]|[0.026946846395730972, 0.02996676415205002, 0.9991876482963562]|[[2827.300073606339, 0.0, 1993.2574097262354], [0.0, 2852.2438974589363, 1443.3722632010733], [0.0, 0.0, 1.0]]
60|65|4|Ruler|0.3429|0.33306285626305177|0.7940372228622437|1950.4904644933938;1173.3807885018978|23|[-0.03170420974493027, -0.09955649077892303, 0.0]|[0.026946846395730972, 0.02996676415205002, 0.9991876482963562]|[[2827.300073606339, 0.0, 1993.2574097262354], [0.0, 2852.2438974589363, 1443.3722632010733], [0.0, 0.0, 1.0]]
60|65|4|Ruler|0.3429|0.32516698061979515|1.768021583557129|2014.5799079410513;1369.7853276844744|23|[-0.03170420974493027, -0.09955649077892303, 0.0]|[0.026946846395730972, 0.02996676415205002, 0.9991876482963562]|[[2827.300073606339, 0.0, 1993.2574097262354], [0.0, 2852.2438974589363, 1443.3722632010733], [0.0, 0.0, 1.0]]
60|65|4|Ruler|0.3429|0.32753751890450034|1.7362409830093384|2012.517235114978;1367.2840636680191|23|[-0.03170420974493027, -0.09955649077892303, 0.0]|[0.026946846395730972, 0.02996676415205002, 0.9991876482963562]|[[2827.300073606339, 0.0, 1993.2574097262354], [0.0, 2852.2438974589363, 1443.3722632010733], [0.0, 0.0, 1.0]]
60|65|4|Ruler|0.3429|0.3290595269265844|1.7024632692337036|2012.1823422771708;1363.7603486297985|23|[-0.03170420974493027, -0.09955649077892303, 0.0]|[0.026946846395730972, 0.02996676415205002, 0.9991876482963562]|[[2827.300073606339, 0.0, 1993.2574097262354], [0.0, 2852.2438974589363, 1443.3722632010733], [0.0, 0.0, 1.0]]
60|65|4|Ruler|0.3429|0.3309422067230442|1.8390744924545288|2016.5000000000002;1376.0000000000002|23|[-0.03170420974493027, -0.09955649077892303, 0.0]|[0.026946846395730972, 0.02996676415205002, 0.9991876482963562]|[[2827.300073606339, 0.0, 1993.2574097262354], [0.0, 2852.2438974589363, 1443.3722632010733], [0.0, 0.0, 1.0]]
60|65|4|Ruler|0.3429|0.3263454577325822|1.8953725099563599|2017.5128360727613;1380.767177408187|23|[-0.03170420974493027, -0.09955649077892303, 0.0]|[0.026946846395730972, 0.02996676415205002, 0.9991876482963562]|[[2827.300073606339, 0.0, 1993.2574097262354], [0.0, 2852.2438974589363, 1443.3722632010733], [0.0, 0.0, 1.0]]
60|65|4|Ruler|0.3429|0.3254897841731284|1.883745551109314|2016.7718806007201;1380.0200585877953|23|[-0.03170420974493027, -0.09955649077892303, 0.0]|[0.026946846395730972, 0.02996676415205002, 0.9991876482963562]|[[2827.300073606339, 0.0, 1993.2574097262354], [0.0, 2852.2438974589363, 1443.3722632010733], [0.0, 0.0, 1.0]]
60|65|4|Ruler|0.3429|0.32577265556518015|1.893497109413147|2016.6062981321363;1380.9631957432953|23|[-0.03170420974493027, -0.09955649077892303, 0.0]|[0.026946846395730972, 0.02996676415205002, 0.9991876482963562]|[[2827.300073606339, 0.0, 1993.2574097262354], [0.0, 2852.2438974589363, 1443.3722632010733], [0.0, 0.0, 1.0]]
60|65|4|Ruler|0.3429|0.32750624737105133|1.894964337348938|2017.5009765625;1380.7286376953125|23|[-0.03170420974493027, -0.09955649077892303, 0.0]|[0.026946846395730972, 0.02996676415205002, 0.9991876482963562]|[[2827.300073606339, 0.0, 1993.2574097262354], [0.0, 2852.2438974589363, 1443.3722632010733], [0.0, 0.0, 1.0]]
60|65|4|Ruler|0.3429|0.32544960854543054|1.8812007904052734|2017.5412144471109;1379.4932180579276|23|[-0.03170420974493027, -0.09955649077892303, 0.0]|[0.026946846395730972, 0.02996676415205002, 0.9991876482963562]|[[2827.300073606339, 0.0, 1993.2574097262354], [0.0, 2852.2438974589363, 1443.3722632010733], [0.0, 0.0, 1.0]]
60|65|4|Ruler|0.3429|0.32557393553706754|1.8816914558410645|2016.9631384861527;1379.7588005784235|23|[-0.03170420974493027, -0.09955649077892303, 0.0]|[0.026946846395730972, 0.02996676415205002, 0.9991876482963562]|[[2827.300073606339, 0.0, 1993.2574097262354], [0.0, 2852.2438974589363, 1443.3722632010733], [0.0, 0.0, 1.0]]
60|65|4|Ruler|0.3429|0.32381830026764|1.8708844184875488|2016.5186373348474;1378.9551518984288|23|[-0.03170420974493027, -0.09955649077892303, 0.0]|[0.026946846395730972, 0.02996676415205002, 0.9991876482963562]|[[2827.300073606339, 0.0, 1993.2574097262354], [0.0, 2852.2438974589363, 1443.3722632010733], [0.0, 0.0, 1.0]]
60|65|4|Ruler|0.3429|0.32588924736113056|1.8887368440628052|2016.560212837627;1380.5579992948508|23|[-0.03170420974493027, -0.09955649077892303, 0.0]|[0.026946846395730972, 0.02996676415205002, 0.9991876482963562]|[[2827.300073606339, 0.0, 1993.2574097262354], [0.0, 2852.2438974589363, 1443.3722632010733], [0.0, 0.0, 1.0]]
60|65|4|Ruler|0.3429|0.3239464521410353|1.8735800981521606|2016.1109126962956;1379.3628765369801|23|[-0.03170420974493027, -0.09955649077892303, 0.0]|[0.026946846395730972, 0.02996676415205002, 0.9991876482963562]|[[2827.300073606339, 0.0, 1993.2574097262354], [0.0, 2852.2438974589363, 1443.3722632010733], [0.0, 0.0, 1.0]]
60|65|4|Ruler|0.3429|0.32492320806039326|1.878490924835205|2016.193188691726;1379.781139512387|23|[-0.03170420974493027, -0.09955649077892303, 0.0]|[0.026946846395730972, 0.02996676415205002, 0.9991876482963562]|[[2827.300073606339, 0.0, 1993.2574097262354], [0.0, 2852.2438974589363, 1443.3722632010733], [0.0, 0.0, 1.0]]
66|83|10|Ruler|0.3429|0.3297048984636747|1.7920608520507812|2035.4201608011635;1358.2885037850033|21|[-0.029473014175891876, -0.09940780699253082, 0.0]|[0.02901473641395569, 0.013735744170844555, 0.9994845986366272]|[[2841.3712142828917, 0.0, 2004.355023481056], [0.0, 2863.7600731700495, 1476.2484742699291], [0.0, 0.0, 1.0]]
66|83|10|Ruler|0.3429|0.3273204556239806|1.7844680547714233|2036.6464996807276;1357.1083312758215|21|[-0.029473014175891876, -0.09940780699253082, 0.0]|[0.02901473641395569, 0.013735744170844555, 0.9994845986366272]|[[2841.3712142828917, 0.0, 2004.355023481056], [0.0, 2863.7600731700495, 1476.2484742699291], [0.0, 0.0, 1.0]]
66|83|10|Ruler|0.3429|0.32624607337274|1.9146509170532227|2038.4612432860524;1368.4535762483306|21|[-0.029473014175891876, -0.09940780699253082, 0.0]|[0.02901473641395569, 0.013735744170844555, 0.9994845986366272]|[[2841.3712142828917, 0.0, 2004.355023481056], [0.0, 2863.7600731700495, 1476.2484742699291], [0.0, 0.0, 1.0]]
66|83|10|Ruler|0.3429|0.3205497998506436|1.9044545888900757|2039.4694678550823;1367.2144872447286|21|[-0.029473014175891876, -0.09940780699253082, 0.0]|[0.02901473641395569, 0.013735744170844555, 0.9994845986366272]|[[2841.3712142828917, 0.0, 2004.355023481056], [0.0, 2863.7600731700495, 1476.2484742699291], [0.0, 0.0, 1.0]]
58|71|2|Grouper|0.36|0.36769020933579244|1.4708455801010132|2063.788704698831;1388.3149600908046|24|[-0.031173786148428917, -0.10015573352575302, 0.0]|[0.03132905066013336, 0.047706976532936096, 0.9983699321746826]|[[2855.292793016781, 0.0, 2031.7894533541553], [0.0, 2881.0734769839373, 1447.6913944790074], [0.0, 0.0, 1.0]]
59|77|1|Grouper|0.36|0.3616416612149604|2.1472132205963135|1944.3239581300825;1414.2942121926505|25|[-0.03057379275560379, -0.099056176841259, 0.0]|[0.005684984847903252, 0.032687537372112274, 0.9994494318962097]|[[2832.6628438838216, 0.0, 1968.0272553880557], [0.0, 2855.8825480621545, 1452.810040656435], [0.0, 0.0, 1.0]]
61|80|6|Purple Angel|0.192|0.19290137847789066|2.314681053161621|2087.088608801997;1415.1983611432008|26|[-0.029877623543143272, -0.10001984238624573, 0.0]|[0.022014986723661423, 0.027923760935664177, 0.9993675947189331]|[[2825.1480807147805, 0.0, 2061.852601572974], [0.0, 2850.606508156248, 1458.5627645450384], [0.0, 0.0, 1.0]]
61|80|6|Snook|0.455|0.44709380174111424|1.545017123222351|2066.6605471918297;1354.5633642015634|26|[-0.029877623543143272, -0.10001984238624573, 0.0]|[0.022014986723661423, 0.027923760935664177, 0.9993675947189331]|[[2825.1480807147805, 0.0, 2061.852601572974], [0.0, 2850.606508156248, 1458.5627645450384], [0.0, 0.0, 1.0]]
66|83|10|Purple Angel|0.192|0.18234541700183587|1.3401466608047485|2019.0949434493366;1304.8869789399096|21|[-0.029473014175891876, -0.09940780699253082, 0.0]|[0.02901473641395569, 0.013735744170844555, 0.9994845986366272]|[[2841.3712142828917, 0.0, 2004.355023481056], [0.0, 2863.7600731700495, 1476.2484742699291], [0.0, 0.0, 1.0]]
66|83|10|Purple Angel|0.192|0.1806254953800851|2.3863213062286377|2049.4758410107956;1397.02466249383|21|[-0.029473014175891876, -0.09940780699253082, 0.0]|[0.02901473641395569, 0.013735744170844555, 0.9994845986366272]|[[2841.3712142828917, 0.0, 2004.355023481056], [0.0, 2863.7600731700495, 1476.2484742699291], [0.0, 0.0, 1.0]]
66|83|10|Purple Angel|0.192|0.18025975741554745|2.502328634262085|2048.5179376690594;1403.510142271647|21|[-0.029473014175891876, -0.09940780699253082, 0.0]|[0.02901473641395569, 0.013735744170844555, 0.9994845986366272]|[[2841.3712142828917, 0.0, 2004.355023481056], [0.0, 2863.7600731700495, 1476.2484742699291], [0.0, 0.0, 1.0]]
66|83|10|Snook|0.455|0.43069510985523624|1.6481826305389404|2032.9600023233347;1343.8479800057164|21|[-0.029473014175891876, -0.09940780699253082, 0.0]|[0.02901473641395569, 0.013735744170844555, 0.9994845986366272]|[[2841.3712142828917, 0.0, 2004.355023481056], [0.0, 2863.7600731700495, 1476.2484742699291], [0.0, 0.0, 1.0]]
66|83|10|Ruler|0.3429|0.32986351653070706|1.8057550191879272|2035.697335623302;1359.5333527721168|21|[-0.029473014175891876, -0.09940780699253082, 0.0]|[0.02901473641395569, 0.013735744170844555, 0.9994845986366272]|[[2841.3712142828917, 0.0, 2004.355023481056], [0.0, 2863.7600731700495, 1476.2484742699291], [0.0, 0.0, 1.0]]
66|83|10|Ruler|0.3429|0.32970481895077147|1.9068995714187622|2038.7895306477396;1367.670935342137|21|[-0.029473014175891876, -0.09940780699253082, 0.0]|[0.02901473641395569, 0.013735744170844555, 0.9994845986366272]|[[2841.3712142828917, 0.0, 2004.355023481056], [0.0, 2863.7600731700495, 1476.2484742699291], [0.0, 0.0, 1.0]]
76|63|3|Shark|0.605|0.5673840777414435|2.4921116828918457|1993.2171742416251;1457.9925730816506|20|[-0.03206002712249756, -0.09930168092250824, 0.0]|[0.0013077228795737028, 0.027590053156018257, 0.999618411064148]|[[2832.88718694667, 0.0, 2027.3101376941806], [0.0, 2857.5529688242154, 1492.5272084030742], [0.0, 0.0, 1.0]]
84|62|5|Snook|0.455|0.44237355473787726|1.2720046043395996|1960.186279296875;1305.0472412109373|19|[-0.030078189447522163, -0.09927792847156525, 0.0]|[0.014451604336500168, 0.03844136372208595, 0.9991563558578491]|[[2833.277965760987, 0.0, 2009.7572163743287], [0.0, 2858.7736950651392, 1407.9866181636053], [0.0, 0.0, 1.0]]
436|436|4|Yellow Anthias|0.2|0.18261889796880815|1.731249213218689|2005.6619094621667;1406.3655569795922|28|[-0.033095866441726685, -0.09966263920068741, 0.0]|[0.02377108670771122, 0.04443387687206268, 0.998729407787323]|[[2827.300073606339, 0.0, 1993.2574097262354], [0.0, 2852.2438974589363, 1443.3722632010733], [0.0, 0.0, 1.0]]
503|502|6|Box|0.15|0.1320403373914871|0.945332944393158|2095.330810546875;1203.8710937500002|29|[-0.026759110391139984, -0.08485078066587448, 0.0]|[0.041223522275686264, 4.938347410643473e-05, 0.9991499781608582]|[[2825.1480807147805, 0.0, 2061.852601572974], [0.0, 2850.606508156248, 1458.5627645450384], [0.0, 0.0, 1.0]]
503|502|6|Box|0.15|0.13948401163577073|1.830371618270874|2134.71728515625;1327.3575439453125|29|[-0.026759110391139984, -0.08485078066587448, 0.0]|[0.041223522275686264, 4.938347410643473e-05, 0.9991499781608582]|[[2825.1480807147805, 0.0, 2061.852601572974], [0.0, 2850.606508156248, 1458.5627645450384], [0.0, 0.0, 1.0]]
503|502|6|Box|0.15|0.13066822960796115|0.7044400572776794|2068.416015625;1116.2152099609377|29|[-0.026759110391139984, -0.08485078066587448, 0.0]|[0.041223522275686264, 4.938347410643473e-05, 0.9991499781608582]|[[2825.1480807147805, 0.0, 2061.852601572974], [0.0, 2850.606508156248, 1458.5627645450384], [0.0, 0.0, 1.0]]
87|87|6|Snook|0.455|0.43375857304433196|1.9534435272216797|2074.8182556387233;1385.9971819107525|38|[-0.03086426481604576, -0.09721814841032028, 0.0]|[0.02015918307006359, 0.024367349222302437, 0.9994997978210449]|[[2825.1480807147805, 0.0, 2061.852601572974], [0.0, 2850.606508156248, 1458.5627645450384], [0.0, 0.0, 1.0]]
87|87|6|Snook|0.455|0.4430153361982167|1.9951316118240356|2075.6410618632403;1388.9949727926992|38|[-0.03086426481604576, -0.09721814841032028, 0.0]|[0.02015918307006359, 0.024367349222302437, 0.9994997978210449]|[[2825.1480807147805, 0.0, 2061.852601572974], [0.0, 2850.606508156248, 1458.5627645450384], [0.0, 0.0, 1.0]]
87|87|6|Snook|0.455|0.43888944685796805|1.9801455736160278|2075.19739299932;1387.981811197953|38|[-0.03086426481604576, -0.09721814841032028, 0.0]|[0.02015918307006359, 0.024367349222302437, 0.9994997978210449]|[[2825.1480807147805, 0.0, 2061.852601572974], [0.0, 2850.606508156248, 1458.5627645450384], [0.0, 0.0, 1.0]]
87|87|6|Snook|0.455|0.44118348220825576|1.9923490285873413|2075.2188537725115;1388.9110402405295|38|[-0.03086426481604576, -0.09721814841032028, 0.0]|[0.02015918307006359, 0.024367349222302437, 0.9994997978210449]|[[2825.1480807147805, 0.0, 2061.852601572974], [0.0, 2850.606508156248, 1458.5627645450384], [0.0, 0.0, 1.0]]
87|87|6|Snook|0.455|0.43199206906074367|1.947436809539795|2074.4315461942233;1385.6426112431043|38|[-0.03086426481604576, -0.09721814841032028, 0.0]|[0.02015918307006359, 0.024367349222302437, 0.9994997978210449]|[[2825.1480807147805, 0.0, 2061.852601572974], [0.0, 2850.606508156248, 1458.5627645450384], [0.0, 0.0, 1.0]]
87|87|6|Snook|0.455|0.4478891566688324|2.015648365020752|2078.0331237436963;1389.8331382081217|38|[-0.03086426481604576, -0.09721814841032028, 0.0]|[0.02015918307006359, 0.024367349222302437, 0.9994997978210449]|[[2825.1480807147805, 0.0, 2061.852601572974], [0.0, 2850.606508156248, 1458.5627645450384], [0.0, 0.0, 1.0]]
87|87|6|Snook|0.455|0.4347630424412136|1.9575607776641846|2076.2939663710595;1385.8801753289702|38|[-0.03086426481604576, -0.09721814841032028, 0.0]|[0.02015918307006359, 0.024367349222302437, 0.9994997978210449]|[[2825.1480807147805, 0.0, 2061.852601572974], [0.0, 2850.606508156248, 1458.5627645450384], [0.0, 0.0, 1.0]]
87|87|6|Snook|0.455|0.43778961467477295|1.977853775024414|2075.410400958183;1387.734571321307|38|[-0.03086426481604576, -0.09721814841032028, 0.0]|[0.02015918307006359, 0.024367349222302437, 0.9994997978210449]|[[2825.1480807147805, 0.0, 2061.852601572974], [0.0, 2850.606508156248, 1458.5627645450384], [0.0, 0.0, 1.0]]
87|87|6|Snook|0.455|0.4394213145287817|1.9820982217788696|2074.4864186189716;1388.3501448176078|38|[-0.03086426481604576, -0.09721814841032028, 0.0]|[0.02015918307006359, 0.024367349222302437, 0.9994997978210449]|[[2825.1480807147805, 0.0, 2061.852601572974], [0.0, 2850.606508156248, 1458.5627645450384], [0.0, 0.0, 1.0]]
87|87|6|Snook|0.455|0.4324153304240015|1.956729769706726|2077.4332400551075;1385.4977462378104|38|[-0.03086426481604576, -0.09721814841032028, 0.0]|[0.02015918307006359, 0.024367349222302437, 0.9994997978210449]|[[2825.1480807147805, 0.0, 2061.852601572974], [0.0, 2850.606508156248, 1458.5627645450384], [0.0, 0.0, 1.0]]
87|87|6|Snook|0.455|0.44220942038921535|2.0024938583374023|2075.285786760274;1389.6644511169118|38|[-0.03086426481604576, -0.09721814841032028, 0.0]|[0.02015918307006359, 0.024367349222302437, 0.9994997978210449]|[[2825.1480807147805, 0.0, 2061.852601572974], [0.0, 2850.606508156248, 1458.5627645450384], [0.0, 0.0, 1.0]]
87|87|6|Snook|0.455|0.4367056069196142|1.9776592254638672|2074.966346009143;1387.857761643975|38|[-0.03086426481604576, -0.09721814841032028, 0.0]|[0.02015918307006359, 0.024367349222302437, 0.9994997978210449]|[[2825.1480807147805, 0.0, 2061.852601572974], [0.0, 2850.606508156248, 1458.5627645450384], [0.0, 0.0, 1.0]]
87|87|6|Snook|0.455|0.43477434769491174|1.9676084518432617|2075.8262980530435;1386.80667041658|38|[-0.03086426481604576, -0.09721814841032028, 0.0]|[0.02015918307006359, 0.024367349222302437, 0.9994997978210449]|[[2825.1480807147805, 0.0, 2061.852601572974], [0.0, 2850.606508156248, 1458.5627645450384], [0.0, 0.0, 1.0]]
87|87|6|Snook|0.455|0.43556567132187735|1.9652928113937378|2075.0229370473253;1386.8754122146233|38|[-0.03086426481604576, -0.09721814841032028, 0.0]|[0.02015918307006359, 0.024367349222302437, 0.9994997978210449]|[[2825.1480807147805, 0.0, 2061.852601572974], [0.0, 2850.606508156248, 1458.5627645450384], [0.0, 0.0, 1.0]]
87|87|6|Snook|0.455|0.4386307262470089|1.973049521446228|2075.728121638524;1387.2602141442999|38|[-0.03086426481604576, -0.09721814841032028, 0.0]|[0.02015918307006359, 0.024367349222302437, 0.9994997978210449]|[[2825.1480807147805, 0.0, 2061.852601572974], [0.0, 2850.606508156248, 1458.5627645450384], [0.0, 0.0, 1.0]]
87|87|6|Snook|0.455|0.4398802961168389|1.9852811098098755|2075.1888649723733;1388.3783085241264|38|[-0.03086426481604576, -0.09721814841032028, 0.0]|[0.02015918307006359, 0.024367349222302437, 0.9994997978210449]|[[2825.1480807147805, 0.0, 2061.852601572974], [0.0, 2850.606508156248, 1458.5627645450384], [0.0, 0.0, 1.0]]
87|87|6|Snook|0.455|0.43153509287229713|1.9470455646514893|2075.2921439820566;1385.336042491761|38|[-0.03086426481604576, -0.09721814841032028, 0.0]|[0.02015918307006359, 0.024367349222302437, 0.9994997978210449]|[[2825.1480807147805, 0.0, 2061.852601572974], [0.0, 2850.606508156248, 1458.5627645450384], [0.0, 0.0, 1.0]]
87|87|6|Snook|0.455|0.43894625691439687|1.983642339706421|2076.2743453661496;1387.9198801482396|38|[-0.03086426481604576, -0.09721814841032028, 0.0]|[0.02015918307006359, 0.024367349222302437, 0.9994997978210449]|[[2825.1480807147805, 0.0, 2061.852601572974], [0.0, 2850.606508156248, 1458.5627645450384], [0.0, 0.0, 1.0]]
87|87|6|Snook|0.455|0.4365386851804697|1.9670710563659668|2075.8184582249055;1386.7620145106532|38|[-0.03086426481604576, -0.09721814841032028, 0.0]|[0.02015918307006359, 0.024367349222302437, 0.9994997978210449]|[[2825.1480807147805, 0.0, 2061.852601572974], [0.0, 2850.606508156248, 1458.5627645450384], [0.0, 0.0, 1.0]]
87|87|6|Snook|0.455|0.44005066893044564|1.9845237731933594|2075.705590319968;1388.1594995999346|38|[-0.03086426481604576, -0.09721814841032028, 0.0]|[0.02015918307006359, 0.024367349222302437, 0.9994997978210449]|[[2825.1480807147805, 0.0, 2061.852601572974], [0.0, 2850.606508156248, 1458.5627645450384], [0.0, 0.0, 1.0]]
87|87|6|Snook|0.455|0.44387007055520783|1.997327208518982|2077.0348000628364;1388.7393825565212|38|[-0.03086426481604576, -0.09721814841032028, 0.0]|[0.02015918307006359, 0.024367349222302437, 0.9994997978210449]|[[2825.1480807147805, 0.0, 2061.852601572974], [0.0, 2850.606508156248, 1458.5627645450384], [0.0, 0.0, 1.0]]
87|87|6|Snook|0.455|0.4469957107755225|2.0139169692993164|2075.8453912396276;1390.3590075827274|38|[-0.03086426481604576, -0.09721814841032028, 0.0]|[0.02015918307006359, 0.024367349222302437, 0.9994997978210449]|[[2825.1480807147805, 0.0, 2061.852601572974], [0.0, 2850.606508156248, 1458.5627645450384], [0.0, 0.0, 1.0]]
87|87|6|Snook|0.455|0.4355844537544968|1.963496208190918|2074.2305788205;1386.9828222892309|38|[-0.03086426481604576, -0.09721814841032028, 0.0]|[0.02015918307006359, 0.024367349222302437, 0.9994997978210449]|[[2825.1480807147805, 0.0, 2061.852601572974], [0.0, 2850.606508156248, 1458.5627645450384], [0.0, 0.0, 1.0]]
87|87|6|Snook|0.455|0.4331824087130388|1.9522117376327515|2075.5930407613505;1385.6619480457337|38|[-0.03086426481604576, -0.09721814841032028, 0.0]|[0.02015918307006359, 0.024367349222302437, 0.9994997978210449]|[[2825.1480807147805, 0.0, 2061.852601572974], [0.0, 2850.606508156248, 1458.5627645450384], [0.0, 0.0, 1.0]]
87|87|6|Snook|0.455|0.4379843984643517|1.9786587953567505|2075.6424190318903;1387.7221712234393|38|[-0.03086426481604576, -0.09721814841032028, 0.0]|[0.02015918307006359, 0.024367349222302437, 0.9994997978210449]|[[2825.1480807147805, 0.0, 2061.852601572974], [0.0, 2850.606508156248, 1458.5627645450384], [0.0, 0.0, 1.0]]
87|87|6|Snook|0.455|0.4345985462672519|1.9530898332595825|2075.1383205956936;1385.8679378156894|38|[-0.03086426481604576, -0.09721814841032028, 0.0]|[0.02015918307006359, 0.024367349222302437, 0.9994997978210449]|[[2825.1480807147805, 0.0, 2061.852601572974], [0.0, 2850.606508156248, 1458.5627645450384], [0.0, 0.0, 1.0]]
87|87|6|Snook|0.455|0.4311422016705858|1.944362759590149|2074.0640781195934;1385.5103996669686|38|[-0.03086426481604576, -0.09721814841032028, 0.0]|[0.02015918307006359, 0.024367349222302437, 0.9994997978210449]|[[2825.1480807147805, 0.0, 2061.852601572974], [0.0, 2850.606508156248, 1458.5627645450384], [0.0, 0.0, 1.0]]
87|87|6|Snook|0.455|0.43119530958325203|1.9407877922058105|2075.455297971538;1384.7802864194853|38|[-0.03086426481604576, -0.09721814841032028, 0.0]|[0.02015918307006359, 0.024367349222302437, 0.9994997978210449]|[[2825.1480807147805, 0.0, 2061.852601572974], [0.0, 2850.606508156248, 1458.5627645450384], [0.0, 0.0, 1.0]]
87|87|6|Snook|0.455|0.4324924710409262|1.943208932876587|2075.740641084463;1384.8875453893543|38|[-0.03086426481604576, -0.09721814841032028, 0.0]|[0.02015918307006359, 0.024367349222302437, 0.9994997978210449]|[[2825.1480807147805, 0.0, 2061.852601572974], [0.0, 2850.606508156248, 1458.5627645450384], [0.0, 0.0, 1.0]]
87|87|6|Snook|0.455|0.42679373190594283|1.9156670570373535|2074.6214451282435;1382.9927362896335|38|[-0.03086426481604576, -0.09721814841032028, 0.0]|[0.02015918307006359, 0.024367349222302437, 0.9994997978210449]|[[2825.1480807147805, 0.0, 2061.852601572974], [0.0, 2850.606508156248, 1458.5627645450384], [0.0, 0.0, 1.0]]
87|87|6|Snook|0.455|0.43461098314841984|1.9477604627609253|2074.5762058611012;1385.621342523402|38|[-0.03086426481604576, -0.09721814841032028, 0.0]|[0.02015918307006359, 0.024367349222302437, 0.9994997978210449]|[[2825.1480807147805, 0.0, 2061.852601572974], [0.0, 2850.606508156248, 1458.5627645450384], [0.0, 0.0, 1.0]]
87|87|6|Snook|0.455|0.43352453883801567|1.9454888105392456|2075.121805770394;1385.2705678313455|38|[-0.03086426481604576, -0.09721814841032028, 0.0]|[0.02015918307006359, 0.024367349222302437, 0.9994997978210449]|[[2825.1480807147805, 0.0, 2061.852601572974], [0.0, 2850.606508156248, 1458.5627645450384], [0.0, 0.0, 1.0]]
87|87|6|Snook|0.455|0.432784708734052|1.946629524230957|2073.9157616418534;1385.7299729250203|38|[-0.03086426481604576, -0.09721814841032028, 0.0]|[0.02015918307006359, 0.024367349222302437, 0.9994997978210449]|[[2825.1480807147805, 0.0, 2061.852601572974], [0.0, 2850.606508156248, 1458.5627645450384], [0.0, 0.0, 1.0]]
87|87|6|Snook|0.455|0.4691924512875867|2.1060879230499268|2080.360485268631;1395.6187175043326|38|[-0.03086426481604576, -0.09721814841032028, 0.0]|[0.02015918307006359, 0.024367349222302437, 0.9994997978210449]|[[2825.1480807147805, 0.0, 2061.852601572974], [0.0, 2850.606508156248, 1458.5627645450384], [0.0, 0.0, 1.0]]
87|87|6|Snook|0.455|0.4330823507918632|1.9473116397857666|2073.652843431023;1385.8755664902162|38|[-0.03086426481604576, -0.09721814841032028, 0.0]|[0.02015918307006359, 0.024367349222302437, 0.9994997978210449]|[[2825.1480807147805, 0.0, 2061.852601572974], [0.0, 2850.606508156248, 1458.5627645450384], [0.0, 0.0, 1.0]]
87|87|6|Snook|0.455|0.4313155366819053|1.9396852254867554|2075.1055380004514;1384.798280180435|38|[-0.03086426481604576, -0.09721814841032028, 0.0]|[0.02015918307006359, 0.024367349222302437, 0.9994997978210449]|[[2825.1480807147805, 0.0, 2061.852601572974], [0.0, 2850.606508156248, 1458.5627645450384], [0.0, 0.0, 1.0]]
87|87|6|Snook|0.455|0.43565065392840224|1.9545133113861084|2075.508979358013;1385.8679378156894|38|[-0.03086426481604576, -0.09721814841032028, 0.0]|[0.02015918307006359, 0.024367349222302437, 0.9994997978210449]|[[2825.1480807147805, 0.0, 2061.852601572974], [0.0, 2850.606508156248, 1458.5627645450384], [0.0, 0.0, 1.0]]
87|87|6|Snook|0.455|0.4369826848641948|1.9623924493789673|2073.4981555724294;1387.130030901388|38|[-0.03086426481604576, -0.09721814841032028, 0.0]|[0.02015918307006359, 0.024367349222302437, 0.9994997978210449]|[[2825.1480807147805, 0.0, 2061.852601572974], [0.0, 2850.606508156248, 1458.5627645450384], [0.0, 0.0, 1.0]]
87|87|6|Snook|0.455|0.4305607156799429|1.9382474422454834|2075.929316577016;1384.4463835199315|38|[-0.03086426481604576, -0.09721814841032028, 0.0]|[0.02015918307006359, 0.024367349222302437, 0.9994997978210449]|[[2825.1480807147805, 0.0, 2061.852601572974], [0.0, 2850.606508156248, 1458.5627645450384], [0.0, 0.0, 1.0]]
87|87|6|Snook|0.455|0.43427423184836195|1.9525858163833618|2075.466882498174;1385.7274498244979|38|[-0.03086426481604576, -0.09721814841032028, 0.0]|[0.02015918307006359, 0.024367349222302437, 0.9994997978210449]|[[2825.1480807147805, 0.0, 2061.852601572974], [0.0, 2850.606508156248, 1458.5627645450384], [0.0, 0.0, 1.0]]
87|87|6|Snook|0.455|0.4286833529591464|1.9348571300506592|2074.92126943002;1384.462119286092|38|[-0.03086426481604576, -0.09721814841032028, 0.0]|[0.02015918307006359, 0.024367349222302437, 0.9994997978210449]|[[2825.1480807147805, 0.0, 2061.852601572974], [0.0, 2850.606508156248, 1458.5627645450384], [0.0, 0.0, 1.0]]
87|87|6|Snook|0.455|0.4317618234734939|1.9402693510055542|2074.012161627698;1385.1907865152443|38|[-0.03086426481604576, -0.09721814841032028, 0.0]|[0.02015918307006359, 0.024367349222302437, 0.9994997978210449]|[[2825.1480807147805, 0.0, 2061.852601572974], [0.0, 2850.606508156248, 1458.5627645450384], [0.0, 0.0, 1.0]]
87|87|6|Snook|0.455|0.4305655300162166|1.989316463470459|2075.769699641564;1388.5068473942533|38|[-0.03086426481604576, -0.09721814841032028, 0.0]|[0.02015918307006359, 0.024367349222302437, 0.9994997978210449]|[[2825.1480807147805, 0.0, 2061.852601572974], [0.0, 2850.606508156248, 1458.5627645450384], [0.0, 0.0, 1.0]]
87|87|6|Snook|0.455|0.4217028775181383|1.945939064025879|2074.9463102493696;1385.3588966530285|38|[-0.03086426481604576, -0.09721814841032028, 0.0]|[0.02015918307006359, 0.024367349222302437, 0.9994997978210449]|[[2825.1480807147805, 0.0, 2061.852601572974], [0.0, 2850.606508156248, 1458.5627645450384], [0.0, 0.0, 1.0]]
87|87|6|Snook|0.455|0.43039305805699657|1.9849634170532227|2074.0078113706186;1388.7405432236665|38|[-0.03086426481604576, -0.09721814841032028, 0.0]|[0.02015918307006359, 0.024367349222302437, 0.9994997978210449]|[[2825.1480807147805, 0.0, 2061.852601572974], [0.0, 2850.606508156248, 1458.5627645450384], [0.0, 0.0, 1.0]]
87|87|6|Snook|0.455|0.4243832478779462|1.9573949575424194|2075.289901496544;1386.1680046167253|38|[-0.03086426481604576, -0.09721814841032028, 0.0]|[0.02015918307006359, 0.024367349222302437, 0.9994997978210449]|[[2825.1480807147805, 0.0, 2061.852601572974], [0.0, 2850.606508156248, 1458.5627645450384], [0.0, 0.0, 1.0]]
87|87|6|Snook|0.455|0.4278412784408947|1.9694137573242188|2074.372448185057;1387.400837816066|38|[-0.03086426481604576, -0.09721814841032028, 0.0]|[0.02015918307006359, 0.024367349222302437, 0.9994997978210449]|[[2825.1480807147805, 0.0, 2061.852601572974], [0.0, 2850.606508156248, 1458.5627645450384], [0.0, 0.0, 1.0]]
87|87|6|Snook|0.455|0.42733678137104614|1.967640995979309|2074.9117325696493;1387.091202237803|38|[-0.03086426481604576, -0.09721814841032028, 0.0]|[0.02015918307006359, 0.024367349222302437, 0.9994997978210449]|[[2825.1480807147805, 0.0, 2061.852601572974], [0.0, 2850.606508156248, 1458.5627645450384], [0.0, 0.0, 1.0]]
87|87|6|Snook|0.455|0.43503233596887597|2.0009400844573975|2073.9110316933106;1390.013880674253|38|[-0.03086426481604576, -0.09721814841032028, 0.0]|[0.02015918307006359, 0.024367349222302437, 0.9994997978210449]|[[2825.1480807147805, 0.0, 2061.852601572974], [0.0, 2850.606508156248, 1458.5627645450384], [0.0, 0.0, 1.0]]
87|87|6|Snook|0.455|0.43186090233017366|1.9865423440933228|2075.168556557953;1388.4821187051807|38|[-0.03086426481604576, -0.09721814841032028, 0.0]|[0.02015918307006359, 0.024367349222302437, 0.9994997978210449]|[[2825.1480807147805, 0.0, 2061.852601572974], [0.0, 2850.606508156248, 1458.5627645450384], [0.0, 0.0, 1.0]]
87|87|6|Snook|0.455|0.4281030667942563|1.9741606712341309|2074.7844056475255;1387.6356244923982|38|[-0.03086426481604576, -0.09721814841032028, 0.0]|[0.02015918307006359, 0.024367349222302437, 0.9994997978210449]|[[2825.1480807147805, 0.0, 2061.852601572974], [0.0, 2850.606508156248, 1458.5627645450384], [0.0, 0.0, 1.0]]
87|87|6|Snook|0.455|0.42978480315531076|1.979676604270935|2075.7670697870876;1387.762380030318|38|[-0.03086426481604576, -0.09721814841032028, 0.0]|[0.02015918307006359, 0.024367349222302437, 0.9994997978210449]|[[2825.1480807147805, 0.0, 2061.852601572974], [0.0, 2850.606508156248, 1458.5627645450384], [0.0, 0.0, 1.0]]
87|87|6|Snook|0.455|0.44648195756633857|2.058609962463379|2074.824664440501;1394.0024131805683|38|[-0.03086426481604576, -0.09721814841032028, 0.0]|[0.02015918307006359, 0.024367349222302437, 0.9994997978210449]|[[2825.1480807147805, 0.0, 2061.852601572974], [0.0, 2850.606508156248, 1458.5627645450384], [0.0, 0.0, 1.0]]
87|87|6|Snook|0.455|0.4260793307607809|1.9580076932907104|2075.1888649723733;1386.234001634674|38|[-0.03086426481604576, -0.09721814841032028, 0.0]|[0.02015918307006359, 0.024367349222302437, 0.9994997978210449]|[[2825.1480807147805, 0.0, 2061.852601572974], [0.0, 2850.606508156248, 1458.5627645450384], [0.0, 0.0, 1.0]]
87|87|6|Snook|0.455|0.4231459477483578|1.9544470310211182|2076.4182830324526;1385.6015367586315|38|[-0.03086426481604576, -0.09721814841032028, 0.0]|[0.02015918307006359, 0.024367349222302437, 0.9994997978210449]|[[2825.1480807147805, 0.0, 2061.852601572974], [0.0, 2850.606508156248, 1458.5627645450384], [0.0, 0.0, 1.0]]
87|87|6|Snook|0.455|0.4189204876348965|1.9416258335113525|2075.3447682681335;1384.8840021332712|38|[-0.03086426481604576, -0.09721814841032028, 0.0]|[0.02015918307006359, 0.024367349222302437, 0.9994997978210449]|[[2825.1480807147805, 0.0, 2061.852601572974], [0.0, 2850.606508156248, 1458.5627645450384], [0.0, 0.0, 1.0]]
87|87|6|Snook|0.455|0.4188846388141566|1.9429582357406616|2072.7712681007424;1385.8143512170675|38|[-0.03086426481604576, -0.09721814841032028, 0.0]|[0.02015918307006359, 0.024367349222302437, 0.9994997978210449]|[[2825.1480807147805, 0.0, 2061.852601572974], [0.0, 2850.606508156248, 1458.5627645450384], [0.0, 0.0, 1.0]]
87|87|6|Snook|0.455|0.42856503367468346|1.9758599996566772|2074.7252619324795;1387.7916181606518|38|[-0.03086426481604576, -0.09721814841032028, 0.0]|[0.02015918307006359, 0.024367349222302437, 0.9994997978210449]|[[2825.1480807147805, 0.0, 2061.852601572974], [0.0, 2850.606508156248, 1458.5627645450384], [0.0, 0.0, 1.0]]
87|87|6|Snook|0.455|0.42672292792480115|1.9728256464004517|2075.6983762054438;1387.2596342745726|38|[-0.03086426481604576, -0.09721814841032028, 0.0]|[0.02015918307006359, 0.024367349222302437, 0.9994997978210449]|[[2825.1480807147805, 0.0, 2061.852601572974], [0.0, 2850.606508156248, 1458.5627645450384], [0.0, 0.0, 1.0]]
87|87|6|Snook|0.455|0.42560123246505827|1.9749022722244263|2075.96401052936;1387.3369551555882|38|[-0.03086426481604576, -0.09721814841032028, 0.0]|[0.02015918307006359, 0.024367349222302437, 0.9994997978210449]|[[2825.1480807147805, 0.0, 2061.852601572974], [0.0, 2850.606508156248, 1458.5627645450384], [0.0, 0.0, 1.0]]
87|87|6|Snook|0.455|0.42679964999986914|1.9763182401657104|2074.7135714338483;1387.8288572651168|38|[-0.03086426481604576, -0.09721814841032028, 0.0]|[0.02015918307006359, 0.024367349222302437, 0.9994997978210449]|[[2825.1480807147805, 0.0, 2061.852601572974], [0.0, 2850.606508156248, 1458.5627645450384], [0.0, 0.0, 1.0]]
87|87|6|Snook|0.455|0.42871562409709585|1.977708339691162|2072.779389967471;1388.5843616325255|38|[-0.03086426481604576, -0.09721814841032028, 0.0]|[0.02015918307006359, 0.024367349222302437, 0.9994997978210449]|[[2825.1480807147805, 0.0, 2061.852601572974], [0.0, 2850.606508156248, 1458.5627645450384], [0.0, 0.0, 1.0]]
87|87|6|Snook|0.455|0.41974045595819703|1.9294970035552979|2074.612596304127;1384.1290839721603|38|[-0.03086426481604576, -0.09721814841032028, 0.0]|[0.02015918307006359, 0.024367349222302437, 0.9994997978210449]|[[2825.1480807147805, 0.0, 2061.852601572974], [0.0, 2850.606508156248, 1458.5627645450384], [0.0, 0.0, 1.0]]
87|87|6|Snook|0.455|0.4219576609144145|1.9476879835128784|2075.1025747359395;1385.4511700961725|38|[-0.03086426481604576, -0.09721814841032028, 0.0]|[0.02015918307006359, 0.024367349222302437, 0.9994997978210449]|[[2825.1480807147805, 0.0, 2061.852601572974], [0.0, 2850.606508156248, 1458.5627645450384], [0.0, 0.0, 1.0]]
87|87|6|Snook|0.455|0.43032432130123405|1.9858083724975586|2075.0048259550567;1388.48007490367|38|[-0.03086426481604576, -0.09721814841032028, 0.0]|[0.02015918307006359, 0.024367349222302437, 0.9994997978210449]|[[2825.1480807147805, 0.0, 2061.852601572974], [0.0, 2850.606508156248, 1458.5627645450384], [0.0, 0.0, 1.0]]
87|87|6|Snook|0.455|0.41958606962816786|1.9332432746887207|2074.843855538933;1384.3610314119967|38|[-0.03086426481604576, -0.09721814841032028, 0.0]|[0.02015918307006359, 0.024367349222302437, 0.9994997978210449]|[[2825.1480807147805, 0.0, 2061.852601572974], [0.0, 2850.606508156248, 1458.5627645450384], [0.0, 0.0, 1.0]]
87|87|6|Snook|0.455|0.4216759444978444|1.9602413177490234|2075.6068530266166;1386.292948984946|38|[-0.03086426481604576, -0.09721814841032028, 0.0]|[0.02015918307006359, 0.024367349222302437, 0.9994997978210449]|[[2825.1480807147805, 0.0, 2061.852601572974], [0.0, 2850.606508156248, 1458.5627645450384], [0.0, 0.0, 1.0]]
87|87|6|Snook|0.455|0.4255869710892784|1.9754219055175781|2073.7635658202435;1388.0794799399753|38|[-0.03086426481604576, -0.09721814841032028, 0.0]|[0.02015918307006359, 0.024367349222302437, 0.9994997978210449]|[[2825.1480807147805, 0.0, 2061.852601572974], [0.0, 2850.606508156248, 1458.5627645450384], [0.0, 0.0, 1.0]]
87|87|6|Snook|0.455|0.4116589069463198|1.9104467630386353|2075.531592569137;1382.2967874140563|38|[-0.03086426481604576, -0.09721814841032028, 0.0]|[0.02015918307006359, 0.024367349222302437, 0.9994997978210449]|[[2825.1480807147805, 0.0, 2061.852601572974], [0.0, 2850.606508156248, 1458.5627645450384], [0.0, 0.0, 1.0]]
87|87|6|Snook|0.455|0.4255685287213355|1.971877932548523|2075.4600316228966;1387.2516211429008|38|[-0.03086426481604576, -0.09721814841032028, 0.0]|[0.02015918307006359, 0.024367349222302437, 0.9994997978210449]|[[2825.1480807147805, 0.0, 2061.852601572974], [0.0, 2850.606508156248, 1458.5627645450384], [0.0, 0.0, 1.0]]
87|87|6|Snook|0.455|0.42376091459787857|1.9696307182312012|2074.7063006100107;1387.3110508613347|38|[-0.03086426481604576, -0.09721814841032028, 0.0]|[0.02015918307006359, 0.024367349222302437, 0.9994997978210449]|[[2825.1480807147805, 0.0, 2061.852601572974], [0.0, 2850.606508156248, 1458.5627645450384], [0.0, 0.0, 1.0]]
87|87|6|Snook|0.455|0.42533643672112126|1.9700177907943726|2075.609313310488;1387.0664171617345|38|[-0.03086426481604576, -0.09721814841032028, 0.0]|[0.02015918307006359, 0.024367349222302437, 0.9994997978210449]|[[2825.1480807147805, 0.0, 2061.852601572974], [0.0, 2850.606508156248, 1458.5627645450384], [0.0, 0.0, 1.0]]
87|87|6|Snook|0.455|0.42170232302428284|1.960455060005188|2074.6407074326735;1386.6140495223992|38|[-0.03086426481604576, -0.09721814841032028, 0.0]|[0.02015918307006359, 0.024367349222302437, 0.9994997978210449]|[[2825.1480807147805, 0.0, 2061.852601572974], [0.0, 2850.606508156248, 1458.5627645450384], [0.0, 0.0, 1.0]]
87|87|6|Snook|0.455|0.423862074626236|1.9643419981002808|2074.9297598495664;1386.8288306552981|38|[-0.03086426481604576, -0.09721814841032028, 0.0]|[0.02015918307006359, 0.024367349222302437, 0.9994997978210449]|[[2825.1480807147805, 0.0, 2061.852601572974], [0.0, 2850.606508156248, 1458.5627645450384], [0.0, 0.0, 1.0]]
87|87|6|Snook|0.455|0.4102920603888001|1.9489669799804688|2072.6762035917195;1386.3397003743376|38|[-0.03086426481604576, -0.09721814841032028, 0.0]|[0.02015918307006359, 0.024367349222302437, 0.9994997978210449]|[[2825.1480807147805, 0.0, 2061.852601572974], [0.0, 2850.606508156248, 1458.5627645450384], [0.0, 0.0, 1.0]]
87|87|6|Snook|0.455|0.4013340975379528|1.9150298833847046|2075.0010905219947;1382.8295624686043|38|[-0.03086426481604576, -0.09721814841032028, 0.0]|[0.02015918307006359, 0.024367349222302437, 0.9994997978210449]|[[2825.1480807147805, 0.0, 2061.852601572974], [0.0, 2850.606508156248, 1458.5627645450384], [0.0, 0.0, 1.0]]
87|87|6|Snook|0.455|0.4090571572225949|1.9218517541885376|2074.127514186544;1383.6513747965803|38|[-0.03086426481604576, -0.09721814841032028, 0.0]|[0.02015918307006359, 0.024367349222302437, 0.9994997978210449]|[[2825.1480807147805, 0.0, 2061.852601572974], [0.0, 2850.606508156248, 1458.5627645450384], [0.0, 0.0, 1.0]]
87|87|6|Snook|0.455|0.4099134338165207|1.9382516145706177|2074.516569274539;1384.8728632140612|38|[-0.03086426481604576, -0.09721814841032028, 0.0]|[0.02015918307006359, 0.024367349222302437, 0.9994997978210449]|[[2825.1480807147805, 0.0, 2061.852601572974], [0.0, 2850.606508156248, 1458.5627645450384], [0.0, 0.0, 1.0]]
87|87|6|Snook|0.455|0.40859960527350403|1.9283406734466553|2073.733892716179;1384.2965102992234|38|[-0.03086426481604576, -0.09721814841032028, 0.0]|[0.02015918307006359, 0.024367349222302437, 0.9994997978210449]|[[2825.1480807147805, 0.0, 2061.852601572974], [0.0, 2850.606508156248, 1458.5627645450384], [0.0, 0.0, 1.0]]
87|87|6|Snook|0.455|0.4079148614001526|1.9235882759094238|2073.598908111352;1383.9475034715858|38|[-0.03086426481604576, -0.09721814841032028, 0.0]|[0.02015918307006359, 0.024367349222302437, 0.9994997978210449]|[[2825.1480807147805, 0.0, 2061.852601572974], [0.0, 2850.606508156248, 1458.5627645450384], [0.0, 0.0, 1.0]]
87|87|6|Snook|0.455|0.40190043402993225|1.905440330505371|2073.9881141962105;1382.3360774629468|38|[-0.03086426481604576, -0.09721814841032028, 0.0]|[0.02015918307006359, 0.024367349222302437, 0.9994997978210449]|[[2825.1480807147805, 0.0, 2061.852601572974], [0.0, 2850.606508156248, 1458.5627645450384], [0.0, 0.0, 1.0]]
87|87|6|Snook|0.455|0.4018897742237877|1.8949390649795532|2072.906187801804;1381.782111108509|38|[-0.03086426481604576, -0.09721814841032028, 0.0]|[0.02015918307006359, 0.024367349222302437, 0.9994997978210449]|[[2825.1480807147805, 0.0, 2061.852601572974], [0.0, 2850.606508156248, 1458.5627645450384], [0.0, 0.0, 1.0]]
87|87|6|Snook|0.455|0.40633155757871936|1.9177424907684326|2074.7642497454076;1383.1204868280631|38|[-0.03086426481604576, -0.09721814841032028, 0.0]|[0.02015918307006359, 0.024367349222302437, 0.9994997978210449]|[[2825.1480807147805, 0.0, 2061.852601572974], [0.0, 2850.606508156248, 1458.5627645450384], [0.0, 0.0, 1.0]]
87|87|6|Snook|0.455|0.4093299185658902|1.9365334510803223|2074.44490323466;1384.7570555628574|38|[-0.03086426481604576, -0.09721814841032028, 0.0]|[0.02015918307006359, 0.024367349222302437, 0.9994997978210449]|[[2825.1480807147805, 0.0, 2061.852601572974], [0.0, 2850.606508156248, 1458.5627645450384], [0.0, 0.0, 1.0]]
87|87|6|Snook|0.455|0.41478063345120403|1.9573949575424194|2075.289901496544;1386.1680046167253|38|[-0.03086426481604576, -0.09721814841032028, 0.0]|[0.02015918307006359, 0.024367349222302437, 0.9994997978210449]|[[2825.1480807147805, 0.0, 2061.852601572974], [0.0, 2850.606508156248, 1458.5627645450384], [0.0, 0.0, 1.0]]
87|87|6|Snook|0.455|0.40470918138318|1.9130498170852661|2075.000868450664;1382.6589625516467|38|[-0.03086426481604576, -0.09721814841032028, 0.0]|[0.02015918307006359, 0.024367349222302437, 0.9994997978210449]|[[2825.1480807147805, 0.0, 2061.852601572974], [0.0, 2850.606508156248, 1458.5627645450384], [0.0, 0.0, 1.0]]
87|87|6|Snook|0.455|0.4070691073187886|1.9249625205993652|2073.7056842634925;1384.0294083493704|38|[-0.03086426481604576, -0.09721814841032028, 0.0]|[0.02015918307006359, 0.024367349222302437, 0.9994997978210449]|[[2825.1480807147805, 0.0, 2061.852601572974], [0.0, 2850.606508156248, 1458.5627645450384], [0.0, 0.0, 1.0]]
87|87|6|Snook|0.455|0.40866809552401545|1.928504228591919|2074.385023432631;1384.1077158098506|38|[-0.03086426481604576, -0.09721814841032028, 0.0]|[0.02015918307006359, 0.024367349222302437, 0.9994997978210449]|[[2825.1480807147805, 0.0, 2061.852601572974], [0.0, 2850.606508156248, 1458.5627645450384], [0.0, 0.0, 1.0]]
87|87|6|Snook|0.455|0.39326092076903924|1.9758599996566772|2074.7252619324795;1387.7916181606518|38|[-0.03086426481604576, -0.09721814841032028, 0.0]|[0.02015918307006359, 0.024367349222302437, 0.9994997978210449]|[[2825.1480807147805, 0.0, 2061.852601572974], [0.0, 2850.606508156248, 1458.5627645450384], [0.0, 0.0, 1.0]]
87|87|6|Snook|0.455|0.3859146414842376|1.9406911134719849|2072.7814537367594;1385.6268320850277|38|[-0.03086426481604576, -0.09721814841032028, 0.0]|[0.02015918307006359, 0.024367349222302437, 0.9994997978210449]|[[2825.1480807147805, 0.0, 2061.852601572974], [0.0, 2850.606508156248, 1458.5627645450384], [0.0, 0.0, 1.0]]
87|87|6|Snook|0.455|0.3802907390369524|1.916832685470581|2074.0292739933257;1383.260711750798|38|[-0.03086426481604576, -0.09721814841032028, 0.0]|[0.02015918307006359, 0.024367349222302437, 0.9994997978210449]|[[2825.1480807147805, 0.0, 2061.852601572974], [0.0, 2850.606508156248, 1458.5627645450384], [0.0, 0.0, 1.0]]
87|87|6|Snook|0.455|0.39020085684192973|1.9533897638320923|2073.47702439233;1386.418878650092|38|[-0.03086426481604576, -0.09721814841032028, 0.0]|[0.02015918307006359, 0.024367349222302437, 0.9994997978210449]|[[2825.1480807147805, 0.0, 2061.852601572974], [0.0, 2850.606508156248, 1458.5627645450384], [0.0, 0.0, 1.0]]
87|87|6|Snook|0.455|0.3913942002118607|1.9477698802947998|2073.913641141222;1385.8266260603912|38|[-0.03086426481604576, -0.09721814841032028, 0.0]|[0.02015918307006359, 0.024367349222302437, 0.9994997978210449]|[[2825.1480807147805, 0.0, 2061.852601572974], [0.0, 2850.606508156248, 1458.5627645450384], [0.0, 0.0, 1.0]]
87|87|6|Snook|0.455|0.38543521805577513|1.9163178205490112|2074.384915665114;1383.1086811810108|38|[-0.03086426481604576, -0.09721814841032028, 0.0]|[0.02015918307006359, 0.024367349222302437, 0.9994997978210449]|[[2825.1480807147805, 0.0, 2061.852601572974], [0.0, 2850.606508156248, 1458.5627645450384], [0.0, 0.0, 1.0]]
87|87|6|Snook|0.455|0.38484327081804837|1.9148038625717163|2073.1853953694153;1383.3647727913853|38|[-0.03086426481604576, -0.09721814841032028, 0.0]|[0.02015918307006359, 0.024367349222302437, 0.9994997978210449]|[[2825.1480807147805, 0.0, 2061.852601572974], [0.0, 2850.606508156248, 1458.5627645450384], [0.0, 0.0, 1.0]]
87|87|6|Snook|0.455|0.3864128880842462|1.9203455448150635|2073.4528908978077;1383.730031025881|38|[-0.03086426481604576, -0.09721814841032028, 0.0]|[0.02015918307006359, 0.024367349222302437, 0.9994997978210449]|[[2825.1480807147805, 0.0, 2061.852601572974], [0.0, 2850.606508156248, 1458.5627645450384], [0.0, 0.0, 1.0]]
87|87|6|Snook|0.455|0.38527209866505135|1.9198479652404785|2074.4747939201748;1383.3685918211197|38|[-0.03086426481604576, -0.09721814841032028, 0.0]|[0.02015918307006359, 0.024367349222302437, 0.9994997978210449]|[[2825.1480807147805, 0.0, 2061.852601572974], [0.0, 2850.606508156248, 1458.5627645450384], [0.0, 0.0, 1.0]]
87|87|6|Snook|0.455|0.38561380868422845|1.9126992225646973|2074.043173250435;1382.9222762275492|38|[-0.03086426481604576, -0.09721814841032028, 0.0]|[0.02015918307006359, 0.024367349222302437, 0.9994997978210449]|[[2825.1480807147805, 0.0, 2061.852601572974], [0.0, 2850.606508156248, 1458.5627645450384], [0.0, 0.0, 1.0]]
87|87|6|Snook|0.455|0.38630469012420016|1.9189807176589966|2073.817186042163;1383.5104578789303|38|[-0.03086426481604576, -0.09721814841032028, 0.0]|[0.02015918307006359, 0.024367349222302437, 0.9994997978210449]|[[2825.1480807147805, 0.0, 2061.852601572974], [0.0, 2850.606508156248, 1458.5627645450384], [0.0, 0.0, 1.0]]
87|87|6|Snook|0.455|0.3925187349131339|1.9472382068634033|2075.0010905219947;1385.448190868843|38|[-0.03086426481604576, -0.09721814841032028, 0.0]|[0.02015918307006359, 0.024367349222302437, 0.9994997978210449]|[[2825.1480807147805, 0.0, 2061.852601572974], [0.0, 2850.606508156248, 1458.5627645450384], [0.0, 0.0, 1.0]]
87|87|6|Snook|0.455|0.32657210316771174|1.9379888772964478|2072.843905019421;1385.3840219965348|38|[-0.03086426481604576, -0.09721814841032028, 0.0]|[0.02015918307006359, 0.024367349222302437, 0.9994997978210449]|[[2825.1480807147805, 0.0, 2061.852601572974], [0.0, 2850.606508156248, 1458.5627645450384], [0.0, 0.0, 1.0]]
87|87|6|Snook|0.455|0.3249772355811493|1.9334089756011963|2073.139776383832;1384.9154188886353|38|[-0.03086426481604576, -0.09721814841032028, 0.0]|[0.02015918307006359, 0.024367349222302437, 0.9994997978210449]|[[2825.1480807147805, 0.0, 2061.852601572974], [0.0, 2850.606508156248, 1458.5627645450384], [0.0, 0.0, 1.0]]
87|87|6|Snook|0.455|0.32263583986628297|1.9368767738342285|2075.535833721984;1384.4463835199315|38|[-0.03086426481604576, -0.09721814841032028, 0.0]|[0.02015918307006359, 0.024367349222302437, 0.9994997978210449]|[[2825.1480807147805, 0.0, 2061.852601572974], [0.0, 2850.606508156248, 1458.5627645450384], [0.0, 0.0, 1.0]]
87|87|6|Snook|0.455|0.3283586475938256|1.9535926580429077|2074.207453134603;1386.2021417207468|38|[-0.03086426481604576, -0.09721814841032028, 0.0]|[0.02015918307006359, 0.024367349222302437, 0.9994997978210449]|[[2825.1480807147805, 0.0, 2061.852601572974], [0.0, 2850.606508156248, 1458.5627645450384], [0.0, 0.0, 1.0]]
87|87|6|Snook|0.455|0.3312211780436799|1.9708456993103027|2074.1361296189734;1387.585221994107|38|[-0.03086426481604576, -0.09721814841032028, 0.0]|[0.02015918307006359, 0.024367349222302437, 0.9994997978210449]|[[2825.1480807147805, 0.0, 2061.852601572974], [0.0, 2850.606508156248, 1458.5627645450384], [0.0, 0.0, 1.0]]
87|87|6|Snook|0.455|0.32127250916870037|1.9284532070159912|2074.7396984311263;1383.997858752853|38|[-0.03086426481604576, -0.09721814841032028, 0.0]|[0.02015918307006359, 0.024367349222302437, 0.9994997978210449]|[[2825.1480807147805, 0.0, 2061.852601572974], [0.0, 2850.606508156248, 1458.5627645450384], [0.0, 0.0, 1.0]]
87|87|6|Snook|0.455|0.3240349271742527|1.9425368309020996|2073.572736304832;1385.5159350367273|38|[-0.03086426481604576, -0.09721814841032028, 0.0]|[0.02015918307006359, 0.024367349222302437, 0.9994997978210449]|[[2825.1480807147805, 0.0, 2061.852601572974], [0.0, 2850.606508156248, 1458.5627645450384], [0.0, 0.0, 1.0]]
87|87|6|Snook|0.455|0.32470642031402414|1.9536848068237305|2075.230985286273;1385.8864707538055|38|[-0.03086426481604576, -0.09721814841032028, 0.0]|[0.02015918307006359, 0.024367349222302437, 0.9994997978210449]|[[2825.1480807147805, 0.0, 2061.852601572974], [0.0, 2850.606508156248, 1458.5627645450384], [0.0, 0.0, 1.0]]
87|87|6|Snook|0.455|0.32510022507055647|1.9489582777023315|2072.755546274008;1386.3081605190423|38|[-0.03086426481604576, -0.09721814841032028, 0.0]|[0.02015918307006359, 0.024367349222302437, 0.9994997978210449]|[[2825.1480807147805, 0.0, 2061.852601572974], [0.0, 2850.606508156248, 1458.5627645450384], [0.0, 0.0, 1.0]]
87|87|6|Snook|0.455|0.3261052717083448|1.962936520576477|2073.8552513177365;1387.0479014171779|38|[-0.03086426481604576, -0.09721814841032028, 0.0]|[0.02015918307006359, 0.024367349222302437, 0.9994997978210449]|[[2825.1480807147805, 0.0, 2061.852601572974], [0.0, 2850.606508156248, 1458.5627645450384], [0.0, 0.0, 1.0]]
87|87|6|Snook|0.455|0.32678696086519615|1.9668275117874146|2074.3464586943746;1387.1989397349278|38|[-0.03086426481604576, -0.09721814841032028, 0.0]|[0.02015918307006359, 0.024367349222302437, 0.9994997978210449]|[[2825.1480807147805, 0.0, 2061.852601572974], [0.0, 2850.606508156248, 1458.5627645450384], [0.0, 0.0, 1.0]]
87|87|6|Snook|0.455|0.2889185755254979|1.954306960105896|2074.380862068119;1386.1990260461266|38|[-0.03086426481604576, -0.09721814841032028, 0.0]|[0.02015918307006359, 0.024367349222302437, 0.9994997978210449]|[[2825.1480807147805, 0.0, 2061.852601572974], [0.0, 2850.606508156248, 1458.5627645450384], [0.0, 0.0, 1.0]]
87|87|6|Snook|0.455|0.2887804581421706|1.9545124769210815|2074.384915665114;1386.2154304053633|38|[-0.03086426481604576, -0.09721814841032028, 0.0]|[0.02015918307006359, 0.024367349222302437, 0.9994997978210449]|[[2825.1480807147805, 0.0, 2061.852601572974], [0.0, 2850.606508156248, 1458.5627645450384], [0.0, 0.0, 1.0]]
87|87|6|Snook|0.455|0.28949276761237813|1.9621039628982544|2073.4528908978077;1387.1192119979025|38|[-0.03086426481604576, -0.09721814841032028, 0.0]|[0.02015918307006359, 0.024367349222302437, 0.9994997978210449]|[[2825.1480807147805, 0.0, 2061.852601572974], [0.0, 2850.606508156248, 1458.5627645450384], [0.0, 0.0, 1.0]]
87|87|6|Snook|0.455|0.28368259376138294|1.9199360609054565|2073.5684194468236;1383.6594178098671|38|[-0.03086426481604576, -0.09721814841032028, 0.0]|[0.02015918307006359, 0.024367349222302437, 0.9994997978210449]|[[2825.1480807147805, 0.0, 2061.852601572974], [0.0, 2850.606508156248, 1458.5627645450384], [0.0, 0.0, 1.0]]
87|87|6|Snook|0.455|0.28673910529254387|1.945542573928833|2076.861922301933;1384.7616500122947|38|[-0.03086426481604576, -0.09721814841032028, 0.0]|[0.02015918307006359, 0.024367349222302437, 0.9994997978210449]|[[2825.1480807147805, 0.0, 2061.852601572974], [0.0, 2850.606508156248, 1458.5627645450384], [0.0, 0.0, 1.0]]
87|87|6|Snook|0.455|0.2919672294545469|1.959808588027954|2073.882445900058;1386.8059176497932|38|[-0.03086426481604576, -0.09721814841032028, 0.0]|[0.02015918307006359, 0.024367349222302437, 0.9994997978210449]|[[2825.1480807147805, 0.0, 2061.852601572974], [0.0, 2850.606508156248, 1458.5627645450384], [0.0, 0.0, 1.0]]
87|87|6|Snook|0.455|0.28969051795640116|1.958706021308899|2073.5908013287803;1386.808559827921|38|[-0.03086426481604576, -0.09721814841032028, 0.0]|[0.02015918307006359, 0.024367349222302437, 0.9994997978210449]|[[2825.1480807147805, 0.0, 2061.852601572974], [0.0, 2850.606508156248, 1458.5627645450384], [0.0, 0.0, 1.0]]
87|87|6|Snook|0.455|0.2899572397390602|1.9496475458145142|2074.421858579016;1385.8198850209558|38|[-0.03086426481604576, -0.09721814841032028, 0.0]|[0.02015918307006359, 0.024367349222302437, 0.9994997978210449]|[[2825.1480807147805, 0.0, 2061.852601572974], [0.0, 2850.606508156248, 1458.5627645450384], [0.0, 0.0, 1.0]]
87|87|6|Snook|0.455|0.286768927843761|1.9232796430587769|2074.5085617803406;1383.6536407710648|38|[-0.03086426481604576, -0.09721814841032028, 0.0]|[0.02015918307006359, 0.024367349222302437, 0.9994997978210449]|[[2825.1480807147805, 0.0, 2061.852601572974], [0.0, 2850.606508156248, 1458.5627645450384], [0.0, 0.0, 1.0]]
87|87|6|Snook|0.455|0.28957337389129917|1.9502027034759521|2073.3414379530964;1386.2113432710617|38|[-0.03086426481604576, -0.09721814841032028, 0.0]|[0.02015918307006359, 0.024367349222302437, 0.9994997978210449]|[[2825.1480807147805, 0.0, 2061.852601572974], [0.0, 2850.606508156248, 1458.5627645450384], [0.0, 0.0, 1.0]]
87|87|6|Snook|0.455|0.28953038996237784|1.9556218385696411|2073.4843576630096;1386.6012665720154|38|[-0.03086426481604576, -0.09721814841032028, 0.0]|[0.02015918307006359, 0.024367349222302437, 0.9994997978210449]|[[2825.1480807147805, 0.0, 2061.852601572974], [0.0, 2850.606508156248, 1458.5627645450384], [0.0, 0.0, 1.0]]
87|87|6|Snook|0.455|0.310648945140043|2.068657398223877|2079.083859230166;1393.375357156857|38|[-0.03086426481604576, -0.09721814841032028, 0.0]|[0.02015918307006359, 0.024367349222302437, 0.9994997978210449]|[[2825.1480807147805, 0.0, 2061.852601572974], [0.0, 2850.606508156248, 1458.5627645450384], [0.0, 0.0, 1.0]]
87|87|6|Snook|0.455|0.30997819883727|2.0709381103515625|2077.506960600958;1394.0024131805683|38|[-0.03086426481604576, -0.09721814841032028, 0.0]|[0.02015918307006359, 0.024367349222302437, 0.9994997978210449]|[[2825.1480807147805, 0.0, 2061.852601572974], [0.0, 2850.606508156248, 1458.5627645450384], [0.0, 0.0, 1.0]]
87|87|6|Snook|0.455|0.2927721964439281|1.939906358718872|2074.906051264908;1384.8853542381084|38|[-0.03086426481604576, -0.09721814841032028, 0.0]|[0.02015918307006359, 0.024367349222302437, 0.9994997978210449]|[[2825.1480807147805, 0.0, 2061.852601572974], [0.0, 2850.606508156248, 1458.5627645450384], [0.0, 0.0, 1.0]]
87|87|6|Snook|0.455|0.2903421058925839|1.9413961172103882|2073.1705363775723;1385.5535309945565|38|[-0.03086426481604576, -0.09721814841032028, 0.0]|[0.02015918307006359, 0.024367349222302437, 0.9994997978210449]|[[2825.1480807147805, 0.0, 2061.852601572974], [0.0, 2850.606508156248, 1458.5627645450384], [0.0, 0.0, 1.0]]
87|87|6|Snook|0.455|0.29159095748670305|1.9341094493865967|2072.5729078235922;1385.1625223160895|38|[-0.03086426481604576, -0.09721814841032028, 0.0]|[0.02015918307006359, 0.024367349222302437, 0.9994997978210449]|[[2825.1480807147805, 0.0, 2061.852601572974], [0.0, 2850.606508156248, 1458.5627645450384], [0.0, 0.0, 1.0]]
87|87|6|Snook|0.455|0.2922577357966524|1.9396775960922241|2073.8578250201435;1385.1998653000633|38|[-0.03086426481604576, -0.09721814841032028, 0.0]|[0.02015918307006359, 0.024367349222302437, 0.9994997978210449]|[[2825.1480807147805, 0.0, 2061.852601572974], [0.0, 2850.606508156248, 1458.5627645450384], [0.0, 0.0, 1.0]]
87|87|6|Snook|0.455|0.29182953916215587|1.9372371435165405|2075.1404115679334;1384.5985533070548|38|[-0.03086426481604576, -0.09721814841032028, 0.0]|[0.02015918307006359, 0.024367349222302437, 0.9994997978210449]|[[2825.1480807147805, 0.0, 2061.852601572974], [0.0, 2850.606508156248, 1458.5627645450384], [0.0, 0.0, 1.0]]
87|87|6|Snook|0.455|0.2904135403478232|1.924135446548462|2074.4370925934454;1383.740933196606|38|[-0.03086426481604576, -0.09721814841032028, 0.0]|[0.02015918307006359, 0.024367349222302437, 0.9994997978210449]|[[2825.1480807147805, 0.0, 2061.852601572974], [0.0, 2850.606508156248, 1458.5627645450384], [0.0, 0.0, 1.0]]
87|87|6|Snook|0.455|0.30639115149203827|2.027289390563965|2079.083859230166;1390.3980937063861|38|[-0.03086426481604576, -0.09721814841032028, 0.0]|[0.02015918307006359, 0.024367349222302437, 0.9994997978210449]|[[2825.1480807147805, 0.0, 2061.852601572974], [0.0, 2850.606508156248, 1458.5627645450384], [0.0, 0.0, 1.0]]
87|87|6|Snook|0.455|0.2962483642099454|1.9579709768295288|2074.160281089969;1386.5606017573305|38|[-0.03086426481604576, -0.09721814841032028, 0.0]|[0.02015918307006359, 0.024367349222302437, 0.9994997978210449]|[[2825.1480807147805, 0.0, 2061.852601572974], [0.0, 2850.606508156248, 1458.5627645450384], [0.0, 0.0, 1.0]]
87|87|6|Snook|0.455|0.29629795851946533|1.9610356092453003|2074.1321566821134;1386.820718209421|38|[-0.03086426481604576, -0.09721814841032028, 0.0]|[0.02015918307006359, 0.024367349222302437, 0.9994997978210449]|[[2825.1480807147805, 0.0, 2061.852601572974], [0.0, 2850.606508156248, 1458.5627645450384], [0.0, 0.0, 1.0]]
87|87|6|Snook|0.455|0.2949535909207774|1.9518499374389648|2071.8995162856318;1386.8367802502341|38|[-0.03086426481604576, -0.09721814841032028, 0.0]|[0.02015918307006359, 0.024367349222302437, 0.9994997978210449]|[[2825.1480807147805, 0.0, 2061.852601572974], [0.0, 2850.606508156248, 1458.5627645450384], [0.0, 0.0, 1.0]]
87|87|6|Snook|0.455|0.4591771208445388|4.220671653747559|2097.6660817495663;1462.5573436897241|38|[-0.03086426481604576, -0.09721814841032028, 0.0]|[0.02015918307006359, 0.024367349222302437, 0.9994997978210449]|[[2825.1480807147805, 0.0, 2061.852601572974], [0.0, 2850.606508156248, 1458.5627645450384], [0.0, 0.0, 1.0]]
87|87|6|Snook|0.455|0.45980027259930106|4.196010112762451|2097.085930447261;1462.3141777020317|38|[-0.03086426481604576, -0.09721814841032028, 0.0]|[0.02015918307006359, 0.024367349222302437, 0.9994997978210449]|[[2825.1480807147805, 0.0, 2061.852601572974], [0.0, 2850.606508156248, 1458.5627645450384], [0.0, 0.0, 1.0]]
87|87|6|Snook|0.455|0.44685238336305183|4.07982873916626|2096.77072082489;1460.338929078888|38|[-0.03086426481604576, -0.09721814841032028, 0.0]|[0.02015918307006359, 0.024367349222302437, 0.9994997978210449]|[[2825.1480807147805, 0.0, 2061.852601572974], [0.0, 2850.606508156248, 1458.5627645450384], [0.0, 0.0, 1.0]]
87|87|6|Snook|0.455|0.435929768103188|3.981497287750244|2096.331057100846;1458.6327537498908|38|[-0.03086426481604576, -0.09721814841032028, 0.0]|[0.02015918307006359, 0.024367349222302437, 0.9994997978210449]|[[2825.1480807147805, 0.0, 2061.852601572974], [0.0, 2850.606508156248, 1458.5627645450384], [0.0, 0.0, 1.0]]
87|87|6|Snook|0.455|0.4587985681754465|4.189307689666748|2097.1978839456333;1462.1744866849324|38|[-0.03086426481604576, -0.09721814841032028, 0.0]|[0.02015918307006359, 0.024367349222302437, 0.9994997978210449]|[[2825.1480807147805, 0.0, 2061.852601572974], [0.0, 2850.606508156248, 1458.5627645450384], [0.0, 0.0, 1.0]]
87|87|6|Snook|0.455|0.4638779591919564|4.238132476806641|2097.4768149587085;1462.9121205125377|38|[-0.03086426481604576, -0.09721814841032028, 0.0]|[0.02015918307006359, 0.024367349222302437, 0.9994997978210449]|[[2825.1480807147805, 0.0, 2061.852601572974], [0.0, 2850.606508156248, 1458.5627645450384], [0.0, 0.0, 1.0]]
87|87|6|Snook|0.455|0.4555668822217094|4.172616004943848|2097.636730573945;1461.7400452328889|38|[-0.03086426481604576, -0.09721814841032028, 0.0]|[0.02015918307006359, 0.024367349222302437, 0.9994997978210449]|[[2825.1480807147805, 0.0, 2061.852601572974], [0.0, 2850.606508156248, 1458.5627645450384], [0.0, 0.0, 1.0]]
87|87|6|Snook|0.455|0.46455044262893225|4.215599536895752|2097.4612245321878;1462.5328836372416|38|[-0.03086426481604576, -0.09721814841032028, 0.0]|[0.02015918307006359, 0.024367349222302437, 0.9994997978210449]|[[2825.1480807147805, 0.0, 2061.852601572974], [0.0, 2850.606508156248, 1458.5627645450384], [0.0, 0.0, 1.0]]
87|87|6|Snook|0.455|0.45525277132163644|4.172144412994385|2098.3090635531285;1461.518005524177|38|[-0.03086426481604576, -0.09721814841032028, 0.0]|[0.02015918307006359, 0.024367349222302437, 0.9994997978210449]|[[2825.1480807147805, 0.0, 2061.852601572974], [0.0, 2850.606508156248, 1458.5627645450384], [0.0, 0.0, 1.0]]
87|87|6|Snook|0.455|0.45258111866796696|4.162428855895996|2097.1198809305697;1461.7129340323468|38|[-0.03086426481604576, -0.09721814841032028, 0.0]|[0.02015918307006359, 0.024367349222302437, 0.9994997978210449]|[[2825.1480807147805, 0.0, 2061.852601572974], [0.0, 2850.606508156248, 1458.5627645450384], [0.0, 0.0, 1.0]]
87|87|6|Snook|0.455|0.43199094155962375|3.9795687198638916|2096.578478146883;1458.5069400501075|38|[-0.03086426481604576, -0.09721814841032028, 0.0]|[0.02015918307006359, 0.024367349222302437, 0.9994997978210449]|[[2825.1480807147805, 0.0, 2061.852601572974], [0.0, 2850.606508156248, 1458.5627645450384], [0.0, 0.0, 1.0]]
87|87|6|Snook|0.455|0.4576460279139684|4.213538646697998|2097.165655255554;1462.5892614789|38|[-0.03086426481604576, -0.09721814841032028, 0.0]|[0.02015918307006359, 0.024367349222302437, 0.9994997978210449]|[[2825.1480807147805, 0.0, 2061.852601572974], [0.0, 2850.606508156248, 1458.5627645450384], [0.0, 0.0, 1.0]]
87|87|6|Snook|0.455|0.4573290580264032|4.185527801513672|2096.9644158972615;1462.1833881986804|38|[-0.03086426481604576, -0.09721814841032028, 0.0]|[0.02015918307006359, 0.024367349222302437, 0.9994997978210449]|[[2825.1480807147805, 0.0, 2061.852601572974], [0.0, 2850.606508156248, 1458.5627645450384], [0.0, 0.0, 1.0]]
87|87|6|Snook|0.455|0.4486219039522779|4.132363319396973|2097.9611050097346;1460.91720450585|38|[-0.03086426481604576, -0.09721814841032028, 0.0]|[0.02015918307006359, 0.024367349222302437, 0.9994997978210449]|[[2825.1480807147805, 0.0, 2061.852601572974], [0.0, 2850.606508156248, 1458.5627645450384], [0.0, 0.0, 1.0]]
87|87|6|Snook|0.455|0.44619084203314546|4.103773593902588|2097.444928693652;1460.5454477655628|38|[-0.03086426481604576, -0.09721814841032028, 0.0]|[0.02015918307006359, 0.024367349222302437, 0.9994997978210449]|[[2825.1480807147805, 0.0, 2061.852601572974], [0.0, 2850.606508156248, 1458.5627645450384], [0.0, 0.0, 1.0]]
87|87|6|Snook|0.455|0.4314882485273013|3.9882969856262207|2096.672428024069;1458.6575432810714|38|[-0.03086426481604576, -0.09721814841032028, 0.0]|[0.02015918307006359, 0.024367349222302437, 0.9994997978210449]|[[2825.1480807147805, 0.0, 2061.852601572974], [0.0, 2850.606508156248, 1458.5627645450384], [0.0, 0.0, 1.0]]
87|87|6|Snook|0.455|0.43364718740543245|4.006431579589844|2096.2691711802167;1459.1258238150815|38|[-0.03086426481604576, -0.09721814841032028, 0.0]|[0.02015918307006359, 0.024367349222302437, 0.9994997978210449]|[[2825.1480807147805, 0.0, 2061.852601572974], [0.0, 2850.606508156248, 1458.5627645450384], [0.0, 0.0, 1.0]]
87|87|6|Snook|0.455|0.4415796113644167|4.084553241729736|2096.233704291681;1460.6245833491216|38|[-0.03086426481604576, -0.09721814841032028, 0.0]|[0.02015918307006359, 0.024367349222302437, 0.9994997978210449]|[[2825.1480807147805, 0.0, 2061.852601572974], [0.0, 2850.606508156248, 1458.5627645450384], [0.0, 0.0, 1.0]]
87|87|6|Snook|0.455|0.45474582681019027|4.193727493286133|2096.414198621362;1462.5395119257746|38|[-0.03086426481604576, -0.09721814841032028, 0.0]|[0.02015918307006359, 0.024367349222302437, 0.9994997978210449]|[[2825.1480807147805, 0.0, 2061.852601572974], [0.0, 2850.606508156248, 1458.5627645450384], [0.0, 0.0, 1.0]]
87|87|6|Snook|0.455|0.448797478743795|4.1329426765441895|2096.9724149167023;1461.252852398208|38|[-0.03086426481604576, -0.09721814841032028, 0.0]|[0.02015918307006359, 0.024367349222302437, 0.9994997978210449]|[[2825.1480807147805, 0.0, 2061.852601572974], [0.0, 2850.606508156248, 1458.5627645450384], [0.0, 0.0, 1.0]]
87|87|6|Snook|0.455|0.4399550858880608|4.063246250152588|2096.3186151671875;1460.1907944932677|38|[-0.03086426481604576, -0.09721814841032028, 0.0]|[0.02015918307006359, 0.024367349222302437, 0.9994997978210449]|[[2825.1480807147805, 0.0, 2061.852601572974], [0.0, 2850.606508156248, 1458.5627645450384], [0.0, 0.0, 1.0]]
87|87|6|Snook|0.455|0.46074121142755436|4.238020896911621|2097.462226501;1462.9334418487156|38|[-0.03086426481604576, -0.09721814841032028, 0.0]|[0.02015918307006359, 0.024367349222302437, 0.9994997978210449]|[[2825.1480807147805, 0.0, 2061.852601572974], [0.0, 2850.606508156248, 1458.5627645450384], [0.0, 0.0, 1.0]]
87|87|6|Snook|0.455|0.44583313773289807|4.118051528930664|2097.0121101157492;1460.9585249912857|38|[-0.03086426481604576, -0.09721814841032028, 0.0]|[0.02015918307006359, 0.024367349222302437, 0.9994997978210449]|[[2825.1480807147805, 0.0, 2061.852601572974], [0.0, 2850.606508156248, 1458.5627645450384], [0.0, 0.0, 1.0]]
87|87|6|Snook|0.455|0.4527226935371611|4.153893947601318|2096.8535675627745;1461.6723970576547|38|[-0.03086426481604576, -0.09721814841032028, 0.0]|[0.02015918307006359, 0.024367349222302437, 0.9994997978210449]|[[2825.1480807147805, 0.0, 2061.852601572974], [0.0, 2850.606508156248, 1458.5627645450384], [0.0, 0.0, 1.0]]
87|87|6|Snook|0.455|0.4465224666595485|4.140330791473389|2096.4814814814813;1461.5679012345677|38|[-0.03086426481604576, -0.09721814841032028, 0.0]|[0.02015918307006359, 0.024367349222302437, 0.9994997978210449]|[[2825.1480807147805, 0.0, 2061.852601572974], [0.0, 2850.606508156248, 1458.5627645450384], [0.0, 0.0, 1.0]]
87|87|6|Snook|0.455|0.43996609994412794|4.0583062171936035|2096.949750644476;1459.895117462727|38|[-0.03086426481604576, -0.09721814841032028, 0.0]|[0.02015918307006359, 0.024367349222302437, 0.9994997978210449]|[[2825.1480807147805, 0.0, 2061.852601572974], [0.0, 2850.606508156248, 1458.5627645450384], [0.0, 0.0, 1.0]]
87|87|6|Snook|0.455|0.41434439332773904|4.204761028289795|2098.111938830412;1462.1277468857745|38|[-0.03086426481604576, -0.09721814841032028, 0.0]|[0.02015918307006359, 0.024367349222302437, 0.9994997978210449]|[[2825.1480807147805, 0.0, 2061.852601572974], [0.0, 2850.606508156248, 1458.5627645450384], [0.0, 0.0, 1.0]]
87|87|6|Snook|0.455|0.4145512236294575|4.193236827850342|2099.120779076598;1461.6217138681109|38|[-0.03086426481604576, -0.09721814841032028, 0.0]|[0.02015918307006359, 0.024367349222302437, 0.9994997978210449]|[[2825.1480807147805, 0.0, 2061.852601572974], [0.0, 2850.606508156248, 1458.5627645450384], [0.0, 0.0, 1.0]]
87|87|6|Snook|0.455|0.4121091182149801|4.19728422164917|2098.5703069745377;1461.8749109029188|38|[-0.03086426481604576, -0.09721814841032028, 0.0]|[0.02015918307006359, 0.024367349222302437, 0.9994997978210449]|[[2825.1480807147805, 0.0, 2061.852601572974], [0.0, 2850.606508156248, 1458.5627645450384], [0.0, 0.0, 1.0]]
87|87|6|Snook|0.455|0.40897522494150496|4.165789604187012|2096.9468940448733;1461.8549392148561|38|[-0.03086426481604576, -0.09721814841032028, 0.0]|[0.02015918307006359, 0.024367349222302437, 0.9994997978210449]|[[2825.1480807147805, 0.0, 2061.852601572974], [0.0, 2850.606508156248, 1458.5627645450384], [0.0, 0.0, 1.0]]
87|87|6|Snook|0.455|0.40728843040552143|4.0985612869262695|2099.167887228678;1459.972687788776|38|[-0.03086426481604576, -0.09721814841032028, 0.0]|[0.02015918307006359, 0.024367349222302437, 0.9994997978210449]|[[2825.1480807147805, 0.0, 2061.852601572974], [0.0, 2850.606508156248, 1458.5627645450384], [0.0, 0.0, 1.0]]
87|87|6|Snook|0.455|0.4160821897845325|4.199080944061279|2098.1091511868435;1462.0505666545937|38|[-0.03086426481604576, -0.09721814841032028, 0.0]|[0.02015918307006359, 0.024367349222302437, 0.9994997978210449]|[[2825.1480807147805, 0.0, 2061.852601572974], [0.0, 2850.606508156248, 1458.5627645450384], [0.0, 0.0, 1.0]]
87|87|6|Snook|0.455|0.41113894139948937|4.195364475250244|2098.4445411450756;1461.8751087882074|38|[-0.03086426481604576, -0.09721814841032028, 0.0]|[0.02015918307006359, 0.024367349222302437, 0.9994997978210449]|[[2825.1480807147805, 0.0, 2061.852601572974], [0.0, 2850.606508156248, 1458.5627645450384], [0.0, 0.0, 1.0]]
87|87|6|Snook|0.455|0.4108416473773531|4.12762975692749|2098.2298578523587;1460.7568712990947|38|[-0.03086426481604576, -0.09721814841032028, 0.0]|[0.02015918307006359, 0.024367349222302437, 0.9994997978210449]|[[2825.1480807147805, 0.0, 2061.852601572974], [0.0, 2850.606508156248, 1458.5627645450384], [0.0, 0.0, 1.0]]
87|87|6|Snook|0.455|0.41570268237817165|4.174562931060791|2098.9494956334975;1461.358200878725|38|[-0.03086426481604576, -0.09721814841032028, 0.0]|[0.02015918307006359, 0.024367349222302437, 0.9994997978210449]|[[2825.1480807147805, 0.0, 2061.852601572974], [0.0, 2850.606508156248, 1458.5627645450384], [0.0, 0.0, 1.0]]
87|87|6|Snook|0.455|0.38605854014943525|4.1019721031188965|2097.6714576349773;1460.4622567148137|38|[-0.03086426481604576, -0.09721814841032028, 0.0]|[0.02015918307006359, 0.024367349222302437, 0.9994997978210449]|[[2825.1480807147805, 0.0, 2061.852601572974], [0.0, 2850.606508156248, 1458.5627645450384], [0.0, 0.0, 1.0]]
87|87|6|Snook|0.455|0.3956607113451699|4.180363655090332|2098.1236518913925;1461.711602712053|38|[-0.03086426481604576, -0.09721814841032028, 0.0]|[0.02015918307006359, 0.024367349222302437, 0.9994997978210449]|[[2825.1480807147805, 0.0, 2061.852601572974], [0.0, 2850.606508156248, 1458.5627645450384], [0.0, 0.0, 1.0]]
87|87|6|Snook|0.455|0.3831930243441443|4.052602291107178|2097.637343832182;1459.553439923827|38|[-0.03086426481604576, -0.09721814841032028, 0.0]|[0.02015918307006359, 0.024367349222302437, 0.9994997978210449]|[[2825.1480807147805, 0.0, 2061.852601572974], [0.0, 2850.606508156248, 1458.5627645450384], [0.0, 0.0, 1.0]]
87|87|6|Snook|0.455|0.3974467513473711|4.190555095672607|2097.3744834097142;1462.1256668985213|38|[-0.03086426481604576, -0.09721814841032028, 0.0]|[0.02015918307006359, 0.024367349222302437, 0.9994997978210449]|[[2825.1480807147805, 0.0, 2061.852601572974], [0.0, 2850.606508156248, 1458.5627645450384], [0.0, 0.0, 1.0]]
87|87|6|Snook|0.455|0.39851979402053217|4.241183757781982|2098.242554407797;1462.7037611381204|38|[-0.03086426481604576, -0.09721814841032028, 0.0]|[0.02015918307006359, 0.024367349222302437, 0.9994997978210449]|[[2825.1480807147805, 0.0, 2061.852601572974], [0.0, 2850.606508156248, 1458.5627645450384], [0.0, 0.0, 1.0]]
87|87|6|Snook|0.455|0.4017094859853479|4.198416233062744|2097.3814356278717;1462.2659146631509|38|[-0.03086426481604576, -0.09721814841032028, 0.0]|[0.02015918307006359, 0.024367349222302437, 0.9994997978210449]|[[2825.1480807147805, 0.0, 2061.852601572974], [0.0, 2850.606508156248, 1458.5627645450384], [0.0, 0.0, 1.0]]
87|87|6|Snook|0.455|0.3944671969296934|4.108465194702148|2098.0421736990897;1460.4557348726826|38|[-0.03086426481604576, -0.09721814841032028, 0.0]|[0.02015918307006359, 0.024367349222302437, 0.9994997978210449]|[[2825.1480807147805, 0.0, 2061.852601572974], [0.0, 2850.606508156248, 1458.5627645450384], [0.0, 0.0, 1.0]]
87|87|6|Snook|0.455|0.40585801289569834|4.261928558349609|2098.5;1463.0000000000002|38|[-0.03086426481604576, -0.09721814841032028, 0.0]|[0.02015918307006359, 0.024367349222302437, 0.9994997978210449]|[[2825.1480807147805, 0.0, 2061.852601572974], [0.0, 2850.606508156248, 1458.5627645450384], [0.0, 0.0, 1.0]]
87|87|6|Snook|0.455|0.385492588990732|4.084447383880615|2097.0949606394593;1460.321767745874|38|[-0.03086426481604576, -0.09721814841032028, 0.0]|[0.02015918307006359, 0.024367349222302437, 0.9994997978210449]|[[2825.1480807147805, 0.0, 2061.852601572974], [0.0, 2850.606508156248, 1458.5627645450384], [0.0, 0.0, 1.0]]
87|87|6|Snook|0.455|0.3927408583297224|4.123453617095947|2098.1572983883325;1460.695999574062|38|[-0.03086426481604576, -0.09721814841032028, 0.0]|[0.02015918307006359, 0.024367349222302437, 0.9994997978210449]|[[2825.1480807147805, 0.0, 2061.852601572974], [0.0, 2850.606508156248, 1458.5627645450384], [0.0, 0.0, 1.0]]
87|87|6|Snook|0.455|0.3956477429146693|4.14930534362793|2099.5279462581157;1460.7509723820351|38|[-0.03086426481604576, -0.09721814841032028, 0.0]|[0.02015918307006359, 0.024367349222302437, 0.9994997978210449]|[[2825.1480807147805, 0.0, 2061.852601572974], [0.0, 2850.606508156248, 1458.5627645450384], [0.0, 0.0, 1.0]]
87|87|6|Snook|0.455|0.3909246047634649|4.098321437835693|2098.2754868174225;1460.1915829090667|38|[-0.03086426481604576, -0.09721814841032028, 0.0]|[0.02015918307006359, 0.024367349222302437, 0.9994997978210449]|[[2825.1480807147805, 0.0, 2061.852601572974], [0.0, 2850.606508156248, 1458.5627645450384], [0.0, 0.0, 1.0]]
87|87|6|Snook|0.455|0.395035457241099|4.153117656707764|2098.5393313007976;1461.087619363433|38|[-0.03086426481604576, -0.09721814841032028, 0.0]|[0.02015918307006359, 0.024367349222302437, 0.9994997978210449]|[[2825.1480807147805, 0.0, 2061.852601572974], [0.0, 2850.606508156248, 1458.5627645450384], [0.0, 0.0, 1.0]]
87|87|6|Snook|0.455|0.3866101454852977|4.04542875289917|2097.39364552492;1459.5101797364835|38|[-0.03086426481604576, -0.09721814841032028, 0.0]|[0.02015918307006359, 0.024367349222302437, 0.9994997978210449]|[[2825.1480807147805, 0.0, 2061.852601572974], [0.0, 2850.606508156248, 1458.5627645450384], [0.0, 0.0, 1.0]]
87|87|6|Snook|0.455|0.4041769652673983|4.212724685668945|2097.8612573621076;1462.365476917591|38|[-0.03086426481604576, -0.09721814841032028, 0.0]|[0.02015918307006359, 0.024367349222302437, 0.9994997978210449]|[[2825.1480807147805, 0.0, 2061.852601572974], [0.0, 2850.606508156248, 1458.5627645450384], [0.0, 0.0, 1.0]]
87|87|6|Snook|0.455|0.39496603561952764|4.144999980926514|2096.8584479977385;1461.494497796963|38|[-0.03086426481604576, -0.09721814841032028, 0.0]|[0.02015918307006359, 0.024367349222302437, 0.9994997978210449]|[[2825.1480807147805, 0.0, 2061.852601572974], [0.0, 2850.606508156248, 1458.5627645450384], [0.0, 0.0, 1.0]]
87|87|6|Snook|0.455|0.37864518178858625|4.049663543701172|2097.375322094494;1459.5786954349326|38|[-0.03086426481604576, -0.09721814841032028, 0.0]|[0.02015918307006359, 0.024367349222302437, 0.9994997978210449]|[[2825.1480807147805, 0.0, 2061.852601572974], [0.0, 2850.606508156248, 1458.5627645450384], [0.0, 0.0, 1.0]]
87|87|6|Snook|0.455|0.38404396779745065|4.0859270095825195|2097.638898383665;1460.1775995693938|38|[-0.03086426481604576, -0.09721814841032028, 0.0]|[0.02015918307006359, 0.024367349222302437, 0.9994997978210449]|[[2825.1480807147805, 0.0, 2061.852601572974], [0.0, 2850.606508156248, 1458.5627645450384], [0.0, 0.0, 1.0]]
87|87|6|Snook|0.455|0.3867790219348956|4.147768497467041|2098.7200465453257;1460.9501742378063|38|[-0.03086426481604576, -0.09721814841032028, 0.0]|[0.02015918307006359, 0.024367349222302437, 0.9994997978210449]|[[2825.1480807147805, 0.0, 2061.852601572974], [0.0, 2850.606508156248, 1458.5627645450384], [0.0, 0.0, 1.0]]
87|87|6|Snook|0.455|0.3866849993469839|4.124471664428711|2096.9756903845127;1461.0855808804265|38|[-0.03086426481604576, -0.09721814841032028, 0.0]|[0.02015918307006359, 0.024367349222302437, 0.9994997978210449]|[[2825.1480807147805, 0.0, 2061.852601572974], [0.0, 2850.606508156248, 1458.5627645450384], [0.0, 0.0, 1.0]]
87|87|6|Snook|0.455|0.3611131776845939|4.016478538513184|2095.5531954254434;1459.5859178792239|38|[-0.03086426481604576, -0.09721814841032028, 0.0]|[0.02015918307006359, 0.024367349222302437, 0.9994997978210449]|[[2825.1480807147805, 0.0, 2061.852601572974], [0.0, 2850.606508156248, 1458.5627645450384], [0.0, 0.0, 1.0]]
87|87|6|Snook|0.455|0.37647248451542226|4.247720241546631|2096.7862095210066;1463.3421879748178|38|[-0.03086426481604576, -0.09721814841032028, 0.0]|[0.02015918307006359, 0.024367349222302437, 0.9994997978210449]|[[2825.1480807147805, 0.0, 2061.852601572974], [0.0, 2850.606508156248, 1458.5627645450384], [0.0, 0.0, 1.0]]
87|87|6|Snook|0.455|0.35476570373962296|3.9565248489379883|2096.711434613277;1458.022493487684|38|[-0.03086426481604576, -0.09721814841032028, 0.0]|[0.02015918307006359, 0.024367349222302437, 0.9994997978210449]|[[2825.1480807147805, 0.0, 2061.852601572974], [0.0, 2850.606508156248, 1458.5627645450384], [0.0, 0.0, 1.0]]
87|87|6|Snook|0.455|0.3682060479526527|4.139869689941406|2096.337627299296;1461.5788399599567|38|[-0.03086426481604576, -0.09721814841032028, 0.0]|[0.02015918307006359, 0.024367349222302437, 0.9994997978210449]|[[2825.1480807147805, 0.0, 2061.852601572974], [0.0, 2850.606508156248, 1458.5627645450384], [0.0, 0.0, 1.0]]
87|87|6|Snook|0.455|0.36275002887742364|4.043448448181152|2097.4117168911876;1459.47053358993|38|[-0.03086426481604576, -0.09721814841032028, 0.0]|[0.02015918307006359, 0.024367349222302437, 0.9994997978210449]|[[2825.1480807147805, 0.0, 2061.852601572974], [0.0, 2850.606508156248, 1458.5627645450384], [0.0, 0.0, 1.0]]
87|87|6|Snook|0.455|0.3759560211708779|4.239384651184082|2096.938263422532;1463.12272009932|38|[-0.03086426481604576, -0.09721814841032028, 0.0]|[0.02015918307006359, 0.024367349222302437, 0.9994997978210449]|[[2825.1480807147805, 0.0, 2061.852601572974], [0.0, 2850.606508156248, 1458.5627645450384], [0.0, 0.0, 1.0]]
87|87|6|Snook|0.455|0.3797622958167034|4.250157833099365|2096.3137971651986;1463.5712318559424|38|[-0.03086426481604576, -0.09721814841032028, 0.0]|[0.02015918307006359, 0.024367349222302437, 0.9994997978210449]|[[2825.1480807147805, 0.0, 2061.852601572974], [0.0, 2850.606508156248, 1458.5627645450384], [0.0, 0.0, 1.0]]
87|87|6|Snook|0.455|0.37252965088392315|4.157835483551025|2096.2218445910144;1461.9798322846525|38|[-0.03086426481604576, -0.09721814841032028, 0.0]|[0.02015918307006359, 0.024367349222302437, 0.9994997978210449]|[[2825.1480807147805, 0.0, 2061.852601572974], [0.0, 2850.606508156248, 1458.5627645450384], [0.0, 0.0, 1.0]]
87|87|6|Snook|0.455|0.3526394205238284|3.913604259490967|2096.2513202510836;1457.3223275338917|38|[-0.03086426481604576, -0.09721814841032028, 0.0]|[0.02015918307006359, 0.024367349222302437, 0.9994997978210449]|[[2825.1480807147805, 0.0, 2061.852601572974], [0.0, 2850.606508156248, 1458.5627645450384], [0.0, 0.0, 1.0]]
87|87|6|Snook|0.455|0.3574871532766118|3.9956068992614746|2096.1094624212096;1459.005351561967|38|[-0.03086426481604576, -0.09721814841032028, 0.0]|[0.02015918307006359, 0.024367349222302437, 0.9994997978210449]|[[2825.1480807147805, 0.0, 2061.852601572974], [0.0, 2850.606508156248, 1458.5627645450384], [0.0, 0.0, 1.0]]
87|87|6|Snook|0.455|0.35798509048713334|3.994717597961426|2097.1794074704358;1458.62347062978|38|[-0.03086426481604576, -0.09721814841032028, 0.0]|[0.02015918307006359, 0.024367349222302437, 0.9994997978210449]|[[2825.1480807147805, 0.0, 2061.852601572974], [0.0, 2850.606508156248, 1458.5627645450384], [0.0, 0.0, 1.0]]
87|87|6|Snook|0.455|0.3639471077817739|4.052328586578369|2096.8709787003354;1459.8043361300026|38|[-0.03086426481604576, -0.09721814841032028, 0.0]|[0.02015918307006359, 0.024367349222302437, 0.9994997978210449]|[[2825.1480807147805, 0.0, 2061.852601572974], [0.0, 2850.606508156248, 1458.5627645450384], [0.0, 0.0, 1.0]]
87|87|6|Snook|0.455|0.3481818210429578|3.8693013191223145|2096.478034891784;1456.3589208665667|38|[-0.03086426481604576, -0.09721814841032028, 0.0]|[0.02015918307006359, 0.024367349222302437, 0.9994997978210449]|[[2825.1480807147805, 0.0, 2061.852601572974], [0.0, 2850.606508156248, 1458.5627645450384], [0.0, 0.0, 1.0]]
87|87|6|Snook|0.455|0.3779564904666406|4.233295440673828|2099.2835560300546;1462.2668504642043|38|[-0.03086426481604576, -0.09721814841032028, 0.0]|[0.02015918307006359, 0.024367349222302437, 0.9994997978210449]|[[2825.1480807147805, 0.0, 2061.852601572974], [0.0, 2850.606508156248, 1458.5627645450384], [0.0, 0.0, 1.0]]
87|87|6|Snook|0.455|0.36012789618978674|4.021668434143066|2096.3330838071224;1459.4066417427903|38|[-0.03086426481604576, -0.09721814841032028, 0.0]|[0.02015918307006359, 0.024367349222302437, 0.9994997978210449]|[[2825.1480807147805, 0.0, 2061.852601572974], [0.0, 2850.606508156248, 1458.5627645450384], [0.0, 0.0, 1.0]]
87|87|6|Snook|0.455|0.3632078353086788|4.0497331619262695|2096.2937829197526;1459.9525144016397|38|[-0.03086426481604576, -0.09721814841032028, 0.0]|[0.02015918307006359, 0.024367349222302437, 0.9994997978210449]|[[2825.1480807147805, 0.0, 2061.852601572974], [0.0, 2850.606508156248, 1458.5627645450384], [0.0, 0.0, 1.0]]
87|87|6|Snook|0.455|0.355000795197179|3.963331460952759|2096.1524673116564;1458.3463343693327|38|[-0.03086426481604576, -0.09721814841032028, 0.0]|[0.02015918307006359, 0.024367349222302437, 0.9994997978210449]|[[2825.1480807147805, 0.0, 2061.852601572974], [0.0, 2850.606508156248, 1458.5627645450384], [0.0, 0.0, 1.0]]
87|87|6|Snook|0.455|0.3716240424796007|4.1263275146484375|2095.5232029939534;1461.6477530304167|38|[-0.03086426481604576, -0.09721814841032028, 0.0]|[0.02015918307006359, 0.024367349222302437, 0.9994997978210449]|[[2825.1480807147805, 0.0, 2061.852601572974], [0.0, 2850.606508156248, 1458.5627645450384], [0.0, 0.0, 1.0]]
87|87|6|Snook|0.455|0.36742448884504214|4.086051940917969|2096.768492992054;1460.4543018631493|38|[-0.03086426481604576, -0.09721814841032028, 0.0]|[0.02015918307006359, 0.024367349222302437, 0.9994997978210449]|[[2825.1480807147805, 0.0, 2061.852601572974], [0.0, 2850.606508156248, 1458.5627645450384], [0.0, 0.0, 1.0]]
87|87|6|Snook|0.455|0.34706324016561385|4.110689640045166|2097.2797002665457;1460.7461814190747|38|[-0.03086426481604576, -0.09721814841032028, 0.0]|[0.02015918307006359, 0.024367349222302437, 0.9994997978210449]|[[2825.1480807147805, 0.0, 2061.852601572974], [0.0, 2850.606508156248, 1458.5627645450384], [0.0, 0.0, 1.0]]
87|87|6|Snook|0.455|0.3525854935262305|4.140045166015625|2097.244592978168;1461.2847427655038|38|[-0.03086426481604576, -0.09721814841032028, 0.0]|[0.02015918307006359, 0.024367349222302437, 0.9994997978210449]|[[2825.1480807147805, 0.0, 2061.852601572974], [0.0, 2850.606508156248, 1458.5627645450384], [0.0, 0.0, 1.0]]
87|87|6|Snook|0.455|0.33375163627668625|3.9602534770965576|2096.3101341692986;1458.2446540053747|38|[-0.03086426481604576, -0.09721814841032028, 0.0]|[0.02015918307006359, 0.024367349222302437, 0.9994997978210449]|[[2825.1480807147805, 0.0, 2061.852601572974], [0.0, 2850.606508156248, 1458.5627645450384], [0.0, 0.0, 1.0]]
87|87|6|Snook|0.455|0.3381496031428934|3.9664061069488525|2097.0388432461214;1458.0995943938758|38|[-0.03086426481604576, -0.09721814841032028, 0.0]|[0.02015918307006359, 0.024367349222302437, 0.9994997978210449]|[[2825.1480807147805, 0.0, 2061.852601572974], [0.0, 2850.606508156248, 1458.5627645450384], [0.0, 0.0, 1.0]]
87|87|6|Snook|0.455|0.3541067199687934|4.161569118499756|2096.080874785322;1462.0901814047968|38|[-0.03086426481604576, -0.09721814841032028, 0.0]|[0.02015918307006359, 0.024367349222302437, 0.9994997978210449]|[[2825.1480807147805, 0.0, 2061.852601572974], [0.0, 2850.606508156248, 1458.5627645450384], [0.0, 0.0, 1.0]]
87|87|6|Snook|0.455|0.35804017745488725|4.201728343963623|2096.636528810231;1462.5943016158483|38|[-0.03086426481604576, -0.09721814841032028, 0.0]|[0.02015918307006359, 0.024367349222302437, 0.9994997978210449]|[[2825.1480807147805, 0.0, 2061.852601572974], [0.0, 2850.606508156248, 1458.5627645450384], [0.0, 0.0, 1.0]]
87|87|6|Snook|0.455|0.3504976096952136|4.15354061126709|2096.5258872350582;1461.7836808484142|38|[-0.03086426481604576, -0.09721814841032028, 0.0]|[0.02015918307006359, 0.024367349222302437, 0.9994997978210449]|[[2825.1480807147805, 0.0, 2061.852601572974], [0.0, 2850.606508156248, 1458.5627645450384], [0.0, 0.0, 1.0]]
87|87|6|Snook|0.455|0.35108957348393427|4.165515422821045|2096.3458973030924;1462.0522881714492|38|[-0.03086426481604576, -0.09721814841032028, 0.0]|[0.02015918307006359, 0.024367349222302437, 0.9994997978210449]|[[2825.1480807147805, 0.0, 2061.852601572974], [0.0, 2850.606508156248, 1458.5627645450384], [0.0, 0.0, 1.0]]
87|87|6|Snook|0.455|0.34108529406383664|3.9927573204040527|2097.6714576349773;1458.4332066965435|38|[-0.03086426481604576, -0.09721814841032028, 0.0]|[0.02015918307006359, 0.024367349222302437, 0.9994997978210449]|[[2825.1480807147805, 0.0, 2061.852601572974], [0.0, 2850.606508156248, 1458.5627645450384], [0.0, 0.0, 1.0]]
87|87|6|Snook|0.455|0.3495681830796281|4.142742156982422|2095.551828530954;1461.9389961959191|38|[-0.03086426481604576, -0.09721814841032028, 0.0]|[0.02015918307006359, 0.024367349222302437, 0.9994997978210449]|[[2825.1480807147805, 0.0, 2061.852601572974], [0.0, 2850.606508156248, 1458.5627645450384], [0.0, 0.0, 1.0]]
87|87|6|Snook|0.455|0.3544394270859145|4.1987152099609375|2098.4275002375866;1461.9400387528285|38|[-0.03086426481604576, -0.09721814841032028, 0.0]|[0.02015918307006359, 0.024367349222302437, 0.9994997978210449]|[[2825.1480807147805, 0.0, 2061.852601572974], [0.0, 2850.606508156248, 1458.5627645450384], [0.0, 0.0, 1.0]]
87|87|6|Snook|0.455|0.3431745671206246|4.12320613861084|2095.946145988513;1461.438320873808|38|[-0.03086426481604576, -0.09721814841032028, 0.0]|[0.02015918307006359, 0.024367349222302437, 0.9994997978210449]|[[2825.1480807147805, 0.0, 2061.852601572974], [0.0, 2850.606508156248, 1458.5627645450384], [0.0, 0.0, 1.0]]
87|87|6|Snook|0.455|0.3595546318126084|4.163094997406006|2097.4572933914515;1461.6221016805428|38|[-0.03086426481604576, -0.09721814841032028, 0.0]|[0.02015918307006359, 0.024367349222302437, 0.9994997978210449]|[[2825.1480807147805, 0.0, 2061.852601572974], [0.0, 2850.606508156248, 1458.5627645450384], [0.0, 0.0, 1.0]]
87|87|6|Snook|0.455|0.34764191546513407|4.160040378570557|2097.6958447624393;1461.4829441930715|38|[-0.03086426481604576, -0.09721814841032028, 0.0]|[0.02015918307006359, 0.024367349222302437, 0.9994997978210449]|[[2825.1480807147805, 0.0, 2061.852601572974], [0.0, 2850.606508156248, 1458.5627645450384], [0.0, 0.0, 1.0]]
87|87|6|Snook|0.455|0.3591198254944946|4.240497589111328|2098.464414673628;1462.6443048116898|38|[-0.03086426481604576, -0.09721814841032028, 0.0]|[0.02015918307006359, 0.024367349222302437, 0.9994997978210449]|[[2825.1480807147805, 0.0, 2061.852601572974], [0.0, 2850.606508156248, 1458.5627645450384], [0.0, 0.0, 1.0]]
87|87|6|Snook|0.455|0.3449006779531177|4.058198928833008|2096.958320457936;1459.8801544463563|38|[-0.03086426481604576, -0.09721814841032028, 0.0]|[0.02015918307006359, 0.024367349222302437, 0.9994997978210449]|[[2825.1480807147805, 0.0, 2061.852601572974], [0.0, 2850.606508156248, 1458.5627645450384], [0.0, 0.0, 1.0]]
87|87|6|Snook|0.455|0.3438158984501368|4.078047275543213|2096.9468940448733;1460.2438897111356|38|[-0.03086426481604576, -0.09721814841032028, 0.0]|[0.02015918307006359, 0.024367349222302437, 0.9994997978210449]|[[2825.1480807147805, 0.0, 2061.852601572974], [0.0, 2850.606508156248, 1458.5627645450384], [0.0, 0.0, 1.0]]
87|87|6|Snook|0.455|0.3204008023607753|4.06062126159668|2096.952557049593;1459.9224138628024|38|[-0.03086426481604576, -0.09721814841032028, 0.0]|[0.02015918307006359, 0.024367349222302437, 0.9994997978210449]|[[2825.1480807147805, 0.0, 2061.852601572974], [0.0, 2850.606508156248, 1458.5627645450384], [0.0, 0.0, 1.0]]
87|87|6|Snook|0.455|0.32880847927988144|4.145768165588379|2096.598039215686;1461.6078431372548|38|[-0.03086426481604576, -0.09721814841032028, 0.0]|[0.02015918307006359, 0.024367349222302437, 0.9994997978210449]|[[2825.1480807147805, 0.0, 2061.852601572974], [0.0, 2850.606508156248, 1458.5627645450384], [0.0, 0.0, 1.0]]
87|87|6|Snook|0.455|0.3197176594865742|4.139169216156006|2096.971847314558;1461.3590033697312|38|[-0.03086426481604576, -0.09721814841032028, 0.0]|[0.02015918307006359, 0.024367349222302437, 0.9994997978210449]|[[2825.1480807147805, 0.0, 2061.852601572974], [0.0, 2850.606508156248, 1458.5627645450384], [0.0, 0.0, 1.0]]
87|87|6|Snook|0.455|0.32516585023926814|4.165191650390625|2096.544246370095;1461.9653302921297|38|[-0.03086426481604576, -0.09721814841032028, 0.0]|[0.02015918307006359, 0.024367349222302437, 0.9994997978210449]|[[2825.1480807147805, 0.0, 2061.852601572974], [0.0, 2850.606508156248, 1458.5627645450384], [0.0, 0.0, 1.0]]
87|87|6|Snook|0.455|0.3290865858308463|4.184171676635742|2097.001247920728;1462.1658471101532|38|[-0.03086426481604576, -0.09721814841032028, 0.0]|[0.02015918307006359, 0.024367349222302437, 0.9994997978210449]|[[2825.1480807147805, 0.0, 2061.852601572974], [0.0, 2850.606508156248, 1458.5627645450384], [0.0, 0.0, 1.0]]
87|87|6|Snook|0.455|0.3232710730868101|4.15871524810791|2096.232066100838;1461.9755078713924|38|[-0.03086426481604576, -0.09721814841032028, 0.0]|[0.02015918307006359, 0.024367349222302437, 0.9994997978210449]|[[2825.1480807147805, 0.0, 2061.852601572974], [0.0, 2850.606508156248, 1458.5627645450384], [0.0, 0.0, 1.0]]
87|87|6|Snook|0.455|0.3192595370079209|4.087377548217773|2096.8018647700037;1460.4622567148137|38|[-0.03086426481604576, -0.09721814841032028, 0.0]|[0.02015918307006359, 0.024367349222302437, 0.9994997978210449]|[[2825.1480807147805, 0.0, 2061.852601572974], [0.0, 2850.606508156248, 1458.5627645450384], [0.0, 0.0, 1.0]]
87|87|6|Snook|0.455|0.324424387410775|4.166527271270752|2096.958668552258;1461.8527047495274|38|[-0.03086426481604576, -0.09721814841032028, 0.0]|[0.02015918307006359, 0.024367349222302437, 0.9994997978210449]|[[2825.1480807147805, 0.0, 2061.852601572974], [0.0, 2850.606508156248, 1458.5627645450384], [0.0, 0.0, 1.0]]
87|87|6|Snook|0.455|0.30932454408047644|3.949350357055664|2097.596921419009;1457.6296915885569|38|[-0.03086426481604576, -0.09721814841032028, 0.0]|[0.02015918307006359, 0.024367349222302437, 0.9994997978210449]|[[2825.1480807147805, 0.0, 2061.852601572974], [0.0, 2850.606508156248, 1458.5627645450384], [0.0, 0.0, 1.0]]
87|87|6|Snook|0.455|0.323345950221507|4.164079666137695|2096.649455313099;1461.9219579264643|38|[-0.03086426481604576, -0.09721814841032028, 0.0]|[0.02015918307006359, 0.024367349222302437, 0.9994997978210449]|[[2825.1480807147805, 0.0, 2061.852601572974], [0.0, 2850.606508156248, 1458.5627645450384], [0.0, 0.0, 1.0]]
87|87|6|Snook|0.455|0.3241744324138528|4.139870643615723|2096.097621785828;1461.6847043499406|38|[-0.03086426481604576, -0.09721814841032028, 0.0]|[0.02015918307006359, 0.024367349222302437, 0.9994997978210449]|[[2825.1480807147805, 0.0, 2061.852601572974], [0.0, 2850.606508156248, 1458.5627645450384], [0.0, 0.0, 1.0]]
87|87|6|Snook|0.455|0.328036011797715|4.170233249664307|2095.3983150013005;1462.5140846062477|38|[-0.03086426481604576, -0.09721814841032028, 0.0]|[0.02015918307006359, 0.024367349222302437, 0.9994997978210449]|[[2825.1480807147805, 0.0, 2061.852601572974], [0.0, 2850.606508156248, 1458.5627645450384], [0.0, 0.0, 1.0]]
87|87|6|Snook|0.455|0.3234160654974918|4.12872314453125|2097.050945652946;1461.129482157327|38|[-0.03086426481604576, -0.09721814841032028, 0.0]|[0.02015918307006359, 0.024367349222302437, 0.9994997978210449]|[[2825.1480807147805, 0.0, 2061.852601572974], [0.0, 2850.606508156248, 1458.5627645450384], [0.0, 0.0, 1.0]]
87|87|6|Snook|0.455|0.4475281762259063|4.144601345062256|2097.2646844950414;1461.3569339401763|38|[-0.03086426481604576, -0.09721814841032028, 0.0]|[0.02015918307006359, 0.024367349222302437, 0.9994997978210449]|[[2825.1480807147805, 0.0, 2061.852601572974], [0.0, 2850.606508156248, 1458.5627645450384], [0.0, 0.0, 1.0]]
87|87|6|Snook|0.455|0.44444792980155706|4.104545593261719|2097.606599473415;1460.508168982647|38|[-0.03086426481604576, -0.09721814841032028, 0.0]|[0.02015918307006359, 0.024367349222302437, 0.9994997978210449]|[[2825.1480807147805, 0.0, 2061.852601572974], [0.0, 2850.606508156248, 1458.5627645450384], [0.0, 0.0, 1.0]]
87|87|6|Snook|0.455|0.453470174900127|4.198729991912842|2096.972252898779;1462.4356300279753|38|[-0.03086426481604576, -0.09721814841032028, 0.0]|[0.02015918307006359, 0.024367349222302437, 0.9994997978210449]|[[2825.1480807147805, 0.0, 2061.852601572974], [0.0, 2850.606508156248, 1458.5627645450384], [0.0, 0.0, 1.0]]
87|87|6|Snook|0.455|0.43883784484271465|4.054222106933594|2096.8507209659733;1459.8322937821622|38|[-0.03086426481604576, -0.09721814841032028, 0.0]|[0.02015918307006359, 0.024367349222302437, 0.9994997978210449]|[[2825.1480807147805, 0.0, 2061.852601572974], [0.0, 2850.606508156248, 1458.5627645450384], [0.0, 0.0, 1.0]]
87|87|6|Snook|0.455|0.4942883340933367|4.564184665679932|2097.637343832182;1468.068987300636|38|[-0.03086426481604576, -0.09721814841032028, 0.0]|[0.02015918307006359, 0.024367349222302437, 0.9994997978210449]|[[2825.1480807147805, 0.0, 2061.852601572974], [0.0, 2850.606508156248, 1458.5627645450384], [0.0, 0.0, 1.0]]
87|87|6|Snook|0.455|0.45336181862076513|4.177340984344482|2096.5481576705088;1462.1962506748143|38|[-0.03086426481604576, -0.09721814841032028, 0.0]|[0.02015918307006359, 0.024367349222302437, 0.9994997978210449]|[[2825.1480807147805, 0.0, 2061.852601572974], [0.0, 2850.606508156248, 1458.5627645450384], [0.0, 0.0, 1.0]]
87|87|6|Snook|0.455|0.4533769145954843|4.183002471923828|2097.461880982212;1461.9653302921297|38|[-0.03086426481604576, -0.09721814841032028, 0.0]|[0.02015918307006359, 0.024367349222302437, 0.9994997978210449]|[[2825.1480807147805, 0.0, 2061.852601572974], [0.0, 2850.606508156248, 1458.5627645450384], [0.0, 0.0, 1.0]]
87|87|6|Snook|0.455|0.45120158027139806|4.139677047729492|2096.3901589724255;1461.5654008983627|38|[-0.03086426481604576, -0.09721814841032028, 0.0]|[0.02015918307006359, 0.024367349222302437, 0.9994997978210449]|[[2825.1480807147805, 0.0, 2061.852601572974], [0.0, 2850.606508156248, 1458.5627645450384], [0.0, 0.0, 1.0]]
87|87|6|Snook|0.455|0.4458528194994663|4.192748546600342|2098.9855784213946;1461.659115711766|38|[-0.03086426481604576, -0.09721814841032028, 0.0]|[0.02015918307006359, 0.024367349222302437, 0.9994997978210449]|[[2825.1480807147805, 0.0, 2061.852601572974], [0.0, 2850.606508156248, 1458.5627645450384], [0.0, 0.0, 1.0]]
87|87|6|Snook|0.455|0.4470877125690564|4.197669506072998|2098.264038861183;1461.9516298374308|38|[-0.03086426481604576, -0.09721814841032028, 0.0]|[0.02015918307006359, 0.024367349222302437, 0.9994997978210449]|[[2825.1480807147805, 0.0, 2061.852601572974], [0.0, 2850.606508156248, 1458.5627645450384], [0.0, 0.0, 1.0]]
87|87|6|Snook|0.455|0.45058411756536254|4.226018905639648|2098.759473773618;1462.307347051691|38|[-0.03086426481604576, -0.09721814841032028, 0.0]|[0.02015918307006359, 0.024367349222302437, 0.9994997978210449]|[[2825.1480807147805, 0.0, 2061.852601572974], [0.0, 2850.606508156248, 1458.5627645450384], [0.0, 0.0, 1.0]]
87|87|6|Snook|0.455|0.4422654132877103|4.150494575500488|2097.6558404066095;1461.3155288858454|38|[-0.03086426481604576, -0.09721814841032028, 0.0]|[0.02015918307006359, 0.024367349222302437, 0.9994997978210449]|[[2825.1480807147805, 0.0, 2061.852601572974], [0.0, 2850.606508156248, 1458.5627645450384], [0.0, 0.0, 1.0]]
87|87|6|Snook|0.455|0.43421157487258905|4.046152591705322|2098.435774554304;1459.204993422116|38|[-0.03086426481604576, -0.09721814841032028, 0.0]|[0.02015918307006359, 0.024367349222302437, 0.9994997978210449]|[[2825.1480807147805, 0.0, 2061.852601572974], [0.0, 2850.606508156248, 1458.5627645450384], [0.0, 0.0, 1.0]]
87|87|6|Snook|0.455|0.4310257082855231|4.073347568511963|2099.5006705885326;1459.4257040530201|38|[-0.03086426481604576, -0.09721814841032028, 0.0]|[0.02015918307006359, 0.024367349222302437, 0.9994997978210449]|[[2825.1480807147805, 0.0, 2061.852601572974], [0.0, 2850.606508156248, 1458.5627645450384], [0.0, 0.0, 1.0]]
87|87|6|Snook|0.455|0.4703292728971224|4.387738227844238|2099.8135732570736;1464.6262937657734|38|[-0.03086426481604576, -0.09721814841032028, 0.0]|[0.02015918307006359, 0.024367349222302437, 0.9994997978210449]|[[2825.1480807147805, 0.0, 2061.852601572974], [0.0, 2850.606508156248, 1458.5627645450384], [0.0, 0.0, 1.0]]
87|87|6|Snook|0.455|0.4432252485767807|4.114774227142334|2098.720028654097;1460.3834078311033|38|[-0.03086426481604576, -0.09721814841032028, 0.0]|[0.02015918307006359, 0.024367349222302437, 0.9994997978210449]|[[2825.1480807147805, 0.0, 2061.852601572974], [0.0, 2850.606508156248, 1458.5627645450384], [0.0, 0.0, 1.0]]
87|87|6|Snook|0.455|0.4468632451258725|4.209313869476318|2098.99091880669;1461.9589137074126|38|[-0.03086426481604576, -0.09721814841032028, 0.0]|[0.02015918307006359, 0.024367349222302437, 0.9994997978210449]|[[2825.1480807147805, 0.0, 2061.852601572974], [0.0, 2850.606508156248, 1458.5627645450384], [0.0, 0.0, 1.0]]
87|87|6|Snook|0.455|0.44731349233039536|4.221365451812744|2098.435139296887;1462.3137458166789|38|[-0.03086426481604576, -0.09721814841032028, 0.0]|[0.02015918307006359, 0.024367349222302437, 0.9994997978210449]|[[2825.1480807147805, 0.0, 2061.852601572974], [0.0, 2850.606508156248, 1458.5627645450384], [0.0, 0.0, 1.0]]
87|87|6|Snook|0.455|0.43380337829459886|4.117560386657715|2098.31643272945;1460.5490534605904|38|[-0.03086426481604576, -0.09721814841032028, 0.0]|[0.02015918307006359, 0.024367349222302437, 0.9994997978210449]|[[2825.1480807147805, 0.0, 2061.852601572974], [0.0, 2850.606508156248, 1458.5627645450384], [0.0, 0.0, 1.0]]
87|87|6|Snook|0.455|0.4502749231408542|4.21159029006958|2097.91590607795;1462.3378666469252|38|[-0.03086426481604576, -0.09721814841032028, 0.0]|[0.02015918307006359, 0.024367349222302437, 0.9994997978210449]|[[2825.1480807147805, 0.0, 2061.852601572974], [0.0, 2850.606508156248, 1458.5627645450384], [0.0, 0.0, 1.0]]
87|87|6|Snook|0.455|0.45101536492507305|4.197188377380371|2098.1995712577027;1461.9808872705876|38|[-0.03086426481604576, -0.09721814841032028, 0.0]|[0.02015918307006359, 0.024367349222302437, 0.9994997978210449]|[[2825.1480807147805, 0.0, 2061.852601572974], [0.0, 2850.606508156248, 1458.5627645450384], [0.0, 0.0, 1.0]]
87|87|6|Snook|0.455|0.44204842973809677|4.102587699890137|2097.105307151057;1460.6469695744302|38|[-0.03086426481604576, -0.09721814841032028, 0.0]|[0.02015918307006359, 0.024367349222302437, 0.9994997978210449]|[[2825.1480807147805, 0.0, 2061.852601572974], [0.0, 2850.606508156248, 1458.5627645450384], [0.0, 0.0, 1.0]]
87|87|6|Snook|0.455|0.4362450677746415|4.073221683502197|2096.881465626368;1460.1967110002374|38|[-0.03086426481604576, -0.09721814841032028, 0.0]|[0.02015918307006359, 0.024367349222302437, 0.9994997978210449]|[[2825.1480807147805, 0.0, 2061.852601572974], [0.0, 2850.606508156248, 1458.5627645450384], [0.0, 0.0, 1.0]]
87|87|6|Snook|0.455|0.4523316916924781|4.223019599914551|2099.5109875120193;1462.029047003311|38|[-0.03086426481604576, -0.09721814841032028, 0.0]|[0.02015918307006359, 0.024367349222302437, 0.9994997978210449]|[[2825.1480807147805, 0.0, 2061.852601572974], [0.0, 2850.606508156248, 1458.5627645450384], [0.0, 0.0, 1.0]]
87|87|6|Snook|0.455|0.46033077393699356|4.278547286987305|2098.1668471196986;1463.3816256748794|38|[-0.03086426481604576, -0.09721814841032028, 0.0]|[0.02015918307006359, 0.024367349222302437, 0.9994997978210449]|[[2825.1480807147805, 0.0, 2061.852601572974], [0.0, 2850.606508156248, 1458.5627645450384], [0.0, 0.0, 1.0]]
87|87|6|Snook|0.455|0.43969906303613254|4.082861423492432|2098.0662596091465;1459.9823557007915|38|[-0.03086426481604576, -0.09721814841032028, 0.0]|[0.02015918307006359, 0.024367349222302437, 0.9994997978210449]|[[2825.1480807147805, 0.0, 2061.852601572974], [0.0, 2850.606508156248, 1458.5627645450384], [0.0, 0.0, 1.0]]
87|87|6|Snook|0.455|0.43295639475198144|4.048937797546387|2099.3311331864484;1459.0218126082536|38|[-0.03086426481604576, -0.09721814841032028, 0.0]|[0.02015918307006359, 0.024367349222302437, 0.9994997978210449]|[[2825.1480807147805, 0.0, 2061.852601572974], [0.0, 2850.606508156248, 1458.5627645450384], [0.0, 0.0, 1.0]]
87|87|6|Snook|0.455|0.5862606851214252|5.47145938873291|2104.966613672496;1476.8330683624802|38|[-0.03086426481604576, -0.09721814841032028, 0.0]|[0.02015918307006359, 0.024367349222302437, 0.9994997978210449]|[[2825.1480807147805, 0.0, 2061.852601572974], [0.0, 2850.606508156248, 1458.5627645450384], [0.0, 0.0, 1.0]]
87|87|6|Snook|0.455|0.44957382738774215|4.233927249908447|2097.444928693652;1462.8603039721206|38|[-0.03086426481604576, -0.09721814841032028, 0.0]|[0.02015918307006359, 0.024367349222302437, 0.9994997978210449]|[[2825.1480807147805, 0.0, 2061.852601572974], [0.0, 2850.606508156248, 1458.5627645450384], [0.0, 0.0, 1.0]]
87|87|6|Snook|0.455|0.4386331134893695|4.159318923950195|2097.8130389007338;1461.4435969775318|38|[-0.03086426481604576, -0.09721814841032028, 0.0]|[0.02015918307006359, 0.024367349222302437, 0.9994997978210449]|[[2825.1480807147805, 0.0, 2061.852601572974], [0.0, 2850.606508156248, 1458.5627645450384], [0.0, 0.0, 1.0]]
87|87|6|Snook|0.455|0.4297455946169973|4.118503093719482|2098.537871623707;1460.489948787525|38|[-0.03086426481604576, -0.09721814841032028, 0.0]|[0.02015918307006359, 0.024367349222302437, 0.9994997978210449]|[[2825.1480807147805, 0.0, 2061.852601572974], [0.0, 2850.606508156248, 1458.5627645450384], [0.0, 0.0, 1.0]]
87|87|6|Snook|0.455|0.4306078622594344|4.115001201629639|2098.515222933904;1460.4307082643757|38|[-0.03086426481604576, -0.09721814841032028, 0.0]|[0.02015918307006359, 0.024367349222302437, 0.9994997978210449]|[[2825.1480807147805, 0.0, 2061.852601572974], [0.0, 2850.606508156248, 1458.5627645450384], [0.0, 0.0, 1.0]]
87|87|6|Snook|0.455|0.4340082877590362|4.146880149841309|2097.6015851984703;1461.2809642917261|38|[-0.03086426481604576, -0.09721814841032028, 0.0]|[0.02015918307006359, 0.024367349222302437, 0.9994997978210449]|[[2825.1480807147805, 0.0, 2061.852601572974], [0.0, 2850.606508156248, 1458.5627645450384], [0.0, 0.0, 1.0]]
87|87|6|Snook|0.455|0.43877027681331965|4.183068752288818|2097.6714576349773;1461.9115781564353|38|[-0.03086426481604576, -0.09721814841032028, 0.0]|[0.02015918307006359, 0.024367349222302437, 0.9994997978210449]|[[2825.1480807147805, 0.0, 2061.852601572974], [0.0, 2850.606508156248, 1458.5627645450384], [0.0, 0.0, 1.0]]
87|87|6|Snook|0.455|0.4381207305052188|4.155728340148926|2097.2859020600135;1461.5450561145237|38|[-0.03086426481604576, -0.09721814841032028, 0.0]|[0.02015918307006359, 0.024367349222302437, 0.9994997978210449]|[[2825.1480807147805, 0.0, 2061.852601572974], [0.0, 2850.606508156248, 1458.5627645450384], [0.0, 0.0, 1.0]]
87|87|6|Snook|0.455|0.4255813609191469|4.055018901824951|2097.048654550716;1459.7826388201645|38|[-0.03086426481604576, -0.09721814841032028, 0.0]|[0.02015918307006359, 0.024367349222302437, 0.9994997978210449]|[[2825.1480807147805, 0.0, 2061.852601572974], [0.0, 2850.606508156248, 1458.5627645450384], [0.0, 0.0, 1.0]]
87|87|6|Snook|0.455|0.43739593754006145|4.127723217010498|2098.6500950991376;1460.6347511624272|38|[-0.03086426481604576, -0.09721814841032028, 0.0]|[0.02015918307006359, 0.024367349222302437, 0.9994997978210449]|[[2825.1480807147805, 0.0, 2061.852601572974], [0.0, 2850.606508156248, 1458.5627645450384], [0.0, 0.0, 1.0]]
87|87|6|Snook|0.455|0.4401495670722805|4.192495822906494|2098.1635816450766;1461.8974018767758|38|[-0.03086426481604576, -0.09721814841032028, 0.0]|[0.02015918307006359, 0.024367349222302437, 0.9994997978210449]|[[2825.1480807147805, 0.0, 2061.852601572974], [0.0, 2850.606508156248, 1458.5627645450384], [0.0, 0.0, 1.0]]
87|87|6|Snook|0.455|0.4393363820280611|4.168940544128418|2098.1747162485945;1461.5152647306195|38|[-0.03086426481604576, -0.09721814841032028, 0.0]|[0.02015918307006359, 0.024367349222302437, 0.9994997978210449]|[[2825.1480807147805, 0.0, 2061.852601572974], [0.0, 2850.606508156248, 1458.5627645450384], [0.0, 0.0, 1.0]]
87|87|6|Snook|0.455|0.4308876242588603|4.124258041381836|2099.0029570623606;1460.4682858920128|38|[-0.03086426481604576, -0.09721814841032028, 0.0]|[0.02015918307006359, 0.024367349222302437, 0.9994997978210449]|[[2825.1480807147805, 0.0, 2061.852601572974], [0.0, 2850.606508156248, 1458.5627645450384], [0.0, 0.0, 1.0]]
87|87|6|Snook|0.455|0.42577431370966196|4.068744659423828|2097.229350776045;1459.9823557007915|38|[-0.03086426481604576, -0.09721814841032028, 0.0]|[0.02015918307006359, 0.024367349222302437, 0.9994997978210449]|[[2825.1480807147805, 0.0, 2061.852601572974], [0.0, 2850.606508156248, 1458.5627645450384], [0.0, 0.0, 1.0]]
87|87|6|Snook|0.455|0.4400636773610252|4.1561174392700195|2097.3309581519075;1461.5381698826804|38|[-0.03086426481604576, -0.09721814841032028, 0.0]|[0.02015918307006359, 0.024367349222302437, 0.9994997978210449]|[[2825.1480807147805, 0.0, 2061.852601572974], [0.0, 2850.606508156248, 1458.5627645450384], [0.0, 0.0, 1.0]]
87|87|6|Snook|0.455|0.4431088189432252|4.175213813781738|2097.593335509879;1461.7814802722885|38|[-0.03086426481604576, -0.09721814841032028, 0.0]|[0.02015918307006359, 0.024367349222302437, 0.9994997978210449]|[[2825.1480807147805, 0.0, 2061.852601572974], [0.0, 2850.606508156248, 1458.5627645450384], [0.0, 0.0, 1.0]]
87|87|6|Snook|0.455|0.4332635360312871|4.1044158935546875|2098.007211155371;1460.3820247598226|38|[-0.03086426481604576, -0.09721814841032028, 0.0]|[0.02015918307006359, 0.024367349222302437, 0.9994997978210449]|[[2825.1480807147805, 0.0, 2061.852601572974], [0.0, 2850.606508156248, 1458.5627645450384], [0.0, 0.0, 1.0]]
87|87|6|Snook|0.455|0.41777046822338487|3.9864840507507324|2096.4066011782775;1458.7077274191142|38|[-0.03086426481604576, -0.09721814841032028, 0.0]|[0.02015918307006359, 0.024367349222302437, 0.9994997978210449]|[[2825.1480807147805, 0.0, 2061.852601572974], [0.0, 2850.606508156248, 1458.5627645450384], [0.0, 0.0, 1.0]]
87|87|6|Snook|0.455|0.4376598888666294|4.148427963256836|2097.4065040650403;1461.3739837398373|38|[-0.03086426481604576, -0.09721814841032028, 0.0]|[0.02015918307006359, 0.024367349222302437, 0.9994997978210449]|[[2825.1480807147805, 0.0, 2061.852601572974], [0.0, 2850.606508156248, 1458.5627645450384], [0.0, 0.0, 1.0]]
87|87|6|Snook|0.455|0.4337446945625616|4.121817588806152|2098.4186761446495;1460.5695051899559|38|[-0.03086426481604576, -0.09721814841032028, 0.0]|[0.02015918307006359, 0.024367349222302437, 0.9994997978210449]|[[2825.1480807147805, 0.0, 2061.852601572974], [0.0, 2850.606508156248, 1458.5627645450384], [0.0, 0.0, 1.0]]
87|87|6|Snook|0.455|0.4846120486191644|4.568382263183594|2100.171701112877;1467.2432432432433|38|[-0.03086426481604576, -0.09721814841032028, 0.0]|[0.02015918307006359, 0.024367349222302437, 0.9994997978210449]|[[2825.1480807147805, 0.0, 2061.852601572974], [0.0, 2850.606508156248, 1458.5627645450384], [0.0, 0.0, 1.0]]
87|87|6|Snook|0.455|0.44629791279114767|4.198830604553223|2096.4989223267867;1462.6003837688809|38|[-0.03086426481604576, -0.09721814841032028, 0.0]|[0.02015918307006359, 0.024367349222302437, 0.9994997978210449]|[[2825.1480807147805, 0.0, 2061.852601572974], [0.0, 2850.606508156248, 1458.5627645450384], [0.0, 0.0, 1.0]]
87|87|6|Snook|0.455|0.4294583494793379|4.093698978424072|2096.7475169487575;1460.6221102095144|38|[-0.03086426481604576, -0.09721814841032028, 0.0]|[0.02015918307006359, 0.024367349222302437, 0.9994997978210449]|[[2825.1480807147805, 0.0, 2061.852601572974], [0.0, 2850.606508156248, 1458.5627645450384], [0.0, 0.0, 1.0]]
87|87|6|Snook|0.455|0.41442346383911827|3.9122180938720703|2096.9513513060915;1457.070620977855|38|[-0.03086426481604576, -0.09721814841032028, 0.0]|[0.02015918307006359, 0.024367349222302437, 0.9994997978210449]|[[2825.1480807147805, 0.0, 2061.852601572974], [0.0, 2850.606508156248, 1458.5627645450384], [0.0, 0.0, 1.0]]
87|87|6|Snook|0.455|0.41352105913496084|3.917041778564453|2095.7012749245587;1457.5809383655514|38|[-0.03086426481604576, -0.09721814841032028, 0.0]|[0.02015918307006359, 0.024367349222302437, 0.9994997978210449]|[[2825.1480807147805, 0.0, 2061.852601572974], [0.0, 2850.606508156248, 1458.5627645450384], [0.0, 0.0, 1.0]]
87|87|6|Snook|0.455|0.4432033797149568|4.181946277618408|2096.917665957399;1462.128888905998|38|[-0.03086426481604576, -0.09721814841032028, 0.0]|[0.02015918307006359, 0.024367349222302437, 0.9994997978210449]|[[2825.1480807147805, 0.0, 2061.852601572974], [0.0, 2850.606508156248, 1458.5627645450384], [0.0, 0.0, 1.0]]
87|87|6|Snook|0.455|0.4194480992590088|4.106661319732666|2097.244592978168;1460.6720836542315|38|[-0.03086426481604576, -0.09721814841032028, 0.0]|[0.02015918307006359, 0.024367349222302437, 0.9994997978210449]|[[2825.1480807147805, 0.0, 2061.852601572974], [0.0, 2850.606508156248, 1458.5627645450384], [0.0, 0.0, 1.0]]
87|87|6|Snook|0.455|0.4190834673763401|4.097754001617432|2097.2863651903003;1460.5189188764134|38|[-0.03086426481604576, -0.09721814841032028, 0.0]|[0.02015918307006359, 0.024367349222302437, 0.9994997978210449]|[[2825.1480807147805, 0.0, 2061.852601572974], [0.0, 2850.606508156248, 1458.5627645450384], [0.0, 0.0, 1.0]]
87|87|6|Snook|0.455|0.4134901493449327|4.077733993530273|2097.809480762627;1459.972845373142|38|[-0.03086426481604576, -0.09721814841032028, 0.0]|[0.02015918307006359, 0.024367349222302437, 0.9994997978210449]|[[2825.1480807147805, 0.0, 2061.852601572974], [0.0, 2850.606508156248, 1458.5627645450384], [0.0, 0.0, 1.0]]
87|87|6|Snook|0.455|0.4282059237836828|4.169220924377441|2098.3132691884884;1461.4586652059297|38|[-0.03086426481604576, -0.09721814841032028, 0.0]|[0.02015918307006359, 0.024367349222302437, 0.9994997978210449]|[[2825.1480807147805, 0.0, 2061.852601572974], [0.0, 2850.606508156248, 1458.5627645450384], [0.0, 0.0, 1.0]]
87|87|6|Snook|0.455|0.416520044993213|4.1650567054748535|2097.5344841922197;1461.6356903945602|38|[-0.03086426481604576, -0.09721814841032028, 0.0]|[0.02015918307006359, 0.024367349222302437, 0.9994997978210449]|[[2825.1480807147805, 0.0, 2061.852601572974], [0.0, 2850.606508156248, 1458.5627645450384], [0.0, 0.0, 1.0]]
87|87|6|Snook|0.455|0.4253134450702607|4.165372371673584|2097.307062299391;1461.7030590660638|38|[-0.03086426481604576, -0.09721814841032028, 0.0]|[0.02015918307006359, 0.024367349222302437, 0.9994997978210449]|[[2825.1480807147805, 0.0, 2061.852601572974], [0.0, 2850.606508156248, 1458.5627645450384], [0.0, 0.0, 1.0]]
87|87|6|Snook|0.455|0.4115951878397388|4.045248031616211|2098.46508392812;1459.1700002877867|38|[-0.03086426481604576, -0.09721814841032028, 0.0]|[0.02015918307006359, 0.024367349222302437, 0.9994997978210449]|[[2825.1480807147805, 0.0, 2061.852601572974], [0.0, 2850.606508156248, 1458.5627645450384], [0.0, 0.0, 1.0]]
87|87|6|Snook|0.455|0.4201203132197766|4.121584892272949|2098.3831325178426;1460.5850251500044|38|[-0.03086426481604576, -0.09721814841032028, 0.0]|[0.02015918307006359, 0.024367349222302437, 0.9994997978210449]|[[2825.1480807147805, 0.0, 2061.852601572974], [0.0, 2850.606508156248, 1458.5627645450384], [0.0, 0.0, 1.0]]
87|87|6|Snook|0.455|0.4132879874524403|4.0646867752075195|2097.5914864858287;1459.8129757769764|38|[-0.03086426481604576, -0.09721814841032028, 0.0]|[0.02015918307006359, 0.024367349222302437, 0.9994997978210449]|[[2825.1480807147805, 0.0, 2061.852601572974], [0.0, 2850.606508156248, 1458.5627645450384], [0.0, 0.0, 1.0]]
87|87|6|Snook|0.455|0.4013855058449649|3.9420480728149414|2097.4117778027157;1457.5421641142764|38|[-0.03086426481604576, -0.09721814841032028, 0.0]|[0.02015918307006359, 0.024367349222302437, 0.9994997978210449]|[[2825.1480807147805, 0.0, 2061.852601572974], [0.0, 2850.606508156248, 1458.5627645450384], [0.0, 0.0, 1.0]]
87|87|6|Snook|0.455|0.4211653861081861|4.155372619628906|2096.922946944751;1461.667654710049|38|[-0.03086426481604576, -0.09721814841032028, 0.0]|[0.02015918307006359, 0.024367349222302437, 0.9994997978210449]|[[2825.1480807147805, 0.0, 2061.852601572974], [0.0, 2850.606508156248, 1458.5627645450384], [0.0, 0.0, 1.0]]
87|87|6|Snook|0.455|0.42138551165026467|4.117898941040039|2096.4530135624213;1461.140519709973|38|[-0.03086426481604576, -0.09721814841032028, 0.0]|[0.02015918307006359, 0.024367349222302437, 0.9994997978210449]|[[2825.1480807147805, 0.0, 2061.852601572974], [0.0, 2850.606508156248, 1458.5627645450384], [0.0, 0.0, 1.0]]
87|87|6|Snook|0.455|0.41553760383284605|4.062132835388184|2097.018747848128;1459.9443117035992|38|[-0.03086426481604576, -0.09721814841032028, 0.0]|[0.02015918307006359, 0.024367349222302437, 0.9994997978210449]|[[2825.1480807147805, 0.0, 2061.852601572974], [0.0, 2850.606508156248, 1458.5627645450384], [0.0, 0.0, 1.0]]
87|87|6|Snook|0.455|0.4187897564836374|4.025627613067627|2098.7350587931396;1458.75898726962|38|[-0.03086426481604576, -0.09721814841032028, 0.0]|[0.02015918307006359, 0.024367349222302437, 0.9994997978210449]|[[2825.1480807147805, 0.0, 2061.852601572974], [0.0, 2850.606508156248, 1458.5627645450384], [0.0, 0.0, 1.0]]
87|87|6|Snook|0.455|0.41171483333532943|4.018592834472656|2098.8392691811378;1458.5908048372055|38|[-0.03086426481604576, -0.09721814841032028, 0.0]|[0.02015918307006359, 0.024367349222302437, 0.9994997978210449]|[[2825.1480807147805, 0.0, 2061.852601572974], [0.0, 2850.606508156248, 1458.5627645450384], [0.0, 0.0, 1.0]]
87|87|6|Snook|0.455|0.4301873308140807|4.192983150482178|2096.5256928640893;1462.4728691430482|38|[-0.03086426481604576, -0.09721814841032028, 0.0]|[0.02015918307006359, 0.024367349222302437, 0.9994997978210449]|[[2825.1480807147805, 0.0, 2061.852601572974], [0.0, 2850.606508156248, 1458.5627645450384], [0.0, 0.0, 1.0]]
87|87|6|Snook|0.455|0.4262345389356196|4.14127254486084|2097.206719282281;1461.3331260529835|38|[-0.03086426481604576, -0.09721814841032028, 0.0]|[0.02015918307006359, 0.024367349222302437, 0.9994997978210449]|[[2825.1480807147805, 0.0, 2061.852601572974], [0.0, 2850.606508156248, 1458.5627645450384], [0.0, 0.0, 1.0]]
87|87|6|Snook|0.455|0.43090492859896457|4.191983222961426|2098.0321623274845;1461.9339014352722|38|[-0.03086426481604576, -0.09721814841032028, 0.0]|[0.02015918307006359, 0.024367349222302437, 0.9994997978210449]|[[2825.1480807147805, 0.0, 2061.852601572974], [0.0, 2850.606508156248, 1458.5627645450384], [0.0, 0.0, 1.0]]
87|87|6|Snook|0.455|0.4104780253762206|4.109767913818359|2099.1461872841883;1460.164520222589|38|[-0.03086426481604576, -0.09721814841032028, 0.0]|[0.02015918307006359, 0.024367349222302437, 0.9994997978210449]|[[2825.1480807147805, 0.0, 2061.852601572974], [0.0, 2850.606508156248, 1458.5627645450384], [0.0, 0.0, 1.0]]
87|87|6|Snook|0.455|0.38776197702272036|1.923330545425415|2073.6154449820606;1383.9365299674037|38|[-0.03086426481604576, -0.09721814841032028, 0.0]|[0.02015918307006359, 0.024367349222302437, 0.9994997978210449]|[[2825.1480807147805, 0.0, 2061.852601572974], [0.0, 2850.606508156248, 1458.5627645450384], [0.0, 0.0, 1.0]]
87|87|6|Snook|0.455|0.38641460255863097|1.9216865301132202|2075.670427896504;1383.1759506644992|38|[-0.03086426481604576, -0.09721814841032028, 0.0]|[0.02015918307006359, 0.024367349222302437, 0.9994997978210449]|[[2825.1480807147805, 0.0, 2061.852601572974], [0.0, 2850.606508156248, 1458.5627645450384], [0.0, 0.0, 1.0]]
87|87|6|Snook|0.455|0.388463221817219|1.9238576889038086|2074.0078113706186;1383.8478475610477|38|[-0.03086426481604576, -0.09721814841032028, 0.0]|[0.02015918307006359, 0.024367349222302437, 0.9994997978210449]|[[2825.1480807147805, 0.0, 2061.852601572974], [0.0, 2850.606508156248, 1458.5627645450384], [0.0, 0.0, 1.0]]
87|87|6|Snook|0.455|0.38714744689318953|1.920977234840393|2074.5479621525924;1383.4470220454436|38|[-0.03086426481604576, -0.09721814841032028, 0.0]|[0.02015918307006359, 0.024367349222302437, 0.9994997978210449]|[[2825.1480807147805, 0.0, 2061.852601572974], [0.0, 2850.606508156248, 1458.5627645450384], [0.0, 0.0, 1.0]]
87|87|6|Snook|0.455|0.38454588146770413|1.9189791679382324|2071.7514095061756;1384.1811722302637|38|[-0.03086426481604576, -0.09721814841032028, 0.0]|[0.02015918307006359, 0.024367349222302437, 0.9994997978210449]|[[2825.1480807147805, 0.0, 2061.852601572974], [0.0, 2850.606508156248, 1458.5627645450384], [0.0, 0.0, 1.0]]
87|87|6|Snook|0.455|0.3861616127060113|1.9228874444961548|2073.6515529913586;1383.8805210063551|38|[-0.03086426481604576, -0.09721814841032028, 0.0]|[0.02015918307006359, 0.024367349222302437, 0.9994997978210449]|[[2825.1480807147805, 0.0, 2061.852601572974], [0.0, 2850.606508156248, 1458.5627645450384], [0.0, 0.0, 1.0]]
87|87|6|Snook|0.455|0.3875315041824957|1.9278074502944946|2074.821222024529;1383.9232766191797|38|[-0.03086426481604576, -0.09721814841032028, 0.0]|[0.02015918307006359, 0.024367349222302437, 0.9994997978210449]|[[2825.1480807147805, 0.0, 2061.852601572974], [0.0, 2850.606508156248, 1458.5627645450384], [0.0, 0.0, 1.0]]
87|87|6|Snook|0.455|0.3823978344335558|1.902038812637329|2074.0177543931445;1382.0354405398703|38|[-0.03086426481604576, -0.09721814841032028, 0.0]|[0.02015918307006359, 0.024367349222302437, 0.9994997978210449]|[[2825.1480807147805, 0.0, 2061.852601572974], [0.0, 2850.606508156248, 1458.5627645450384], [0.0, 0.0, 1.0]]
87|87|6|Snook|0.455|0.3855342119606726|1.9192523956298828|2073.6468491844917;1383.5898491434368|38|[-0.03086426481604576, -0.09721814841032028, 0.0]|[0.02015918307006359, 0.024367349222302437, 0.9994997978210449]|[[2825.1480807147805, 0.0, 2061.852601572974], [0.0, 2850.606508156248, 1458.5627645450384], [0.0, 0.0, 1.0]]
87|87|6|Snook|0.455|0.36382545162157154|1.9201700687408447|2073.914636673372;1383.5759511322492|38|[-0.03086426481604576, -0.09721814841032028, 0.0]|[0.02015918307006359, 0.024367349222302437, 0.9994997978210449]|[[2825.1480807147805, 0.0, 2061.852601572974], [0.0, 2850.606508156248, 1458.5627645450384], [0.0, 0.0, 1.0]]
87|87|6|Snook|0.455|0.3707063442934544|1.9617292881011963|2073.528681761144;1387.0696257053676|38|[-0.03086426481604576, -0.09721814841032028, 0.0]|[0.02015918307006359, 0.024367349222302437, 0.9994997978210449]|[[2825.1480807147805, 0.0, 2061.852601572974], [0.0, 2850.606508156248, 1458.5627645450384], [0.0, 0.0, 1.0]]
87|87|6|Snook|0.455|0.36399559748207594|1.9228566884994507|2074.001250587359;1383.777462666377|38|[-0.03086426481604576, -0.09721814841032028, 0.0]|[0.02015918307006359, 0.024367349222302437, 0.9994997978210449]|[[2825.1480807147805, 0.0, 2061.852601572974], [0.0, 2850.606508156248, 1458.5627645450384], [0.0, 0.0, 1.0]]
87|87|6|Snook|0.455|0.36447674867634944|1.9348491430282593|2073.319285028392;1384.9708846543922|38|[-0.03086426481604576, -0.09721814841032028, 0.0]|[0.02015918307006359, 0.024367349222302437, 0.9994997978210449]|[[2825.1480807147805, 0.0, 2061.852601572974], [0.0, 2850.606508156248, 1458.5627645450384], [0.0, 0.0, 1.0]]
87|87|6|Snook|0.455|0.3669172207217109|1.94379723072052|2073.781480272289;1385.5513618134955|38|[-0.03086426481604576, -0.09721814841032028, 0.0]|[0.02015918307006359, 0.024367349222302437, 0.9994997978210449]|[[2825.1480807147805, 0.0, 2061.852601572974], [0.0, 2850.606508156248, 1458.5627645450384], [0.0, 0.0, 1.0]]
87|87|6|Snook|0.455|0.3633381361459756|1.9205572605133057|2074.633954226752;1383.386738317913|38|[-0.03086426481604576, -0.09721814841032028, 0.0]|[0.02015918307006359, 0.024367349222302437, 0.9994997978210449]|[[2825.1480807147805, 0.0, 2061.852601572974], [0.0, 2850.606508156248, 1458.5627645450384], [0.0, 0.0, 1.0]]
87|87|6|Snook|0.455|0.3650318148616571|1.9319794178009033|2074.3278752118817;1384.4166234318272|38|[-0.03086426481604576, -0.09721814841032028, 0.0]|[0.02015918307006359, 0.024367349222302437, 0.9994997978210449]|[[2825.1480807147805, 0.0, 2061.852601572974], [0.0, 2850.606508156248, 1458.5627645450384], [0.0, 0.0, 1.0]]
87|87|6|Snook|0.455|0.36953326115641955|1.952205777168274|2074.5;1386|38|[-0.03086426481604576, -0.09721814841032028, 0.0]|[0.02015918307006359, 0.024367349222302437, 0.9994997978210449]|[[2825.1480807147805, 0.0, 2061.852601572974], [0.0, 2850.606508156248, 1458.5627645450384], [0.0, 0.0, 1.0]]
87|87|6|Snook|0.455|0.36163438154869987|1.9123344421386719|2075.7817326939476;1382.3804698574577|38|[-0.03086426481604576, -0.09721814841032028, 0.0]|[0.02015918307006359, 0.024367349222302437, 0.9994997978210449]|[[2825.1480807147805, 0.0, 2061.852601572974], [0.0, 2850.606508156248, 1458.5627645450384], [0.0, 0.0, 1.0]]
87|87|6|Snook|0.455|0.37085816424935364|1.9548660516738892|2073.2850267840954;1386.6092553403284|38|[-0.03086426481604576, -0.09721814841032028, 0.0]|[0.02015918307006359, 0.024367349222302437, 0.9994997978210449]|[[2825.1480807147805, 0.0, 2061.852601572974], [0.0, 2850.606508156248, 1458.5627645450384], [0.0, 0.0, 1.0]]
87|87|6|Snook|0.455|0.371229952290252|1.9550777673721313|2073.483197039987;1386.5629657575826|38|[-0.03086426481604576, -0.09721814841032028, 0.0]|[0.02015918307006359, 0.024367349222302437, 0.9994997978210449]|[[2825.1480807147805, 0.0, 2061.852601572974], [0.0, 2850.606508156248, 1458.5627645450384], [0.0, 0.0, 1.0]]
87|87|6|Snook|0.455|0.36801560654542403|1.9375642538070679|2072.155360381121;1385.592315836895|38|[-0.03086426481604576, -0.09721814841032028, 0.0]|[0.02015918307006359, 0.024367349222302437, 0.9994997978210449]|[[2825.1480807147805, 0.0, 2061.852601572974], [0.0, 2850.606508156248, 1458.5627645450384], [0.0, 0.0, 1.0]]
87|87|6|Snook|0.455|0.3669323009040624|1.9363957643508911|2074.746552950326;1384.63730210699|38|[-0.03086426481604576, -0.09721814841032028, 0.0]|[0.02015918307006359, 0.024367349222302437, 0.9994997978210449]|[[2825.1480807147805, 0.0, 2061.852601572974], [0.0, 2850.606508156248, 1458.5627645450384], [0.0, 0.0, 1.0]]
87|87|6|Snook|0.455|0.3719318421638084|1.9607785940170288|2074.41553600917;1386.7019200309085|38|[-0.03086426481604576, -0.09721814841032028, 0.0]|[0.02015918307006359, 0.024367349222302437, 0.9994997978210449]|[[2825.1480807147805, 0.0, 2061.852601572974], [0.0, 2850.606508156248, 1458.5627645450384], [0.0, 0.0, 1.0]]
87|87|6|Snook|0.455|0.36474533207865845|1.9440277814865112|2074.5174719306874;1385.3371554047021|38|[-0.03086426481604576, -0.09721814841032028, 0.0]|[0.02015918307006359, 0.024367349222302437, 0.9994997978210449]|[[2825.1480807147805, 0.0, 2061.852601572974], [0.0, 2850.606508156248, 1458.5627645450384], [0.0, 0.0, 1.0]]
87|87|6|Snook|0.455|0.36617171469339027|1.9444732666015625|2073.7279841585914;1385.6161826666157|38|[-0.03086426481604576, -0.09721814841032028, 0.0]|[0.02015918307006359, 0.024367349222302437, 0.9994997978210449]|[[2825.1480807147805, 0.0, 2061.852601572974], [0.0, 2850.606508156248, 1458.5627645450384], [0.0, 0.0, 1.0]]
87|87|6|Snook|0.455|0.3594322118034023|1.9139455556869507|2075.2921439820566;1382.6450598773208|38|[-0.03086426481604576, -0.09721814841032028, 0.0]|[0.02015918307006359, 0.024367349222302437, 0.9994997978210449]|[[2825.1480807147805, 0.0, 2061.852601572974], [0.0, 2850.606508156248, 1458.5627645450384], [0.0, 0.0, 1.0]]
87|87|6|Snook|0.455|0.3624253123527624|1.9227104187011719|2073.2070790059647;1384.004304635171|38|[-0.03086426481604576, -0.09721814841032028, 0.0]|[0.02015918307006359, 0.024367349222302437, 0.9994997978210449]|[[2825.1480807147805, 0.0, 2061.852601572974], [0.0, 2850.606508156248, 1458.5627645450384], [0.0, 0.0, 1.0]]
87|87|6|Snook|0.455|0.3619729828154463|1.9294387102127075|2073.9571256506106;1384.3308454424148|38|[-0.03086426481604576, -0.09721814841032028, 0.0]|[0.02015918307006359, 0.024367349222302437, 0.9994997978210449]|[[2825.1480807147805, 0.0, 2061.852601572974], [0.0, 2850.606508156248, 1458.5627645450384], [0.0, 0.0, 1.0]]
87|87|6|Snook|0.455|0.340989170655638|1.941117286682129|2073.6290981476914;1385.3743405898113|38|[-0.03086426481604576, -0.09721814841032028, 0.0]|[0.02015918307006359, 0.024367349222302437, 0.9994997978210449]|[[2825.1480807147805, 0.0, 2061.852601572974], [0.0, 2850.606508156248, 1458.5627645450384], [0.0, 0.0, 1.0]]
87|87|6|Snook|0.455|0.344748283949154|1.9449106454849243|2074.8863047921054;1385.2974003976133|38|[-0.03086426481604576, -0.09721814841032028, 0.0]|[0.02015918307006359, 0.024367349222302437, 0.9994997978210449]|[[2825.1480807147805, 0.0, 2061.852601572974], [0.0, 2850.606508156248, 1458.5627645450384], [0.0, 0.0, 1.0]]
87|87|6|Snook|0.455|0.3403388204986307|1.9315590858459473|2074.384915665114;1384.3513808707517|38|[-0.03086426481604576, -0.09721814841032028, 0.0]|[0.02015918307006359, 0.024367349222302437, 0.9994997978210449]|[[2825.1480807147805, 0.0, 2061.852601572974], [0.0, 2850.606508156248, 1458.5627645450384], [0.0, 0.0, 1.0]]
87|87|6|Snook|0.455|0.3464644064960289|1.9563887119293213|2073.5304042824487;1386.6419382014935|38|[-0.03086426481604576, -0.09721814841032028, 0.0]|[0.02015918307006359, 0.024367349222302437, 0.9994997978210449]|[[2825.1480807147805, 0.0, 2061.852601572974], [0.0, 2850.606508156248, 1458.5627645450384], [0.0, 0.0, 1.0]]
87|87|6|Snook|0.455|0.34052099593976903|1.9267187118530273|2073.301966209412;1384.304935130903|38|[-0.03086426481604576, -0.09721814841032028, 0.0]|[0.02015918307006359, 0.024367349222302437, 0.9994997978210449]|[[2825.1480807147805, 0.0, 2061.852601572974], [0.0, 2850.606508156248, 1458.5627645450384], [0.0, 0.0, 1.0]]
87|87|6|Snook|0.455|0.34191414818939164|1.936497449874878|2074.328511616931;1384.7905492859402|38|[-0.03086426481604576, -0.09721814841032028, 0.0]|[0.02015918307006359, 0.024367349222302437, 0.9994997978210449]|[[2825.1480807147805, 0.0, 2061.852601572974], [0.0, 2850.606508156248, 1458.5627645450384], [0.0, 0.0, 1.0]]
87|87|6|Snook|0.455|0.3451841897953695|1.9547687768936157|2073.566685269572;1386.5059251920156|38|[-0.03086426481604576, -0.09721814841032028, 0.0]|[0.02015918307006359, 0.024367349222302437, 0.9994997978210449]|[[2825.1480807147805, 0.0, 2061.852601572974], [0.0, 2850.606508156248, 1458.5627645450384], [0.0, 0.0, 1.0]]
87|87|6|Snook|0.455|0.3435001400730233|1.9481924772262573|2073.2894888763763;1386.0682054446659|38|[-0.03086426481604576, -0.09721814841032028, 0.0]|[0.02015918307006359, 0.024367349222302437, 0.9994997978210449]|[[2825.1480807147805, 0.0, 2061.852601572974], [0.0, 2850.606508156248, 1458.5627645450384], [0.0, 0.0, 1.0]]
87|87|6|Snook|0.455|0.35884825135122644|2.0280697345733643|2078.8126975041855;1390.5339355084307|38|[-0.03086426481604576, -0.09721814841032028, 0.0]|[0.02015918307006359, 0.024367349222302437, 0.9994997978210449]|[[2825.1480807147805, 0.0, 2061.852601572974], [0.0, 2850.606508156248, 1458.5627645450384], [0.0, 0.0, 1.0]]
87|87|6|Snook|0.455|0.3409801534183724|1.9325577020645142|2074.462664457443;1384.4175433192295|38|[-0.03086426481604576, -0.09721814841032028, 0.0]|[0.02015918307006359, 0.024367349222302437, 0.9994997978210449]|[[2825.1480807147805, 0.0, 2061.852601572974], [0.0, 2850.606508156248, 1458.5627645450384], [0.0, 0.0, 1.0]]
87|87|6|Snook|0.455|0.34045666367162086|1.9332473278045654|2074.767661833374;1384.3853027664109|38|[-0.03086426481604576, -0.09721814841032028, 0.0]|[0.02015918307006359, 0.024367349222302437, 0.9994997978210449]|[[2825.1480807147805, 0.0, 2061.852601572974], [0.0, 2850.606508156248, 1458.5627645450384], [0.0, 0.0, 1.0]]
87|87|6|Snook|0.455|0.3457774877474476|1.9758599996566772|2074.7252619324795;1387.7916181606518|38|[-0.03086426481604576, -0.09721814841032028, 0.0]|[0.02015918307006359, 0.024367349222302437, 0.9994997978210449]|[[2825.1480807147805, 0.0, 2061.852601572974], [0.0, 2850.606508156248, 1458.5627645450384], [0.0, 0.0, 1.0]]
87|87|6|Snook|0.455|0.3414253767302936|1.9394935369491577|2075.378899239954;1384.705632321939|38|[-0.03086426481604576, -0.09721814841032028, 0.0]|[0.02015918307006359, 0.024367349222302437, 0.9994997978210449]|[[2825.1480807147805, 0.0, 2061.852601572974], [0.0, 2850.606508156248, 1458.5627645450384], [0.0, 0.0, 1.0]]
87|87|6|Snook|0.455|0.3515806122020576|2.010101795196533|2075.2179132922793;1390.2627635495462|38|[-0.03086426481604576, -0.09721814841032028, 0.0]|[0.02015918307006359, 0.024367349222302437, 0.9994997978210449]|[[2825.1480807147805, 0.0, 2061.852601572974], [0.0, 2850.606508156248, 1458.5627645450384], [0.0, 0.0, 1.0]]
87|87|6|Snook|0.455|0.33742428609120567|1.9360315799713135|2074.334997037558;1384.7517103535538|38|[-0.03086426481604576, -0.09721814841032028, 0.0]|[0.02015918307006359, 0.024367349222302437, 0.9994997978210449]|[[2825.1480807147805, 0.0, 2061.852601572974], [0.0, 2850.606508156248, 1458.5627645450384], [0.0, 0.0, 1.0]]
87|87|6|Snook|0.455|0.3428789974260946|1.9494545459747314|2075.3573462279733;1385.5141271789296|38|[-0.03086426481604576, -0.09721814841032028, 0.0]|[0.02015918307006359, 0.024367349222302437, 0.9994997978210449]|[[2825.1480807147805, 0.0, 2061.852601572974], [0.0, 2850.606508156248, 1458.5627645450384], [0.0, 0.0, 1.0]]
87|87|6|Snook|0.455|0.3407310135172004|1.9471577405929565|2074.929513412305;1385.4572825621276|38|[-0.03086426481604576, -0.09721814841032028, 0.0]|[0.02015918307006359, 0.024367349222302437, 0.9994997978210449]|[[2825.1480807147805, 0.0, 2061.852601572974], [0.0, 2850.606508156248, 1458.5627645450384], [0.0, 0.0, 1.0]]
87|87|6|Snook|0.455|0.3482801777760991|1.9960005283355713|2075.8702541290045;1388.9807266098098|38|[-0.03086426481604576, -0.09721814841032028, 0.0]|[0.02015918307006359, 0.024367349222302437, 0.9994997978210449]|[[2825.1480807147805, 0.0, 2061.852601572974], [0.0, 2850.606508156248, 1458.5627645450384], [0.0, 0.0, 1.0]]
87|87|6|Snook|0.455|0.32937383386288344|1.9528651237487793|2073.3105349399816;1386.4389780149938|38|[-0.03086426481604576, -0.09721814841032028, 0.0]|[0.02015918307006359, 0.024367349222302437, 0.9994997978210449]|[[2825.1480807147805, 0.0, 2061.852601572974], [0.0, 2850.606508156248, 1458.5627645450384], [0.0, 0.0, 1.0]]
87|87|6|Snook|0.455|0.3297099061868951|1.956835150718689|2073.081855918155;1386.8329078742993|38|[-0.03086426481604576, -0.09721814841032028, 0.0]|[0.02015918307006359, 0.024367349222302437, 0.9994997978210449]|[[2825.1480807147805, 0.0, 2061.852601572974], [0.0, 2850.606508156248, 1458.5627645450384], [0.0, 0.0, 1.0]]
87|87|6|Snook|0.455|0.32629939574352607|1.9236226081848145|2073.4981555724294;1383.990551184541|38|[-0.03086426481604576, -0.09721814841032028, 0.0]|[0.02015918307006359, 0.024367349222302437, 0.9994997978210449]|[[2825.1480807147805, 0.0, 2061.852601572974], [0.0, 2850.606508156248, 1458.5627645450384], [0.0, 0.0, 1.0]]
87|87|6|Snook|0.455|0.3329255166399337|1.97163724899292|2075.0397833043194;1387.3639536674434|38|[-0.03086426481604576, -0.09721814841032028, 0.0]|[0.02015918307006359, 0.024367349222302437, 0.9994997978210449]|[[2825.1480807147805, 0.0, 2061.852601572974], [0.0, 2850.606508156248, 1458.5627645450384], [0.0, 0.0, 1.0]]
87|87|6|Snook|0.455|0.32966795470619986|1.9397794008255005|2074.198286055764;1385.095841231622|38|[-0.03086426481604576, -0.09721814841032028, 0.0]|[0.02015918307006359, 0.024367349222302437, 0.9994997978210449]|[[2825.1480807147805, 0.0, 2061.852601572974], [0.0, 2850.606508156248, 1458.5627645450384], [0.0, 0.0, 1.0]]
87|87|6|Snook|0.455|0.3274018612708394|1.9367903470993042|2072.256327323113;1385.4801285447973|38|[-0.03086426481604576, -0.09721814841032028, 0.0]|[0.02015918307006359, 0.024367349222302437, 0.9994997978210449]|[[2825.1480807147805, 0.0, 2061.852601572974], [0.0, 2850.606508156248, 1458.5627645450384], [0.0, 0.0, 1.0]]
87|87|6|Snook|0.455|0.3286414422246566|1.9439551830291748|2075.353744463782;1385.0810620196203|38|[-0.03086426481604576, -0.09721814841032028, 0.0]|[0.02015918307006359, 0.024367349222302437, 0.9994997978210449]|[[2825.1480807147805, 0.0, 2061.852601572974], [0.0, 2850.606508156248, 1458.5627645450384], [0.0, 0.0, 1.0]]
87|87|6|Snook|0.455|0.425403421794442|4.293757915496826|2099.597505063863;1463.180174495214|38|[-0.03086426481604576, -0.09721814841032028, 0.0]|[0.02015918307006359, 0.024367349222302437, 0.9994997978210449]|[[2825.1480807147805, 0.0, 2061.852601572974], [0.0, 2850.606508156248, 1458.5627645450384], [0.0, 0.0, 1.0]]
87|87|6|Snook|0.455|0.41248396402455956|4.172243595123291|2098.377324752074;1461.4799137016798|38|[-0.03086426481604576, -0.09721814841032028, 0.0]|[0.02015918307006359, 0.024367349222302437, 0.9994997978210449]|[[2825.1480807147805, 0.0, 2061.852601572974], [0.0, 2850.606508156248, 1458.5627645450384], [0.0, 0.0, 1.0]]
87|87|6|Snook|0.455|0.4155333854711757|4.13778829574585|2099.1875110967703;1460.658754013007|38|[-0.03086426481604576, -0.09721814841032028, 0.0]|[0.02015918307006359, 0.024367349222302437, 0.9994997978210449]|[[2825.1480807147805, 0.0, 2061.852601572974], [0.0, 2850.606508156248, 1458.5627645450384], [0.0, 0.0, 1.0]]
87|87|6|Snook|0.455|0.4225754251753686|4.226036548614502|2099.530850067075;1462.0746277835456|38|[-0.03086426481604576, -0.09721814841032028, 0.0]|[0.02015918307006359, 0.024367349222302437, 0.9994997978210449]|[[2825.1480807147805, 0.0, 2061.852601572974], [0.0, 2850.606508156248, 1458.5627645450384], [0.0, 0.0, 1.0]]
87|87|6|Snook|0.455|0.4139449080710336|4.164699077606201|2099.695229423257;1460.9784132098675|38|[-0.03086426481604576, -0.09721814841032028, 0.0]|[0.02015918307006359, 0.024367349222302437, 0.9994997978210449]|[[2825.1480807147805, 0.0, 2061.852601572974], [0.0, 2850.606508156248, 1458.5627645450384], [0.0, 0.0, 1.0]]
87|87|6|Snook|0.455|0.4292918760833595|4.32787561416626|2099.8002668839;1463.6863321398112|38|[-0.03086426481604576, -0.09721814841032028, 0.0]|[0.02015918307006359, 0.024367349222302437, 0.9994997978210449]|[[2825.1480807147805, 0.0, 2061.852601572974], [0.0, 2850.606508156248, 1458.5627645450384], [0.0, 0.0, 1.0]]
87|87|6|Snook|0.455|0.39888623116021565|4.104112148284912|2099.5142165040174;1459.9619560479844|38|[-0.03086426481604576, -0.09721814841032028, 0.0]|[0.02015918307006359, 0.024367349222302437, 0.9994997978210449]|[[2825.1480807147805, 0.0, 2061.852601572974], [0.0, 2850.606508156248, 1458.5627645450384], [0.0, 0.0, 1.0]]
87|87|6|Snook|0.455|0.320120035809188|4.13832950592041|2097.059119325892;1461.317066501082|38|[-0.03086426481604576, -0.09721814841032028, 0.0]|[0.02015918307006359, 0.024367349222302437, 0.9994997978210449]|[[2825.1480807147805, 0.0, 2061.852601572974], [0.0, 2850.606508156248, 1458.5627645450384], [0.0, 0.0, 1.0]]
87|87|6|Snook|0.455|0.31690193074382494|4.101467609405518|2097.416046972416;1460.5246525272064|38|[-0.03086426481604576, -0.09721814841032028, 0.0]|[0.02015918307006359, 0.024367349222302437, 0.9994997978210449]|[[2825.1480807147805, 0.0, 2061.852601572974], [0.0, 2850.606508156248, 1458.5627645450384], [0.0, 0.0, 1.0]]
87|87|6|Snook|0.455|0.3262673744197513|4.1824822425842285|2097.199207796514;1462.058566289676|38|[-0.03086426481604576, -0.09721814841032028, 0.0]|[0.02015918307006359, 0.024367349222302437, 0.9994997978210449]|[[2825.1480807147805, 0.0, 2061.852601572974], [0.0, 2850.606508156248, 1458.5627645450384], [0.0, 0.0, 1.0]]
87|87|6|Snook|0.455|0.3253833133305575|4.120749473571777|2097.425638225264;1460.8926761965465|38|[-0.03086426481604576, -0.09721814841032028, 0.0]|[0.02015918307006359, 0.024367349222302437, 0.9994997978210449]|[[2825.1480807147805, 0.0, 2061.852601572974], [0.0, 2850.606508156248, 1458.5627645450384], [0.0, 0.0, 1.0]]
87|87|6|Snook|0.455|0.3280917711912418|4.103547096252441|2095.9074152328503;1461.114084691008|38|[-0.03086426481604576, -0.09721814841032028, 0.0]|[0.02015918307006359, 0.024367349222302437, 0.9994997978210449]|[[2825.1480807147805, 0.0, 2061.852601572974], [0.0, 2850.606508156248, 1458.5627645450384], [0.0, 0.0, 1.0]]
504|502|6|Weasly Fish|0.31|0.24599216785517797|0.32878801226615906|1949.4555664062502;722.7369995117188|29|[-0.026759110391139984, -0.08485078066587448, 0.0]|[0.041223522275686264, 4.938347410643473e-05, 0.9991499781608582]|[[2825.1480807147805, 0.0, 2061.852601572974], [0.0, 2850.606508156248, 1458.5627645450384], [0.0, 0.0, 1.0]]
504|502|6|Weasly Fish|0.31|0.24631912746128548|0.4459470808506012|2007.8864746093752;916.6346435546875|29|[-0.026759110391139984, -0.08485078066587448, 0.0]|[0.041223522275686264, 4.938347410643473e-05, 0.9991499781608582]|[[2825.1480807147805, 0.0, 2061.852601572974], [0.0, 2850.606508156248, 1458.5627645450384], [0.0, 0.0, 1.0]]
504|502|6|Weasly Fish|0.31|0.2538108098263562|0.5836616158485413|2048.793212890625;1044.3248291015627|29|[-0.026759110391139984, -0.08485078066587448, 0.0]|[0.041223522275686264, 4.938347410643473e-05, 0.9991499781608582]|[[2825.1480807147805, 0.0, 2061.852601572974], [0.0, 2850.606508156248, 1458.5627645450384], [0.0, 0.0, 1.0]]
504|502|6|Weasly Fish|0.31|0.25613334874742333|0.6934964060783386|2068.51708984375;1110.2105712890625|29|[-0.026759110391139984, -0.08485078066587448, 0.0]|[0.041223522275686264, 4.938347410643473e-05, 0.9991499781608582]|[[2825.1480807147805, 0.0, 2061.852601572974], [0.0, 2850.606508156248, 1458.5627645450384], [0.0, 0.0, 1.0]]
504|502|6|Weasly Fish|0.31|0.2606688822202744|0.8427170515060425|2088.484130859375;1171.754638671875|29|[-0.026759110391139984, -0.08485078066587448, 0.0]|[0.041223522275686264, 4.938347410643473e-05, 0.9991499781608582]|[[2825.1480807147805, 0.0, 2061.852601572974], [0.0, 2850.606508156248, 1458.5627645450384], [0.0, 0.0, 1.0]]
504|502|6|Weasly Fish|0.31|0.26290610963042566|0.963083803653717|2099.66748046875;1207.634765625|29|[-0.026759110391139984, -0.08485078066587448, 0.0]|[0.041223522275686264, 4.938347410643473e-05, 0.9991499781608582]|[[2825.1480807147805, 0.0, 2061.852601572974], [0.0, 2850.606508156248, 1458.5627645450384], [0.0, 0.0, 1.0]]
504|502|6|Weasly Fish|0.31|0.2686621879493899|1.0855063199996948|2108.7812500000005;1235.874267578125|29|[-0.026759110391139984, -0.08485078066587448, 0.0]|[0.041223522275686264, 4.938347410643473e-05, 0.9991499781608582]|[[2825.1480807147805, 0.0, 2061.852601572974], [0.0, 2850.606508156248, 1458.5627645450384], [0.0, 0.0, 1.0]]
504|502|6|Weasly Fish|0.31|0.2722629064605964|1.2130435705184937|2115.3203125;1259.5588378906252|29|[-0.026759110391139984, -0.08485078066587448, 0.0]|[0.041223522275686264, 4.938347410643473e-05, 0.9991499781608582]|[[2825.1480807147805, 0.0, 2061.852601572974], [0.0, 2850.606508156248, 1458.5627645450384], [0.0, 0.0, 1.0]]
504|502|6|Weasly Fish|0.31|0.2743496919771778|1.5386734008789062|2128.5009150223286;1301.7606474935428|29|[-0.026759110391139984, -0.08485078066587448, 0.0]|[0.041223522275686264, 4.938347410643473e-05, 0.9991499781608582]|[[2825.1480807147805, 0.0, 2061.852601572974], [0.0, 2850.606508156248, 1458.5627645450384], [0.0, 0.0, 1.0]]
504|502|6|Weasly Fish|0.31|0.28026689138229144|1.7348111867904663|2133.3982904436566;1319.7522448354443|29|[-0.026759110391139984, -0.08485078066587448, 0.0]|[0.041223522275686264, 4.938347410643473e-05, 0.9991499781608582]|[[2825.1480807147805, 0.0, 2061.852601572974], [0.0, 2850.606508156248, 1458.5627645450384], [0.0, 0.0, 1.0]]
504|502|6|Weasly Fish|0.31|0.2785803364422847|1.8846920728683472|2136.23491898801;1331.0629395691326|29|[-0.026759110391139984, -0.08485078066587448, 0.0]|[0.041223522275686264, 4.938347410643473e-05, 0.9991499781608582]|[[2825.1480807147805, 0.0, 2061.852601572974], [0.0, 2850.606508156248, 1458.5627645450384], [0.0, 0.0, 1.0]]
504|502|6|Weasly Fish|0.31|0.289112355195521|2.095385789871216|2140.5891113281255;1343.8509521484375|29|[-0.026759110391139984, -0.08485078066587448, 0.0]|[0.041223522275686264, 4.938347410643473e-05, 0.9991499781608582]|[[2825.1480807147805, 0.0, 2061.852601572974], [0.0, 2850.606508156248, 1458.5627645450384], [0.0, 0.0, 1.0]]
504|502|6|Weasly Fish|0.31|0.2906551259925031|2.15173077583313|2142.33203125;1346.602783203125|29|[-0.026759110391139984, -0.08485078066587448, 0.0]|[0.041223522275686264, 4.938347410643473e-05, 0.9991499781608582]|[[2825.1480807147805, 0.0, 2061.852601572974], [0.0, 2850.606508156248, 1458.5627645450384], [0.0, 0.0, 1.0]]
504|502|6|Weasly Fish|0.31|0.29291935780262734|2.344224452972412|2145.5278320312505;1355.7318115234375|29|[-0.026759110391139984, -0.08485078066587448, 0.0]|[0.041223522275686264, 4.938347410643473e-05, 0.9991499781608582]|[[2825.1480807147805, 0.0, 2061.852601572974], [0.0, 2850.606508156248, 1458.5627645450384], [0.0, 0.0, 1.0]]
504|502|6|Weasly Fish|0.31|0.29556684218180385|2.587374448776245|2147.6484375000005;1365.7296142578125|29|[-0.026759110391139984, -0.08485078066587448, 0.0]|[0.041223522275686264, 4.938347410643473e-05, 0.9991499781608582]|[[2825.1480807147805, 0.0, 2061.852601572974], [0.0, 2850.606508156248, 1458.5627645450384], [0.0, 0.0, 1.0]]
504|502|6|Weasly Fish|0.31|0.29974621606588464|2.9055371284484863|2151.3811035156255;1375.78857421875|29|[-0.026759110391139984, -0.08485078066587448, 0.0]|[0.041223522275686264, 4.938347410643473e-05, 0.9991499781608582]|[[2825.1480807147805, 0.0, 2061.852601572974], [0.0, 2850.606508156248, 1458.5627645450384], [0.0, 0.0, 1.0]]
504|502|6|Weasly Fish|0.31|0.301816979105607|3.0988657474517822|2152.725830078125;1381.0849609375|29|[-0.026759110391139984, -0.08485078066587448, 0.0]|[0.041223522275686264, 4.938347410643473e-05, 0.9991499781608582]|[[2825.1480807147805, 0.0, 2061.852601572974], [0.0, 2850.606508156248, 1458.5627645450384], [0.0, 0.0, 1.0]]
504|502|6|Weasly Fish|0.31|0.30512919080095263|3.3596339225769043|2154.9125976562495;1387.0396728515625|29|[-0.026759110391139984, -0.08485078066587448, 0.0]|[0.041223522275686264, 4.938347410643473e-05, 0.9991499781608582]|[[2825.1480807147805, 0.0, 2061.852601572974], [0.0, 2850.606508156248, 1458.5627645450384], [0.0, 0.0, 1.0]]
504|502|6|Weasly Fish|0.31|0.2973892785413166|3.4406960010528564|2156.7885742187505;1388.2872314453125|29|[-0.026759110391139984, -0.08485078066587448, 0.0]|[0.041223522275686264, 4.938347410643473e-05, 0.9991499781608582]|[[2825.1480807147805, 0.0, 2061.852601572974], [0.0, 2850.606508156248, 1458.5627645450384], [0.0, 0.0, 1.0]]
504|502|6|Weasly Fish|0.31|0.2991547453429817|3.66276478767395|2158.370361328125;1392.489990234375|29|[-0.026759110391139984, -0.08485078066587448, 0.0]|[0.041223522275686264, 4.938347410643473e-05, 0.9991499781608582]|[[2825.1480807147805, 0.0, 2061.852601572974], [0.0, 2850.606508156248, 1458.5627645450384], [0.0, 0.0, 1.0]]
504|502|6|Weasly Fish|0.31|0.3013392528890972|3.90929913520813|2158.280517578125;1397.0950927734375|29|[-0.026759110391139984, -0.08485078066587448, 0.0]|[0.041223522275686264, 4.938347410643473e-05, 0.9991499781608582]|[[2825.1480807147805, 0.0, 2061.852601572974], [0.0, 2850.606508156248, 1458.5627645450384], [0.0, 0.0, 1.0]]
504|502|6|Weasly Fish|0.31|0.31458107670421376|4.2718000411987305|2160.4707031250005;1402.141357421875|29|[-0.026759110391139984, -0.08485078066587448, 0.0]|[0.041223522275686264, 4.938347410643473e-05, 0.9991499781608582]|[[2825.1480807147805, 0.0, 2061.852601572974], [0.0, 2850.606508156248, 1458.5627645450384], [0.0, 0.0, 1.0]]
504|502|6|Weasly Fish|0.31|0.302863276452097|4.284204959869385|2161.970458984375;1401.8768310546875|29|[-0.026759110391139984, -0.08485078066587448, 0.0]|[0.041223522275686264, 4.938347410643473e-05, 0.9991499781608582]|[[2825.1480807147805, 0.0, 2061.852601572974], [0.0, 2850.606508156248, 1458.5627645450384], [0.0, 0.0, 1.0]]
504|502|6|Weasly Fish|0.31|0.3280030762456352|4.623651504516602|2160.018798828125;1407.1392822265625|29|[-0.026759110391139984, -0.08485078066587448, 0.0]|[0.041223522275686264, 4.938347410643473e-05, 0.9991499781608582]|[[2825.1480807147805, 0.0, 2061.852601572974], [0.0, 2850.606508156248, 1458.5627645450384], [0.0, 0.0, 1.0]]
504|502|6|Weasly Fish|0.31|0.3068854814496841|4.568838596343994|2162.1481933593745;1405.6549072265625|29|[-0.026759110391139984, -0.08485078066587448, 0.0]|[0.041223522275686264, 4.938347410643473e-05, 0.9991499781608582]|[[2825.1480807147805, 0.0, 2061.852601572974], [0.0, 2850.606508156248, 1458.5627645450384], [0.0, 0.0, 1.0]]
504|502|6|Weasly Fish|0.31|0.34480508835201684|5.300173282623291|2162.561767578125;1413.63232421875|29|[-0.026759110391139984, -0.08485078066587448, 0.0]|[0.041223522275686264, 4.938347410643473e-05, 0.9991499781608582]|[[2825.1480807147805, 0.0, 2061.852601572974], [0.0, 2850.606508156248, 1458.5627645450384], [0.0, 0.0, 1.0]]
504|502|6|Weasly Fish|0.31|0.32529277382521915|4.328176498413086|2159.432373046875;1403.336181640625|29|[-0.026759110391139984, -0.08485078066587448, 0.0]|[0.041223522275686264, 4.938347410643473e-05, 0.9991499781608582]|[[2825.1480807147805, 0.0, 2061.852601572974], [0.0, 2850.606508156248, 1458.5627645450384], [0.0, 0.0, 1.0]]
504|502|6|Weasly Fish|0.31|0.3132887716339386|4.055546760559082|2157.015625;1400.0660400390625|29|[-0.026759110391139984, -0.08485078066587448, 0.0]|[0.041223522275686264, 4.938347410643473e-05, 0.9991499781608582]|[[2825.1480807147805, 0.0, 2061.852601572974], [0.0, 2850.606508156248, 1458.5627645450384], [0.0, 0.0, 1.0]]
504|502|6|Weasly Fish|0.31|0.32379457914581955|3.9720468521118164|2158.7092285156255;1398.0186767578125|29|[-0.026759110391139984, -0.08485078066587448, 0.0]|[0.041223522275686264, 4.938347410643473e-05, 0.9991499781608582]|[[2825.1480807147805, 0.0, 2061.852601572974], [0.0, 2850.606508156248, 1458.5627645450384], [0.0, 0.0, 1.0]]
504|502|6|Weasly Fish|0.31|0.28913764876057324|3.404728412628174|2156.05908203125;1387.6883544921875|29|[-0.026759110391139984, -0.08485078066587448, 0.0]|[0.041223522275686264, 4.938347410643473e-05, 0.9991499781608582]|[[2825.1480807147805, 0.0, 2061.852601572974], [0.0, 2850.606508156248, 1458.5627645450384], [0.0, 0.0, 1.0]]
504|502|6|Weasly Fish|0.31|0.2964146351811042|3.344235420227051|2156.017333984375;1386.3104248046877|29|[-0.026759110391139984, -0.08485078066587448, 0.0]|[0.041223522275686264, 4.938347410643473e-05, 0.9991499781608582]|[[2825.1480807147805, 0.0, 2061.852601572974], [0.0, 2850.606508156248, 1458.5627645450384], [0.0, 0.0, 1.0]]
504|502|6|Weasly Fish|0.31|0.30704935938059824|3.3585214614868164|2153.4406738281255;1387.5504150390625|29|[-0.026759110391139984, -0.08485078066587448, 0.0]|[0.041223522275686264, 4.938347410643473e-05, 0.9991499781608582]|[[2825.1480807147805, 0.0, 2061.852601572974], [0.0, 2850.606508156248, 1458.5627645450384], [0.0, 0.0, 1.0]]
504|502|6|Weasly Fish|0.31|0.30725673344675414|3.1589038372039795|2152.1142578125;1382.96728515625|29|[-0.026759110391139984, -0.08485078066587448, 0.0]|[0.041223522275686264, 4.938347410643473e-05, 0.9991499781608582]|[[2825.1480807147805, 0.0, 2061.852601572974], [0.0, 2850.606508156248, 1458.5627645450384], [0.0, 0.0, 1.0]]
504|502|6|Weasly Fish|0.31|0.296767056413718|2.915776014328003|2152.624267578125;1375.6884765625|29|[-0.026759110391139984, -0.08485078066587448, 0.0]|[0.041223522275686264, 4.938347410643473e-05, 0.9991499781608582]|[[2825.1480807147805, 0.0, 2061.852601572974], [0.0, 2850.606508156248, 1458.5627645450384], [0.0, 0.0, 1.0]]
504|502|6|Weasly Fish|0.31|0.297586841385672|2.7779221534729004|2149.1306152343755;1372.350341796875|29|[-0.026759110391139984, -0.08485078066587448, 0.0]|[0.041223522275686264, 4.938347410643473e-05, 0.9991499781608582]|[[2825.1480807147805, 0.0, 2061.852601572974], [0.0, 2850.606508156248, 1458.5627645450384], [0.0, 0.0, 1.0]]
504|502|6|Weasly Fish|0.31|0.29728952502722034|2.5470707416534424|2147.18603515625;1364.2548828125|29|[-0.026759110391139984, -0.08485078066587448, 0.0]|[0.041223522275686264, 4.938347410643473e-05, 0.9991499781608582]|[[2825.1480807147805, 0.0, 2061.852601572974], [0.0, 2850.606508156248, 1458.5627645450384], [0.0, 0.0, 1.0]]
504|502|6|Weasly Fish|0.31|0.29093465450241024|2.352627754211426|2144.1317041176853;1356.6149936197246|29|[-0.026759110391139984, -0.08485078066587448, 0.0]|[0.041223522275686264, 4.938347410643473e-05, 0.9991499781608582]|[[2825.1480807147805, 0.0, 2061.852601572974], [0.0, 2850.606508156248, 1458.5627645450384], [0.0, 0.0, 1.0]]
504|502|6|Weasly Fish|0.31|0.28810475661853563|2.1595757007598877|2141.857947269626;1347.1989644135435|29|[-0.026759110391139984, -0.08485078066587448, 0.0]|[0.041223522275686264, 4.938347410643473e-05, 0.9991499781608582]|[[2825.1480807147805, 0.0, 2061.852601572974], [0.0, 2850.606508156248, 1458.5627645450384], [0.0, 0.0, 1.0]]
504|502|6|Weasly Fish|0.31|0.28952690660464714|1.9622398614883423|2138.8188476562495;1335.779052734375|29|[-0.026759110391139984, -0.08485078066587448, 0.0]|[0.041223522275686264, 4.938347410643473e-05, 0.9991499781608582]|[[2825.1480807147805, 0.0, 2061.852601572974], [0.0, 2850.606508156248, 1458.5627645450384], [0.0, 0.0, 1.0]]
504|502|6|Weasly Fish|0.31|0.28357690934763097|1.7655556201934814|2133.286082669068;1322.4831183056917|29|[-0.026759110391139984, -0.08485078066587448, 0.0]|[0.041223522275686264, 4.938347410643473e-05, 0.9991499781608582]|[[2825.1480807147805, 0.0, 2061.852601572974], [0.0, 2850.606508156248, 1458.5627645450384], [0.0, 0.0, 1.0]]
504|502|6|Weasly Fish|0.31|0.2849356170943238|1.5816484689712524|2128.207258798547;1306.5788070357253|29|[-0.026759110391139984, -0.08485078066587448, 0.0]|[0.041223522275686264, 4.938347410643473e-05, 0.9991499781608582]|[[2825.1480807147805, 0.0, 2061.852601572974], [0.0, 2850.606508156248, 1458.5627645450384], [0.0, 0.0, 1.0]]
504|502|6|Weasly Fish|0.31|0.27808503268164175|1.3662617206573486|2121.3504615973598;1282.2355456834948|29|[-0.026759110391139984, -0.08485078066587448, 0.0]|[0.041223522275686264, 4.938347410643473e-05, 0.9991499781608582]|[[2825.1480807147805, 0.0, 2061.852601572974], [0.0, 2850.606508156248, 1458.5627645450384], [0.0, 0.0, 1.0]]
504|502|6|Weasly Fish|0.31|0.2774972262778476|1.1717970371246338|2112.100312748344;1252.8777459094117|29|[-0.026759110391139984, -0.08485078066587448, 0.0]|[0.041223522275686264, 4.938347410643473e-05, 0.9991499781608582]|[[2825.1480807147805, 0.0, 2061.852601572974], [0.0, 2850.606508156248, 1458.5627645450384], [0.0, 0.0, 1.0]]
504|502|6|Weasly Fish|0.31|0.2658190397359101|0.8087285161018372|2084.0522460937505;1159.9031982421877|29|[-0.026759110391139984, -0.08485078066587448, 0.0]|[0.041223522275686264, 4.938347410643473e-05, 0.9991499781608582]|[[2825.1480807147805, 0.0, 2061.852601572974], [0.0, 2850.606508156248, 1458.5627645450384], [0.0, 0.0, 1.0]]
504|502|6|Weasly Fish|0.31|0.25955733584322527|0.6588826775550842|2062.12548828125;1092.1024169921877|29|[-0.026759110391139984, -0.08485078066587448, 0.0]|[0.041223522275686264, 4.938347410643473e-05, 0.9991499781608582]|[[2825.1480807147805, 0.0, 2061.852601572974], [0.0, 2850.606508156248, 1458.5627645450384], [0.0, 0.0, 1.0]]
504|502|6|Weasly Fish|0.31|0.25148571567082423|0.41172900795936584|1994.62353515625;871.2945556640625|29|[-0.026759110391139984, -0.08485078066587448, 0.0]|[0.041223522275686264, 4.938347410643473e-05, 0.9991499781608582]|[[2825.1480807147805, 0.0, 2061.852601572974], [0.0, 2850.606508156248, 1458.5627645450384], [0.0, 0.0, 1.0]]
504|502|6|Weasly Fish|0.31|0.25143485088496426|0.32167044281959534|1942.8043212890625;706.9532470703125|29|[-0.026759110391139984, -0.08485078066587448, 0.0]|[0.041223522275686264, 4.938347410643473e-05, 0.9991499781608582]|[[2825.1480807147805, 0.0, 2061.852601572974], [0.0, 2850.606508156248, 1458.5627645450384], [0.0, 0.0, 1.0]]
504|502|6|Weasly Fish|0.31|0.2546656856589586|0.2521875202655792|1877.3808182009868;499.99297364287054|29|[-0.026759110391139984, -0.08485078066587448, 0.0]|[0.041223522275686264, 4.938347410643473e-05, 0.9991499781608582]|[[2825.1480807147805, 0.0, 2061.852601572974], [0.0, 2850.606508156248, 1458.5627645450384], [0.0, 0.0, 1.0]]
492|490|2|Weasly Fish|0.31|0.2725628559698606|0.36907958984375|1806.309326171875;780.7843627929688|39|[-0.030609410256147385, -0.09767806529998779, 0.0]|[0.007372189778834581, 0.03203948959708214, 0.9994593858718872]|[[2855.292793016781, 0.0, 2031.7894533541553], [0.0, 2881.0734769839373, 1447.6913944790074], [0.0, 0.0, 1.0]]
492|490|2|Weasly Fish|0.31|0.28594783474377544|1.198468565940857|1972.8607177734375;1307.7059326171877|39|[-0.030609410256147385, -0.09767806529998779, 0.0]|[0.007372189778834581, 0.03203948959708214, 0.9994593858718872]|[[2855.292793016781, 0.0, 2031.7894533541553], [0.0, 2881.0734769839373, 1447.6913944790074], [0.0, 0.0, 1.0]]
492|490|2|Weasly Fish|0.31|0.2817112792882541|1.8614565134048462|1997.6953125000002;1391.9814453125|39|[-0.030609410256147385, -0.09767806529998779, 0.0]|[0.007372189778834581, 0.03203948959708214, 0.9994593858718872]|[[2855.292793016781, 0.0, 2031.7894533541553], [0.0, 2881.0734769839373, 1447.6913944790074], [0.0, 0.0, 1.0]]
492|490|2|Weasly Fish|0.31|0.28429591308920865|2.1389129161834717|2003.7930908203125;1411.6724853515625|39|[-0.030609410256147385, -0.09767806529998779, 0.0]|[0.007372189778834581, 0.03203948959708214, 0.9994593858718872]|[[2855.292793016781, 0.0, 2031.7894533541553], [0.0, 2881.0734769839373, 1447.6913944790074], [0.0, 0.0, 1.0]]
492|490|2|Weasly Fish|0.31|0.2672068587402447|2.2477691173553467|2005.2616547671898;1418.305225397656|39|[-0.030609410256147385, -0.09767806529998779, 0.0]|[0.007372189778834581, 0.03203948959708214, 0.9994593858718872]|[[2855.292793016781, 0.0, 2031.7894533541553], [0.0, 2881.0734769839373, 1447.6913944790074], [0.0, 0.0, 1.0]]
492|490|2|Weasly Fish|0.31|0.2720215906089388|2.6132805347442627|2009.657958984375;1436.4908447265625|39|[-0.030609410256147385, -0.09767806529998779, 0.0]|[0.007372189778834581, 0.03203948959708214, 0.9994593858718872]|[[2855.292793016781, 0.0, 2031.7894533541553], [0.0, 2881.0734769839373, 1447.6913944790074], [0.0, 0.0, 1.0]]
492|490|2|Weasly Fish|0.31|0.2692587967602697|2.96744441986084|2013.40771484375;1449.653564453125|39|[-0.030609410256147385, -0.09767806529998779, 0.0]|[0.007372189778834581, 0.03203948959708214, 0.9994593858718872]|[[2855.292793016781, 0.0, 2031.7894533541553], [0.0, 2881.0734769839373, 1447.6913944790074], [0.0, 0.0, 1.0]]
492|490|2|Weasly Fish|0.31|0.2698473492415182|3.151646137237549|2015.2037353515623;1455.23095703125|39|[-0.030609410256147385, -0.09767806529998779, 0.0]|[0.007372189778834581, 0.03203948959708214, 0.9994593858718872]|[[2855.292793016781, 0.0, 2031.7894533541553], [0.0, 2881.0734769839373, 1447.6913944790074], [0.0, 0.0, 1.0]]
492|490|2|Weasly Fish|0.31|0.2748440176419837|2.6076488494873047|2008.5638427734375;1436.8319091796875|39|[-0.030609410256147385, -0.09767806529998779, 0.0]|[0.007372189778834581, 0.03203948959708214, 0.9994593858718872]|[[2855.292793016781, 0.0, 2031.7894533541553], [0.0, 2881.0734769839373, 1447.6913944790074], [0.0, 0.0, 1.0]]
492|490|2|Weasly Fish|0.31|0.275095721590021|2.447849988937378|2006.9888916015625;1429.35595703125|39|[-0.030609410256147385, -0.09767806529998779, 0.0]|[0.007372189778834581, 0.03203948959708214, 0.9994593858718872]|[[2855.292793016781, 0.0, 2031.7894533541553], [0.0, 2881.0734769839373, 1447.6913944790074], [0.0, 0.0, 1.0]]
492|490|2|Weasly Fish|0.31|0.27829132311068727|2.300874710083008|2004.3372802734375;1422.1402587890625|39|[-0.030609410256147385, -0.09767806529998779, 0.0]|[0.007372189778834581, 0.03203948959708214, 0.9994593858718872]|[[2855.292793016781, 0.0, 2031.7894533541553], [0.0, 2881.0734769839373, 1447.6913944790074], [0.0, 0.0, 1.0]]
492|490|2|Weasly Fish|0.31|0.2818535220827802|2.112760543823242|2000.5124511718752;1411.397216796875|39|[-0.030609410256147385, -0.09767806529998779, 0.0]|[0.007372189778834581, 0.03203948959708214, 0.9994593858718872]|[[2855.292793016781, 0.0, 2031.7894533541553], [0.0, 2881.0734769839373, 1447.6913944790074], [0.0, 0.0, 1.0]]
492|490|2|Weasly Fish|0.31|0.2791666618165093|1.8754574060440063|1997.35400390625;1393.4197998046875|39|[-0.030609410256147385, -0.09767806529998779, 0.0]|[0.007372189778834581, 0.03203948959708214, 0.9994593858718872]|[[2855.292793016781, 0.0, 2031.7894533541553], [0.0, 2881.0734769839373, 1447.6913944790074], [0.0, 0.0, 1.0]]
492|490|2|Weasly Fish|0.31|0.2868092744038693|1.5394047498703003|1985.5420556554827;1361.2821817400877|39|[-0.030609410256147385, -0.09767806529998779, 0.0]|[0.007372189778834581, 0.03203948959708214, 0.9994593858718872]|[[2855.292793016781, 0.0, 2031.7894533541553], [0.0, 2881.0734769839373, 1447.6913944790074], [0.0, 0.0, 1.0]]
492|490|2|Weasly Fish|0.31|0.28536986774204137|1.3604048490524292|1978.0426025390625;1337.1556396484375|39|[-0.030609410256147385, -0.09767806529998779, 0.0]|[0.007372189778834581, 0.03203948959708214, 0.9994593858718872]|[[2855.292793016781, 0.0, 2031.7894533541553], [0.0, 2881.0734769839373, 1447.6913944790074], [0.0, 0.0, 1.0]]
492|490|2|Weasly Fish|0.31|0.28630096555507567|1.166751742362976|1967.1566162109375;1302.81884765625|39|[-0.030609410256147385, -0.09767806529998779, 0.0]|[0.007372189778834581, 0.03203948959708214, 0.9994593858718872]|[[2855.292793016781, 0.0, 2031.7894533541553], [0.0, 2881.0734769839373, 1447.6913944790074], [0.0, 0.0, 1.0]]
492|490|2|Weasly Fish|0.31|0.28556226525358497|1.0099345445632935|1956.205078125;1265.0181884765625|39|[-0.030609410256147385, -0.09767806529998779, 0.0]|[0.007372189778834581, 0.03203948959708214, 0.9994593858718872]|[[2855.292793016781, 0.0, 2031.7894533541553], [0.0, 2881.0734769839373, 1447.6913944790074], [0.0, 0.0, 1.0]]
492|490|2|Weasly Fish|0.31|0.28745042652871705|0.8426589965820312|1938.94189453125;1209.6590576171875|39|[-0.030609410256147385, -0.09767806529998779, 0.0]|[0.007372189778834581, 0.03203948959708214, 0.9994593858718872]|[[2855.292793016781, 0.0, 2031.7894533541553], [0.0, 2881.0734769839373, 1447.6913944790074], [0.0, 0.0, 1.0]]
492|490|2|Weasly Fish|0.31|0.29061661968542246|0.665237545967102|1913.1365966796875;1119.8375244140623|39|[-0.030609410256147385, -0.09767806529998779, 0.0]|[0.007372189778834581, 0.03203948959708214, 0.9994593858718872]|[[2855.292793016781, 0.0, 2031.7894533541553], [0.0, 2881.0734769839373, 1447.6913944790074], [0.0, 0.0, 1.0]]
492|490|2|Weasly Fish|0.31|0.28396328135375043|0.47408822178840637|1857.25634765625;950.2506713867188|39|[-0.030609410256147385, -0.09767806529998779, 0.0]|[0.007372189778834581, 0.03203948959708214, 0.9994593858718872]|[[2855.292793016781, 0.0, 2031.7894533541553], [0.0, 2881.0734769839373, 1447.6913944790074], [0.0, 0.0, 1.0]]
521|521|2|Weasly Fish|0.31|0.30352364392230674|1.0904055833816528|2035.552490234375;1295.6973876953125|44|[-0.03127326816320419, -0.09965863823890686, 0.0]|[0.030340705066919327, 0.03847140446305275, 0.9987989068031311]|[[2855.292793016781, 0.0, 2031.7894533541553], [0.0, 2881.0734769839373, 1447.6913944790074], [0.0, 0.0, 1.0]]
527|489|2|Weasly Fish|0.31|0.2859468709481217|0.5943482518196106|1891.994140625;1022.9617309570312|37|[-0.029847387224435806, -0.09885115176439285, 0.0]|[0.0020420134533196688, 0.018653910607099533, 0.9998238682746887]|[[2855.292793016781, 0.0, 2031.7894533541553], [0.0, 2881.0734769839373, 1447.6913944790074], [0.0, 0.0, 1.0]]
527|489|2|Weasly Fish|0.31|0.28760012967741|0.6925381422042847|1911.9041748046875;1091.0341796875002|37|[-0.029847387224435806, -0.09885115176439285, 0.0]|[0.0020420134533196688, 0.018653910607099533, 0.9998238682746887]|[[2855.292793016781, 0.0, 2031.7894533541553], [0.0, 2881.0734769839373, 1447.6913944790074], [0.0, 0.0, 1.0]]
527|489|2|Weasly Fish|0.31|0.29963535871304114|0.965724766254425|1948.348388671875;1206.8505859374998|37|[-0.029847387224435806, -0.09885115176439285, 0.0]|[0.0020420134533196688, 0.018653910607099533, 0.9998238682746887]|[[2855.292793016781, 0.0, 2031.7894533541553], [0.0, 2881.0734769839373, 1447.6913944790074], [0.0, 0.0, 1.0]]
527|489|2|Weasly Fish|0.31|0.3024389971822053|1.082555890083313|1960.2396240234373;1237.9624023437498|37|[-0.029847387224435806, -0.09885115176439285, 0.0]|[0.0020420134533196688, 0.018653910607099533, 0.9998238682746887]|[[2855.292793016781, 0.0, 2031.7894533541553], [0.0, 2881.0734769839373, 1447.6913944790074], [0.0, 0.0, 1.0]]
527|489|2|Weasly Fish|0.31|0.30322573647041373|1.2062863111495972|1966.45654296875;1265.5103759765623|37|[-0.029847387224435806, -0.09885115176439285, 0.0]|[0.0020420134533196688, 0.018653910607099533, 0.9998238682746887]|[[2855.292793016781, 0.0, 2031.7894533541553], [0.0, 2881.0734769839373, 1447.6913944790074], [0.0, 0.0, 1.0]]
527|489|2|Weasly Fish|0.31|0.3074786787212443|1.6341537237167358|1987.210929148418;1326.6490563431732|37|[-0.029847387224435806, -0.09885115176439285, 0.0]|[0.0020420134533196688, 0.018653910607099533, 0.9998238682746887]|[[2855.292793016781, 0.0, 2031.7894533541553], [0.0, 2881.0734769839373, 1447.6913944790074], [0.0, 0.0, 1.0]]
527|489|2|Weasly Fish|0.31|0.3066770868884216|1.7423620223999023|1987.8070344000746;1338.2763181069465|37|[-0.029847387224435806, -0.09885115176439285, 0.0]|[0.0020420134533196688, 0.018653910607099533, 0.9998238682746887]|[[2855.292793016781, 0.0, 2031.7894533541553], [0.0, 2881.0734769839373, 1447.6913944790074], [0.0, 0.0, 1.0]]
527|489|2|Weasly Fish|0.31|0.304451845770234|1.8578389883041382|1991.1751708984377;1348.316650390625|37|[-0.029847387224435806, -0.09885115176439285, 0.0]|[0.0020420134533196688, 0.018653910607099533, 0.9998238682746887]|[[2855.292793016781, 0.0, 2031.7894533541553], [0.0, 2881.0734769839373, 1447.6913944790074], [0.0, 0.0, 1.0]]
527|489|2|Weasly Fish|0.31|0.310096099124079|2.2875499725341797|2001.413818359375;1376.640380859375|37|[-0.029847387224435806, -0.09885115176439285, 0.0]|[0.0020420134533196688, 0.018653910607099533, 0.9998238682746887]|[[2855.292793016781, 0.0, 2031.7894533541553], [0.0, 2881.0734769839373, 1447.6913944790074], [0.0, 0.0, 1.0]]
527|489|2|Weasly Fish|0.31|0.3117966703509258|2.445737838745117|2002.4527587890627;1385.1019287109375|37|[-0.029847387224435806, -0.09885115176439285, 0.0]|[0.0020420134533196688, 0.018653910607099533, 0.9998238682746887]|[[2855.292793016781, 0.0, 2031.7894533541553], [0.0, 2881.0734769839373, 1447.6913944790074], [0.0, 0.0, 1.0]]
527|489|2|Weasly Fish|0.31|0.30050602681622185|2.538513422012329|2004.8505859375;1389.006591796875|37|[-0.029847387224435806, -0.09885115176439285, 0.0]|[0.0020420134533196688, 0.018653910607099533, 0.9998238682746887]|[[2855.292793016781, 0.0, 2031.7894533541553], [0.0, 2881.0734769839373, 1447.6913944790074], [0.0, 0.0, 1.0]]
527|489|2|Weasly Fish|0.31|0.2970340208827425|2.8709847927093506|2008.7645263671875;1402.0006103515625|37|[-0.029847387224435806, -0.09885115176439285, 0.0]|[0.0020420134533196688, 0.018653910607099533, 0.9998238682746887]|[[2855.292793016781, 0.0, 2031.7894533541553], [0.0, 2881.0734769839373, 1447.6913944790074], [0.0, 0.0, 1.0]]
527|489|2|Weasly Fish|0.31|0.31088357356639984|3.187365770339966|2012.3587646484375;1411.6619873046875|37|[-0.029847387224435806, -0.09885115176439285, 0.0]|[0.0020420134533196688, 0.018653910607099533, 0.9998238682746887]|[[2855.292793016781, 0.0, 2031.7894533541553], [0.0, 2881.0734769839373, 1447.6913944790074], [0.0, 0.0, 1.0]]
527|489|2|Weasly Fish|0.31|0.3061061766650779|3.24880313873291|2011.1090087890625;1413.86376953125|37|[-0.029847387224435806, -0.09885115176439285, 0.0]|[0.0020420134533196688, 0.018653910607099533, 0.9998238682746887]|[[2855.292793016781, 0.0, 2031.7894533541553], [0.0, 2881.0734769839373, 1447.6913944790074], [0.0, 0.0, 1.0]]
527|489|2|Weasly Fish|0.31|0.2991233788766337|3.3901877403259277|2011.9407958984375;1417.6058349609375|37|[-0.029847387224435806, -0.09885115176439285, 0.0]|[0.0020420134533196688, 0.018653910607099533, 0.9998238682746887]|[[2855.292793016781, 0.0, 2031.7894533541553], [0.0, 2881.0734769839373, 1447.6913944790074], [0.0, 0.0, 1.0]]
527|489|2|Weasly Fish|0.31|0.30323484294891295|3.518458127975464|2013.9324951171875;1420.3397216796875|37|[-0.029847387224435806, -0.09885115176439285, 0.0]|[0.0020420134533196688, 0.018653910607099533, 0.9998238682746887]|[[2855.292793016781, 0.0, 2031.7894533541553], [0.0, 2881.0734769839373, 1447.6913944790074], [0.0, 0.0, 1.0]]
527|489|2|Weasly Fish|0.31|0.29037654974291854|3.566079616546631|2015.231201171875;1421.154296875|37|[-0.029847387224435806, -0.09885115176439285, 0.0]|[0.0020420134533196688, 0.018653910607099533, 0.9998238682746887]|[[2855.292793016781, 0.0, 2031.7894533541553], [0.0, 2881.0734769839373, 1447.6913944790074], [0.0, 0.0, 1.0]]
527|489|2|Weasly Fish|0.31|0.2989715006825029|4.065387725830078|2018.3658447265627;1430.906982421875|37|[-0.029847387224435806, -0.09885115176439285, 0.0]|[0.0020420134533196688, 0.018653910607099533, 0.9998238682746887]|[[2855.292793016781, 0.0, 2031.7894533541553], [0.0, 2881.0734769839373, 1447.6913944790074], [0.0, 0.0, 1.0]]
527|489|2|Weasly Fish|0.31|0.3151021605535961|4.3843793869018555|2016.9647216796873;1436.8685302734375|37|[-0.029847387224435806, -0.09885115176439285, 0.0]|[0.0020420134533196688, 0.018653910607099533, 0.9998238682746887]|[[2855.292793016781, 0.0, 2031.7894533541553], [0.0, 2881.0734769839373, 1447.6913944790074], [0.0, 0.0, 1.0]]
527|489|2|Weasly Fish|0.31|0.31347870432712976|4.520020484924316|2017.8077392578127;1438.7401123046875|37|[-0.029847387224435806, -0.09885115176439285, 0.0]|[0.0020420134533196688, 0.018653910607099533, 0.9998238682746887]|[[2855.292793016781, 0.0, 2031.7894533541553], [0.0, 2881.0734769839373, 1447.6913944790074], [0.0, 0.0, 1.0]]
527|489|2|Weasly Fish|0.31|0.3128719484834853|5.039589881896973|2020.1507568359373;1445.1019287109375|37|[-0.029847387224435806, -0.09885115176439285, 0.0]|[0.0020420134533196688, 0.018653910607099533, 0.9998238682746887]|[[2855.292793016781, 0.0, 2031.7894533541553], [0.0, 2881.0734769839373, 1447.6913944790074], [0.0, 0.0, 1.0]]
527|489|2|Weasly Fish|0.31|0.3146625299607357|4.039380073547363|2016.0399169921875;1431.0789794921875|37|[-0.029847387224435806, -0.09885115176439285, 0.0]|[0.0020420134533196688, 0.018653910607099533, 0.9998238682746887]|[[2855.292793016781, 0.0, 2031.7894533541553], [0.0, 2881.0734769839373, 1447.6913944790074], [0.0, 0.0, 1.0]]
527|489|2|Weasly Fish|0.31|0.30592700353901964|3.8102011680603027|2014.7783203125;1426.8343505859375|37|[-0.029847387224435806, -0.09885115176439285, 0.0]|[0.0020420134533196688, 0.018653910607099533, 0.9998238682746887]|[[2855.292793016781, 0.0, 2031.7894533541553], [0.0, 2881.0734769839373, 1447.6913944790074], [0.0, 0.0, 1.0]]
527|489|2|Weasly Fish|0.31|0.3032628538149422|3.7024588584899902|2014.9051513671873;1424.423095703125|37|[-0.029847387224435806, -0.09885115176439285, 0.0]|[0.0020420134533196688, 0.018653910607099533, 0.9998238682746887]|[[2855.292793016781, 0.0, 2031.7894533541553], [0.0, 2881.0734769839373, 1447.6913944790074], [0.0, 0.0, 1.0]]
527|489|2|Weasly Fish|0.31|0.3124406638022062|3.5147647857666016|2012.845947265625;1420.5799560546875|37|[-0.029847387224435806, -0.09885115176439285, 0.0]|[0.0020420134533196688, 0.018653910607099533, 0.9998238682746887]|[[2855.292793016781, 0.0, 2031.7894533541553], [0.0, 2881.0734769839373, 1447.6913944790074], [0.0, 0.0, 1.0]]
527|489|2|Weasly Fish|0.31|0.29938512402200523|3.2815985679626465|2012.01318359375;1414.5628662109375|37|[-0.029847387224435806, -0.09885115176439285, 0.0]|[0.0020420134533196688, 0.018653910607099533, 0.9998238682746887]|[[2855.292793016781, 0.0, 2031.7894533541553], [0.0, 2881.0734769839373, 1447.6913944790074], [0.0, 0.0, 1.0]]
527|489|2|Weasly Fish|0.31|0.30851088741476373|2.9218149185180664|2007.8671875;1404.158935546875|37|[-0.029847387224435806, -0.09885115176439285, 0.0]|[0.0020420134533196688, 0.018653910607099533, 0.9998238682746887]|[[2855.292793016781, 0.0, 2031.7894533541553], [0.0, 2881.0734769839373, 1447.6913944790074], [0.0, 0.0, 1.0]]
527|489|2|Weasly Fish|0.31|0.30762314432438215|2.7026596069335938|2005.8044433593752;1396.139892578125|37|[-0.029847387224435806, -0.09885115176439285, 0.0]|[0.0020420134533196688, 0.018653910607099533, 0.9998238682746887]|[[2855.292793016781, 0.0, 2031.7894533541553], [0.0, 2881.0734769839373, 1447.6913944790074], [0.0, 0.0, 1.0]]
527|489|2|Weasly Fish|0.31|0.30906590390067806|1.8783345222473145|1991.8514465993221;1349.9467132869243|37|[-0.029847387224435806, -0.09885115176439285, 0.0]|[0.0020420134533196688, 0.018653910607099533, 0.9998238682746887]|[[2855.292793016781, 0.0, 2031.7894533541553], [0.0, 2881.0734769839373, 1447.6913944790074], [0.0, 0.0, 1.0]]
527|489|2|Weasly Fish|0.31|0.3057555224974649|1.680159330368042|1985.8370361328125;1332.2647705078125|37|[-0.029847387224435806, -0.09885115176439285, 0.0]|[0.0020420134533196688, 0.018653910607099533, 0.9998238682746887]|[[2855.292793016781, 0.0, 2031.7894533541553], [0.0, 2881.0734769839373, 1447.6913944790074], [0.0, 0.0, 1.0]]
527|489|2|Weasly Fish|0.31|0.29925810520844226|1.3233006000518799|1973.8532391480312;1286.0304164298266|37|[-0.029847387224435806, -0.09885115176439285, 0.0]|[0.0020420134533196688, 0.018653910607099533, 0.9998238682746887]|[[2855.292793016781, 0.0, 2031.7894533541553], [0.0, 2881.0734769839373, 1447.6913944790074], [0.0, 0.0, 1.0]]
527|489|2|Weasly Fish|0.31|0.30250302702791426|1.0994287729263306|1958.234375;1242.9892578124998|37|[-0.029847387224435806, -0.09885115176439285, 0.0]|[0.0020420134533196688, 0.018653910607099533, 0.9998238682746887]|[[2855.292793016781, 0.0, 2031.7894533541553], [0.0, 2881.0734769839373, 1447.6913944790074], [0.0, 0.0, 1.0]]
527|489|2|Weasly Fish|0.31|0.29452443341552326|0.7168795466423035|1915.552001953125;1105.1716308593752|37|[-0.029847387224435806, -0.09885115176439285, 0.0]|[0.0020420134533196688, 0.018653910607099533, 0.9998238682746887]|[[2855.292793016781, 0.0, 2031.7894533541553], [0.0, 2881.0734769839373, 1447.6913944790074], [0.0, 0.0, 1.0]]
527|489|2|Weasly Fish|0.31|0.29183843063191384|0.7722246646881104|1924.685302734375;1133.4453125000002|37|[-0.029847387224435806, -0.09885115176439285, 0.0]|[0.0020420134533196688, 0.018653910607099533, 0.9998238682746887]|[[2855.292793016781, 0.0, 2031.7894533541553], [0.0, 2881.0734769839373, 1447.6913944790074], [0.0, 0.0, 1.0]]
527|489|2|Weasly Fish|0.31|0.2984347651007492|0.8640874028205872|1938.766357421875;1171.919921875|37|[-0.029847387224435806, -0.09885115176439285, 0.0]|[0.0020420134533196688, 0.018653910607099533, 0.9998238682746887]|[[2855.292793016781, 0.0, 2031.7894533541553], [0.0, 2881.0734769839373, 1447.6913944790074], [0.0, 0.0, 1.0]]
527|489|2|Weasly Fish|0.31|0.30146789583779376|1.3429439067840576|1974.654541015625;1289.2239990234373|37|[-0.029847387224435806, -0.09885115176439285, 0.0]|[0.0020420134533196688, 0.018653910607099533, 0.9998238682746887]|[[2855.292793016781, 0.0, 2031.7894533541553], [0.0, 2881.0734769839373, 1447.6913944790074], [0.0, 0.0, 1.0]]
527|489|2|Weasly Fish|0.31|0.304380927724975|1.4988348484039307|1980.01123046875;1311.6658935546875|37|[-0.029847387224435806, -0.09885115176439285, 0.0]|[0.0020420134533196688, 0.018653910607099533, 0.9998238682746887]|[[2855.292793016781, 0.0, 2031.7894533541553], [0.0, 2881.0734769839373, 1447.6913944790074], [0.0, 0.0, 1.0]]
527|489|2|Weasly Fish|0.31|0.3064923478556511|1.9712060689926147|1994.0012207031252;1357.0770263671875|37|[-0.029847387224435806, -0.09885115176439285, 0.0]|[0.0020420134533196688, 0.018653910607099533, 0.9998238682746887]|[[2855.292793016781, 0.0, 2031.7894533541553], [0.0, 2881.0734769839373, 1447.6913944790074], [0.0, 0.0, 1.0]]
527|489|2|Weasly Fish|0.31|0.29988957224398777|2.0676305294036865|1997.9410800607918;1363.2548831520069|37|[-0.029847387224435806, -0.09885115176439285, 0.0]|[0.0020420134533196688, 0.018653910607099533, 0.9998238682746887]|[[2855.292793016781, 0.0, 2031.7894533541553], [0.0, 2881.0734769839373, 1447.6913944790074], [0.0, 0.0, 1.0]]
527|489|2|Weasly Fish|0.31|0.31211482176135075|2.7711374759674072|2006.137939453125;1398.8856201171875|37|[-0.029847387224435806, -0.09885115176439285, 0.0]|[0.0020420134533196688, 0.018653910607099533, 0.9998238682746887]|[[2855.292793016781, 0.0, 2031.7894533541553], [0.0, 2881.0734769839373, 1447.6913944790074], [0.0, 0.0, 1.0]]
527|489|2|Weasly Fish|0.31|0.3039178710778841|2.823397159576416|2008.3138427734377;1400.3270263671875|37|[-0.029847387224435806, -0.09885115176439285, 0.0]|[0.0020420134533196688, 0.018653910607099533, 0.9998238682746887]|[[2855.292793016781, 0.0, 2031.7894533541553], [0.0, 2881.0734769839373, 1447.6913944790074], [0.0, 0.0, 1.0]]
527|489|2|Weasly Fish|0.31|0.29734119984462|3.311004638671875|2011.933837890625;1415.408203125|37|[-0.029847387224435806, -0.09885115176439285, 0.0]|[0.0020420134533196688, 0.018653910607099533, 0.9998238682746887]|[[2855.292793016781, 0.0, 2031.7894533541553], [0.0, 2881.0734769839373, 1447.6913944790074], [0.0, 0.0, 1.0]]
527|489|2|Weasly Fish|0.31|0.30768767849196776|3.896821975708008|2016.9050292968748;1428.0172119140625|37|[-0.029847387224435806, -0.09885115176439285, 0.0]|[0.0020420134533196688, 0.018653910607099533, 0.9998238682746887]|[[2855.292793016781, 0.0, 2031.7894533541553], [0.0, 2881.0734769839373, 1447.6913944790074], [0.0, 0.0, 1.0]]
527|489|2|Weasly Fish|0.31|0.3089651085867632|4.1546478271484375|2015.9554443359375;1433.2564697265625|37|[-0.029847387224435806, -0.09885115176439285, 0.0]|[0.0020420134533196688, 0.018653910607099533, 0.9998238682746887]|[[2855.292793016781, 0.0, 2031.7894533541553], [0.0, 2881.0734769839373, 1447.6913944790074], [0.0, 0.0, 1.0]]
527|489|2|Weasly Fish|0.31|0.3166310612130793|4.68356466293335|2019.2271728515627;1440.70458984375|37|[-0.029847387224435806, -0.09885115176439285, 0.0]|[0.0020420134533196688, 0.018653910607099533, 0.9998238682746887]|[[2855.292793016781, 0.0, 2031.7894533541553], [0.0, 2881.0734769839373, 1447.6913944790074], [0.0, 0.0, 1.0]]
527|489|2|Weasly Fish|0.31|0.30200674502783054|4.074174404144287|2016.7008056640627;1431.5322265625|37|[-0.029847387224435806, -0.09885115176439285, 0.0]|[0.0020420134533196688, 0.018653910607099533, 0.9998238682746887]|[[2855.292793016781, 0.0, 2031.7894533541553], [0.0, 2881.0734769839373, 1447.6913944790074], [0.0, 0.0, 1.0]]
527|489|2|Weasly Fish|0.31|0.3017571739947431|3.9703216552734375|2015.395263671875;1429.940673828125|37|[-0.029847387224435806, -0.09885115176439285, 0.0]|[0.0020420134533196688, 0.018653910607099533, 0.9998238682746887]|[[2855.292793016781, 0.0, 2031.7894533541553], [0.0, 2881.0734769839373, 1447.6913944790074], [0.0, 0.0, 1.0]]
527|489|2|Weasly Fish|0.31|0.31481106703776324|3.7241714000701904|2013.8178710937502;1425.25244140625|37|[-0.029847387224435806, -0.09885115176439285, 0.0]|[0.0020420134533196688, 0.018653910607099533, 0.9998238682746887]|[[2855.292793016781, 0.0, 2031.7894533541553], [0.0, 2881.0734769839373, 1447.6913944790074], [0.0, 0.0, 1.0]]
527|489|2|Weasly Fish|0.31|0.32314886660056674|3.737879991531372|2014.4080810546875;1425.3763427734375|37|[-0.029847387224435806, -0.09885115176439285, 0.0]|[0.0020420134533196688, 0.018653910607099533, 0.9998238682746887]|[[2855.292793016781, 0.0, 2031.7894533541553], [0.0, 2881.0734769839373, 1447.6913944790074], [0.0, 0.0, 1.0]]
527|489|2|Weasly Fish|0.31|0.3026272617605612|3.204155206680298|2011.5292968750002;1412.4039306640625|37|[-0.029847387224435806, -0.09885115176439285, 0.0]|[0.0020420134533196688, 0.018653910607099533, 0.9998238682746887]|[[2855.292793016781, 0.0, 2031.7894533541553], [0.0, 2881.0734769839373, 1447.6913944790074], [0.0, 0.0, 1.0]]
527|489|2|Weasly Fish|0.31|0.3118179596605678|3.1749582290649414|2009.8359375;1412.0477294921875|37|[-0.029847387224435806, -0.09885115176439285, 0.0]|[0.0020420134533196688, 0.018653910607099533, 0.9998238682746887]|[[2855.292793016781, 0.0, 2031.7894533541553], [0.0, 2881.0734769839373, 1447.6913944790074], [0.0, 0.0, 1.0]]
527|489|2|Weasly Fish|0.31|0.31402320264845973|3.0659189224243164|2009.5186767578125;1408.6488037109377|37|[-0.029847387224435806, -0.09885115176439285, 0.0]|[0.0020420134533196688, 0.018653910607099533, 0.9998238682746887]|[[2855.292793016781, 0.0, 2031.7894533541553], [0.0, 2881.0734769839373, 1447.6913944790074], [0.0, 0.0, 1.0]]
527|489|2|Weasly Fish|0.31|0.3147910701448921|2.8212149143218994|2006.5726318359375;1400.7606201171875|37|[-0.029847387224435806, -0.09885115176439285, 0.0]|[0.0020420134533196688, 0.018653910607099533, 0.9998238682746887]|[[2855.292793016781, 0.0, 2031.7894533541553], [0.0, 2881.0734769839373, 1447.6913944790074], [0.0, 0.0, 1.0]]
527|489|2|Weasly Fish|0.31|0.3130340705142713|2.5871965885162354|2003.9658203125;1391.57421875|37|[-0.029847387224435806, -0.09885115176439285, 0.0]|[0.0020420134533196688, 0.018653910607099533, 0.9998238682746887]|[[2855.292793016781, 0.0, 2031.7894533541553], [0.0, 2881.0734769839373, 1447.6913944790074], [0.0, 0.0, 1.0]]
527|489|2|Weasly Fish|0.31|0.31051211649877153|2.439021110534668|2003.0468908593703;1384.573816549565|37|[-0.029847387224435806, -0.09885115176439285, 0.0]|[0.0020420134533196688, 0.018653910607099533, 0.9998238682746887]|[[2855.292793016781, 0.0, 2031.7894533541553], [0.0, 2881.0734769839373, 1447.6913944790074], [0.0, 0.0, 1.0]]
527|489|2|Weasly Fish|0.31|0.30851140244476255|2.2749435901641846|1999.95751953125;1376.3072509765625|37|[-0.029847387224435806, -0.09885115176439285, 0.0]|[0.0020420134533196688, 0.018653910607099533, 0.9998238682746887]|[[2855.292793016781, 0.0, 2031.7894533541553], [0.0, 2881.0734769839373, 1447.6913944790074], [0.0, 0.0, 1.0]]
527|489|2|Weasly Fish|0.31|0.3062183466196635|1.77992582321167|1988.8877918162077;1341.7075307975256|37|[-0.029847387224435806, -0.09885115176439285, 0.0]|[0.0020420134533196688, 0.018653910607099533, 0.9998238682746887]|[[2855.292793016781, 0.0, 2031.7894533541553], [0.0, 2881.0734769839373, 1447.6913944790074], [0.0, 0.0, 1.0]]
527|489|2|Weasly Fish|0.31|0.3020713189595546|1.57662832736969|1982.633563333834;1321.0995580206907|37|[-0.029847387224435806, -0.09885115176439285, 0.0]|[0.0020420134533196688, 0.018653910607099533, 0.9998238682746887]|[[2855.292793016781, 0.0, 2031.7894533541553], [0.0, 2881.0734769839373, 1447.6913944790074], [0.0, 0.0, 1.0]]
527|489|2|Weasly Fish|0.31|0.3050266179363388|1.471739649772644|1979.4061947534872;1308.0198024588026|37|[-0.029847387224435806, -0.09885115176439285, 0.0]|[0.0020420134533196688, 0.018653910607099533, 0.9998238682746887]|[[2855.292793016781, 0.0, 2031.7894533541553], [0.0, 2881.0734769839373, 1447.6913944790074], [0.0, 0.0, 1.0]]
527|489|2|Weasly Fish|0.31|0.3020738098672237|1.2247730493545532|1966.1552734374998;1269.5028076171875|37|[-0.029847387224435806, -0.09885115176439285, 0.0]|[0.0020420134533196688, 0.018653910607099533, 0.9998238682746887]|[[2855.292793016781, 0.0, 2031.7894533541553], [0.0, 2881.0734769839373, 1447.6913944790074], [0.0, 0.0, 1.0]]
527|489|2|Weasly Fish|0.31|0.29880725462794966|0.9566224217414856|1945.720703125;1204.62158203125|37|[-0.029847387224435806, -0.09885115176439285, 0.0]|[0.0020420134533196688, 0.018653910607099533, 0.9998238682746887]|[[2855.292793016781, 0.0, 2031.7894533541553], [0.0, 2881.0734769839373, 1447.6913944790074], [0.0, 0.0, 1.0]]
527|489|2|Weasly Fish|0.31|0.29673001970893054|0.826880156993866|1932.2867431640625;1157.7274169921875|37|[-0.029847387224435806, -0.09885115176439285, 0.0]|[0.0020420134533196688, 0.018653910607099533, 0.9998238682746887]|[[2855.292793016781, 0.0, 2031.7894533541553], [0.0, 2881.0734769839373, 1447.6913944790074], [0.0, 0.0, 1.0]]
498|498|4|Weasly Fish|0.31|0.24923871744582565|0.31887054443359375|1707.31396484375;695.6832275390625|40|[-0.015829406678676605, -0.09376535564661026, 0.0]|[-0.01520255021750927, 0.0208772923797369, 0.9996664524078369]|[[2827.300073606339, 0.0, 1993.2574097262354], [0.0, 2852.2438974589363, 1443.3722632010733], [0.0, 0.0, 1.0]]
498|498|4|Weasly Fish|0.31|0.2590396593208049|0.5347023010253906|1810.874267578125;1019.1133422851561|40|[-0.015829406678676605, -0.09376535564661026, 0.0]|[-0.01520255021750927, 0.0208772923797369, 0.9996664524078369]|[[2827.300073606339, 0.0, 1993.2574097262354], [0.0, 2852.2438974589363, 1443.3722632010733], [0.0, 0.0, 1.0]]
498|498|4|Weasly Fish|0.31|0.27765578607975444|1.230826735496521|1894.648193359375;1290.8045654296873|40|[-0.015829406678676605, -0.09376535564661026, 0.0]|[-0.01520255021750927, 0.0208772923797369, 0.9996664524078369]|[[2827.300073606339, 0.0, 1993.2574097262354], [0.0, 2852.2438974589363, 1443.3722632010733], [0.0, 0.0, 1.0]]
498|498|4|Weasly Fish|0.31|0.2796725837525514|1.4073976278305054|1901.7545166015625;1317.364013671875|40|[-0.015829406678676605, -0.09376535564661026, 0.0]|[-0.01520255021750927, 0.0208772923797369, 0.9996664524078369]|[[2827.300073606339, 0.0, 1993.2574097262354], [0.0, 2852.2438974589363, 1443.3722632010733], [0.0, 0.0, 1.0]]
498|498|4|Weasly Fish|0.31|0.2883788340210331|2.2198336124420166|1923.4300537109375;1383.9979248046875|40|[-0.015829406678676605, -0.09376535564661026, 0.0]|[-0.01520255021750927, 0.0208772923797369, 0.9996664524078369]|[[2827.300073606339, 0.0, 1993.2574097262354], [0.0, 2852.2438974589363, 1443.3722632010733], [0.0, 0.0, 1.0]]
498|498|4|Weasly Fish|0.31|0.29721182980353017|3.389991521835327|1935.77880859375;1424.28955078125|40|[-0.015829406678676605, -0.09376535564661026, 0.0]|[-0.01520255021750927, 0.0208772923797369, 0.9996664524078369]|[[2827.300073606339, 0.0, 1993.2574097262354], [0.0, 2852.2438974589363, 1443.3722632010733], [0.0, 0.0, 1.0]]
498|498|4|Weasly Fish|0.31|0.31107007044867574|3.376413583755493|1935.7701416015625;1423.96630859375|40|[-0.015829406678676605, -0.09376535564661026, 0.0]|[-0.01520255021750927, 0.0208772923797369, 0.9996664524078369]|[[2827.300073606339, 0.0, 1993.2574097262354], [0.0, 2852.2438974589363, 1443.3722632010733], [0.0, 0.0, 1.0]]
498|498|4|Weasly Fish|0.31|0.28678579490687384|1.9698303937911987|1916.7481496230578;1369.9442330283562|40|[-0.015829406678676605, -0.09376535564661026, 0.0]|[-0.01520255021750927, 0.0208772923797369, 0.9996664524078369]|[[2827.300073606339, 0.0, 1993.2574097262354], [0.0, 2852.2438974589363, 1443.3722632010733], [0.0, 0.0, 1.0]]
498|498|4|Weasly Fish|0.31|0.28195627338259566|1.000805139541626|1877.4404296875;1243.75830078125|40|[-0.015829406678676605, -0.09376535564661026, 0.0]|[-0.01520255021750927, 0.0208772923797369, 0.9996664524078369]|[[2827.300073606339, 0.0, 1993.2574097262354], [0.0, 2852.2438974589363, 1443.3722632010733], [0.0, 0.0, 1.0]]
94|94|4|Snook|0.455|0.4448248165280368|2.0243921279907227|2021.2849123934;1383.947095268302|46|[-0.02520688995718956, -0.09540274739265442, 0.0]|[0.022173726931214333, 0.026320604607462883, 0.9994075894355774]|[[2827.300073606339, 0.0, 1993.2574097262354], [0.0, 2852.2438974589363, 1443.3722632010733], [0.0, 0.0, 1.0]]
94|94|4|Snook|0.455|0.4499453744903195|2.053722620010376|2022.6459310740165;1385.645222573298|46|[-0.02520688995718956, -0.09540274739265442, 0.0]|[0.022173726931214333, 0.026320604607462883, 0.9994075894355774]|[[2827.300073606339, 0.0, 1993.2574097262354], [0.0, 2852.2438974589363, 1443.3722632010733], [0.0, 0.0, 1.0]]
94|94|4|Snook|0.455|0.4486177589359733|2.043438196182251|2021.3078538927234;1385.263750323713|46|[-0.02520688995718956, -0.09540274739265442, 0.0]|[0.022173726931214333, 0.026320604607462883, 0.9994075894355774]|[[2827.300073606339, 0.0, 1993.2574097262354], [0.0, 2852.2438974589363, 1443.3722632010733], [0.0, 0.0, 1.0]]
94|94|4|Snook|0.455|0.444704538375754|2.031264543533325|2021.5701788511135;1384.3513808707517|46|[-0.02520688995718956, -0.09540274739265442, 0.0]|[0.022173726931214333, 0.026320604607462883, 0.9994075894355774]|[[2827.300073606339, 0.0, 1993.2574097262354], [0.0, 2852.2438974589363, 1443.3722632010733], [0.0, 0.0, 1.0]]
94|94|4|Snook|0.455|0.44972936386735046|2.0491199493408203|2024.6119714100962;1384.8875453893543|46|[-0.02520688995718956, -0.09540274739265442, 0.0]|[0.022173726931214333, 0.026320604607462883, 0.9994075894355774]|[[2827.300073606339, 0.0, 1993.2574097262354], [0.0, 2852.2438974589363, 1443.3722632010733], [0.0, 0.0, 1.0]]
94|94|4|Snook|0.455|0.4334289646305175|2.067195415496826|2023.770578921585;1386.2975923683214|46|[-0.02520688995718956, -0.09540274739265442, 0.0]|[0.022173726931214333, 0.026320604607462883, 0.9994075894355774]|[[2827.300073606339, 0.0, 1993.2574097262354], [0.0, 2852.2438974589363, 1443.3722632010733], [0.0, 0.0, 1.0]]
94|94|4|Snook|0.455|0.4360703214626513|2.037421703338623|2024.3044446933795;1384.1388766687235|46|[-0.02520688995718956, -0.09540274739265442, 0.0]|[0.022173726931214333, 0.026320604607462883, 0.9994075894355774]|[[2827.300073606339, 0.0, 1993.2574097262354], [0.0, 2852.2438974589363, 1443.3722632010733], [0.0, 0.0, 1.0]]
94|94|4|Snook|0.455|0.4358669304177571|2.0300374031066895|2023.2213671712868;1383.8656336822482|46|[-0.02520688995718956, -0.09540274739265442, 0.0]|[0.022173726931214333, 0.026320604607462883, 0.9994075894355774]|[[2827.300073606339, 0.0, 1993.2574097262354], [0.0, 2852.2438974589363, 1443.3722632010733], [0.0, 0.0, 1.0]]
94|94|4|Snook|0.455|0.44802384461448913|2.0639488697052|2024.6770048129163;1385.8853542084012|46|[-0.02520688995718956, -0.09540274739265442, 0.0]|[0.022173726931214333, 0.026320604607462883, 0.9994075894355774]|[[2827.300073606339, 0.0, 1993.2574097262354], [0.0, 2852.2438974589363, 1443.3722632010733], [0.0, 0.0, 1.0]]
94|94|4|Snook|0.455|0.4426612377435611|2.0491549968719482|2024.3733711689993;1384.948920637834|46|[-0.02520688995718956, -0.09540274739265442, 0.0]|[0.022173726931214333, 0.026320604607462883, 0.9994075894355774]|[[2827.300073606339, 0.0, 1993.2574097262354], [0.0, 2852.2438974589363, 1443.3722632010733], [0.0, 0.0, 1.0]]
94|94|4|Snook|0.455|0.43840638194942827|2.0344934463500977|2023.9874113955875;1384.0146440040908|46|[-0.02520688995718956, -0.09540274739265442, 0.0]|[0.022173726931214333, 0.026320604607462883, 0.9994075894355774]|[[2827.300073606339, 0.0, 1993.2574097262354], [0.0, 2852.2438974589363, 1443.3722632010733], [0.0, 0.0, 1.0]]
94|94|4|Snook|0.455|0.4429000573455528|2.071014404296875|2024.362524282673;1386.4193721340016|46|[-0.02520688995718956, -0.09540274739265442, 0.0]|[0.022173726931214333, 0.026320604607462883, 0.9994075894355774]|[[2827.300073606339, 0.0, 1993.2574097262354], [0.0, 2852.2438974589363, 1443.3722632010733], [0.0, 0.0, 1.0]]
94|94|4|Snook|0.455|0.435575238032025|2.0290112495422363|2025.0323586009474;1383.4169745988372|46|[-0.02520688995718956, -0.09540274739265442, 0.0]|[0.022173726931214333, 0.026320604607462883, 0.9994075894355774]|[[2827.300073606339, 0.0, 1993.2574097262354], [0.0, 2852.2438974589363, 1443.3722632010733], [0.0, 0.0, 1.0]]
94|94|4|Snook|0.455|0.44014481062518784|2.0443713665008545|2023.1843378585706;1384.879136068684|46|[-0.02520688995718956, -0.09540274739265442, 0.0]|[0.022173726931214333, 0.026320604607462883, 0.9994075894355774]|[[2827.300073606339, 0.0, 1993.2574097262354], [0.0, 2852.2438974589363, 1443.3722632010733], [0.0, 0.0, 1.0]]
94|94|4|Snook|0.455|0.44063681692384643|2.0513124465942383|2022.475738090107;1385.5272374085039|46|[-0.02520688995718956, -0.09540274739265442, 0.0]|[0.022173726931214333, 0.026320604607462883, 0.9994075894355774]|[[2827.300073606339, 0.0, 1993.2574097262354], [0.0, 2852.2438974589363, 1443.3722632010733], [0.0, 0.0, 1.0]]
94|94|4|Snook|0.455|0.43747375736607647|2.0402488708496094|2023.3344003529983;1384.5575118464722|46|[-0.02520688995718956, -0.09540274739265442, 0.0]|[0.022173726931214333, 0.026320604607462883, 0.9994075894355774]|[[2827.300073606339, 0.0, 1993.2574097262354], [0.0, 2852.2438974589363, 1443.3722632010733], [0.0, 0.0, 1.0]]
94|94|4|Snook|0.455|0.4304238450648061|1.9956148862838745|2021.7326894546086;1381.7606793848272|46|[-0.02520688995718956, -0.09540274739265442, 0.0]|[0.022173726931214333, 0.026320604607462883, 0.9994075894355774]|[[2827.300073606339, 0.0, 1993.2574097262354], [0.0, 2852.2438974589363, 1443.3722632010733], [0.0, 0.0, 1.0]]
94|94|4|Snook|0.455|0.44102921681191154|2.0559656620025635|2022.998916530767;1385.7191692028127|46|[-0.02520688995718956, -0.09540274739265442, 0.0]|[0.022173726931214333, 0.026320604607462883, 0.9994075894355774]|[[2827.300073606339, 0.0, 1993.2574097262354], [0.0, 2852.2438974589363, 1443.3722632010733], [0.0, 0.0, 1.0]]
94|94|4|Snook|0.455|0.44125543789772065|2.0399396419525146|2022.8462643697005;1384.651464289976|46|[-0.02520688995718956, -0.09540274739265442, 0.0]|[0.022173726931214333, 0.026320604607462883, 0.9994075894355774]|[[2827.300073606339, 0.0, 1993.2574097262354], [0.0, 2852.2438974589363, 1443.3722632010733], [0.0, 0.0, 1.0]]
94|94|4|Snook|0.455|0.44355721411544624|2.056807518005371|2022.6153629877647;1385.8667331546715|46|[-0.02520688995718956, -0.09540274739265442, 0.0]|[0.022173726931214333, 0.026320604607462883, 0.9994075894355774]|[[2827.300073606339, 0.0, 1993.2574097262354], [0.0, 2852.2438974589363, 1443.3722632010733], [0.0, 0.0, 1.0]]
94|94|4|Snook|0.455|0.43845642372939375|2.028728485107422|2022.8032863753774;1383.874154624622|46|[-0.02520688995718956, -0.09540274739265442, 0.0]|[0.022173726931214333, 0.026320604607462883, 0.9994075894355774]|[[2827.300073606339, 0.0, 1993.2574097262354], [0.0, 2852.2438974589363, 1443.3722632010733], [0.0, 0.0, 1.0]]
94|94|4|Snook|0.455|0.433895276802358|2.0143022537231445|2022.21210198052;1382.9977648458735|46|[-0.02520688995718956, -0.09540274739265442, 0.0]|[0.022173726931214333, 0.026320604607462883, 0.9994075894355774]|[[2827.300073606339, 0.0, 1993.2574097262354], [0.0, 2852.2438974589363, 1443.3722632010733], [0.0, 0.0, 1.0]]
94|94|4|Snook|0.455|0.43107757047466455|2.0170748233795166|2022.3457106500011;1383.1595096470344|46|[-0.02520688995718956, -0.09540274739265442, 0.0]|[0.022173726931214333, 0.026320604607462883, 0.9994075894355774]|[[2827.300073606339, 0.0, 1993.2574097262354], [0.0, 2852.2438974589363, 1443.3722632010733], [0.0, 0.0, 1.0]]
94|94|4|Snook|0.455|0.43626703475517553|2.022500991821289|2021.8841640179244;1383.6536407710648|46|[-0.02520688995718956, -0.09540274739265442, 0.0]|[0.022173726931214333, 0.026320604607462883, 0.9994075894355774]|[[2827.300073606339, 0.0, 1993.2574097262354], [0.0, 2852.2438974589363, 1443.3722632010733], [0.0, 0.0, 1.0]]
94|94|4|Snook|0.455|0.43855670601430735|2.0344760417938232|2023.1227271181624;1384.2035567344815|46|[-0.02520688995718956, -0.09540274739265442, 0.0]|[0.022173726931214333, 0.026320604607462883, 0.9994075894355774]|[[2827.300073606339, 0.0, 1993.2574097262354], [0.0, 2852.2438974589363, 1443.3722632010733], [0.0, 0.0, 1.0]]
94|94|4|Snook|0.455|0.43599626338895897|2.0305564403533936|2024.0092538555343;1383.7341795523232|46|[-0.02520688995718956, -0.09540274739265442, 0.0]|[0.022173726931214333, 0.026320604607462883, 0.9994075894355774]|[[2827.300073606339, 0.0, 1993.2574097262354], [0.0, 2852.2438974589363, 1443.3722632010733], [0.0, 0.0, 1.0]]
94|94|4|Snook|0.455|0.4431102247950515|2.061703681945801|2023.6660583464381;1385.9484220888655|46|[-0.02520688995718956, -0.09540274739265442, 0.0]|[0.022173726931214333, 0.026320604607462883, 0.9994075894355774]|[[2827.300073606339, 0.0, 1993.2574097262354], [0.0, 2852.2438974589363, 1443.3722632010733], [0.0, 0.0, 1.0]]
94|94|4|Snook|0.455|0.42960652353312795|2.064819097518921|2023.213100551203;1386.261904552563|46|[-0.02520688995718956, -0.09540274739265442, 0.0]|[0.022173726931214333, 0.026320604607462883, 0.9994075894355774]|[[2827.300073606339, 0.0, 1993.2574097262354], [0.0, 2852.2438974589363, 1443.3722632010733], [0.0, 0.0, 1.0]]
94|94|4|Snook|0.455|0.4525861108930932|2.135324478149414|2022.3251594691437;1391.1257420877755|46|[-0.02520688995718956, -0.09540274739265442, 0.0]|[0.022173726931214333, 0.026320604607462883, 0.9994075894355774]|[[2827.300073606339, 0.0, 1993.2574097262354], [0.0, 2852.2438974589363, 1443.3722632010733], [0.0, 0.0, 1.0]]
94|94|4|Snook|0.455|0.4299082569039161|2.0448720455169678|2022.1047968371795;1385.1625223160895|46|[-0.02520688995718956, -0.09540274739265442, 0.0]|[0.022173726931214333, 0.026320604607462883, 0.9994075894355774]|[[2827.300073606339, 0.0, 1993.2574097262354], [0.0, 2852.2438974589363, 1443.3722632010733], [0.0, 0.0, 1.0]]
94|94|4|Snook|0.455|0.4279862245752006|1.9984337091445923|2022.5047763463097;1381.7906914301736|46|[-0.02520688995718956, -0.09540274739265442, 0.0]|[0.022173726931214333, 0.026320604607462883, 0.9994075894355774]|[[2827.300073606339, 0.0, 1993.2574097262354], [0.0, 2852.2438974589363, 1443.3722632010733], [0.0, 0.0, 1.0]]
94|94|4|Snook|0.455|0.4223727136824287|2.0126864910125732|2022.577951338987;1382.7928603443556|46|[-0.02520688995718956, -0.09540274739265442, 0.0]|[0.022173726931214333, 0.026320604607462883, 0.9994075894355774]|[[2827.300073606339, 0.0, 1993.2574097262354], [0.0, 2852.2438974589363, 1443.3722632010733], [0.0, 0.0, 1.0]]
94|94|4|Snook|0.455|0.43847889962253|2.06658673286438|2023.5928077757687;1386.2908117192542|46|[-0.02520688995718956, -0.09540274739265442, 0.0]|[0.022173726931214333, 0.026320604607462883, 0.9994075894355774]|[[2827.300073606339, 0.0, 1993.2574097262354], [0.0, 2852.2438974589363, 1443.3722632010733], [0.0, 0.0, 1.0]]
94|94|4|Snook|0.455|0.43219380777469774|2.0419650077819824|2022.7818459349328;1384.804311014327|46|[-0.02520688995718956, -0.09540274739265442, 0.0]|[0.022173726931214333, 0.026320604607462883, 0.9994075894355774]|[[2827.300073606339, 0.0, 1993.2574097262354], [0.0, 2852.2438974589363, 1443.3722632010733], [0.0, 0.0, 1.0]]
94|94|4|Snook|0.455|0.43077879993576074|2.0415549278259277|2021.8236113285818;1385.009183239855|46|[-0.02520688995718956, -0.09540274739265442, 0.0]|[0.022173726931214333, 0.026320604607462883, 0.9994075894355774]|[[2827.300073606339, 0.0, 1993.2574097262354], [0.0, 2852.2438974589363, 1443.3722632010733], [0.0, 0.0, 1.0]]
94|94|4|Snook|0.455|0.43556095869147776|2.011263847351074|2022.8382867576508;1382.6385785806838|46|[-0.02520688995718956, -0.09540274739265442, 0.0]|[0.022173726931214333, 0.026320604607462883, 0.9994075894355774]|[[2827.300073606339, 0.0, 1993.2574097262354], [0.0, 2852.2438974589363, 1443.3722632010733], [0.0, 0.0, 1.0]]
94|94|4|Snook|0.455|0.43327675151399836|2.0443713665008545|2023.1843378585706;1384.879136068684|46|[-0.02520688995718956, -0.09540274739265442, 0.0]|[0.022173726931214333, 0.026320604607462883, 0.9994075894355774]|[[2827.300073606339, 0.0, 1993.2574097262354], [0.0, 2852.2438974589363, 1443.3722632010733], [0.0, 0.0, 1.0]]
94|94|4|Snook|0.455|0.4402417620677014|2.0669968128204346|2024.2778410688031;1386.1680046167253|46|[-0.02520688995718956, -0.09540274739265442, 0.0]|[0.022173726931214333, 0.026320604607462883, 0.9994075894355774]|[[2827.300073606339, 0.0, 1993.2574097262354], [0.0, 2852.2438974589363, 1443.3722632010733], [0.0, 0.0, 1.0]]
94|94|4|Snook|0.455|0.4365531602836627|2.051409959793091|2023.165861154817;1385.3650579088053|46|[-0.02520688995718956, -0.09540274739265442, 0.0]|[0.022173726931214333, 0.026320604607462883, 0.9994075894355774]|[[2827.300073606339, 0.0, 1993.2574097262354], [0.0, 2852.2438974589363, 1443.3722632010733], [0.0, 0.0, 1.0]]
94|94|4|Snook|0.455|0.4369658129403775|2.041489601135254|2023.69027790505;1384.5652308389658|46|[-0.02520688995718956, -0.09540274739265442, 0.0]|[0.022173726931214333, 0.026320604607462883, 0.9994075894355774]|[[2827.300073606339, 0.0, 1993.2574097262354], [0.0, 2852.2438974589363, 1443.3722632010733], [0.0, 0.0, 1.0]]
94|94|4|Snook|0.455|0.43460625706702766|2.0412209033966064|2022.743554384609;1384.7570555628572|46|[-0.02520688995718956, -0.09540274739265442, 0.0]|[0.022173726931214333, 0.026320604607462883, 0.9994075894355774]|[[2827.300073606339, 0.0, 1993.2574097262354], [0.0, 2852.2438974589363, 1443.3722632010733], [0.0, 0.0, 1.0]]
94|94|4|Snook|0.455|0.4378421945066422|2.0412843227386475|2021.9285391239782;1384.95623607912|46|[-0.02520688995718956, -0.09540274739265442, 0.0]|[0.022173726931214333, 0.026320604607462883, 0.9994075894355774]|[[2827.300073606339, 0.0, 1993.2574097262354], [0.0, 2852.2438974589363, 1443.3722632010733], [0.0, 0.0, 1.0]]
94|94|4|Snook|0.455|0.424261643632584|1.9834743738174438|2022.5761499492219;1380.6822871804088|46|[-0.02520688995718956, -0.09540274739265442, 0.0]|[0.022173726931214333, 0.026320604607462883, 0.9994075894355774]|[[2827.300073606339, 0.0, 1993.2574097262354], [0.0, 2852.2438974589363, 1443.3722632010733], [0.0, 0.0, 1.0]]
94|94|4|Snook|0.455|0.4328005989816581|2.0244970321655273|2022.670592721991;1383.6049756617756|46|[-0.02520688995718956, -0.09540274739265442, 0.0]|[0.022173726931214333, 0.026320604607462883, 0.9994075894355774]|[[2827.300073606339, 0.0, 1993.2574097262354], [0.0, 2852.2438974589363, 1443.3722632010733], [0.0, 0.0, 1.0]]
94|94|4|Snook|0.455|0.4346001908326295|2.0332658290863037|2024.1996995573697;1383.8770138286998|46|[-0.02520688995718956, -0.09540274739265442, 0.0]|[0.022173726931214333, 0.026320604607462883, 0.9994075894355774]|[[2827.300073606339, 0.0, 1993.2574097262354], [0.0, 2852.2438974589363, 1443.3722632010733], [0.0, 0.0, 1.0]]
94|94|4|Snook|0.455|0.4340210986957672|2.0212759971618652|2022.9997283044356;1383.3050184925871|46|[-0.02520688995718956, -0.09540274739265442, 0.0]|[0.022173726931214333, 0.026320604607462883, 0.9994075894355774]|[[2827.300073606339, 0.0, 1993.2574097262354], [0.0, 2852.2438974589363, 1443.3722632010733], [0.0, 0.0, 1.0]]
94|94|4|Snook|0.455|0.43262144077083015|2.02038836479187|2022.2069851892002;1383.4360226501794|46|[-0.02520688995718956, -0.09540274739265442, 0.0]|[0.022173726931214333, 0.026320604607462883, 0.9994075894355774]|[[2827.300073606339, 0.0, 1993.2574097262354], [0.0, 2852.2438974589363, 1443.3722632010733], [0.0, 0.0, 1.0]]
94|94|4|Snook|0.455|0.4371901469826833|2.029247283935547|2023.4250832714552;1383.7725919008874|46|[-0.02520688995718956, -0.09540274739265442, 0.0]|[0.022173726931214333, 0.026320604607462883, 0.9994075894355774]|[[2827.300073606339, 0.0, 1993.2574097262354], [0.0, 2852.2438974589363, 1443.3722632010733], [0.0, 0.0, 1.0]]
94|94|4|Snook|0.455|0.43239822157385316|2.0182785987854004|2022.4027574297315;1383.2384067458986|46|[-0.02520688995718956, -0.09540274739265442, 0.0]|[0.022173726931214333, 0.026320604607462883, 0.9994075894355774]|[[2827.300073606339, 0.0, 1993.2574097262354], [0.0, 2852.2438974589363, 1443.3722632010733], [0.0, 0.0, 1.0]]
94|94|4|Snook|0.455|0.43941091683020983|2.052027463912964|2023.770578921585;1385.2705678313455|46|[-0.02520688995718956, -0.09540274739265442, 0.0]|[0.022173726931214333, 0.026320604607462883, 0.9994075894355774]|[[2827.300073606339, 0.0, 1993.2574097262354], [0.0, 2852.2438974589363, 1443.3722632010733], [0.0, 0.0, 1.0]]
94|94|4|Snook|0.455|0.4359893020746721|2.035339117050171|2022.3694858980627;1384.4390482869478|46|[-0.02520688995718956, -0.09540274739265442, 0.0]|[0.022173726931214333, 0.026320604607462883, 0.9994075894355774]|[[2827.300073606339, 0.0, 1993.2574097262354], [0.0, 2852.2438974589363, 1443.3722632010733], [0.0, 0.0, 1.0]]
94|94|4|Snook|0.455|0.43285044548539375|2.026651620864868|2022.0770400182305;1383.9077040018233|46|[-0.02520688995718956, -0.09540274739265442, 0.0]|[0.022173726931214333, 0.026320604607462883, 0.9994075894355774]|[[2827.300073606339, 0.0, 1993.2574097262354], [0.0, 2852.2438974589363, 1443.3722632010733], [0.0, 0.0, 1.0]]
94|94|4|Snook|0.455|0.43910774089968496|2.0488367080688477|2024.6508104898753;1384.8675667779398|46|[-0.02520688995718956, -0.09540274739265442, 0.0]|[0.022173726931214333, 0.026320604607462883, 0.9994075894355774]|[[2827.300073606339, 0.0, 1993.2574097262354], [0.0, 2852.2438974589363, 1443.3722632010733], [0.0, 0.0, 1.0]]
94|94|4|Snook|0.455|0.430875692322846|2.005418062210083|2021.77483855012;1382.4731191150313|46|[-0.02520688995718956, -0.09540274739265442, 0.0]|[0.022173726931214333, 0.026320604607462883, 0.9994075894355774]|[[2827.300073606339, 0.0, 1993.2574097262354], [0.0, 2852.2438974589363, 1443.3722632010733], [0.0, 0.0, 1.0]]
94|94|4|Snook|0.455|0.4333223770355465|2.0246005058288574|2023.5131535091998;1383.4299298065323|46|[-0.02520688995718956, -0.09540274739265442, 0.0]|[0.022173726931214333, 0.026320604607462883, 0.9994075894355774]|[[2827.300073606339, 0.0, 1993.2574097262354], [0.0, 2852.2438974589363, 1443.3722632010733], [0.0, 0.0, 1.0]]
94|94|4|Snook|0.455|0.4313311533425696|2.0157434940338135|2020.5856202537002;1383.509811076126|46|[-0.02520688995718956, -0.09540274739265442, 0.0]|[0.022173726931214333, 0.026320604607462883, 0.9994075894355774]|[[2827.300073606339, 0.0, 1993.2574097262354], [0.0, 2852.2438974589363, 1443.3722632010733], [0.0, 0.0, 1.0]]
94|94|4|Snook|0.455|0.43213559176416555|2.01702880859375|2021.4404832450011;1383.383574213633|46|[-0.02520688995718956, -0.09540274739265442, 0.0]|[0.022173726931214333, 0.026320604607462883, 0.9994075894355774]|[[2827.300073606339, 0.0, 1993.2574097262354], [0.0, 2852.2438974589363, 1443.3722632010733], [0.0, 0.0, 1.0]]
94|94|4|Snook|0.455|0.424237151732791|2.0068368911743164|2022.649796587067;1382.3692341593403|46|[-0.02520688995718956, -0.09540274739265442, 0.0]|[0.022173726931214333, 0.026320604607462883, 0.9994075894355774]|[[2827.300073606339, 0.0, 1993.2574097262354], [0.0, 2852.2438974589363, 1443.3722632010733], [0.0, 0.0, 1.0]]
94|94|4|Snook|0.455|0.4355659031035014|2.0650811195373535|2023.9879079909838;1386.1031739733019|46|[-0.02520688995718956, -0.09540274739265442, 0.0]|[0.022173726931214333, 0.026320604607462883, 0.9994075894355774]|[[2827.300073606339, 0.0, 1993.2574097262354], [0.0, 2852.2438974589363, 1443.3722632010733], [0.0, 0.0, 1.0]]
94|94|4|Snook|0.455|0.4232675288247786|2.0161702632904053|2023.2976081380507;1382.8830087183187|46|[-0.02520688995718956, -0.09540274739265442, 0.0]|[0.022173726931214333, 0.026320604607462883, 0.9994075894355774]|[[2827.300073606339, 0.0, 1993.2574097262354], [0.0, 2852.2438974589363, 1443.3722632010733], [0.0, 0.0, 1.0]]
94|94|4|Snook|0.455|0.42776677176782996|2.039397716522217|2024.5991616392166;1384.2201968123009|46|[-0.02520688995718956, -0.09540274739265442, 0.0]|[0.022173726931214333, 0.026320604607462883, 0.9994075894355774]|[[2827.300073606339, 0.0, 1993.2574097262354], [0.0, 2852.2438974589363, 1443.3722632010733], [0.0, 0.0, 1.0]]
94|94|4|Snook|0.455|0.43090565970649786|2.0559628009796143|2024.9146895029567;1385.2873045034205|46|[-0.02520688995718956, -0.09540274739265442, 0.0]|[0.022173726931214333, 0.026320604607462883, 0.9994075894355774]|[[2827.300073606339, 0.0, 1993.2574097262354], [0.0, 2852.2438974589363, 1443.3722632010733], [0.0, 0.0, 1.0]]
94|94|4|Snook|0.455|0.43172889667113956|2.0630688667297363|2024.7484182241858;1385.8010494406067|46|[-0.02520688995718956, -0.09540274739265442, 0.0]|[0.022173726931214333, 0.026320604607462883, 0.9994075894355774]|[[2827.300073606339, 0.0, 1993.2574097262354], [0.0, 2852.2438974589363, 1443.3722632010733], [0.0, 0.0, 1.0]]
94|94|4|Snook|0.455|0.4254075518791265|2.02652907371521|2022.5729263033845;1383.7691844539768|46|[-0.02520688995718956, -0.09540274739265442, 0.0]|[0.022173726931214333, 0.026320604607462883, 0.9994075894355774]|[[2827.300073606339, 0.0, 1993.2574097262354], [0.0, 2852.2438974589363, 1443.3722632010733], [0.0, 0.0, 1.0]]
94|94|4|Snook|0.455|0.4306056607622863|2.0478482246398926|2024.7724083919845;1384.768056875055|46|[-0.02520688995718956, -0.09540274739265442, 0.0]|[0.022173726931214333, 0.026320604607462883, 0.9994075894355774]|[[2827.300073606339, 0.0, 1993.2574097262354], [0.0, 2852.2438974589363, 1443.3722632010733], [0.0, 0.0, 1.0]]
94|94|4|Snook|0.455|0.4309326856197088|2.055305004119873|2023.977909499987;1385.4511700961725|46|[-0.02520688995718956, -0.09540274739265442, 0.0]|[0.022173726931214333, 0.026320604607462883, 0.9994075894355774]|[[2827.300073606339, 0.0, 1993.2574097262354], [0.0, 2852.2438974589363, 1443.3722632010733], [0.0, 0.0, 1.0]]
94|94|4|Snook|0.455|0.4319203065992544|2.0565402507781982|2023.7339116082157;1385.5784095099004|46|[-0.02520688995718956, -0.09540274739265442, 0.0]|[0.022173726931214333, 0.026320604607462883, 0.9994075894355774]|[[2827.300073606339, 0.0, 1993.2574097262354], [0.0, 2852.2438974589363, 1443.3722632010733], [0.0, 0.0, 1.0]]
94|94|4|Snook|0.455|0.4246538271793555|2.0213284492492676|2024.170448910243;1383.0457679398428|46|[-0.02520688995718956, -0.09540274739265442, 0.0]|[0.022173726931214333, 0.026320604607462883, 0.9994075894355774]|[[2827.300073606339, 0.0, 1993.2574097262354], [0.0, 2852.2438974589363, 1443.3722632010733], [0.0, 0.0, 1.0]]
94|94|4|Snook|0.455|0.4307683906761849|2.052349805831909|2024.28178881787;1385.1774498067293|46|[-0.02520688995718956, -0.09540274739265442, 0.0]|[0.022173726931214333, 0.026320604607462883, 0.9994075894355774]|[[2827.300073606339, 0.0, 1993.2574097262354], [0.0, 2852.2438974589363, 1443.3722632010733], [0.0, 0.0, 1.0]]
94|94|4|Snook|0.455|0.42298702927444026|2.0169200897216797|2023.9447669739852;1382.7858321782112|46|[-0.02520688995718956, -0.09540274739265442, 0.0]|[0.022173726931214333, 0.026320604607462883, 0.9994075894355774]|[[2827.300073606339, 0.0, 1993.2574097262354], [0.0, 2852.2438974589363, 1443.3722632010733], [0.0, 0.0, 1.0]]
94|94|4|Snook|0.455|0.4284477033662276|2.0421159267425537|2022.3604109902053;1384.913875494851|46|[-0.02520688995718956, -0.09540274739265442, 0.0]|[0.022173726931214333, 0.026320604607462883, 0.9994075894355774]|[[2827.300073606339, 0.0, 1993.2574097262354], [0.0, 2852.2438974589363, 1443.3722632010733], [0.0, 0.0, 1.0]]
94|94|4|Snook|0.455|0.4307321215218047|2.0540831089019775|2022.9661839265957;1385.593209683529|46|[-0.02520688995718956, -0.09540274739265442, 0.0]|[0.022173726931214333, 0.026320604607462883, 0.9994075894355774]|[[2827.300073606339, 0.0, 1993.2574097262354], [0.0, 2852.2438974589363, 1443.3722632010733], [0.0, 0.0, 1.0]]
94|94|4|Snook|0.455|0.42907470234376105|2.0440049171447754|2025.060468512503;1384.4390482869478|46|[-0.02520688995718956, -0.09540274739265442, 0.0]|[0.022173726931214333, 0.026320604607462883, 0.9994075894355774]|[[2827.300073606339, 0.0, 1993.2574097262354], [0.0, 2852.2438974589363, 1443.3722632010733], [0.0, 0.0, 1.0]]
94|94|4|Snook|0.455|0.4296747831256598|2.043794870376587|2023.5027076698213;1384.7610482557016|46|[-0.02520688995718956, -0.09540274739265442, 0.0]|[0.022173726931214333, 0.026320604607462883, 0.9994075894355774]|[[2827.300073606339, 0.0, 1993.2574097262354], [0.0, 2852.2438974589363, 1443.3722632010733], [0.0, 0.0, 1.0]]
94|94|4|Snook|0.455|0.41507459419918374|2.0197126865386963|2023.3099343375818;1383.1241508560715|46|[-0.02520688995718956, -0.09540274739265442, 0.0]|[0.022173726931214333, 0.026320604607462883, 0.9994075894355774]|[[2827.300073606339, 0.0, 1993.2574097262354], [0.0, 2852.2438974589363, 1443.3722632010733], [0.0, 0.0, 1.0]]
94|94|4|Snook|0.455|0.4184047805820008|2.0365731716156006|2022.81264965135;1384.4229302468282|46|[-0.02520688995718956, -0.09540274739265442, 0.0]|[0.022173726931214333, 0.026320604607462883, 0.9994075894355774]|[[2827.300073606339, 0.0, 1993.2574097262354], [0.0, 2852.2438974589363, 1443.3722632010733], [0.0, 0.0, 1.0]]
94|94|4|Snook|0.455|0.4153803831263413|2.0241360664367676|2023.0317690393606;1383.49777438704|46|[-0.02520688995718956, -0.09540274739265442, 0.0]|[0.022173726931214333, 0.026320604607462883, 0.9994075894355774]|[[2827.300073606339, 0.0, 1993.2574097262354], [0.0, 2852.2438974589363, 1443.3722632010733], [0.0, 0.0, 1.0]]
94|94|4|Snook|0.455|0.4097310747358726|1.9979509115219116|2022.1478581730653;1381.8429383101534|46|[-0.02520688995718956, -0.09540274739265442, 0.0]|[0.022173726931214333, 0.026320604607462883, 0.9994075894355774]|[[2827.300073606339, 0.0, 1993.2574097262354], [0.0, 2852.2438974589363, 1443.3722632010733], [0.0, 0.0, 1.0]]
94|94|4|Snook|0.455|0.42051577015274305|2.049848794937134|2022.7615905094494;1385.354205295664|46|[-0.02520688995718956, -0.09540274739265442, 0.0]|[0.022173726931214333, 0.026320604607462883, 0.9994075894355774]|[[2827.300073606339, 0.0, 1993.2574097262354], [0.0, 2852.2438974589363, 1443.3722632010733], [0.0, 0.0, 1.0]]
94|94|4|Snook|0.455|0.4139537884032509|2.0211374759674072|2023.6693830034926;1383.1501746216532|46|[-0.02520688995718956, -0.09540274739265442, 0.0]|[0.022173726931214333, 0.026320604607462883, 0.9994075894355774]|[[2827.300073606339, 0.0, 1993.2574097262354], [0.0, 2852.2438974589363, 1443.3722632010733], [0.0, 0.0, 1.0]]
94|94|4|Snook|0.455|0.4122455900667648|2.011922597885132|2022.3085543224604;1382.8048601619935|46|[-0.02520688995718956, -0.09540274739265442, 0.0]|[0.022173726931214333, 0.026320604607462883, 0.9994075894355774]|[[2827.300073606339, 0.0, 1993.2574097262354], [0.0, 2852.2438974589363, 1443.3722632010733], [0.0, 0.0, 1.0]]
94|94|4|Snook|0.455|0.41756242194922094|2.0297701358795166|2023.411538112021;1383.8117869843895|46|[-0.02520688995718956, -0.09540274739265442, 0.0]|[0.022173726931214333, 0.026320604607462883, 0.9994075894355774]|[[2827.300073606339, 0.0, 1993.2574097262354], [0.0, 2852.2438974589363, 1443.3722632010733], [0.0, 0.0, 1.0]]
94|94|4|Snook|0.455|0.4057031101213346|1.9799871444702148|2024.2527799568106;1380.0597114304092|46|[-0.02520688995718956, -0.09540274739265442, 0.0]|[0.022173726931214333, 0.026320604607462883, 0.9994075894355774]|[[2827.300073606339, 0.0, 1993.2574097262354], [0.0, 2852.2438974589363, 1443.3722632010733], [0.0, 0.0, 1.0]]
94|94|4|Snook|0.455|0.42500219540771633|2.0738677978515625|2023.6931979209887;1386.771494632608|46|[-0.02520688995718956, -0.09540274739265442, 0.0]|[0.022173726931214333, 0.026320604607462883, 0.9994075894355774]|[[2827.300073606339, 0.0, 1993.2574097262354], [0.0, 2852.2438974589363, 1443.3722632010733], [0.0, 0.0, 1.0]]
94|94|4|Snook|0.455|0.4165488484470315|2.032165288925171|2022.2545539043736;1384.2500494780554|46|[-0.02520688995718956, -0.09540274739265442, 0.0]|[0.022173726931214333, 0.026320604607462883, 0.9994075894355774]|[[2827.300073606339, 0.0, 1993.2574097262354], [0.0, 2852.2438974589363, 1443.3722632010733], [0.0, 0.0, 1.0]]
94|94|4|Snook|0.455|0.4141988237694758|2.0200042724609375|2022.2156070284152;1383.4034940017161|46|[-0.02520688995718956, -0.09540274739265442, 0.0]|[0.022173726931214333, 0.026320604607462883, 0.9994075894355774]|[[2827.300073606339, 0.0, 1993.2574097262354], [0.0, 2852.2438974589363, 1443.3722632010733], [0.0, 0.0, 1.0]]
94|94|4|Snook|0.455|0.4054896312008577|1.9780937433242798|2023.352739789972;1380.115970629297|46|[-0.02520688995718956, -0.09540274739265442, 0.0]|[0.022173726931214333, 0.026320604607462883, 0.9994075894355774]|[[2827.300073606339, 0.0, 1993.2574097262354], [0.0, 2852.2438974589363, 1443.3722632010733], [0.0, 0.0, 1.0]]
94|94|4|Snook|0.455|0.4069484521693747|1.979719877243042|2022.7367762999495;1380.3651601914798|46|[-0.02520688995718956, -0.09540274739265442, 0.0]|[0.022173726931214333, 0.026320604607462883, 0.9994075894355774]|[[2827.300073606339, 0.0, 1993.2574097262354], [0.0, 2852.2438974589363, 1443.3722632010733], [0.0, 0.0, 1.0]]
94|94|4|Snook|0.455|0.41108825447530734|2.0032896995544434|2024.1588756997257;1381.774254385995|46|[-0.02520688995718956, -0.09540274739265442, 0.0]|[0.022173726931214333, 0.026320604607462883, 0.9994075894355774]|[[2827.300073606339, 0.0, 1993.2574097262354], [0.0, 2852.2438974589363, 1443.3722632010733], [0.0, 0.0, 1.0]]
94|94|4|Snook|0.455|0.39227304292272047|2.0091068744659424|2023.8409824662042;1382.2525576381493|46|[-0.02520688995718956, -0.09540274739265442, 0.0]|[0.022173726931214333, 0.026320604607462883, 0.9994075894355774]|[[2827.300073606339, 0.0, 1993.2574097262354], [0.0, 2852.2438974589363, 1443.3722632010733], [0.0, 0.0, 1.0]]
94|94|4|Snook|0.455|0.3971261315428394|2.0375852584838867|2022.8665287996466;1384.475886784206|46|[-0.02520688995718956, -0.09540274739265442, 0.0]|[0.022173726931214333, 0.026320604607462883, 0.9994075894355774]|[[2827.300073606339, 0.0, 1993.2574097262354], [0.0, 2852.2438974589363, 1443.3722632010733], [0.0, 0.0, 1.0]]
94|94|4|Snook|0.455|0.3937704356643074|2.016035556793213|2023.19849999547;1382.8975472465925|46|[-0.02520688995718956, -0.09540274739265442, 0.0]|[0.022173726931214333, 0.026320604607462883, 0.9994075894355774]|[[2827.300073606339, 0.0, 1993.2574097262354], [0.0, 2852.2438974589363, 1443.3722632010733], [0.0, 0.0, 1.0]]
94|94|4|Snook|0.455|0.3921957462016705|2.0056140422821045|2023.2949962997593;1382.1308109871618|46|[-0.02520688995718956, -0.09540274739265442, 0.0]|[0.022173726931214333, 0.026320604607462883, 0.9994075894355774]|[[2827.300073606339, 0.0, 1993.2574097262354], [0.0, 2852.2438974589363, 1443.3722632010733], [0.0, 0.0, 1.0]]
94|94|4|Snook|0.455|0.40422945707360064|2.0690250396728516|2025.0095545529398;1386.144510481159|46|[-0.02520688995718956, -0.09540274739265442, 0.0]|[0.022173726931214333, 0.026320604607462883, 0.9994075894355774]|[[2827.300073606339, 0.0, 1993.2574097262354], [0.0, 2852.2438974589363, 1443.3722632010733], [0.0, 0.0, 1.0]]
94|94|4|Snook|0.455|0.3969628336231598|2.0277068614959717|2023.7643095063536;1383.5806199508504|46|[-0.02520688995718956, -0.09540274739265442, 0.0]|[0.022173726931214333, 0.026320604607462883, 0.9994075894355774]|[[2827.300073606339, 0.0, 1993.2574097262354], [0.0, 2852.2438974589363, 1443.3722632010733], [0.0, 0.0, 1.0]]
94|94|4|Snook|0.455|0.39205587423738236|2.019496202468872|2024.1487807073265;1382.9222762275492|46|[-0.02520688995718956, -0.09540274739265442, 0.0]|[0.022173726931214333, 0.026320604607462883, 0.9994075894355774]|[[2827.300073606339, 0.0, 1993.2574097262354], [0.0, 2852.2438974589363, 1443.3722632010733], [0.0, 0.0, 1.0]]
94|94|4|Snook|0.455|0.3985776422058718|2.0440149307250977|2024.6030107030801;1384.538964286403|46|[-0.02520688995718956, -0.09540274739265442, 0.0]|[0.022173726931214333, 0.026320604607462883, 0.9994075894355774]|[[2827.300073606339, 0.0, 1993.2574097262354], [0.0, 2852.2438974589363, 1443.3722632010733], [0.0, 0.0, 1.0]]
94|94|4|Snook|0.455|0.398584275797087|2.0408456325531006|2024.310962285806;1384.3711251875343|46|[-0.02520688995718956, -0.09540274739265442, 0.0]|[0.022173726931214333, 0.026320604607462883, 0.9994075894355774]|[[2827.300073606339, 0.0, 1993.2574097262354], [0.0, 2852.2438974589363, 1443.3722632010733], [0.0, 0.0, 1.0]]
94|94|4|Snook|0.455|0.3896334234980959|1.9926910400390625|2024.661512799527;1380.9055626975937|46|[-0.02520688995718956, -0.09540274739265442, 0.0]|[0.022173726931214333, 0.026320604607462883, 0.9994075894355774]|[[2827.300073606339, 0.0, 1993.2574097262354], [0.0, 2852.2438974589363, 1443.3722632010733], [0.0, 0.0, 1.0]]
94|94|4|Snook|0.455|0.4057383336511035|2.0802507400512695|2025.2493381779275;1386.8447826564536|46|[-0.02520688995718956, -0.09540274739265442, 0.0]|[0.022173726931214333, 0.026320604607462883, 0.9994075894355774]|[[2827.300073606339, 0.0, 1993.2574097262354], [0.0, 2852.2438974589363, 1443.3722632010733], [0.0, 0.0, 1.0]]
94|94|4|Snook|0.455|0.39098456330840814|2.0029330253601074|2023.8576808287753;1381.8092243682897|46|[-0.02520688995718956, -0.09540274739265442, 0.0]|[0.022173726931214333, 0.026320604607462883, 0.9994075894355774]|[[2827.300073606339, 0.0, 1993.2574097262354], [0.0, 2852.2438974589363, 1443.3722632010733], [0.0, 0.0, 1.0]]
94|94|4|Snook|0.455|0.3958329708637303|2.0153889656066895|2023.8147412806181;1382.7140943598688|46|[-0.02520688995718956, -0.09540274739265442, 0.0]|[0.022173726931214333, 0.026320604607462883, 0.9994075894355774]|[[2827.300073606339, 0.0, 1993.2574097262354], [0.0, 2852.2438974589363, 1443.3722632010733], [0.0, 0.0, 1.0]]
94|94|4|Snook|0.455|0.3964706032255906|2.0161972045898438|2022.3694858980627;1383.0935569797275|46|[-0.02520688995718956, -0.09540274739265442, 0.0]|[0.022173726931214333, 0.026320604607462883, 0.9994075894355774]|[[2827.300073606339, 0.0, 1993.2574097262354], [0.0, 2852.2438974589363, 1443.3722632010733], [0.0, 0.0, 1.0]]
94|94|4|Snook|0.455|0.3942351079992351|2.0108275413513184|2022.3156095997751;1382.7235842990035|46|[-0.02520688995718956, -0.09540274739265442, 0.0]|[0.022173726931214333, 0.026320604607462883, 0.9994075894355774]|[[2827.300073606339, 0.0, 1993.2574097262354], [0.0, 2852.2438974589363, 1443.3722632010733], [0.0, 0.0, 1.0]]
94|94|4|Snook|0.455|0.3920481644380614|2.004127264022827|2023.211503111906;1382.045936406821|46|[-0.02520688995718956, -0.09540274739265442, 0.0]|[0.022173726931214333, 0.026320604607462883, 0.9994075894355774]|[[2827.300073606339, 0.0, 1993.2574097262354], [0.0, 2852.2438974589363, 1443.3722632010733], [0.0, 0.0, 1.0]]
94|94|4|Snook|0.455|0.374763132872567|2.0217437744140625|2022.6010107069915;1383.4362879790017|46|[-0.02520688995718956, -0.09540274739265442, 0.0]|[0.022173726931214333, 0.026320604607462883, 0.9994075894355774]|[[2827.300073606339, 0.0, 1993.2574097262354], [0.0, 2852.2438974589363, 1443.3722632010733], [0.0, 0.0, 1.0]]
94|94|4|Snook|0.455|0.3699029315918964|1.9952068328857422|2022.136046077586;1381.6469079373474|46|[-0.02520688995718956, -0.09540274739265442, 0.0]|[0.022173726931214333, 0.026320604607462883, 0.9994075894355774]|[[2827.300073606339, 0.0, 1993.2574097262354], [0.0, 2852.2438974589363, 1443.3722632010733], [0.0, 0.0, 1.0]]
94|94|4|Snook|0.455|0.3756996145393578|2.0278806686401367|2022.881481325688;1383.8045851591507|46|[-0.02520688995718956, -0.09540274739265442, 0.0]|[0.022173726931214333, 0.026320604607462883, 0.9994075894355774]|[[2827.300073606339, 0.0, 1993.2574097262354], [0.0, 2852.2438974589363, 1443.3722632010733], [0.0, 0.0, 1.0]]
94|94|4|Snook|0.455|0.3767726898481337|2.031996965408325|2023.161873001801;1384.0190954256104|46|[-0.02520688995718956, -0.09540274739265442, 0.0]|[0.022173726931214333, 0.026320604607462883, 0.9994075894355774]|[[2827.300073606339, 0.0, 1993.2574097262354], [0.0, 2852.2438974589363, 1443.3722632010733], [0.0, 0.0, 1.0]]
94|94|4|Snook|0.455|0.3721160972574388|2.011993169784546|2023.553426409247;1382.5240139632513|46|[-0.02520688995718956, -0.09540274739265442, 0.0]|[0.022173726931214333, 0.026320604607462883, 0.9994075894355774]|[[2827.300073606339, 0.0, 1993.2574097262354], [0.0, 2852.2438974589363, 1443.3722632010733], [0.0, 0.0, 1.0]]
94|94|4|Snook|0.455|0.3766831327270637|2.03214168548584|2021.4724916932494;1384.4390482869478|46|[-0.02520688995718956, -0.09540274739265442, 0.0]|[0.022173726931214333, 0.026320604607462883, 0.9994075894355774]|[[2827.300073606339, 0.0, 1993.2574097262354], [0.0, 2852.2438974589363, 1443.3722632010733], [0.0, 0.0, 1.0]]
94|94|4|Snook|0.455|0.37269593356585046|2.0141944885253906|2021.2100063989565;1383.2378271508014|46|[-0.02520688995718956, -0.09540274739265442, 0.0]|[0.022173726931214333, 0.026320604607462883, 0.9994075894355774]|[[2827.300073606339, 0.0, 1993.2574097262354], [0.0, 2852.2438974589363, 1443.3722632010733], [0.0, 0.0, 1.0]]
94|94|4|Snook|0.455|0.41808270361836486|2.003157138824463|2021.1891182258933;1382.4499063985195|46|[-0.02520688995718956, -0.09540274739265442, 0.0]|[0.022173726931214333, 0.026320604607462883, 0.9994075894355774]|[[2827.300073606339, 0.0, 1993.2574097262354], [0.0, 2852.2438974589363, 1443.3722632010733], [0.0, 0.0, 1.0]]
94|94|4|Snook|0.455|0.37656486959847774|2.0289576053619385|2021.3690132963352;1384.2346266324698|46|[-0.02520688995718956, -0.09540274739265442, 0.0]|[0.022173726931214333, 0.026320604607462883, 0.9994075894355774]|[[2827.300073606339, 0.0, 1993.2574097262354], [0.0, 2852.2438974589363, 1443.3722632010733], [0.0, 0.0, 1.0]]
94|94|4|Snook|0.455|0.3929993126666646|2.128319025039673|2023.4492257629356;1390.3980937063861|46|[-0.02520688995718956, -0.09540274739265442, 0.0]|[0.022173726931214333, 0.026320604607462883, 0.9994075894355774]|[[2827.300073606339, 0.0, 1993.2574097262354], [0.0, 2852.2438974589363, 1443.3722632010733], [0.0, 0.0, 1.0]]
94|94|4|Snook|0.455|0.3754378256132391|2.031480550765991|2022.0490416330802;1384.2516310407366|46|[-0.02520688995718956, -0.09540274739265442, 0.0]|[0.022173726931214333, 0.026320604607462883, 0.9994075894355774]|[[2827.300073606339, 0.0, 1993.2574097262354], [0.0, 2852.2438974589363, 1443.3722632010733], [0.0, 0.0, 1.0]]
94|94|4|Snook|0.455|0.42066251184099834|2.031264543533325|2021.5701788511135;1384.3513808707517|46|[-0.02520688995718956, -0.09540274739265442, 0.0]|[0.022173726931214333, 0.026320604607462883, 0.9994075894355774]|[[2827.300073606339, 0.0, 1993.2574097262354], [0.0, 2852.2438974589363, 1443.3722632010733], [0.0, 0.0, 1.0]]
94|94|4|Snook|0.455|0.42295263635828495|2.036487102508545|2022.0119671059758;1384.6069825499046|46|[-0.02520688995718956, -0.09540274739265442, 0.0]|[0.022173726931214333, 0.026320604607462883, 0.9994075894355774]|[[2827.300073606339, 0.0, 1993.2574097262354], [0.0, 2852.2438974589363, 1443.3722632010733], [0.0, 0.0, 1.0]]
94|94|4|Snook|0.455|0.3736110524868663|2.026689052581787|2021.174249672231;1384.1321992102655|46|[-0.02520688995718956, -0.09540274739265442, 0.0]|[0.022173726931214333, 0.026320604607462883, 0.9994075894355774]|[[2827.300073606339, 0.0, 1993.2574097262354], [0.0, 2852.2438974589363, 1443.3722632010733], [0.0, 0.0, 1.0]]
94|94|4|Snook|0.455|0.42447006015069455|2.0459752082824707|2022.26721572225;1385.2029469462486|46|[-0.02520688995718956, -0.09540274739265442, 0.0]|[0.022173726931214333, 0.026320604607462883, 0.9994075894355774]|[[2827.300073606339, 0.0, 1993.2574097262354], [0.0, 2852.2438974589363, 1443.3722632010733], [0.0, 0.0, 1.0]]
94|94|4|Snook|0.455|0.3749726979889727|2.0241944789886475|2021.354927804811;1383.9062968374444|46|[-0.02520688995718956, -0.09540274739265442, 0.0]|[0.022173726931214333, 0.026320604607462883, 0.9994075894355774]|[[2827.300073606339, 0.0, 1993.2574097262354], [0.0, 2852.2438974589363, 1443.3722632010733], [0.0, 0.0, 1.0]]
94|94|4|Snook|0.455|0.3681337438762679|2.002228260040283|2021.1671194401963;1382.3873045975333|46|[-0.02520688995718956, -0.09540274739265442, 0.0]|[0.022173726931214333, 0.026320604607462883, 0.9994075894355774]|[[2827.300073606339, 0.0, 1993.2574097262354], [0.0, 2852.2438974589363, 1443.3722632010733], [0.0, 0.0, 1.0]]
94|94|4|Snook|0.455|0.40304968180556383|2.0378029346466064|2021.4301946215414;1384.8450234032848|46|[-0.02520688995718956, -0.09540274739265442, 0.0]|[0.022173726931214333, 0.026320604607462883, 0.9994075894355774]|[[2827.300073606339, 0.0, 1993.2574097262354], [0.0, 2852.2438974589363, 1443.3722632010733], [0.0, 0.0, 1.0]]
94|94|4|Snook|0.455|0.4007770263925223|2.0167794227600098|2022.3602347213746;1383.140750877957|46|[-0.02520688995718956, -0.09540274739265442, 0.0]|[0.022173726931214333, 0.026320604607462883, 0.9994075894355774]|[[2827.300073606339, 0.0, 1993.2574097262354], [0.0, 2852.2438974589363, 1443.3722632010733], [0.0, 0.0, 1.0]]
94|94|4|Snook|0.455|0.4005255968151199|2.019710063934326|2022.0331130712573;1383.4299298065328|46|[-0.02520688995718956, -0.09540274739265442, 0.0]|[0.022173726931214333, 0.026320604607462883, 0.9994075894355774]|[[2827.300073606339, 0.0, 1993.2574097262354], [0.0, 2852.2438974589363, 1443.3722632010733], [0.0, 0.0, 1.0]]
94|94|4|Snook|0.455|0.4075006063290057|2.0499091148376465|2021.72440772622;1385.6056770034565|46|[-0.02520688995718956, -0.09540274739265442, 0.0]|[0.022173726931214333, 0.026320604607462883, 0.9994075894355774]|[[2827.300073606339, 0.0, 1993.2574097262354], [0.0, 2852.2438974589363, 1443.3722632010733], [0.0, 0.0, 1.0]]
94|94|4|Snook|0.455|0.4101565776106227|2.0633997917175293|2022.6042179903827;1386.315431321147|46|[-0.02520688995718956, -0.09540274739265442, 0.0]|[0.022173726931214333, 0.026320604607462883, 0.9994075894355774]|[[2827.300073606339, 0.0, 1993.2574097262354], [0.0, 2852.2438974589363, 1443.3722632010733], [0.0, 0.0, 1.0]]
94|94|4|Snook|0.455|0.393885594597265|1.9791473150253296|2020.2187429385199;1380.940170222412|46|[-0.02520688995718956, -0.09540274739265442, 0.0]|[0.022173726931214333, 0.026320604607462883, 0.9994075894355774]|[[2827.300073606339, 0.0, 1993.2574097262354], [0.0, 2852.2438974589363, 1443.3722632010733], [0.0, 0.0, 1.0]]
94|94|4|Snook|0.455|0.35019802785180015|1.976624608039856|2020.0037037292389;1380.8038111691255|46|[-0.02520688995718956, -0.09540274739265442, 0.0]|[0.022173726931214333, 0.026320604607462883, 0.9994075894355774]|[[2827.300073606339, 0.0, 1993.2574097262354], [0.0, 2852.2438974589363, 1443.3722632010733], [0.0, 0.0, 1.0]]
94|94|4|Snook|0.455|0.35236200006866353|1.9848544597625732|2020.5614376159072;1381.2684211111455|46|[-0.02520688995718956, -0.09540274739265442, 0.0]|[0.022173726931214333, 0.026320604607462883, 0.9994075894355774]|[[2827.300073606339, 0.0, 1993.2574097262354], [0.0, 2852.2438974589363, 1443.3722632010733], [0.0, 0.0, 1.0]]
94|94|4|Snook|0.455|0.39548205207778325|1.9872323274612427|2020.6514825347112;1381.420032667854|46|[-0.02520688995718956, -0.09540274739265442, 0.0]|[0.022173726931214333, 0.026320604607462883, 0.9994075894355774]|[[2827.300073606339, 0.0, 1993.2574097262354], [0.0, 2852.2438974589363, 1443.3722632010733], [0.0, 0.0, 1.0]]
94|94|4|Snook|0.455|0.3550441710527843|2.002293348312378|2020.3286480189045;1382.60689812472|46|[-0.02520688995718956, -0.09540274739265442, 0.0]|[0.022173726931214333, 0.026320604607462883, 0.9994075894355774]|[[2827.300073606339, 0.0, 1993.2574097262354], [0.0, 2852.2438974589363, 1443.3722632010733], [0.0, 0.0, 1.0]]
94|94|4|Snook|0.455|0.3488707980631977|1.9777177572250366|2019.0330877960032;1381.1517158252577|46|[-0.02520688995718956, -0.09540274739265442, 0.0]|[0.022173726931214333, 0.026320604607462883, 0.9994075894355774]|[[2827.300073606339, 0.0, 1993.2574097262354], [0.0, 2852.2438974589363, 1443.3722632010733], [0.0, 0.0, 1.0]]
94|94|4|Snook|0.455|0.3577425750278612|2.017239809036255|2021.1896214140647;1383.4571010524578|46|[-0.02520688995718956, -0.09540274739265442, 0.0]|[0.022173726931214333, 0.026320604607462883, 0.9994075894355774]|[[2827.300073606339, 0.0, 1993.2574097262354], [0.0, 2852.2438974589363, 1443.3722632010733], [0.0, 0.0, 1.0]]
94|94|4|Snook|0.455|0.3504417404738556|1.9898236989974976|2019.706129316502;1381.8659814912696|46|[-0.02520688995718956, -0.09540274739265442, 0.0]|[0.022173726931214333, 0.026320604607462883, 0.9994075894355774]|[[2827.300073606339, 0.0, 1993.2574097262354], [0.0, 2852.2438974589363, 1443.3722632010733], [0.0, 0.0, 1.0]]
94|94|4|Snook|0.455|0.3523300313003429|1.988003134727478|2021.578340609929;1381.250155927044|46|[-0.02520688995718956, -0.09540274739265442, 0.0]|[0.022173726931214333, 0.026320604607462883, 0.9994075894355774]|[[2827.300073606339, 0.0, 1993.2574097262354], [0.0, 2852.2438974589363, 1443.3722632010733], [0.0, 0.0, 1.0]]
94|94|4|Snook|0.455|0.35345009623841794|2.001652240753174|2020.1139687591888;1382.6180616285535|46|[-0.02520688995718956, -0.09540274739265442, 0.0]|[0.022173726931214333, 0.026320604607462883, 0.9994075894355774]|[[2827.300073606339, 0.0, 1993.2574097262354], [0.0, 2852.2438974589363, 1443.3722632010733], [0.0, 0.0, 1.0]]
94|94|4|Snook|0.455|0.32683369944963336|1.979688286781311|2020.3742129495504;1380.9432802051012|46|[-0.02520688995718956, -0.09540274739265442, 0.0]|[0.022173726931214333, 0.026320604607462883, 0.9994075894355774]|[[2827.300073606339, 0.0, 1993.2574097262354], [0.0, 2852.2438974589363, 1443.3722632010733], [0.0, 0.0, 1.0]]
94|94|4|Snook|0.455|0.32742766453380134|1.9822174310684204|2021.4724916932494;1380.8510714676938|46|[-0.02520688995718956, -0.09540274739265442, 0.0]|[0.022173726931214333, 0.026320604607462883, 0.9994075894355774]|[[2827.300073606339, 0.0, 1993.2574097262354], [0.0, 2852.2438974589363, 1443.3722632010733], [0.0, 0.0, 1.0]]
94|94|4|Snook|0.455|0.32536047770369103|1.9558539390563965|2019.600948884357;1379.3455410790693|46|[-0.02520688995718956, -0.09540274739265442, 0.0]|[0.022173726931214333, 0.026320604607462883, 0.9994075894355774]|[[2827.300073606339, 0.0, 1993.2574097262354], [0.0, 2852.2438974589363, 1443.3722632010733], [0.0, 0.0, 1.0]]
94|94|4|Snook|0.455|0.3257193357368132|1.9763741493225098|2020.3318856778415;1380.7063899732702|46|[-0.02520688995718956, -0.09540274739265442, 0.0]|[0.022173726931214333, 0.026320604607462883, 0.9994075894355774]|[[2827.300073606339, 0.0, 1993.2574097262354], [0.0, 2852.2438974589363, 1443.3722632010733], [0.0, 0.0, 1.0]]
94|94|4|Snook|0.455|0.33413941905978456|2.0269052982330322|2022.0331130712577;1383.9232766191797|46|[-0.02520688995718956, -0.09540274739265442, 0.0]|[0.022173726931214333, 0.026320604607462883, 0.9994075894355774]|[[2827.300073606339, 0.0, 1993.2574097262354], [0.0, 2852.2438974589363, 1443.3722632010733], [0.0, 0.0, 1.0]]
94|94|4|Snook|0.455|0.3276415865606678|1.9857380390167236|2019.433376501882;1381.6326754039046|46|[-0.02520688995718956, -0.09540274739265442, 0.0]|[0.022173726931214333, 0.026320604607462883, 0.9994075894355774]|[[2827.300073606339, 0.0, 1993.2574097262354], [0.0, 2852.2438974589363, 1443.3722632010733], [0.0, 0.0, 1.0]]
94|94|4|Snook|0.455|0.36375395526636456|1.9596368074417114|2019.3599506137161;1379.7103994142624|46|[-0.02520688995718956, -0.09540274739265442, 0.0]|[0.022173726931214333, 0.026320604607462883, 0.9994075894355774]|[[2827.300073606339, 0.0, 1993.2574097262354], [0.0, 2852.2438974589363, 1443.3722632010733], [0.0, 0.0, 1.0]]
94|94|4|Snook|0.455|0.3219136652206107|1.9470616579055786|2018.9661555187492;1378.852205364848|46|[-0.02520688995718956, -0.09540274739265442, 0.0]|[0.022173726931214333, 0.026320604607462883, 0.9994075894355774]|[[2827.300073606339, 0.0, 1993.2574097262354], [0.0, 2852.2438974589363, 1443.3722632010733], [0.0, 0.0, 1.0]]
94|94|4|Snook|0.455|0.3275635290725449|1.9808989763259888|2018.9915016165885;1381.4003458929997|46|[-0.02520688995718956, -0.09540274739265442, 0.0]|[0.022173726931214333, 0.026320604607462883, 0.9994075894355774]|[[2827.300073606339, 0.0, 1993.2574097262354], [0.0, 2852.2438974589363, 1443.3722632010733], [0.0, 0.0, 1.0]]
94|94|4|Snook|0.455|0.329454779737012|1.9848105907440186|2019.639024624413;1381.5043152690503|46|[-0.02520688995718956, -0.09540274739265442, 0.0]|[0.022173726931214333, 0.026320604607462883, 0.9994075894355774]|[[2827.300073606339, 0.0, 1993.2574097262354], [0.0, 2852.2438974589363, 1443.3722632010733], [0.0, 0.0, 1.0]]
94|94|4|Snook|0.455|0.33446849627139974|1.9974263906478882|2019.8573894343167;1382.372817440246|46|[-0.02520688995718956, -0.09540274739265442, 0.0]|[0.022173726931214333, 0.026320604607462883, 0.9994075894355774]|[[2827.300073606339, 0.0, 1993.2574097262354], [0.0, 2852.2438974589363, 1443.3722632010733], [0.0, 0.0, 1.0]]
94|94|4|Snook|0.455|0.3318626100299123|1.9902278184890747|2019.2120302335686;1382.0325170006893|46|[-0.02520688995718956, -0.09540274739265442, 0.0]|[0.022173726931214333, 0.026320604607462883, 0.9994075894355774]|[[2827.300073606339, 0.0, 1993.2574097262354], [0.0, 2852.2438974589363, 1443.3722632010733], [0.0, 0.0, 1.0]]
94|94|4|Snook|0.455|0.33732817594113407|2.0079379081726074|2020.4337031873906;1382.99043649285|46|[-0.02520688995718956, -0.09540274739265442, 0.0]|[0.022173726931214333, 0.026320604607462883, 0.9994075894355774]|[[2827.300073606339, 0.0, 1993.2574097262354], [0.0, 2852.2438974589363, 1443.3722632010733], [0.0, 0.0, 1.0]]
94|94|4|Snook|0.455|0.33386915267775263|1.9944862127304077|2020.1602976156166;1382.085851794805|46|[-0.02520688995718956, -0.09540274739265442, 0.0]|[0.022173726931214333, 0.026320604607462883, 0.9994075894355774]|[[2827.300073606339, 0.0, 1993.2574097262354], [0.0, 2852.2438974589363, 1443.3722632010733], [0.0, 0.0, 1.0]]
94|94|4|Snook|0.455|0.3327618484389123|1.9789594411849976|2021.9298466678392;1380.4962000373603|46|[-0.02520688995718956, -0.09540274739265442, 0.0]|[0.022173726931214333, 0.026320604607462883, 0.9994075894355774]|[[2827.300073606339, 0.0, 1993.2574097262354], [0.0, 2852.2438974589363, 1443.3722632010733], [0.0, 0.0, 1.0]]
94|94|4|Snook|0.455|0.4504202515534496|4.221173286437988|2040.273016382382;1453.7419680085347|46|[-0.02520688995718956, -0.09540274739265442, 0.0]|[0.022173726931214333, 0.026320604607462883, 0.9994075894355774]|[[2827.300073606339, 0.0, 1993.2574097262354], [0.0, 2852.2438974589363, 1443.3722632010733], [0.0, 0.0, 1.0]]
94|94|4|Snook|0.455|0.43589715230151377|4.09403657913208|2039.0622961084853;1451.9052891564097|46|[-0.02520688995718956, -0.09540274739265442, 0.0]|[0.022173726931214333, 0.026320604607462883, 0.9994075894355774]|[[2827.300073606339, 0.0, 1993.2574097262354], [0.0, 2852.2438974589363, 1443.3722632010733], [0.0, 0.0, 1.0]]
94|94|4|Snook|0.455|0.4353057049420141|4.072302341461182|2039.1000302147268;1451.5315379915419|46|[-0.02520688995718956, -0.09540274739265442, 0.0]|[0.022173726931214333, 0.026320604607462883, 0.9994075894355774]|[[2827.300073606339, 0.0, 1993.2574097262354], [0.0, 2852.2438974589363, 1443.3722632010733], [0.0, 0.0, 1.0]]
94|94|4|Snook|0.455|0.4512399278876429|4.192285537719727|2038.4921048558529;1453.7315583490722|46|[-0.02520688995718956, -0.09540274739265442, 0.0]|[0.022173726931214333, 0.026320604607462883, 0.9994075894355774]|[[2827.300073606339, 0.0, 1993.2574097262354], [0.0, 2852.2438974589363, 1443.3722632010733], [0.0, 0.0, 1.0]]
94|94|4|Snook|0.455|0.44432924056707174|4.151721000671387|2039.2841665038845;1452.82926041037|46|[-0.02520688995718956, -0.09540274739265442, 0.0]|[0.022173726931214333, 0.026320604607462883, 0.9994075894355774]|[[2827.300073606339, 0.0, 1993.2574097262354], [0.0, 2852.2438974589363, 1443.3722632010733], [0.0, 0.0, 1.0]]
94|94|4|Snook|0.455|0.45157455426630166|4.205073356628418|2038.287208882099;1453.9946767090535|46|[-0.02520688995718956, -0.09540274739265442, 0.0]|[0.022173726931214333, 0.026320604607462883, 0.9994075894355774]|[[2827.300073606339, 0.0, 1993.2574097262354], [0.0, 2852.2438974589363, 1443.3722632010733], [0.0, 0.0, 1.0]]
94|94|4|Snook|0.455|0.42064024824151586|3.9519717693328857|2038.291469996013;1449.5370043068615|46|[-0.02520688995718956, -0.09540274739265442, 0.0]|[0.022173726931214333, 0.026320604607462883, 0.9994075894355774]|[[2827.300073606339, 0.0, 1993.2574097262354], [0.0, 2852.2438974589363, 1443.3722632010733], [0.0, 0.0, 1.0]]
94|94|4|Snook|0.455|0.4246540620376137|3.9851977825164795|2037.8845977655535;1450.263282848543|46|[-0.02520688995718956, -0.09540274739265442, 0.0]|[0.022173726931214333, 0.026320604607462883, 0.9994075894355774]|[[2827.300073606339, 0.0, 1993.2574097262354], [0.0, 2852.2438974589363, 1443.3722632010733], [0.0, 0.0, 1.0]]
94|94|4|Snook|0.455|0.44560480942761405|4.183631896972656|2039.189596503617;1453.4052006113245|46|[-0.02520688995718956, -0.09540274739265442, 0.0]|[0.022173726931214333, 0.026320604607462883, 0.9994075894355774]|[[2827.300073606339, 0.0, 1993.2574097262354], [0.0, 2852.2438974589363, 1443.3722632010733], [0.0, 0.0, 1.0]]
94|94|4|Snook|0.455|0.44385545983457225|4.219976425170898|2038.808283682128;1454.1070963297245|46|[-0.02520688995718956, -0.09540274739265442, 0.0]|[0.022173726931214333, 0.026320604607462883, 0.9994075894355774]|[[2827.300073606339, 0.0, 1993.2574097262354], [0.0, 2852.2438974589363, 1443.3722632010733], [0.0, 0.0, 1.0]]
94|94|4|Snook|0.455|0.44096304252449653|4.13771390914917|2038.8256585567653;1452.7156441083694|46|[-0.02520688995718956, -0.09540274739265442, 0.0]|[0.022173726931214333, 0.026320604607462883, 0.9994075894355774]|[[2827.300073606339, 0.0, 1993.2574097262354], [0.0, 2852.2438974589363, 1443.3722632010733], [0.0, 0.0, 1.0]]
94|94|4|Snook|0.455|0.4471976508738621|4.211192607879639|2039.2451914063881;1453.833587134795|46|[-0.02520688995718956, -0.09540274739265442, 0.0]|[0.022173726931214333, 0.026320604607462883, 0.9994075894355774]|[[2827.300073606339, 0.0, 1993.2574097262354], [0.0, 2852.2438974589363, 1443.3722632010733], [0.0, 0.0, 1.0]]
94|94|4|Snook|0.455|0.45089555271717324|4.208030700683594|2038.1075931860448;1454.1138836727619|46|[-0.02520688995718956, -0.09540274739265442, 0.0]|[0.022173726931214333, 0.026320604607462883, 0.9994075894355774]|[[2827.300073606339, 0.0, 1993.2574097262354], [0.0, 2852.2438974589363, 1443.3722632010733], [0.0, 0.0, 1.0]]
94|94|4|Snook|0.455|0.46555362245549126|4.342151641845703|2039.596676244313;1455.819645087541|46|[-0.02520688995718956, -0.09540274739265442, 0.0]|[0.022173726931214333, 0.026320604607462883, 0.9994075894355774]|[[2827.300073606339, 0.0, 1993.2574097262354], [0.0, 2852.2438974589363, 1443.3722632010733], [0.0, 0.0, 1.0]]
94|94|4|Snook|0.455|0.43147625141485785|4.04744291305542|2037.7412378245658;1451.449464882046|46|[-0.02520688995718956, -0.09540274739265442, 0.0]|[0.022173726931214333, 0.026320604607462883, 0.9994075894355774]|[[2827.300073606339, 0.0, 1993.2574097262354], [0.0, 2852.2438974589363, 1443.3722632010733], [0.0, 0.0, 1.0]]
94|94|4|Snook|0.455|0.4386943762300553|4.099353313446045|2038.523969531923;1452.146664309482|46|[-0.02520688995718956, -0.09540274739265442, 0.0]|[0.022173726931214333, 0.026320604607462883, 0.9994075894355774]|[[2827.300073606339, 0.0, 1993.2574097262354], [0.0, 2852.2438974589363, 1443.3722632010733], [0.0, 0.0, 1.0]]
94|94|4|Snook|0.455|0.42769706333375934|3.948821544647217|2036.3273238460492;1450.0492695454868|46|[-0.02520688995718956, -0.09540274739265442, 0.0]|[0.022173726931214333, 0.026320604607462883, 0.9994075894355774]|[[2827.300073606339, 0.0, 1993.2574097262354], [0.0, 2852.2438974589363, 1443.3722632010733], [0.0, 0.0, 1.0]]
94|94|4|Snook|0.455|0.43092850625426715|4.003175258636475|2037.9916737607102;1450.576429062434|46|[-0.02520688995718956, -0.09540274739265442, 0.0]|[0.022173726931214333, 0.026320604607462883, 0.9994075894355774]|[[2827.300073606339, 0.0, 1993.2574097262354], [0.0, 2852.2438974589363, 1443.3722632010733], [0.0, 0.0, 1.0]]
94|94|4|Snook|0.455|0.455636781119357|4.223720550537109|2037.925121107576;1454.4020806070532|46|[-0.02520688995718956, -0.09540274739265442, 0.0]|[0.022173726931214333, 0.026320604607462883, 0.9994075894355774]|[[2827.300073606339, 0.0, 1993.2574097262354], [0.0, 2852.2438974589363, 1443.3722632010733], [0.0, 0.0, 1.0]]
94|94|4|Snook|0.455|0.45310584445618746|4.199879169464111|2037.5424883938053;1454.128930488255|46|[-0.02520688995718956, -0.09540274739265442, 0.0]|[0.022173726931214333, 0.026320604607462883, 0.9994075894355774]|[[2827.300073606339, 0.0, 1993.2574097262354], [0.0, 2852.2438974589363, 1443.3722632010733], [0.0, 0.0, 1.0]]
94|94|4|Snook|0.455|0.4731962799442594|4.404860019683838|2037.593713620489;1457.4132712456342|46|[-0.02520688995718956, -0.09540274739265442, 0.0]|[0.022173726931214333, 0.026320604607462883, 0.9994075894355774]|[[2827.300073606339, 0.0, 1993.2574097262354], [0.0, 2852.2438974589363, 1443.3722632010733], [0.0, 0.0, 1.0]]
94|94|4|Snook|0.455|0.44795776819997146|4.181647300720215|2038.0109955902778;1453.678041019441|46|[-0.02520688995718956, -0.09540274739265442, 0.0]|[0.022173726931214333, 0.026320604607462883, 0.9994075894355774]|[[2827.300073606339, 0.0, 1993.2574097262354], [0.0, 2852.2438974589363, 1443.3722632010733], [0.0, 0.0, 1.0]]
94|94|4|Snook|0.455|0.45104420531128403|4.24155330657959|2038.5513091314237;1454.5192314634858|46|[-0.02520688995718956, -0.09540274739265442, 0.0]|[0.022173726931214333, 0.026320604607462883, 0.9994075894355774]|[[2827.300073606339, 0.0, 1993.2574097262354], [0.0, 2852.2438974589363, 1443.3722632010733], [0.0, 0.0, 1.0]]
94|94|4|Snook|0.455|0.4433687358782978|4.14949893951416|2036.373073000966;1453.672990469937|46|[-0.02520688995718956, -0.09540274739265442, 0.0]|[0.022173726931214333, 0.026320604607462883, 0.9994075894355774]|[[2827.300073606339, 0.0, 1993.2574097262354], [0.0, 2852.2438974589363, 1443.3722632010733], [0.0, 0.0, 1.0]]
94|94|4|Snook|0.455|0.44748777654312294|4.208590507507324|2038.5000000000002;1454|46|[-0.02520688995718956, -0.09540274739265442, 0.0]|[0.022173726931214333, 0.026320604607462883, 0.9994075894355774]|[[2827.300073606339, 0.0, 1993.2574097262354], [0.0, 2852.2438974589363, 1443.3722632010733], [0.0, 0.0, 1.0]]
94|94|4|Snook|0.455|0.4344385502718305|4.09140682220459|2038.4588413754489;1452.038833468173|46|[-0.02520688995718956, -0.09540274739265442, 0.0]|[0.022173726931214333, 0.026320604607462883, 0.9994075894355774]|[[2827.300073606339, 0.0, 1993.2574097262354], [0.0, 2852.2438974589363, 1443.3722632010733], [0.0, 0.0, 1.0]]
94|94|4|Snook|0.455|0.4426009070810797|4.154898643493652|2037.7962446280333;1453.291156306845|46|[-0.02520688995718956, -0.09540274739265442, 0.0]|[0.022173726931214333, 0.026320604607462883, 0.9994075894355774]|[[2827.300073606339, 0.0, 1993.2574097262354], [0.0, 2852.2438974589363, 1443.3722632010733], [0.0, 0.0, 1.0]]
94|94|4|Snook|0.455|0.4320290510264741|4.077434539794922|2037.4762106096257;1452.0638845448811|46|[-0.02520688995718956, -0.09540274739265442, 0.0]|[0.022173726931214333, 0.026320604607462883, 0.9994075894355774]|[[2827.300073606339, 0.0, 1993.2574097262354], [0.0, 2852.2438974589363, 1443.3722632010733], [0.0, 0.0, 1.0]]
94|94|4|Snook|0.455|0.43439151548571475|4.065694332122803|2038.3158748916087;1451.6099340166516|46|[-0.02520688995718956, -0.09540274739265442, 0.0]|[0.022173726931214333, 0.026320604607462883, 0.9994075894355774]|[[2827.300073606339, 0.0, 1993.2574097262354], [0.0, 2852.2438974589363, 1443.3722632010733], [0.0, 0.0, 1.0]]
94|94|4|Snook|0.455|0.43144808583869315|4.10111665725708|2037.4704174685285;1452.4703013471258|46|[-0.02520688995718956, -0.09540274739265442, 0.0]|[0.022173726931214333, 0.026320604607462883, 0.9994075894355774]|[[2827.300073606339, 0.0, 1993.2574097262354], [0.0, 2852.2438974589363, 1443.3722632010733], [0.0, 0.0, 1.0]]
94|94|4|Snook|0.455|0.42709437619376|4.05116081237793|2037.7983622654128;1451.498192405223|46|[-0.02520688995718956, -0.09540274739265442, 0.0]|[0.022173726931214333, 0.026320604607462883, 0.9994075894355774]|[[2827.300073606339, 0.0, 1993.2574097262354], [0.0, 2852.2438974589363, 1443.3722632010733], [0.0, 0.0, 1.0]]
94|94|4|Snook|0.455|0.4313529647646021|4.080996513366699|2037.9331027602827;1451.981494751021|46|[-0.02520688995718956, -0.09540274739265442, 0.0]|[0.022173726931214333, 0.026320604607462883, 0.9994075894355774]|[[2827.300073606339, 0.0, 1993.2574097262354], [0.0, 2852.2438974589363, 1443.3722632010733], [0.0, 0.0, 1.0]]
94|94|4|Snook|0.455|0.43314556021654005|4.083240985870361|2039.7085568084199;1451.556089496763|46|[-0.02520688995718956, -0.09540274739265442, 0.0]|[0.022173726931214333, 0.026320604607462883, 0.9994075894355774]|[[2827.300073606339, 0.0, 1993.2574097262354], [0.0, 2852.2438974589363, 1443.3722632010733], [0.0, 0.0, 1.0]]
94|94|4|Snook|0.455|0.44162781959004327|4.153621196746826|2038.8559576127723;1452.970671665685|46|[-0.02520688995718956, -0.09540274739265442, 0.0]|[0.022173726931214333, 0.026320604607462883, 0.9994075894355774]|[[2827.300073606339, 0.0, 1993.2574097262354], [0.0, 2852.2438974589363, 1443.3722632010733], [0.0, 0.0, 1.0]]
94|94|4|Snook|0.455|0.445230812513981|4.231028079986572|2039.5258141587456;1454.0823189056798|46|[-0.02520688995718956, -0.09540274739265442, 0.0]|[0.022173726931214333, 0.026320604607462883, 0.9994075894355774]|[[2827.300073606339, 0.0, 1993.2574097262354], [0.0, 2852.2438974589363, 1443.3722632010733], [0.0, 0.0, 1.0]]
94|94|4|Snook|0.455|0.45493579857282146|4.28010368347168|2038.1222740941541;1455.2774562999189|46|[-0.02520688995718956, -0.09540274739265442, 0.0]|[0.022173726931214333, 0.026320604607462883, 0.9994075894355774]|[[2827.300073606339, 0.0, 1993.2574097262354], [0.0, 2852.2438974589363, 1443.3722632010733], [0.0, 0.0, 1.0]]
94|94|4|Snook|0.455|0.44498275447645713|4.1836347579956055|2037.866490691583;1453.773104447657|46|[-0.02520688995718956, -0.09540274739265442, 0.0]|[0.022173726931214333, 0.026320604607462883, 0.9994075894355774]|[[2827.300073606339, 0.0, 1993.2574097262354], [0.0, 2852.2438974589363, 1443.3722632010733], [0.0, 0.0, 1.0]]
94|94|4|Snook|0.455|0.47608703367857125|4.489465236663818|2038.5441941074523;1458.3431542461005|46|[-0.02520688995718956, -0.09540274739265442, 0.0]|[0.022173726931214333, 0.026320604607462883, 0.9994075894355774]|[[2827.300073606339, 0.0, 1993.2574097262354], [0.0, 2852.2438974589363, 1443.3722632010733], [0.0, 0.0, 1.0]]
94|94|4|Snook|0.455|0.4363504267986075|4.105878829956055|2038.0109955902778;1452.4048701058343|46|[-0.02520688995718956, -0.09540274739265442, 0.0]|[0.022173726931214333, 0.026320604607462883, 0.9994075894355774]|[[2827.300073606339, 0.0, 1993.2574097262354], [0.0, 2852.2438974589363, 1443.3722632010733], [0.0, 0.0, 1.0]]
94|94|4|Snook|0.455|0.4326983497858262|4.162622451782227|2037.2805824624136;1453.5805544412576|46|[-0.02520688995718956, -0.09540274739265442, 0.0]|[0.022173726931214333, 0.026320604607462883, 0.9994075894355774]|[[2827.300073606339, 0.0, 1993.2574097262354], [0.0, 2852.2438974589363, 1443.3722632010733], [0.0, 0.0, 1.0]]
94|94|4|Snook|0.455|0.4394237710248569|4.212908744812012|2038.0314985627194;1454.2043264631027|46|[-0.02520688995718956, -0.09540274739265442, 0.0]|[0.022173726931214333, 0.026320604607462883, 0.9994075894355774]|[[2827.300073606339, 0.0, 1993.2574097262354], [0.0, 2852.2438974589363, 1443.3722632010733], [0.0, 0.0, 1.0]]
94|94|4|Snook|0.455|0.4318238323477543|4.158112525939941|2038.3622295917155;1453.1897943841298|46|[-0.02520688995718956, -0.09540274739265442, 0.0]|[0.022173726931214333, 0.026320604607462883, 0.9994075894355774]|[[2827.300073606339, 0.0, 1993.2574097262354], [0.0, 2852.2438974589363, 1443.3722632010733], [0.0, 0.0, 1.0]]
94|94|4|Snook|0.455|0.42941683107620954|4.113341808319092|2038.0318803122516;1452.5199752147275|46|[-0.02520688995718956, -0.09540274739265442, 0.0]|[0.022173726931214333, 0.026320604607462883, 0.9994075894355774]|[[2827.300073606339, 0.0, 1993.2574097262354], [0.0, 2852.2438974589363, 1443.3722632010733], [0.0, 0.0, 1.0]]
94|94|4|Snook|0.455|0.4368026300788618|4.171910762786865|2037.7004918557784;1453.6103027387192|46|[-0.02520688995718956, -0.09540274739265442, 0.0]|[0.022173726931214333, 0.026320604607462883, 0.9994075894355774]|[[2827.300073606339, 0.0, 1993.2574097262354], [0.0, 2852.2438974589363, 1443.3722632010733], [0.0, 0.0, 1.0]]
94|94|4|Snook|0.455|0.43404351895468724|4.164511680603027|2037.7379551838712;1453.4713845426847|46|[-0.02520688995718956, -0.09540274739265442, 0.0]|[0.022173726931214333, 0.026320604607462883, 0.9994075894355774]|[[2827.300073606339, 0.0, 1993.2574097262354], [0.0, 2852.2438974589363, 1443.3722632010733], [0.0, 0.0, 1.0]]
94|94|4|Snook|0.455|0.4347296886481389|4.146412372589111|2038.2112273831247;1453.0275736367905|46|[-0.02520688995718956, -0.09540274739265442, 0.0]|[0.022173726931214333, 0.026320604607462883, 0.9994075894355774]|[[2827.300073606339, 0.0, 1993.2574097262354], [0.0, 2852.2438974589363, 1443.3722632010733], [0.0, 0.0, 1.0]]
94|94|4|Snook|0.455|0.4291528330409608|4.102272987365723|2038.2214770253547;1452.2645537394394|46|[-0.02520688995718956, -0.09540274739265442, 0.0]|[0.022173726931214333, 0.026320604607462883, 0.9994075894355774]|[[2827.300073606339, 0.0, 1993.2574097262354], [0.0, 2852.2438974589363, 1443.3722632010733], [0.0, 0.0, 1.0]]
94|94|4|Snook|0.455|0.44114651807319577|4.190099716186523|2037.8287058339588;1453.8850269349432|46|[-0.02520688995718956, -0.09540274739265442, 0.0]|[0.022173726931214333, 0.026320604607462883, 0.9994075894355774]|[[2827.300073606339, 0.0, 1993.2574097262354], [0.0, 2852.2438974589363, 1443.3722632010733], [0.0, 0.0, 1.0]]
94|94|4|Snook|0.455|0.4291070243154897|4.084869861602783|2037.1711843865385;1452.2629145607689|46|[-0.02520688995718956, -0.09540274739265442, 0.0]|[0.022173726931214333, 0.026320604607462883, 0.9994075894355774]|[[2827.300073606339, 0.0, 1993.2574097262354], [0.0, 2852.2438974589363, 1443.3722632010733], [0.0, 0.0, 1.0]]
94|94|4|Snook|0.455|0.43489598337317625|4.163888931274414|2037.7558911869012;1453.4622874312593|46|[-0.02520688995718956, -0.09540274739265442, 0.0]|[0.022173726931214333, 0.026320604607462883, 0.9994075894355774]|[[2827.300073606339, 0.0, 1993.2574097262354], [0.0, 2852.2438974589363, 1443.3722632010733], [0.0, 0.0, 1.0]]
94|94|4|Snook|0.455|0.43252780910053706|4.110167026519775|2037.2040000735044;1452.7075152076948|46|[-0.02520688995718956, -0.09540274739265442, 0.0]|[0.022173726931214333, 0.026320604607462883, 0.9994075894355774]|[[2827.300073606339, 0.0, 1993.2574097262354], [0.0, 2852.2438974589363, 1443.3722632010733], [0.0, 0.0, 1.0]]
94|94|4|Snook|0.455|0.42752970820763514|4.0433478355407715|2037.6598521261951;1451.385165990139|46|[-0.02520688995718956, -0.09540274739265442, 0.0]|[0.022173726931214333, 0.026320604607462883, 0.9994075894355774]|[[2827.300073606339, 0.0, 1993.2574097262354], [0.0, 2852.2438974589363, 1443.3722632010733], [0.0, 0.0, 1.0]]
94|94|4|Snook|0.455|0.4286139677814375|4.093465328216553|2037.6948892622254;1452.2799404310852|46|[-0.02520688995718956, -0.09540274739265442, 0.0]|[0.022173726931214333, 0.026320604607462883, 0.9994075894355774]|[[2827.300073606339, 0.0, 1993.2574097262354], [0.0, 2852.2438974589363, 1443.3722632010733], [0.0, 0.0, 1.0]]
94|94|4|Snook|0.455|0.4326387364050723|4.103642463684082|2038.173142167827;1452.3269935430133|46|[-0.02520688995718956, -0.09540274739265442, 0.0]|[0.022173726931214333, 0.026320604607462883, 0.9994075894355774]|[[2827.300073606339, 0.0, 1993.2574097262354], [0.0, 2852.2438974589363, 1443.3722632010733], [0.0, 0.0, 1.0]]
94|94|4|Snook|0.455|0.43011355875298535|4.0916218757629395|2037.763855552118;1452.205890777632|46|[-0.02520688995718956, -0.09540274739265442, 0.0]|[0.022173726931214333, 0.026320604607462883, 0.9994075894355774]|[[2827.300073606339, 0.0, 1993.2574097262354], [0.0, 2852.2438974589363, 1443.3722632010733], [0.0, 0.0, 1.0]]
94|94|4|Snook|0.455|0.42595324465900886|4.093191146850586|2037.5090039875108;1452.3051047845502|46|[-0.02520688995718956, -0.09540274739265442, 0.0]|[0.022173726931214333, 0.026320604607462883, 0.9994075894355774]|[[2827.300073606339, 0.0, 1993.2574097262354], [0.0, 2852.2438974589363, 1443.3722632010733], [0.0, 0.0, 1.0]]
94|94|4|Snook|0.455|0.43498518429774746|4.1617817878723145|2037.3955437937493;1453.5342845349653|46|[-0.02520688995718956, -0.09540274739265442, 0.0]|[0.022173726931214333, 0.026320604607462883, 0.9994075894355774]|[[2827.300073606339, 0.0, 1993.2574097262354], [0.0, 2852.2438974589363, 1443.3722632010733], [0.0, 0.0, 1.0]]
94|94|4|Snook|0.455|0.4235794107701947|4.157219886779785|2037.0961411985215;1453.5425071896498|46|[-0.02520688995718956, -0.09540274739265442, 0.0]|[0.022173726931214333, 0.026320604607462883, 0.9994075894355774]|[[2827.300073606339, 0.0, 1993.2574097262354], [0.0, 2852.2438974589363, 1443.3722632010733], [0.0, 0.0, 1.0]]
94|94|4|Snook|0.455|0.4267243506540835|4.194200038909912|2037.6970870592365;1453.986688513649|46|[-0.02520688995718956, -0.09540274739265442, 0.0]|[0.022173726931214333, 0.026320604607462883, 0.9994075894355774]|[[2827.300073606339, 0.0, 1993.2574097262354], [0.0, 2852.2438974589363, 1443.3722632010733], [0.0, 0.0, 1.0]]
94|94|4|Snook|0.455|0.4205838028464825|4.142379283905029|2038.1532735346714;1452.9783195180185|46|[-0.02520688995718956, -0.09540274739265442, 0.0]|[0.022173726931214333, 0.026320604607462883, 0.9994075894355774]|[[2827.300073606339, 0.0, 1993.2574097262354], [0.0, 2852.2438974589363, 1443.3722632010733], [0.0, 0.0, 1.0]]
94|94|4|Snook|0.455|0.42580037515196534|4.128600597381592|2038.2821026519055;1452.7062843491838|46|[-0.02520688995718956, -0.09540274739265442, 0.0]|[0.022173726931214333, 0.026320604607462883, 0.9994075894355774]|[[2827.300073606339, 0.0, 1993.2574097262354], [0.0, 2852.2438974589363, 1443.3722632010733], [0.0, 0.0, 1.0]]
94|94|4|Snook|0.455|0.41554081493893513|4.085162162780762|2035.938682292099;1452.6886440619612|46|[-0.02520688995718956, -0.09540274739265442, 0.0]|[0.022173726931214333, 0.026320604607462883, 0.9994075894355774]|[[2827.300073606339, 0.0, 1993.2574097262354], [0.0, 2852.2438974589363, 1443.3722632010733], [0.0, 0.0, 1.0]]
94|94|4|Snook|0.455|0.42525293845487394|4.142632961273193|2037.4124600847856;1453.2159118229322|46|[-0.02520688995718956, -0.09540274739265442, 0.0]|[0.022173726931214333, 0.026320604607462883, 0.9994075894355774]|[[2827.300073606339, 0.0, 1993.2574097262354], [0.0, 2852.2438974589363, 1443.3722632010733], [0.0, 0.0, 1.0]]
94|94|4|Snook|0.455|0.4128543914781775|3.9918649196624756|2037.8558997476894;1450.4049802419838|46|[-0.02520688995718956, -0.09540274739265442, 0.0]|[0.022173726931214333, 0.026320604607462883, 0.9994075894355774]|[[2827.300073606339, 0.0, 1993.2574097262354], [0.0, 2852.2438974589363, 1443.3722632010733], [0.0, 0.0, 1.0]]
94|94|4|Snook|0.455|0.4160271973300035|4.053279399871826|2038.2272780423773;1451.4040401614993|46|[-0.02520688995718956, -0.09540274739265442, 0.0]|[0.022173726931214333, 0.026320604607462883, 0.9994075894355774]|[[2827.300073606339, 0.0, 1993.2574097262354], [0.0, 2852.2438974589363, 1443.3722632010733], [0.0, 0.0, 1.0]]
94|94|4|Snook|0.455|0.4279507396747346|4.169559478759766|2037.7557572131268;1453.5605887497813|46|[-0.02520688995718956, -0.09540274739265442, 0.0]|[0.022173726931214333, 0.026320604607462883, 0.9994075894355774]|[[2827.300073606339, 0.0, 1993.2574097262354], [0.0, 2852.2438974589363, 1443.3722632010733], [0.0, 0.0, 1.0]]
94|94|4|Snook|0.455|0.4331473082006826|4.197574615478516|2037.4800466725035;1454.108672604442|46|[-0.02520688995718956, -0.09540274739265442, 0.0]|[0.022173726931214333, 0.026320604607462883, 0.9994075894355774]|[[2827.300073606339, 0.0, 1993.2574097262354], [0.0, 2852.2438974589363, 1443.3722632010733], [0.0, 0.0, 1.0]]
94|94|4|Snook|0.455|0.4350471885336959|4.236799240112305|2037.4117168911882;1454.794257675808|46|[-0.02520688995718956, -0.09540274739265442, 0.0]|[0.022173726931214333, 0.026320604607462883, 0.9994075894355774]|[[2827.300073606339, 0.0, 1993.2574097262354], [0.0, 2852.2438974589363, 1443.3722632010733], [0.0, 0.0, 1.0]]
94|94|4|Snook|0.455|0.4186750559701465|4.070292949676514|2037.3351462785754;1451.9650638418384|46|[-0.02520688995718956, -0.09540274739265442, 0.0]|[0.022173726931214333, 0.026320604607462883, 0.9994075894355774]|[[2827.300073606339, 0.0, 1993.2574097262354], [0.0, 2852.2438974589363, 1443.3722632010733], [0.0, 0.0, 1.0]]
94|94|4|Snook|0.455|0.42948731735228207|4.197941303253174|2037.7308553301168;1454.0656650505587|46|[-0.02520688995718956, -0.09540274739265442, 0.0]|[0.022173726931214333, 0.026320604607462883, 0.9994075894355774]|[[2827.300073606339, 0.0, 1993.2574097262354], [0.0, 2852.2438974589363, 1443.3722632010733], [0.0, 0.0, 1.0]]
94|94|4|Snook|0.455|0.4313122905627603|4.187369346618652|2037.612065843167;1453.8984795128551|46|[-0.02520688995718956, -0.09540274739265442, 0.0]|[0.022173726931214333, 0.026320604607462883, 0.9994075894355774]|[[2827.300073606339, 0.0, 1993.2574097262354], [0.0, 2852.2438974589363, 1443.3722632010733], [0.0, 0.0, 1.0]]
94|94|4|Snook|0.455|0.4383940380108954|4.218300819396973|2037.3791176171796;1454.5007191857899|46|[-0.02520688995718956, -0.09540274739265442, 0.0]|[0.022173726931214333, 0.026320604607462883, 0.9994075894355774]|[[2827.300073606339, 0.0, 1993.2574097262354], [0.0, 2852.2438974589363, 1443.3722632010733], [0.0, 0.0, 1.0]]
94|94|4|Snook|0.455|0.43120973397069795|4.187896728515625|2038.4491342278452;1453.666381711419|46|[-0.02520688995718956, -0.09540274739265442, 0.0]|[0.022173726931214333, 0.026320604607462883, 0.9994075894355774]|[[2827.300073606339, 0.0, 1993.2574097262354], [0.0, 2852.2438974589363, 1443.3722632010733], [0.0, 0.0, 1.0]]
94|94|4|Snook|0.455|0.4299886240473717|4.1989617347717285|2037.1079124781036;1454.2599915544586|46|[-0.02520688995718956, -0.09540274739265442, 0.0]|[0.022173726931214333, 0.026320604607462883, 0.9994075894355774]|[[2827.300073606339, 0.0, 1993.2574097262354], [0.0, 2852.2438974589363, 1443.3722632010733], [0.0, 0.0, 1.0]]
94|94|4|Snook|0.455|0.41987835368436455|4.076471328735352|2037.8264599591619;1451.9436004397621|46|[-0.02520688995718956, -0.09540274739265442, 0.0]|[0.022173726931214333, 0.026320604607462883, 0.9994075894355774]|[[2827.300073606339, 0.0, 1993.2574097262354], [0.0, 2852.2438974589363, 1443.3722632010733], [0.0, 0.0, 1.0]]
94|94|4|Snook|0.455|0.42626077562330456|4.1510772705078125|2037.0228213679786;1453.4730124764033|46|[-0.02520688995718956, -0.09540274739265442, 0.0]|[0.022173726931214333, 0.026320604607462883, 0.9994075894355774]|[[2827.300073606339, 0.0, 1993.2574097262354], [0.0, 2852.2438974589363, 1443.3722632010733], [0.0, 0.0, 1.0]]
94|94|4|Snook|0.455|0.42723648720057755|4.158163547515869|2037.7499419162016;1453.3670711498617|46|[-0.02520688995718956, -0.09540274739265442, 0.0]|[0.022173726931214333, 0.026320604607462883, 0.9994075894355774]|[[2827.300073606339, 0.0, 1993.2574097262354], [0.0, 2852.2438974589363, 1443.3722632010733], [0.0, 0.0, 1.0]]
94|94|4|Snook|0.455|0.40413248707798644|4.082656383514404|2037.818857500185;1452.0558093388142|46|[-0.02520688995718956, -0.09540274739265442, 0.0]|[0.022173726931214333, 0.026320604607462883, 0.9994075894355774]|[[2827.300073606339, 0.0, 1993.2574097262354], [0.0, 2852.2438974589363, 1443.3722632010733], [0.0, 0.0, 1.0]]
94|94|4|Snook|0.455|0.41300699398271135|4.112331390380859|2036.5900751376228;1452.9366294621163|46|[-0.02520688995718956, -0.09540274739265442, 0.0]|[0.022173726931214333, 0.026320604607462883, 0.9994075894355774]|[[2827.300073606339, 0.0, 1993.2574097262354], [0.0, 2852.2438974589363, 1443.3722632010733], [0.0, 0.0, 1.0]]
94|94|4|Snook|0.455|0.4063377877663501|4.132556438446045|2037.5318522454193;1453.0010440723486|46|[-0.02520688995718956, -0.09540274739265442, 0.0]|[0.022173726931214333, 0.026320604607462883, 0.9994075894355774]|[[2827.300073606339, 0.0, 1993.2574097262354], [0.0, 2852.2438974589363, 1443.3722632010733], [0.0, 0.0, 1.0]]
94|94|4|Snook|0.455|0.4137179772188367|4.18350887298584|2037.0340400711045;1454.0270722979396|46|[-0.02520688995718956, -0.09540274739265442, 0.0]|[0.022173726931214333, 0.026320604607462883, 0.9994075894355774]|[[2827.300073606339, 0.0, 1993.2574097262354], [0.0, 2852.2438974589363, 1443.3722632010733], [0.0, 0.0, 1.0]]
94|94|4|Snook|0.455|0.4084043524707899|4.090412139892578|2037.7983622654128;1452.1886421925321|46|[-0.02520688995718956, -0.09540274739265442, 0.0]|[0.022173726931214333, 0.026320604607462883, 0.9994075894355774]|[[2827.300073606339, 0.0, 1993.2574097262354], [0.0, 2852.2438974589363, 1443.3722632010733], [0.0, 0.0, 1.0]]
94|94|4|Snook|0.455|0.404117210764053|4.102107048034668|2037.519298174828;1452.4839846302293|46|[-0.02520688995718956, -0.09540274739265442, 0.0]|[0.022173726931214333, 0.026320604607462883, 0.9994075894355774]|[[2827.300073606339, 0.0, 1993.2574097262354], [0.0, 2852.2438974589363, 1443.3722632010733], [0.0, 0.0, 1.0]]
94|94|4|Snook|0.455|0.4193118328076417|4.222675323486328|2037.5188368058994;1454.527594840409|46|[-0.02520688995718956, -0.09540274739265442, 0.0]|[0.022173726931214333, 0.026320604607462883, 0.9994075894355774]|[[2827.300073606339, 0.0, 1993.2574097262354], [0.0, 2852.2438974589363, 1443.3722632010733], [0.0, 0.0, 1.0]]
94|94|4|Snook|0.455|0.41893887747383857|4.208265781402588|2036.986769599394;1454.469137509451|46|[-0.02520688995718956, -0.09540274739265442, 0.0]|[0.022173726931214333, 0.026320604607462883, 0.9994075894355774]|[[2827.300073606339, 0.0, 1993.2574097262354], [0.0, 2852.2438974589363, 1443.3722632010733], [0.0, 0.0, 1.0]]
94|94|4|Snook|0.455|0.40036907560309537|4.0644378662109375|2037.707729712173;1451.7653355262132|46|[-0.02520688995718956, -0.09540274739265442, 0.0]|[0.022173726931214333, 0.026320604607462883, 0.9994075894355774]|[[2827.300073606339, 0.0, 1993.2574097262354], [0.0, 2852.2438974589363, 1443.3722632010733], [0.0, 0.0, 1.0]]
94|94|4|Snook|0.455|0.41343568836790323|4.122957229614258|2036.135005959623;1453.287085035978|46|[-0.02520688995718956, -0.09540274739265442, 0.0]|[0.022173726931214333, 0.026320604607462883, 0.9994075894355774]|[[2827.300073606339, 0.0, 1993.2574097262354], [0.0, 2852.2438974589363, 1443.3722632010733], [0.0, 0.0, 1.0]]
94|94|4|Snook|0.455|0.4042880347615058|4.079293727874756|2037.5103296291406;1452.0948560964225|46|[-0.02520688995718956, -0.09540274739265442, 0.0]|[0.022173726931214333, 0.026320604607462883, 0.9994075894355774]|[[2827.300073606339, 0.0, 1993.2574097262354], [0.0, 2852.2438974589363, 1443.3722632010733], [0.0, 0.0, 1.0]]
94|94|4|Snook|0.455|0.40452878292053435|4.107290267944336|2036.2103664893914;1452.9779886770943|46|[-0.02520688995718956, -0.09540274739265442, 0.0]|[0.022173726931214333, 0.026320604607462883, 0.9994075894355774]|[[2827.300073606339, 0.0, 1993.2574097262354], [0.0, 2852.2438974589363, 1443.3722632010733], [0.0, 0.0, 1.0]]
94|94|4|Snook|0.455|0.4160662562850392|4.209869384765625|2037.509752990566;1454.3183751911547|46|[-0.02520688995718956, -0.09540274739265442, 0.0]|[0.022173726931214333, 0.026320604607462883, 0.9994075894355774]|[[2827.300073606339, 0.0, 1993.2574097262354], [0.0, 2852.2438974589363, 1443.3722632010733], [0.0, 0.0, 1.0]]
94|94|4|Snook|0.455|0.40249244071599216|4.044185161590576|2036.7478647502908;1451.6856605113405|46|[-0.02520688995718956, -0.09540274739265442, 0.0]|[0.022173726931214333, 0.026320604607462883, 0.9994075894355774]|[[2827.300073606339, 0.0, 1993.2574097262354], [0.0, 2852.2438974589363, 1443.3722632010733], [0.0, 0.0, 1.0]]
94|94|4|Snook|0.455|0.4050727859397817|4.107161998748779|2038.6284325072127;1452.232704396459|46|[-0.02520688995718956, -0.09540274739265442, 0.0]|[0.022173726931214333, 0.026320604607462883, 0.9994075894355774]|[[2827.300073606339, 0.0, 1993.2574097262354], [0.0, 2852.2438974589363, 1443.3722632010733], [0.0, 0.0, 1.0]]
94|94|4|Snook|0.455|0.39853787659524786|4.027723789215088|2036.6814658892479;1451.4141415577926|46|[-0.02520688995718956, -0.09540274739265442, 0.0]|[0.022173726931214333, 0.026320604607462883, 0.9994075894355774]|[[2827.300073606339, 0.0, 1993.2574097262354], [0.0, 2852.2438974589363, 1443.3722632010733], [0.0, 0.0, 1.0]]
94|94|4|Snook|0.455|0.41215828911976843|4.157374382019043|2037.5471363988559;1453.4197175289778|46|[-0.02520688995718956, -0.09540274739265442, 0.0]|[0.022173726931214333, 0.026320604607462883, 0.9994075894355774]|[[2827.300073606339, 0.0, 1993.2574097262354], [0.0, 2852.2438974589363, 1443.3722632010733], [0.0, 0.0, 1.0]]
94|94|4|Snook|0.455|0.40663508732668613|4.152163982391357|2039.6724961462035;1452.762551838761|46|[-0.02520688995718956, -0.09540274739265442, 0.0]|[0.022173726931214333, 0.026320604607462883, 0.9994075894355774]|[[2827.300073606339, 0.0, 1993.2574097262354], [0.0, 2852.2438974589363, 1443.3722632010733], [0.0, 0.0, 1.0]]
94|94|4|Snook|0.455|0.40171934235015505|4.0579705238342285|2037.1965300323498;1451.7842039676057|46|[-0.02520688995718956, -0.09540274739265442, 0.0]|[0.022173726931214333, 0.026320604607462883, 0.9994075894355774]|[[2827.300073606339, 0.0, 1993.2574097262354], [0.0, 2852.2438974589363, 1443.3722632010733], [0.0, 0.0, 1.0]]
94|94|4|Snook|0.455|0.4082372975673118|4.1225457191467285|2037.4163721451564;1452.8493168583807|46|[-0.02520688995718956, -0.09540274739265442, 0.0]|[0.022173726931214333, 0.026320604607462883, 0.9994075894355774]|[[2827.300073606339, 0.0, 1993.2574097262354], [0.0, 2852.2438974589363, 1443.3722632010733], [0.0, 0.0, 1.0]]
94|94|4|Snook|0.455|0.5302785098707129|4.765917778015137|2037.8378378378377;1462.4483306836248|46|[-0.02520688995718956, -0.09540274739265442, 0.0]|[0.022173726931214333, 0.026320604607462883, 0.9994075894355774]|[[2827.300073606339, 0.0, 1993.2574097262354], [0.0, 2852.2438974589363, 1443.3722632010733], [0.0, 0.0, 1.0]]
94|94|4|Snook|0.455|0.39955131196402494|4.128203392028809|2035.0365631161767;1453.799691696253|46|[-0.02520688995718956, -0.09540274739265442, 0.0]|[0.022173726931214333, 0.026320604607462883, 0.9994075894355774]|[[2827.300073606339, 0.0, 1993.2574097262354], [0.0, 2852.2438974589363, 1443.3722632010733], [0.0, 0.0, 1.0]]
94|94|4|Snook|0.455|0.40617069459706295|4.192406177520752|2037.6306467103634;1453.98939824661|46|[-0.02520688995718956, -0.09540274739265442, 0.0]|[0.022173726931214333, 0.026320604607462883, 0.9994075894355774]|[[2827.300073606339, 0.0, 1993.2574097262354], [0.0, 2852.2438974589363, 1443.3722632010733], [0.0, 0.0, 1.0]]
94|94|4|Snook|0.455|0.39900177350509564|4.13010311126709|2038.074600478131;1452.809723260801|46|[-0.02520688995718956, -0.09540274739265442, 0.0]|[0.022173726931214333, 0.026320604607462883, 0.9994075894355774]|[[2827.300073606339, 0.0, 1993.2574097262354], [0.0, 2852.2438974589363, 1443.3722632010733], [0.0, 0.0, 1.0]]
94|94|4|Snook|0.455|0.3923622271252332|4.088531017303467|2036.7774075806226;1452.4646379188207|46|[-0.02520688995718956, -0.09540274739265442, 0.0]|[0.022173726931214333, 0.026320604607462883, 0.9994075894355774]|[[2827.300073606339, 0.0, 1993.2574097262354], [0.0, 2852.2438974589363, 1443.3722632010733], [0.0, 0.0, 1.0]]
94|94|4|Snook|0.455|0.40016875978824284|4.101394176483154|2037.5093282993446;1452.4698519432761|46|[-0.02520688995718956, -0.09540274739265442, 0.0]|[0.022173726931214333, 0.026320604607462883, 0.9994075894355774]|[[2827.300073606339, 0.0, 1993.2574097262354], [0.0, 2852.2438974589363, 1443.3722632010733], [0.0, 0.0, 1.0]]
94|94|4|Snook|0.455|0.409981262341339|4.221085548400879|2037.6147712244958;1454.452580366309|46|[-0.02520688995718956, -0.09540274739265442, 0.0]|[0.022173726931214333, 0.026320604607462883, 0.9994075894355774]|[[2827.300073606339, 0.0, 1993.2574097262354], [0.0, 2852.2438974589363, 1443.3722632010733], [0.0, 0.0, 1.0]]
94|94|4|Snook|0.455|0.3920319141669215|4.051303863525391|2037.535337319909;1451.565765689828|46|[-0.02520688995718956, -0.09540274739265442, 0.0]|[0.022173726931214333, 0.026320604607462883, 0.9994075894355774]|[[2827.300073606339, 0.0, 1993.2574097262354], [0.0, 2852.2438974589363, 1443.3722632010733], [0.0, 0.0, 1.0]]
94|94|4|Snook|0.455|0.4106889549582882|4.179083824157715|2037.5312594298973;1453.789111939434|46|[-0.02520688995718956, -0.09540274739265442, 0.0]|[0.022173726931214333, 0.026320604607462883, 0.9994075894355774]|[[2827.300073606339, 0.0, 1993.2574097262354], [0.0, 2852.2438974589363, 1443.3722632010733], [0.0, 0.0, 1.0]]
94|94|4|Snook|0.455|0.4024300037778484|4.094642639160156|2037.298406784899;1452.3945803024585|46|[-0.02520688995718956, -0.09540274739265442, 0.0]|[0.022173726931214333, 0.026320604607462883, 0.9994075894355774]|[[2827.300073606339, 0.0, 1993.2574097262354], [0.0, 2852.2438974589363, 1443.3722632010733], [0.0, 0.0, 1.0]]
94|94|4|Snook|0.455|0.4051880659312819|4.155534744262695|2036.8728579553872;1453.6008791458892|46|[-0.02520688995718956, -0.09540274739265442, 0.0]|[0.022173726931214333, 0.026320604607462883, 0.9994075894355774]|[[2827.300073606339, 0.0, 1993.2574097262354], [0.0, 2852.2438974589363, 1443.3722632010733], [0.0, 0.0, 1.0]]
94|94|4|Snook|0.455|0.4030488137771807|4.171226978302002|2037.332151745344;1453.72010223415|46|[-0.02520688995718956, -0.09540274739265442, 0.0]|[0.022173726931214333, 0.026320604607462883, 0.9994075894355774]|[[2827.300073606339, 0.0, 1993.2574097262354], [0.0, 2852.2438974589363, 1443.3722632010733], [0.0, 0.0, 1.0]]
94|94|4|Snook|0.455|0.3986151807972122|4.144980430603027|2037.601252923858;1453.1850322656987|46|[-0.02520688995718956, -0.09540274739265442, 0.0]|[0.022173726931214333, 0.026320604607462883, 0.9994075894355774]|[[2827.300073606339, 0.0, 1993.2574097262354], [0.0, 2852.2438974589363, 1443.3722632010733], [0.0, 0.0, 1.0]]
94|94|4|Snook|0.455|0.4059034566250858|4.19321870803833|2039.0514621968312;1453.5968537187966|46|[-0.02520688995718956, -0.09540274739265442, 0.0]|[0.022173726931214333, 0.026320604607462883, 0.9994075894355774]|[[2827.300073606339, 0.0, 1993.2574097262354], [0.0, 2852.2438974589363, 1443.3722632010733], [0.0, 0.0, 1.0]]
94|94|4|Snook|0.455|0.4000231124937292|4.159962177276611|2037.4837685779576;1453.4818912100402|46|[-0.02520688995718956, -0.09540274739265442, 0.0]|[0.022173726931214333, 0.026320604607462883, 0.9994075894355774]|[[2827.300073606339, 0.0, 1993.2574097262354], [0.0, 2852.2438974589363, 1443.3722632010733], [0.0, 0.0, 1.0]]
94|94|4|Snook|0.455|0.39551158348152726|4.061673641204834|2036.4342994795118;1452.095990364343|46|[-0.02520688995718956, -0.09540274739265442, 0.0]|[0.022173726931214333, 0.026320604607462883, 0.9994075894355774]|[[2827.300073606339, 0.0, 1993.2574097262354], [0.0, 2852.2438974589363, 1443.3722632010733], [0.0, 0.0, 1.0]]
94|94|4|Snook|0.455|0.4090349647116999|4.196115970611572|2037.7652862403806;1454.0117670666043|46|[-0.02520688995718956, -0.09540274739265442, 0.0]|[0.022173726931214333, 0.026320604607462883, 0.9994075894355774]|[[2827.300073606339, 0.0, 1993.2574097262354], [0.0, 2852.2438974589363, 1443.3722632010733], [0.0, 0.0, 1.0]]
94|94|4|Snook|0.455|0.4059671383860118|4.2088141441345215|2037.4269144669881;1454.312592108915|46|[-0.02520688995718956, -0.09540274739265442, 0.0]|[0.022173726931214333, 0.026320604607462883, 0.9994075894355774]|[[2827.300073606339, 0.0, 1993.2574097262354], [0.0, 2852.2438974589363, 1443.3722632010733], [0.0, 0.0, 1.0]]
94|94|4|Snook|0.455|0.39986396173565214|4.098006725311279|2038.0633931901582;1452.2489839685002|46|[-0.02520688995718956, -0.09540274739265442, 0.0]|[0.022173726931214333, 0.026320604607462883, 0.9994075894355774]|[[2827.300073606339, 0.0, 1993.2574097262354], [0.0, 2852.2438974589363, 1443.3722632010733], [0.0, 0.0, 1.0]]
94|94|4|Snook|0.455|0.3966883520842978|4.077571868896484|2036.9436199512143;1452.232704396459|46|[-0.02520688995718956, -0.09540274739265442, 0.0]|[0.022173726931214333, 0.026320604607462883, 0.9994075894355774]|[[2827.300073606339, 0.0, 1993.2574097262354], [0.0, 2852.2438974589363, 1443.3722632010733], [0.0, 0.0, 1.0]]
94|94|4|Snook|0.455|0.39899932680520084|4.105736255645752|2036.5083947258393;1452.8668697750916|46|[-0.02520688995718956, -0.09540274739265442, 0.0]|[0.022173726931214333, 0.026320604607462883, 0.9994075894355774]|[[2827.300073606339, 0.0, 1993.2574097262354], [0.0, 2852.2438974589363, 1443.3722632010733], [0.0, 0.0, 1.0]]
94|94|4|Snook|0.455|0.39751210243627816|4.091438293457031|2036.7279468777392;1452.5439876856756|46|[-0.02520688995718956, -0.09540274739265442, 0.0]|[0.022173726931214333, 0.026320604607462883, 0.9994075894355774]|[[2827.300073606339, 0.0, 1993.2574097262354], [0.0, 2852.2438974589363, 1443.3722632010733], [0.0, 0.0, 1.0]]
94|94|4|Snook|0.455|0.40211541831265907|4.133235931396484|2037.1173664449525;1453.1296353526473|46|[-0.02520688995718956, -0.09540274739265442, 0.0]|[0.022173726931214333, 0.026320604607462883, 0.9994075894355774]|[[2827.300073606339, 0.0, 1993.2574097262354], [0.0, 2852.2438974589363, 1443.3722632010733], [0.0, 0.0, 1.0]]
94|94|4|Snook|0.455|0.3842988361601961|4.00204610824585|2036.5305655118607;1450.9725617239772|46|[-0.02520688995718956, -0.09540274739265442, 0.0]|[0.022173726931214333, 0.026320604607462883, 0.9994075894355774]|[[2827.300073606339, 0.0, 1993.2574097262354], [0.0, 2852.2438974589363, 1443.3722632010733], [0.0, 0.0, 1.0]]
94|94|4|Snook|0.455|0.3697438454938174|4.028637886047363|2037.8144820960085;1451.0811942926814|46|[-0.02520688995718956, -0.09540274739265442, 0.0]|[0.022173726931214333, 0.026320604607462883, 0.9994075894355774]|[[2827.300073606339, 0.0, 1993.2574097262354], [0.0, 2852.2438974589363, 1443.3722632010733], [0.0, 0.0, 1.0]]
94|94|4|Snook|0.455|0.3811331282070551|4.190174102783203|2036.835564007339;1454.2085054724992|46|[-0.02520688995718956, -0.09540274739265442, 0.0]|[0.022173726931214333, 0.026320604607462883, 0.9994075894355774]|[[2827.300073606339, 0.0, 1993.2574097262354], [0.0, 2852.2438974589363, 1443.3722632010733], [0.0, 0.0, 1.0]]
94|94|4|Snook|0.455|0.3705702003477938|4.032792568206787|2037.7080980917206;1451.1789361062986|46|[-0.02520688995718956, -0.09540274739265442, 0.0]|[0.022173726931214333, 0.026320604607462883, 0.9994075894355774]|[[2827.300073606339, 0.0, 1993.2574097262354], [0.0, 2852.2438974589363, 1443.3722632010733], [0.0, 0.0, 1.0]]
94|94|4|Snook|0.455|0.39027876114827864|4.23199462890625|2036.2809851796355;1455.0982114172464|46|[-0.02520688995718956, -0.09540274739265442, 0.0]|[0.022173726931214333, 0.026320604607462883, 0.9994075894355774]|[[2827.300073606339, 0.0, 1993.2574097262354], [0.0, 2852.2438974589363, 1443.3722632010733], [0.0, 0.0, 1.0]]
94|94|4|Snook|0.455|0.3800244015486682|4.130388259887695|2036.9048692624258;1453.1610361148141|46|[-0.02520688995718956, -0.09540274739265442, 0.0]|[0.022173726931214333, 0.026320604607462883, 0.9994075894355774]|[[2827.300073606339, 0.0, 1993.2574097262354], [0.0, 2852.2438974589363, 1443.3722632010733], [0.0, 0.0, 1.0]]
94|94|4|Snook|0.455|0.36768557310416655|3.995901584625244|2035.1850098204484;1451.3290322073324|46|[-0.02520688995718956, -0.09540274739265442, 0.0]|[0.022173726931214333, 0.026320604607462883, 0.9994075894355774]|[[2827.300073606339, 0.0, 1993.2574097262354], [0.0, 2852.2438974589363, 1443.3722632010733], [0.0, 0.0, 1.0]]
94|94|4|Snook|0.455|0.3820934884665361|4.143148899078369|2037.6409446764105;1453.1314562874488|46|[-0.02520688995718956, -0.09540274739265442, 0.0]|[0.022173726931214333, 0.026320604607462883, 0.9994075894355774]|[[2827.300073606339, 0.0, 1993.2574097262354], [0.0, 2852.2438974589363, 1443.3722632010733], [0.0, 0.0, 1.0]]
94|94|4|Snook|0.455|0.3798814941774955|4.090949058532715|2037.7050393579827;1452.233332707944|46|[-0.02520688995718956, -0.09540274739265442, 0.0]|[0.022173726931214333, 0.026320604607462883, 0.9994075894355774]|[[2827.300073606339, 0.0, 1993.2574097262354], [0.0, 2852.2438974589363, 1443.3722632010733], [0.0, 0.0, 1.0]]
94|94|4|Snook|0.455|0.3762260724789689|4.030069828033447|2037.7356105682009;1451.1340621974427|46|[-0.02520688995718956, -0.09540274739265442, 0.0]|[0.022173726931214333, 0.026320604607462883, 0.9994075894355774]|[[2827.300073606339, 0.0, 1993.2574097262354], [0.0, 2852.2438974589363, 1443.3722632010733], [0.0, 0.0, 1.0]]
94|94|4|Snook|0.455|0.3934816770347064|4.212159156799316|2037.4904731526472;1454.3459788339583|46|[-0.02520688995718956, -0.09540274739265442, 0.0]|[0.022173726931214333, 0.026320604607462883, 0.9994075894355774]|[[2827.300073606339, 0.0, 1993.2574097262354], [0.0, 2852.2438974589363, 1443.3722632010733], [0.0, 0.0, 1.0]]
94|94|4|Snook|0.455|0.3895379570448509|4.1911540031433105|2037.5;1454|46|[-0.02520688995718956, -0.09540274739265442, 0.0]|[0.022173726931214333, 0.026320604607462883, 0.9994075894355774]|[[2827.300073606339, 0.0, 1993.2574097262354], [0.0, 2852.2438974589363, 1443.3722632010733], [0.0, 0.0, 1.0]]
94|94|4|Snook|0.455|0.3747611918060301|4.083600044250488|2036.9962212989826;1452.3171864180906|46|[-0.02520688995718956, -0.09540274739265442, 0.0]|[0.022173726931214333, 0.026320604607462883, 0.9994075894355774]|[[2827.300073606339, 0.0, 1993.2574097262354], [0.0, 2852.2438974589363, 1443.3722632010733], [0.0, 0.0, 1.0]]
94|94|4|Snook|0.455|0.38065869862267515|4.107323169708252|2037.7772252905768;1452.5008866620074|46|[-0.02520688995718956, -0.09540274739265442, 0.0]|[0.022173726931214333, 0.026320604607462883, 0.9994075894355774]|[[2827.300073606339, 0.0, 1993.2574097262354], [0.0, 2852.2438974589363, 1443.3722632010733], [0.0, 0.0, 1.0]]
94|94|4|Snook|0.455|0.39205009502793386|4.210354328155518|2037.3796856635217;1454.3751066600032|46|[-0.02520688995718956, -0.09540274739265442, 0.0]|[0.022173726931214333, 0.026320604607462883, 0.9994075894355774]|[[2827.300073606339, 0.0, 1993.2574097262354], [0.0, 2852.2438974589363, 1443.3722632010733], [0.0, 0.0, 1.0]]
94|94|4|Snook|0.455|0.3830559787431754|4.208590507507324|2038.5000000000002;1454|46|[-0.02520688995718956, -0.09540274739265442, 0.0]|[0.022173726931214333, 0.026320604607462883, 0.9994075894355774]|[[2827.300073606339, 0.0, 1993.2574097262354], [0.0, 2852.2438974589363, 1443.3722632010733], [0.0, 0.0, 1.0]]
94|94|4|Snook|0.455|0.36794197821537716|4.0154314041137695|2036.6425851567562;1451.1866243856105|46|[-0.02520688995718956, -0.09540274739265442, 0.0]|[0.022173726931214333, 0.026320604607462883, 0.9994075894355774]|[[2827.300073606339, 0.0, 1993.2574097262354], [0.0, 2852.2438974589363, 1443.3722632010733], [0.0, 0.0, 1.0]]
94|94|4|Snook|0.455|0.3848209105377602|4.149570941925049|2036.8483277136418;1453.5154267409414|46|[-0.02520688995718956, -0.09540274739265442, 0.0]|[0.022173726931214333, 0.026320604607462883, 0.9994075894355774]|[[2827.300073606339, 0.0, 1993.2574097262354], [0.0, 2852.2438974589363, 1443.3722632010733], [0.0, 0.0, 1.0]]
94|94|4|Snook|0.455|0.3876211510879853|4.138288497924805|2036.6301378202295;1453.3948713835616|46|[-0.02520688995718956, -0.09540274739265442, 0.0]|[0.022173726931214333, 0.026320604607462883, 0.9994075894355774]|[[2827.300073606339, 0.0, 1993.2574097262354], [0.0, 2852.2438974589363, 1443.3722632010733], [0.0, 0.0, 1.0]]
94|94|4|Snook|0.455|0.39551501651707116|4.262990951538086|2037.7579274228658;1455.1140106263608|46|[-0.02520688995718956, -0.09540274739265442, 0.0]|[0.022173726931214333, 0.026320604607462883, 0.9994075894355774]|[[2827.300073606339, 0.0, 1993.2574097262354], [0.0, 2852.2438974589363, 1443.3722632010733], [0.0, 0.0, 1.0]]
94|94|4|Snook|0.455|0.4068609332840039|4.426650524139404|2037.8378378378377;1457.6534181240065|46|[-0.02520688995718956, -0.09540274739265442, 0.0]|[0.022173726931214333, 0.026320604607462883, 0.9994075894355774]|[[2827.300073606339, 0.0, 1993.2574097262354], [0.0, 2852.2438974589363, 1443.3722632010733], [0.0, 0.0, 1.0]]
94|94|4|Snook|0.455|0.3635281294005213|4.192577838897705|2037.5321398414694;1454.027728762254|46|[-0.02520688995718956, -0.09540274739265442, 0.0]|[0.022173726931214333, 0.026320604607462883, 0.9994075894355774]|[[2827.300073606339, 0.0, 1993.2574097262354], [0.0, 2852.2438974589363, 1443.3722632010733], [0.0, 0.0, 1.0]]
94|94|4|Snook|0.455|0.354243975819019|4.064090251922607|2037.641537825626;1451.7748369934006|46|[-0.02520688995718956, -0.09540274739265442, 0.0]|[0.022173726931214333, 0.026320604607462883, 0.9994075894355774]|[[2827.300073606339, 0.0, 1993.2574097262354], [0.0, 2852.2438974589363, 1443.3722632010733], [0.0, 0.0, 1.0]]
94|94|4|Snook|0.455|0.3505706233589274|4.021882057189941|2037.5284687898757;1451.0490906226653|46|[-0.02520688995718956, -0.09540274739265442, 0.0]|[0.022173726931214333, 0.026320604607462883, 0.9994075894355774]|[[2827.300073606339, 0.0, 1993.2574097262354], [0.0, 2852.2438974589363, 1443.3722632010733], [0.0, 0.0, 1.0]]
94|94|4|Snook|0.455|0.3549908439035992|4.042568206787109|2036.4181066291076;1451.7735696990012|46|[-0.02520688995718956, -0.09540274739265442, 0.0]|[0.022173726931214333, 0.026320604607462883, 0.9994075894355774]|[[2827.300073606339, 0.0, 1993.2574097262354], [0.0, 2852.2438974589363, 1443.3722632010733], [0.0, 0.0, 1.0]]
94|94|4|Snook|0.455|0.36185462641546545|4.14998197555542|2036.7994861580605;1453.536254549816|46|[-0.02520688995718956, -0.09540274739265442, 0.0]|[0.022173726931214333, 0.026320604607462883, 0.9994075894355774]|[[2827.300073606339, 0.0, 1993.2574097262354], [0.0, 2852.2438974589363, 1443.3722632010733], [0.0, 0.0, 1.0]]
94|94|4|Snook|0.455|0.35429999038918364|4.082438945770264|2036.7999570868728;1452.3460566417332|46|[-0.02520688995718956, -0.09540274739265442, 0.0]|[0.022173726931214333, 0.026320604607462883, 0.9994075894355774]|[[2827.300073606339, 0.0, 1993.2574097262354], [0.0, 2852.2438974589363, 1443.3722632010733], [0.0, 0.0, 1.0]]
94|94|4|Snook|0.455|0.3707273107056336|4.2343525886535645|2037.1698902774845;1454.8530933648035|46|[-0.02520688995718956, -0.09540274739265442, 0.0]|[0.022173726931214333, 0.026320604607462883, 0.9994075894355774]|[[2827.300073606339, 0.0, 1993.2574097262354], [0.0, 2852.2438974589363, 1443.3722632010733], [0.0, 0.0, 1.0]]
94|94|4|Snook|0.455|0.35395644380851154|4.022019386291504|2036.5774168915216;1451.3290322073324|46|[-0.02520688995718956, -0.09540274739265442, 0.0]|[0.022173726931214333, 0.026320604607462883, 0.9994075894355774]|[[2827.300073606339, 0.0, 1993.2574097262354], [0.0, 2852.2438974589363, 1443.3722632010733], [0.0, 0.0, 1.0]]
94|94|4|Snook|0.455|0.3543805451650457|4.096511363983154|2036.49412708377;1452.7081430699525|46|[-0.02520688995718956, -0.09540274739265442, 0.0]|[0.022173726931214333, 0.026320604607462883, 0.9994075894355774]|[[2827.300073606339, 0.0, 1993.2574097262354], [0.0, 2852.2438974589363, 1443.3722632010733], [0.0, 0.0, 1.0]]
94|94|4|Snook|0.455|0.35986781992546446|4.112503528594971|2036.2705054511655;1453.062888676513|46|[-0.02520688995718956, -0.09540274739265442, 0.0]|[0.022173726931214333, 0.026320604607462883, 0.9994075894355774]|[[2827.300073606339, 0.0, 1993.2574097262354], [0.0, 2852.2438974589363, 1443.3722632010733], [0.0, 0.0, 1.0]]
94|94|4|Snook|0.455|0.35051417434779214|4.081692695617676|2036.651903855226;1452.3985130711017|46|[-0.02520688995718956, -0.09540274739265442, 0.0]|[0.022173726931214333, 0.026320604607462883, 0.9994075894355774]|[[2827.300073606339, 0.0, 1993.2574097262354], [0.0, 2852.2438974589363, 1443.3722632010733], [0.0, 0.0, 1.0]]
94|94|4|Snook|0.455|0.3535722207336123|4.104583263397217|2036.5820182537273;1452.8229450631102|46|[-0.02520688995718956, -0.09540274739265442, 0.0]|[0.022173726931214333, 0.026320604607462883, 0.9994075894355774]|[[2827.300073606339, 0.0, 1993.2574097262354], [0.0, 2852.2438974589363, 1443.3722632010733], [0.0, 0.0, 1.0]]
94|94|4|Snook|0.455|0.3616613099958241|4.137106895446777|2037.0342673458445;1453.2186823300822|46|[-0.02520688995718956, -0.09540274739265442, 0.0]|[0.022173726931214333, 0.026320604607462883, 0.9994075894355774]|[[2827.300073606339, 0.0, 1993.2574097262354], [0.0, 2852.2438974589363, 1443.3722632010733], [0.0, 0.0, 1.0]]
94|94|4|Snook|0.455|0.3498450473454482|3.9793951511383057|2037.8081613940878;1450.1771148048972|46|[-0.02520688995718956, -0.09540274739265442, 0.0]|[0.022173726931214333, 0.026320604607462883, 0.9994075894355774]|[[2827.300073606339, 0.0, 1993.2574097262354], [0.0, 2852.2438974589363, 1443.3722632010733], [0.0, 0.0, 1.0]]
94|94|4|Snook|0.455|0.3605648514109578|4.125220775604248|2036.5537315204585;1453.1808774433632|46|[-0.02520688995718956, -0.09540274739265442, 0.0]|[0.022173726931214333, 0.026320604607462883, 0.9994075894355774]|[[2827.300073606339, 0.0, 1993.2574097262354], [0.0, 2852.2438974589363, 1443.3722632010733], [0.0, 0.0, 1.0]]
94|94|4|Snook|0.455|0.3653202450384277|4.198803424835205|2038.0586858704196;1453.9640474495302|46|[-0.02520688995718956, -0.09540274739265442, 0.0]|[0.022173726931214333, 0.026320604607462883, 0.9994075894355774]|[[2827.300073606339, 0.0, 1993.2574097262354], [0.0, 2852.2438974589363, 1443.3722632010733], [0.0, 0.0, 1.0]]
94|94|4|Snook|0.455|0.35660744927428667|4.1084394454956055|2036.7764802922093;1452.8072975231753|46|[-0.02520688995718956, -0.09540274739265442, 0.0]|[0.022173726931214333, 0.026320604607462883, 0.9994075894355774]|[[2827.300073606339, 0.0, 1993.2574097262354], [0.0, 2852.2438974589363, 1443.3722632010733], [0.0, 0.0, 1.0]]
94|94|4|Snook|0.455|0.3656939709111036|4.204324722290039|2037.4597549413882;1454.242666191124|46|[-0.02520688995718956, -0.09540274739265442, 0.0]|[0.022173726931214333, 0.026320604607462883, 0.9994075894355774]|[[2827.300073606339, 0.0, 1993.2574097262354], [0.0, 2852.2438974589363, 1443.3722632010733], [0.0, 0.0, 1.0]]
94|94|4|Snook|0.455|0.364954798249602|4.1943182945251465|2036.6020770513273;1454.3667016732045|46|[-0.02520688995718956, -0.09540274739265442, 0.0]|[0.022173726931214333, 0.026320604607462883, 0.9994075894355774]|[[2827.300073606339, 0.0, 1993.2574097262354], [0.0, 2852.2438974589363, 1443.3722632010733], [0.0, 0.0, 1.0]]
94|94|4|Snook|0.455|0.36620885495548994|4.161968231201172|2037.3215620834253;1453.5657962581201|46|[-0.02520688995718956, -0.09540274739265442, 0.0]|[0.022173726931214333, 0.026320604607462883, 0.9994075894355774]|[[2827.300073606339, 0.0, 1993.2574097262354], [0.0, 2852.2438974589363, 1443.3722632010733], [0.0, 0.0, 1.0]]
94|94|4|Snook|0.455|0.3677315938313361|4.200389862060547|2037.260723883387;1454.240630137759|46|[-0.02520688995718956, -0.09540274739265442, 0.0]|[0.022173726931214333, 0.026320604607462883, 0.9994075894355774]|[[2827.300073606339, 0.0, 1993.2574097262354], [0.0, 2852.2438974589363, 1443.3722632010733], [0.0, 0.0, 1.0]]
94|94|4|Snook|0.455|0.36586636354105084|4.12060022354126|2037.0898213751973;1452.9257852183819|46|[-0.02520688995718956, -0.09540274739265442, 0.0]|[0.022173726931214333, 0.026320604607462883, 0.9994075894355774]|[[2827.300073606339, 0.0, 1993.2574097262354], [0.0, 2852.2438974589363, 1443.3722632010733], [0.0, 0.0, 1.0]]
94|94|4|Snook|0.455|0.36420874233268097|4.163468360900879|2036.7564774436241;1453.7953780833545|46|[-0.02520688995718956, -0.09540274739265442, 0.0]|[0.022173726931214333, 0.026320604607462883, 0.9994075894355774]|[[2827.300073606339, 0.0, 1993.2574097262354], [0.0, 2852.2438974589363, 1443.3722632010733], [0.0, 0.0, 1.0]]
94|94|4|Snook|0.455|0.33112218563009194|4.033960819244385|2036.483298137732;1451.592781921939|46|[-0.02520688995718956, -0.09540274739265442, 0.0]|[0.022173726931214333, 0.026320604607462883, 0.9994075894355774]|[[2827.300073606339, 0.0, 1993.2574097262354], [0.0, 2852.2438974589363, 1443.3722632010733], [0.0, 0.0, 1.0]]
94|94|4|Snook|0.455|0.34178361549715736|4.195028781890869|2037.492217136649;1454.0874864822981|46|[-0.02520688995718956, -0.09540274739265442, 0.0]|[0.022173726931214333, 0.026320604607462883, 0.9994075894355774]|[[2827.300073606339, 0.0, 1993.2574097262354], [0.0, 2852.2438974589363, 1443.3722632010733], [0.0, 0.0, 1.0]]
94|94|4|Snook|0.455|0.3334908553778991|4.095750331878662|2035.9571628325891;1452.879091979841|46|[-0.02520688995718956, -0.09540274739265442, 0.0]|[0.022173726931214333, 0.026320604607462883, 0.9994075894355774]|[[2827.300073606339, 0.0, 1993.2574097262354], [0.0, 2852.2438974589363, 1443.3722632010733], [0.0, 0.0, 1.0]]
94|94|4|Snook|0.455|0.33884525750965155|4.101606369018555|2037.4796085572218;1452.4886023692372|46|[-0.02520688995718956, -0.09540274739265442, 0.0]|[0.022173726931214333, 0.026320604607462883, 0.9994075894355774]|[[2827.300073606339, 0.0, 1993.2574097262354], [0.0, 2852.2438974589363, 1443.3722632010733], [0.0, 0.0, 1.0]]
94|94|4|Snook|0.455|0.3418502639387165|4.112349033355713|2036.6859226744868;1452.9107583627008|46|[-0.02520688995718956, -0.09540274739265442, 0.0]|[0.022173726931214333, 0.026320604607462883, 0.9994075894355774]|[[2827.300073606339, 0.0, 1993.2574097262354], [0.0, 2852.2438974589363, 1443.3722632010733], [0.0, 0.0, 1.0]]
94|94|4|Snook|0.455|0.3420448016871089|4.179370880126953|2036.9956154814918;1453.986688513649|46|[-0.02520688995718956, -0.09540274739265442, 0.0]|[0.022173726931214333, 0.026320604607462883, 0.9994075894355774]|[[2827.300073606339, 0.0, 1993.2574097262354], [0.0, 2852.2438974589363, 1443.3722632010733], [0.0, 0.0, 1.0]]
94|94|4|Snook|0.455|0.34102847656226914|4.115417957305908|2036.255837278394;1453.1195372727173|46|[-0.02520688995718956, -0.09540274739265442, 0.0]|[0.022173726931214333, 0.026320604607462883, 0.9994075894355774]|[[2827.300073606339, 0.0, 1993.2574097262354], [0.0, 2852.2438974589363, 1443.3722632010733], [0.0, 0.0, 1.0]]
94|94|4|Snook|0.455|0.36194239419705077|4.393866062164307|2037.6656871242863;1457.1981211248783|46|[-0.02520688995718956, -0.09540274739265442, 0.0]|[0.022173726931214333, 0.026320604607462883, 0.9994075894355774]|[[2827.300073606339, 0.0, 1993.2574097262354], [0.0, 2852.2438974589363, 1443.3722632010733], [0.0, 0.0, 1.0]]
94|94|4|Snook|0.455|0.3486690127994073|4.2093048095703125|2037.201006175359;1454.4099099706245|46|[-0.02520688995718956, -0.09540274739265442, 0.0]|[0.022173726931214333, 0.026320604607462883, 0.9994075894355774]|[[2827.300073606339, 0.0, 1993.2574097262354], [0.0, 2852.2438974589363, 1443.3722632010733], [0.0, 0.0, 1.0]]
94|94|4|Snook|0.455|0.3425294734892211|4.160374641418457|2036.7968591609308;1453.7028328866752|46|[-0.02520688995718956, -0.09540274739265442, 0.0]|[0.022173726931214333, 0.026320604607462883, 0.9994075894355774]|[[2827.300073606339, 0.0, 1993.2574097262354], [0.0, 2852.2438974589363, 1443.3722632010733], [0.0, 0.0, 1.0]]
94|94|4|Snook|0.455|0.34681398237229805|4.146702289581299|2036.4971446238742;1453.568760753366|46|[-0.02520688995718956, -0.09540274739265442, 0.0]|[0.022173726931214333, 0.026320604607462883, 0.9994075894355774]|[[2827.300073606339, 0.0, 1993.2574097262354], [0.0, 2852.2438974589363, 1443.3722632010733], [0.0, 0.0, 1.0]]
94|94|4|Snook|0.455|0.3432258028182613|4.118351459503174|2037.5904046759645;1452.7278716786168|46|[-0.02520688995718956, -0.09540274739265442, 0.0]|[0.022173726931214333, 0.026320604607462883, 0.9994075894355774]|[[2827.300073606339, 0.0, 1993.2574097262354], [0.0, 2852.2438974589363, 1443.3722632010733], [0.0, 0.0, 1.0]]
94|94|4|Snook|0.455|0.34077270722913483|4.106630802154541|2036.553460376174;1452.8686306194272|46|[-0.02520688995718956, -0.09540274739265442, 0.0]|[0.022173726931214333, 0.026320604607462883, 0.9994075894355774]|[[2827.300073606339, 0.0, 1993.2574097262354], [0.0, 2852.2438974589363, 1443.3722632010733], [0.0, 0.0, 1.0]]
94|94|4|Snook|0.455|0.33600450415398003|4.041512489318848|2036.7495245755665;1451.6462980275928|46|[-0.02520688995718956, -0.09540274739265442, 0.0]|[0.022173726931214333, 0.026320604607462883, 0.9994075894355774]|[[2827.300073606339, 0.0, 1993.2574097262354], [0.0, 2852.2438974589363, 1443.3722632010733], [0.0, 0.0, 1.0]]
94|94|4|Snook|0.455|0.33594887862039896|4.066122055053711|2037.022967471302;1451.991039281584|46|[-0.02520688995718956, -0.09540274739265442, 0.0]|[0.022173726931214333, 0.026320604607462883, 0.9994075894355774]|[[2827.300073606339, 0.0, 1993.2574097262354], [0.0, 2852.2438974589363, 1443.3722632010733], [0.0, 0.0, 1.0]]
94|94|4|Snook|0.455|0.3349703395497184|4.022047996520996|2036.5170411478741;1451.3590205153976|46|[-0.02520688995718956, -0.09540274739265442, 0.0]|[0.022173726931214333, 0.026320604607462883, 0.9994075894355774]|[[2827.300073606339, 0.0, 1993.2574097262354], [0.0, 2852.2438974589363, 1443.3722632010733], [0.0, 0.0, 1.0]]
94|94|4|Snook|0.455|0.3526328688488367|4.229162693023682|2036.475726638138;1455.0016563383822|46|[-0.02520688995718956, -0.09540274739265442, 0.0]|[0.022173726931214333, 0.026320604607462883, 0.9994075894355774]|[[2827.300073606339, 0.0, 1993.2574097262354], [0.0, 2852.2438974589363, 1443.3722632010733], [0.0, 0.0, 1.0]]
94|94|4|Snook|0.455|0.33642276470360283|4.047519207000732|2037.138370875413;1451.623264181261|46|[-0.02520688995718956, -0.09540274739265442, 0.0]|[0.022173726931214333, 0.026320604607462883, 0.9994075894355774]|[[2827.300073606339, 0.0, 1993.2574097262354], [0.0, 2852.2438974589363, 1443.3722632010733], [0.0, 0.0, 1.0]]
94|94|4|Snook|0.455|0.33816812773612387|4.108907699584961|2036.2989354773072;1452.9999206926198|46|[-0.02520688995718956, -0.09540274739265442, 0.0]|[0.022173726931214333, 0.026320604607462883, 0.9994075894355774]|[[2827.300073606339, 0.0, 1993.2574097262354], [0.0, 2852.2438974589363, 1443.3722632010733], [0.0, 0.0, 1.0]]
498|498|4|Weasly Fish|0.31|0.27346903705266024|1.0617207288742065|1885.2275390625;1257.2161865234377|40|[-0.015829406678676605, -0.09376535564661026, 0.0]|[-0.01520255021750927, 0.0208772923797369, 0.9996664524078369]|[[2827.300073606339, 0.0, 1993.2574097262354], [0.0, 2852.2438974589363, 1443.3722632010733], [0.0, 0.0, 1.0]]
498|498|4|Weasly Fish|0.31|0.281455895940881|1.5496459007263184|1909.0537109375;1333.4061279296875|40|[-0.015829406678676605, -0.09376535564661026, 0.0]|[-0.01520255021750927, 0.0208772923797369, 0.9996664524078369]|[[2827.300073606339, 0.0, 1993.2574097262354], [0.0, 2852.2438974589363, 1443.3722632010733], [0.0, 0.0, 1.0]]
498|498|4|Weasly Fish|0.31|0.28595357887282924|1.7675952911376953|1914.2073974609377;1354.2844238281248|40|[-0.015829406678676605, -0.09376535564661026, 0.0]|[-0.01520255021750927, 0.0208772923797369, 0.9996664524078369]|[[2827.300073606339, 0.0, 1993.2574097262354], [0.0, 2852.2438974589363, 1443.3722632010733], [0.0, 0.0, 1.0]]
498|498|4|Weasly Fish|0.31|0.2874366993043192|1.9374854564666748|1918.794372715166;1366.880178231539|40|[-0.015829406678676605, -0.09376535564661026, 0.0]|[-0.01520255021750927, 0.0208772923797369, 0.9996664524078369]|[[2827.300073606339, 0.0, 1993.2574097262354], [0.0, 2852.2438974589363, 1443.3722632010733], [0.0, 0.0, 1.0]]
498|498|4|Weasly Fish|0.31|0.28998820228829875|2.4517874717712402|1926.890625;1394.985595703125|40|[-0.015829406678676605, -0.09376535564661026, 0.0]|[-0.01520255021750927, 0.0208772923797369, 0.9996664524078369]|[[2827.300073606339, 0.0, 1993.2574097262354], [0.0, 2852.2438974589363, 1443.3722632010733], [0.0, 0.0, 1.0]]
498|498|4|Weasly Fish|0.31|0.2905296804447387|2.6944127082824707|1929.9376220703125;1404.469970703125|40|[-0.015829406678676605, -0.09376535564661026, 0.0]|[-0.01520255021750927, 0.0208772923797369, 0.9996664524078369]|[[2827.300073606339, 0.0, 1993.2574097262354], [0.0, 2852.2438974589363, 1443.3722632010733], [0.0, 0.0, 1.0]]
498|498|4|Weasly Fish|0.31|0.28969124172381194|2.890230894088745|1931.84521484375;1410.9974365234375|40|[-0.015829406678676605, -0.09376535564661026, 0.0]|[-0.01520255021750927, 0.0208772923797369, 0.9996664524078369]|[[2827.300073606339, 0.0, 1993.2574097262354], [0.0, 2852.2438974589363, 1443.3722632010733], [0.0, 0.0, 1.0]]
498|498|4|Weasly Fish|0.31|0.2959602828645636|3.1513731479644775|1934.946533203125;1418.288818359375|40|[-0.015829406678676605, -0.09376535564661026, 0.0]|[-0.01520255021750927, 0.0208772923797369, 0.9996664524078369]|[[2827.300073606339, 0.0, 1993.2574097262354], [0.0, 2852.2438974589363, 1443.3722632010733], [0.0, 0.0, 1.0]]
498|498|4|Weasly Fish|0.31|0.2852208855249289|3.435577869415283|1937.4476318359373;1425.06689453125|40|[-0.015829406678676605, -0.09376535564661026, 0.0]|[-0.01520255021750927, 0.0208772923797369, 0.9996664524078369]|[[2827.300073606339, 0.0, 1993.2574097262354], [0.0, 2852.2438974589363, 1443.3722632010733], [0.0, 0.0, 1.0]]
498|498|4|Weasly Fish|0.31|0.2886322861426085|3.6853537559509277|1938.4329833984375;1430.328857421875|40|[-0.015829406678676605, -0.09376535564661026, 0.0]|[-0.01520255021750927, 0.0208772923797369, 0.9996664524078369]|[[2827.300073606339, 0.0, 1993.2574097262354], [0.0, 2852.2438974589363, 1443.3722632010733], [0.0, 0.0, 1.0]]
498|498|4|Weasly Fish|0.31|0.2978182154639066|3.917633295059204|1938.7915039062498;1434.67138671875|40|[-0.015829406678676605, -0.09376535564661026, 0.0]|[-0.01520255021750927, 0.0208772923797369, 0.9996664524078369]|[[2827.300073606339, 0.0, 1993.2574097262354], [0.0, 2852.2438974589363, 1443.3722632010733], [0.0, 0.0, 1.0]]
498|498|4|Weasly Fish|0.31|0.29602195928159314|4.077925682067871|1940.334716796875;1437.1895751953125|40|[-0.015829406678676605, -0.09376535564661026, 0.0]|[-0.01520255021750927, 0.0208772923797369, 0.9996664524078369]|[[2827.300073606339, 0.0, 1993.2574097262354], [0.0, 2852.2438974589363, 1443.3722632010733], [0.0, 0.0, 1.0]]
498|498|4|Weasly Fish|0.31|0.3143326783042954|4.0258564949035645|1939.7247314453125;1436.4011230468752|40|[-0.015829406678676605, -0.09376535564661026, 0.0]|[-0.01520255021750927, 0.0208772923797369, 0.9996664524078369]|[[2827.300073606339, 0.0, 1993.2574097262354], [0.0, 2852.2438974589363, 1443.3722632010733], [0.0, 0.0, 1.0]]
498|498|4|Weasly Fish|0.31|0.2944458373290981|3.7339303493499756|1938.239990234375;1431.3160400390625|40|[-0.015829406678676605, -0.09376535564661026, 0.0]|[-0.01520255021750927, 0.0208772923797369, 0.9996664524078369]|[[2827.300073606339, 0.0, 1993.2574097262354], [0.0, 2852.2438974589363, 1443.3722632010733], [0.0, 0.0, 1.0]]
498|498|4|Weasly Fish|0.31|0.3090975468902319|3.7019405364990234|1937.7015380859375;1430.7620849609375|40|[-0.015829406678676605, -0.09376535564661026, 0.0]|[-0.01520255021750927, 0.0208772923797369, 0.9996664524078369]|[[2827.300073606339, 0.0, 1993.2574097262354], [0.0, 2852.2438974589363, 1443.3722632010733], [0.0, 0.0, 1.0]]
498|498|4|Weasly Fish|0.31|0.3041469455012302|3.513054370880127|1935.9703369140625;1427.10791015625|40|[-0.015829406678676605, -0.09376535564661026, 0.0]|[-0.01520255021750927, 0.0208772923797369, 0.9996664524078369]|[[2827.300073606339, 0.0, 1993.2574097262354], [0.0, 2852.2438974589363, 1443.3722632010733], [0.0, 0.0, 1.0]]
498|498|4|Weasly Fish|0.31|0.304979058359394|3.0877938270568848|1931.9561767578125;1417.1649169921873|40|[-0.015829406678676605, -0.09376535564661026, 0.0]|[-0.01520255021750927, 0.0208772923797369, 0.9996664524078369]|[[2827.300073606339, 0.0, 1993.2574097262354], [0.0, 2852.2438974589363, 1443.3722632010733], [0.0, 0.0, 1.0]]
498|498|4|Weasly Fish|0.31|0.29559259877613053|2.6369616985321045|1927.90625;1402.7396240234375|40|[-0.015829406678676605, -0.09376535564661026, 0.0]|[-0.01520255021750927, 0.0208772923797369, 0.9996664524078369]|[[2827.300073606339, 0.0, 1993.2574097262354], [0.0, 2852.2438974589363, 1443.3722632010733], [0.0, 0.0, 1.0]]
498|498|4|Weasly Fish|0.31|0.2984594784760635|2.430032968521118|1924.818115234375;1394.56787109375|40|[-0.015829406678676605, -0.09376535564661026, 0.0]|[-0.01520255021750927, 0.0208772923797369, 0.9996664524078369]|[[2827.300073606339, 0.0, 1993.2574097262354], [0.0, 2852.2438974589363, 1443.3722632010733], [0.0, 0.0, 1.0]]
498|498|4|Weasly Fish|0.31|0.296524001081636|2.1939589977264404|1921.2540283203125;1383.1695556640625|40|[-0.015829406678676605, -0.09376535564661026, 0.0]|[-0.01520255021750927, 0.0208772923797369, 0.9996664524078369]|[[2827.300073606339, 0.0, 1993.2574097262354], [0.0, 2852.2438974589363, 1443.3722632010733], [0.0, 0.0, 1.0]]
498|498|4|Weasly Fish|0.31|0.29322847659529777|1.7887569665908813|1912.177978515625;1356.8880615234375|40|[-0.015829406678676605, -0.09376535564661026, 0.0]|[-0.01520255021750927, 0.0208772923797369, 0.9996664524078369]|[[2827.300073606339, 0.0, 1993.2574097262354], [0.0, 2852.2438974589363, 1443.3722632010733], [0.0, 0.0, 1.0]]
498|498|4|Weasly Fish|0.31|0.288288061111367|1.5571368932724|1906.8776855468752;1335.0355224609375|40|[-0.015829406678676605, -0.09376535564661026, 0.0]|[-0.01520255021750927, 0.0208772923797369, 0.9996664524078369]|[[2827.300073606339, 0.0, 1993.2574097262354], [0.0, 2852.2438974589363, 1443.3722632010733], [0.0, 0.0, 1.0]]
498|498|4|Weasly Fish|0.31|0.2833541112848567|1.3301016092300415|1896.7044094223681;1307.4333170845164|40|[-0.015829406678676605, -0.09376535564661026, 0.0]|[-0.01520255021750927, 0.0208772923797369, 0.9996664524078369]|[[2827.300073606339, 0.0, 1993.2574097262354], [0.0, 2852.2438974589363, 1443.3722632010733], [0.0, 0.0, 1.0]]
498|498|4|Weasly Fish|0.31|0.28288913474562616|1.1564472913742065|1889.2125244140625;1277.8577880859373|40|[-0.015829406678676605, -0.09376535564661026, 0.0]|[-0.01520255021750927, 0.0208772923797369, 0.9996664524078369]|[[2827.300073606339, 0.0, 1993.2574097262354], [0.0, 2852.2438974589363, 1443.3722632010733], [0.0, 0.0, 1.0]]
498|498|4|Weasly Fish|0.31|0.27728429469505134|0.8191365003585815|1861.7036132812502;1186.1081542968752|40|[-0.015829406678676605, -0.09376535564661026, 0.0]|[-0.01520255021750927, 0.0208772923797369, 0.9996664524078369]|[[2827.300073606339, 0.0, 1993.2574097262354], [0.0, 2852.2438974589363, 1443.3722632010733], [0.0, 0.0, 1.0]]
498|498|4|Weasly Fish|0.31|0.27767782741938657|0.6315044164657593|1831.362060546875;1093.6561279296875|40|[-0.015829406678676605, -0.09376535564661026, 0.0]|[-0.01520255021750927, 0.0208772923797369, 0.9996664524078369]|[[2827.300073606339, 0.0, 1993.2574097262354], [0.0, 2852.2438974589363, 1443.3722632010733], [0.0, 0.0, 1.0]]
114|114|1|Snook|0.455|0.42576576180666403|1.9016015529632568|1960.364761490333;1405.6305363756653|48|[-0.045947037637233734, -0.09184899181127548, 0.0]|[0.021205013617873192, 0.0318765789270401, 0.9992668628692627]|[[2832.6628438838216, 0.0, 1968.0272553880557], [0.0, 2855.8825480621545, 1452.810040656435], [0.0, 0.0, 1.0]]
114|114|1|Snook|0.455|0.42647137019813697|1.8714439868927002|1959.3411278021051;1403.373388726405|48|[-0.045947037637233734, -0.09184899181127548, 0.0]|[0.021205013617873192, 0.0318765789270401, 0.9992668628692627]|[[2832.6628438838216, 0.0, 1968.0272553880557], [0.0, 2855.8825480621545, 1452.810040656435], [0.0, 0.0, 1.0]]
114|114|1|Snook|0.455|0.42910897881119464|1.9324564933776855|1960.4575462669234;1408.3403616401029|48|[-0.045947037637233734, -0.09184899181127548, 0.0]|[0.021205013617873192, 0.0318765789270401, 0.9992668628692627]|[[2832.6628438838216, 0.0, 1968.0272553880557], [0.0, 2855.8825480621545, 1452.810040656435], [0.0, 0.0, 1.0]]
114|114|1|Snook|0.455|0.42030157237805166|1.901282548904419|1960.0720779550466;1405.750669528095|48|[-0.045947037637233734, -0.09184899181127548, 0.0]|[0.021205013617873192, 0.0318765789270401, 0.9992668628692627]|[[2832.6628438838216, 0.0, 1968.0272553880557], [0.0, 2855.8825480621545, 1452.810040656435], [0.0, 0.0, 1.0]]
114|114|1|Snook|0.455|0.423959261455089|1.907944917678833|1960.0831119464892;1406.3496256141239|48|[-0.045947037637233734, -0.09184899181127548, 0.0]|[0.021205013617873192, 0.0318765789270401, 0.9992668628692627]|[[2832.6628438838216, 0.0, 1968.0272553880557], [0.0, 2855.8825480621545, 1452.810040656435], [0.0, 0.0, 1.0]]
114|114|1|Snook|0.455|0.41842708464603817|1.8738765716552734|1960.414960892862;1403.0841339757803|48|[-0.045947037637233734, -0.09184899181127548, 0.0]|[0.021205013617873192, 0.0318765789270401, 0.9992668628692627]|[[2832.6628438838216, 0.0, 1968.0272553880557], [0.0, 2855.8825480621545, 1452.810040656435], [0.0, 0.0, 1.0]]
114|114|1|Snook|0.455|0.4172795228872718|1.8774940967559814|1959.4790087030926;1403.8713789597039|48|[-0.045947037637233734, -0.09184899181127548, 0.0]|[0.021205013617873192, 0.0318765789270401, 0.9992668628692627]|[[2832.6628438838216, 0.0, 1968.0272553880557], [0.0, 2855.8825480621545, 1452.810040656435], [0.0, 0.0, 1.0]]
114|114|1|Snook|0.455|0.42262233479811157|1.9203548431396484|1960.3679463598903;1407.303850304966|48|[-0.045947037637233734, -0.09184899181127548, 0.0]|[0.021205013617873192, 0.0318765789270401, 0.9992668628692627]|[[2832.6628438838216, 0.0, 1968.0272553880557], [0.0, 2855.8825480621545, 1452.810040656435], [0.0, 0.0, 1.0]]
114|114|1|Snook|0.455|0.4147040225914383|1.8889104127883911|1960.0166571444765;1404.643999069354|48|[-0.045947037637233734, -0.09184899181127548, 0.0]|[0.021205013617873192, 0.0318765789270401, 0.9992668628692627]|[[2832.6628438838216, 0.0, 1968.0272553880557], [0.0, 2855.8825480621545, 1452.810040656435], [0.0, 0.0, 1.0]]
114|114|1|Snook|0.455|0.42647290346896083|1.9427849054336548|1960.4826031389762;1409.2328018535295|48|[-0.045947037637233734, -0.09184899181127548, 0.0]|[0.021205013617873192, 0.0318765789270401, 0.9992668628692627]|[[2832.6628438838216, 0.0, 1968.0272553880557], [0.0, 2855.8825480621545, 1452.810040656435], [0.0, 0.0, 1.0]]
114|114|1|Snook|0.455|0.42641305605331353|1.9395089149475098|1961.9365387093678;1408.2213250621885|48|[-0.045947037637233734, -0.09184899181127548, 0.0]|[0.021205013617873192, 0.0318765789270401, 0.9992668628692627]|[[2832.6628438838216, 0.0, 1968.0272553880557], [0.0, 2855.8825480621545, 1452.810040656435], [0.0, 0.0, 1.0]]
114|114|1|Snook|0.455|0.4173443395649823|1.8987051248550415|1960.6258323549328;1405.239188272618|48|[-0.045947037637233734, -0.09184899181127548, 0.0]|[0.021205013617873192, 0.0318765789270401, 0.9992668628692627]|[[2832.6628438838216, 0.0, 1968.0272553880557], [0.0, 2855.8825480621545, 1452.810040656435], [0.0, 0.0, 1.0]]
114|114|1|Snook|0.455|0.4272876841949813|1.9316191673278809|1960.9523214144951;1408.006169464976|48|[-0.045947037637233734, -0.09184899181127548, 0.0]|[0.021205013617873192, 0.0318765789270401, 0.9992668628692627]|[[2832.6628438838216, 0.0, 1968.0272553880557], [0.0, 2855.8825480621545, 1452.810040656435], [0.0, 0.0, 1.0]]
114|114|1|Snook|0.455|0.4299506024681994|1.9437488317489624|1961.1710385514666;1408.9604831814736|48|[-0.045947037637233734, -0.09184899181127548, 0.0]|[0.021205013617873192, 0.0318765789270401, 0.9992668628692627]|[[2832.6628438838216, 0.0, 1968.0272553880557], [0.0, 2855.8825480621545, 1452.810040656435], [0.0, 0.0, 1.0]]
114|114|1|Snook|0.455|0.43277781746763877|1.9597833156585693|1961.7774981457387;1410.033450155956|48|[-0.045947037637233734, -0.09184899181127548, 0.0]|[0.021205013617873192, 0.0318765789270401, 0.9992668628692627]|[[2832.6628438838216, 0.0, 1968.0272553880557], [0.0, 2855.8825480621545, 1452.810040656435], [0.0, 0.0, 1.0]]
114|114|1|Snook|0.455|0.4247952388904848|1.9423714876174927|1962.693433494944;1408.1022147555084|48|[-0.045947037637233734, -0.09184899181127548, 0.0]|[0.021205013617873192, 0.0318765789270401, 0.9992668628692627]|[[2832.6628438838216, 0.0, 1968.0272553880557], [0.0, 2855.8825480621545, 1452.810040656435], [0.0, 0.0, 1.0]]
114|114|1|Snook|0.455|0.4519823367701893|2.062174081802368|1965.3656845753899;1416.5268630849218|48|[-0.045947037637233734, -0.09184899181127548, 0.0]|[0.021205013617873192, 0.0318765789270401, 0.9992668628692627]|[[2832.6628438838216, 0.0, 1968.0272553880557], [0.0, 2855.8825480621545, 1452.810040656435], [0.0, 0.0, 1.0]]
114|114|1|Snook|0.455|0.4186261990554906|1.9059480428695679|1960.357618920979;1406.0296902823397|48|[-0.045947037637233734, -0.09184899181127548, 0.0]|[0.021205013617873192, 0.0318765789270401, 0.9992668628692627]|[[2832.6628438838216, 0.0, 1968.0272553880557], [0.0, 2855.8825480621545, 1452.810040656435], [0.0, 0.0, 1.0]]
114|114|1|Snook|0.455|0.4270228438582258|1.9387859106063843|1960.9253828683413;1408.657891816911|48|[-0.045947037637233734, -0.09184899181127548, 0.0]|[0.021205013617873192, 0.0318765789270401, 0.9992668628692627]|[[2832.6628438838216, 0.0, 1968.0272553880557], [0.0, 2855.8825480621545, 1452.810040656435], [0.0, 0.0, 1.0]]
114|114|1|Snook|0.455|0.4248332986849643|1.938176155090332|1961.6014884852254;1408.2546470539003|48|[-0.045947037637233734, -0.09184899181127548, 0.0]|[0.021205013617873192, 0.0318765789270401, 0.9992668628692627]|[[2832.6628438838216, 0.0, 1968.0272553880557], [0.0, 2855.8825480621545, 1452.810040656435], [0.0, 0.0, 1.0]]
114|114|1|Snook|0.455|0.42501751688530165|1.9299123287200928|1959.7213440004305;1408.479945830914|48|[-0.045947037637233734, -0.09184899181127548, 0.0]|[0.021205013617873192, 0.0318765789270401, 0.9992668628692627]|[[2832.6628438838216, 0.0, 1968.0272553880557], [0.0, 2855.8825480621545, 1452.810040656435], [0.0, 0.0, 1.0]]
114|114|1|Snook|0.455|0.42124353386478447|1.9131877422332764|1958.3777325152028;1407.6979644358628|48|[-0.045947037637233734, -0.09184899181127548, 0.0]|[0.021205013617873192, 0.0318765789270401, 0.9992668628692627]|[[2832.6628438838216, 0.0, 1968.0272553880557], [0.0, 2855.8825480621545, 1452.810040656435], [0.0, 0.0, 1.0]]
114|114|1|Snook|0.455|0.4349035624603331|1.980271339416504|1961.636666450549;1411.8574906705473|48|[-0.045947037637233734, -0.09184899181127548, 0.0]|[0.021205013617873192, 0.0318765789270401, 0.9992668628692627]|[[2832.6628438838216, 0.0, 1968.0272553880557], [0.0, 2855.8825480621545, 1452.810040656435], [0.0, 0.0, 1.0]]
114|114|1|Snook|0.455|0.42607770777649817|1.9490026235580444|1959.8225012531593;1410.122905836186|48|[-0.045947037637233734, -0.09184899181127548, 0.0]|[0.021205013617873192, 0.0318765789270401, 0.9992668628692627]|[[2832.6628438838216, 0.0, 1968.0272553880557], [0.0, 2855.8825480621545, 1452.810040656435], [0.0, 0.0, 1.0]]
114|114|1|Snook|0.455|0.4310429071768851|1.9471213817596436|1960.747403538132;1409.4784505082816|48|[-0.045947037637233734, -0.09184899181127548, 0.0]|[0.021205013617873192, 0.0318765789270401, 0.9992668628692627]|[[2832.6628438838216, 0.0, 1968.0272553880557], [0.0, 2855.8825480621545, 1452.810040656435], [0.0, 0.0, 1.0]]
114|114|1|Snook|0.455|0.4273987482116756|1.944953441619873|1959.915328335091;1409.7137518113786|48|[-0.045947037637233734, -0.09184899181127548, 0.0]|[0.021205013617873192, 0.0318765789270401, 0.9992668628692627]|[[2832.6628438838216, 0.0, 1968.0272553880557], [0.0, 2855.8825480621545, 1452.810040656435], [0.0, 0.0, 1.0]]
114|114|1|Snook|0.455|0.43002204815293404|1.950454592704773|1960.187952855023;1410.0524002343132|48|[-0.045947037637233734, -0.09184899181127548, 0.0]|[0.021205013617873192, 0.0318765789270401, 0.9992668628692627]|[[2832.6628438838216, 0.0, 1968.0272553880557], [0.0, 2855.8825480621545, 1452.810040656435], [0.0, 0.0, 1.0]]
114|114|1|Snook|0.455|0.4279625268297676|1.9519946575164795|1960.6603618532827;1409.942224428348|48|[-0.045947037637233734, -0.09184899181127548, 0.0]|[0.021205013617873192, 0.0318765789270401, 0.9992668628692627]|[[2832.6628438838216, 0.0, 1968.0272553880557], [0.0, 2855.8825480621545, 1452.810040656435], [0.0, 0.0, 1.0]]
114|114|1|Snook|0.455|0.42115642198984043|1.9144164323806763|1959.779204886496;1407.0797278957066|48|[-0.045947037637233734, -0.09184899181127548, 0.0]|[0.021205013617873192, 0.0318765789270401, 0.9992668628692627]|[[2832.6628438838216, 0.0, 1968.0272553880557], [0.0, 2855.8825480621545, 1452.810040656435], [0.0, 0.0, 1.0]]
114|114|1|Snook|0.455|0.4273420065531575|1.9250842332839966|1960.0950576290618;1407.8651076448211|48|[-0.045947037637233734, -0.09184899181127548, 0.0]|[0.021205013617873192, 0.0318765789270401, 0.9992668628692627]|[[2832.6628438838216, 0.0, 1968.0272553880557], [0.0, 2855.8825480621545, 1452.810040656435], [0.0, 0.0, 1.0]]
114|114|1|Snook|0.455|0.4253593759219233|1.9256865978240967|1963.3306169965074;1406.3573923166473|48|[-0.045947037637233734, -0.09184899181127548, 0.0]|[0.021205013617873192, 0.0318765789270401, 0.9992668628692627]|[[2832.6628438838216, 0.0, 1968.0272553880557], [0.0, 2855.8825480621545, 1452.810040656435], [0.0, 0.0, 1.0]]
114|114|1|Snook|0.455|0.4293943771531478|1.9433594942092896|1960.9489961558209;1409.041225108857|48|[-0.045947037637233734, -0.09184899181127548, 0.0]|[0.021205013617873192, 0.0318765789270401, 0.9992668628692627]|[[2832.6628438838216, 0.0, 1968.0272553880557], [0.0, 2855.8825480621545, 1452.810040656435], [0.0, 0.0, 1.0]]
114|114|1|Snook|0.455|0.43175549261971286|1.965402603149414|1961.1963504693315;1410.814620261344|48|[-0.045947037637233734, -0.09184899181127548, 0.0]|[0.021205013617873192, 0.0318765789270401, 0.9992668628692627]|[[2832.6628438838216, 0.0, 1968.0272553880557], [0.0, 2855.8825480621545, 1452.810040656435], [0.0, 0.0, 1.0]]
114|114|1|Snook|0.455|0.42339207262736633|1.90493905544281|1959.4422423752962;1406.4058028733077|48|[-0.045947037637233734, -0.09184899181127548, 0.0]|[0.021205013617873192, 0.0318765789270401, 0.9992668628692627]|[[2832.6628438838216, 0.0, 1968.0272553880557], [0.0, 2855.8825480621545, 1452.810040656435], [0.0, 0.0, 1.0]]
114|114|1|Snook|0.455|0.4228740440348368|1.9127957820892334|1961.5547467959548;1406.0583862141566|48|[-0.045947037637233734, -0.09184899181127548, 0.0]|[0.021205013617873192, 0.0318765789270401, 0.9992668628692627]|[[2832.6628438838216, 0.0, 1968.0272553880557], [0.0, 2855.8825480621545, 1452.810040656435], [0.0, 0.0, 1.0]]
114|114|1|Snook|0.455|0.43261952636779233|1.9636579751968384|1962.4000693117432;1410.063297831084|48|[-0.045947037637233734, -0.09184899181127548, 0.0]|[0.021205013617873192, 0.0318765789270401, 0.9992668628692627]|[[2832.6628438838216, 0.0, 1968.0272553880557], [0.0, 2855.8825480621545, 1452.810040656435], [0.0, 0.0, 1.0]]
114|114|1|Snook|0.455|0.43041923636932267|1.9470981359481812|1963.106709684592;1408.3113258741416|48|[-0.045947037637233734, -0.09184899181127548, 0.0]|[0.021205013617873192, 0.0318765789270401, 0.9992668628692627]|[[2832.6628438838216, 0.0, 1968.0272553880557], [0.0, 2855.8825480621545, 1452.810040656435], [0.0, 0.0, 1.0]]
114|114|1|Snook|0.455|0.42376165228323087|1.9216680526733398|1962.7120992241196;1406.28936457077|48|[-0.045947037637233734, -0.09184899181127548, 0.0]|[0.021205013617873192, 0.0318765789270401, 0.9992668628692627]|[[2832.6628438838216, 0.0, 1968.0272553880557], [0.0, 2855.8825480621545, 1452.810040656435], [0.0, 0.0, 1.0]]
114|114|1|Snook|0.455|0.4398239353459561|1.9947230815887451|1962.1682257012978;1412.778486303769|48|[-0.045947037637233734, -0.09184899181127548, 0.0]|[0.021205013617873192, 0.0318765789270401, 0.9992668628692627]|[[2832.6628438838216, 0.0, 1968.0272553880557], [0.0, 2855.8825480621545, 1452.810040656435], [0.0, 0.0, 1.0]]
114|114|1|Snook|0.455|0.4178699383410458|1.8963091373443604|1961.0397136449737;1404.825306982577|48|[-0.045947037637233734, -0.09184899181127548, 0.0]|[0.021205013617873192, 0.0318765789270401, 0.9992668628692627]|[[2832.6628438838216, 0.0, 1968.0272553880557], [0.0, 2855.8825480621545, 1452.810040656435], [0.0, 0.0, 1.0]]
114|114|1|Snook|0.455|0.42748324974293594|1.9396129846572876|1960.5846915770646;1408.89469974314|48|[-0.045947037637233734, -0.09184899181127548, 0.0]|[0.021205013617873192, 0.0318765789270401, 0.9992668628692627]|[[2832.6628438838216, 0.0, 1968.0272553880557], [0.0, 2855.8825480621545, 1452.810040656435], [0.0, 0.0, 1.0]]
114|114|1|Snook|0.455|0.42378165847222043|1.9257972240447998|1962.4121507628197;1406.7899013853864|48|[-0.045947037637233734, -0.09184899181127548, 0.0]|[0.021205013617873192, 0.0318765789270401, 0.9992668628692627]|[[2832.6628438838216, 0.0, 1968.0272553880557], [0.0, 2855.8825480621545, 1452.810040656435], [0.0, 0.0, 1.0]]
114|114|1|Snook|0.455|0.42845985456133967|1.9432060718536377|1960.5941677582139;1409.2048340332954|48|[-0.045947037637233734, -0.09184899181127548, 0.0]|[0.021205013617873192, 0.0318765789270401, 0.9992668628692627]|[[2832.6628438838216, 0.0, 1968.0272553880557], [0.0, 2855.8825480621545, 1452.810040656435], [0.0, 0.0, 1.0]]
114|114|1|Snook|0.455|0.4209619412246722|1.9122891426086426|1959.9702485548064;1406.7898243413576|48|[-0.045947037637233734, -0.09184899181127548, 0.0]|[0.021205013617873192, 0.0318765789270401, 0.9992668628692627]|[[2832.6628438838216, 0.0, 1968.0272553880557], [0.0, 2855.8825480621545, 1452.810040656435], [0.0, 0.0, 1.0]]
114|114|1|Snook|0.455|0.4269878202851422|1.9388854503631592|1960.2735093967265;1408.9998572467157|48|[-0.045947037637233734, -0.09184899181127548, 0.0]|[0.021205013617873192, 0.0318765789270401, 0.9992668628692627]|[[2832.6628438838216, 0.0, 1968.0272553880557], [0.0, 2855.8825480621545, 1452.810040656435], [0.0, 0.0, 1.0]]
114|114|1|Snook|0.455|0.4257325822612069|1.9307447671890259|1960.9075036603463;1407.9586141281084|48|[-0.045947037637233734, -0.09184899181127548, 0.0]|[0.021205013617873192, 0.0318765789270401, 0.9992668628692627]|[[2832.6628438838216, 0.0, 1968.0272553880557], [0.0, 2855.8825480621545, 1452.810040656435], [0.0, 0.0, 1.0]]
114|114|1|Snook|0.455|0.426393688755486|1.9329760074615479|1959.737933984187;1408.758395476785|48|[-0.045947037637233734, -0.09184899181127548, 0.0]|[0.021205013617873192, 0.0318765789270401, 0.9992668628692627]|[[2832.6628438838216, 0.0, 1968.0272553880557], [0.0, 2855.8825480621545, 1452.810040656435], [0.0, 0.0, 1.0]]
114|114|1|Snook|0.455|0.4211100593191199|1.9061095714569092|1961.5245718719805;1405.4827002758743|48|[-0.045947037637233734, -0.09184899181127548, 0.0]|[0.021205013617873192, 0.0318765789270401, 0.9992668628692627]|[[2832.6628438838216, 0.0, 1968.0272553880557], [0.0, 2855.8825480621545, 1452.810040656435], [0.0, 0.0, 1.0]]
114|114|1|Snook|0.455|0.42186610634717875|1.9109992980957031|1960.4768857659344;1406.415406304877|48|[-0.045947037637233734, -0.09184899181127548, 0.0]|[0.021205013617873192, 0.0318765789270401, 0.9992668628692627]|[[2832.6628438838216, 0.0, 1968.0272553880557], [0.0, 2855.8825480621545, 1452.810040656435], [0.0, 0.0, 1.0]]
114|114|1|Snook|0.455|0.40946768164692177|1.8484983444213867|1960.1386481802429;1400.8457538994799|48|[-0.045947037637233734, -0.09184899181127548, 0.0]|[0.021205013617873192, 0.0318765789270401, 0.9992668628692627]|[[2832.6628438838216, 0.0, 1968.0272553880557], [0.0, 2855.8825480621545, 1452.810040656435], [0.0, 0.0, 1.0]]
114|114|1|Snook|0.455|0.4215790153243419|1.90971839427948|1961.6099188211017;1405.7597073440202|48|[-0.045947037637233734, -0.09184899181127548, 0.0]|[0.021205013617873192, 0.0318765789270401, 0.9992668628692627]|[[2832.6628438838216, 0.0, 1968.0272553880557], [0.0, 2855.8825480621545, 1452.810040656435], [0.0, 0.0, 1.0]]
114|114|1|Snook|0.455|0.4287948312546254|1.9426945447921753|1961.0994062451343;1408.914908198719|48|[-0.045947037637233734, -0.09184899181127548, 0.0]|[0.021205013617873192, 0.0318765789270401, 0.9992668628692627]|[[2832.6628438838216, 0.0, 1968.0272553880557], [0.0, 2855.8825480621545, 1452.810040656435], [0.0, 0.0, 1.0]]
114|114|1|Snook|0.455|0.4235281860653749|1.918973445892334|1960.0565442089248;1407.3413251309637|48|[-0.045947037637233734, -0.09184899181127548, 0.0]|[0.021205013617873192, 0.0318765789270401, 0.9992668628692627]|[[2832.6628438838216, 0.0, 1968.0272553880557], [0.0, 2855.8825480621545, 1452.810040656435], [0.0, 0.0, 1.0]]
114|114|1|Snook|0.455|0.42778991826341645|1.9366564750671387|1960.8551553879945;1408.4976379761517|48|[-0.045947037637233734, -0.09184899181127548, 0.0]|[0.021205013617873192, 0.0318765789270401, 0.9992668628692627]|[[2832.6628438838216, 0.0, 1968.0272553880557], [0.0, 2855.8825480621545, 1452.810040656435], [0.0, 0.0, 1.0]]
114|114|1|Snook|0.455|0.4237024650508506|1.915021300315857|1960.6603618532827;1406.6804273199355|48|[-0.045947037637233734, -0.09184899181127548, 0.0]|[0.021205013617873192, 0.0318765789270401, 0.9992668628692627]|[[2832.6628438838216, 0.0, 1968.0272553880557], [0.0, 2855.8825480621545, 1452.810040656435], [0.0, 0.0, 1.0]]
114|114|1|Snook|0.455|0.4182402843737967|1.890584945678711|1960.0701745835704;1404.7757453799709|48|[-0.045947037637233734, -0.09184899181127548, 0.0]|[0.021205013617873192, 0.0318765789270401, 0.9992668628692627]|[[2832.6628438838216, 0.0, 1968.0272553880557], [0.0, 2855.8825480621545, 1452.810040656435], [0.0, 0.0, 1.0]]
114|114|1|Snook|0.455|0.42963008204660175|1.9482680559158325|1962.4861959249884;1408.7115244419024|48|[-0.045947037637233734, -0.09184899181127548, 0.0]|[0.021205013617873192, 0.0318765789270401, 0.9992668628692627]|[[2832.6628438838216, 0.0, 1968.0272553880557], [0.0, 2855.8825480621545, 1452.810040656435], [0.0, 0.0, 1.0]]
114|114|1|Snook|0.455|0.4190926750858938|1.8967241048812866|1960.6603618532827;1405.0495287657293|48|[-0.045947037637233734, -0.09184899181127548, 0.0]|[0.021205013617873192, 0.0318765789270401, 0.9992668628692627]|[[2832.6628438838216, 0.0, 1968.0272553880557], [0.0, 2855.8825480621545, 1452.810040656435], [0.0, 0.0, 1.0]]
114|114|1|Snook|0.455|0.4248442957625838|1.9652212858200073|1964.5822922457094;1409.1573864871516|48|[-0.045947037637233734, -0.09184899181127548, 0.0]|[0.021205013617873192, 0.0318765789270401, 0.9992668628692627]|[[2832.6628438838216, 0.0, 1968.0272553880557], [0.0, 2855.8825480621545, 1452.810040656435], [0.0, 0.0, 1.0]]
114|114|1|Snook|0.455|0.41551542053766416|1.919172763824463|1960.7534486345107;1407.007567635883|48|[-0.045947037637233734, -0.09184899181127548, 0.0]|[0.021205013617873192, 0.0318765789270401, 0.9992668628692627]|[[2832.6628438838216, 0.0, 1968.0272553880557], [0.0, 2855.8825480621545, 1452.810040656435], [0.0, 0.0, 1.0]]
114|114|1|Snook|0.455|0.41598516926484114|1.9285982847213745|1960.2341042766154;1408.1074635548655|48|[-0.045947037637233734, -0.09184899181127548, 0.0]|[0.021205013617873192, 0.0318765789270401, 0.9992668628692627]|[[2832.6628438838216, 0.0, 1968.0272553880557], [0.0, 2855.8825480621545, 1452.810040656435], [0.0, 0.0, 1.0]]
114|114|1|Snook|0.455|0.4186380727584299|1.9436290264129639|1960.6778940537956;1409.2053746655756|48|[-0.045947037637233734, -0.09184899181127548, 0.0]|[0.021205013617873192, 0.0318765789270401, 0.9992668628692627]|[[2832.6628438838216, 0.0, 1968.0272553880557], [0.0, 2855.8825480621545, 1452.810040656435], [0.0, 0.0, 1.0]]
114|114|1|Snook|0.455|0.4106164701230942|1.901163101196289|1962.1682257012978;1404.7315978223971|48|[-0.045947037637233734, -0.09184899181127548, 0.0]|[0.021205013617873192, 0.0318765789270401, 0.9992668628692627]|[[2832.6628438838216, 0.0, 1968.0272553880557], [0.0, 2855.8825480621545, 1452.810040656435], [0.0, 0.0, 1.0]]
114|114|1|Snook|0.455|0.4104323655729028|1.8983017206192017|1962.4830818266357;1404.3382389750393|48|[-0.045947037637233734, -0.09184899181127548, 0.0]|[0.021205013617873192, 0.0318765789270401, 0.9992668628692627]|[[2832.6628438838216, 0.0, 1968.0272553880557], [0.0, 2855.8825480621545, 1452.810040656435], [0.0, 0.0, 1.0]]
114|114|1|Snook|0.455|0.4209454899586482|1.9438380002975464|1960.269674851219;1409.4365199214053|48|[-0.045947037637233734, -0.09184899181127548, 0.0]|[0.021205013617873192, 0.0318765789270401, 0.9992668628692627]|[[2832.6628438838216, 0.0, 1968.0272553880557], [0.0, 2855.8825480621545, 1452.810040656435], [0.0, 0.0, 1.0]]
114|114|1|Snook|0.455|0.41114402444822584|1.9010165929794312|1959.4891956622525;1406.019484845647|48|[-0.045947037637233734, -0.09184899181127548, 0.0]|[0.021205013617873192, 0.0318765789270401, 0.9992668628692627]|[[2832.6628438838216, 0.0, 1968.0272553880557], [0.0, 2855.8825480621545, 1452.810040656435], [0.0, 0.0, 1.0]]
114|114|1|Snook|0.455|0.40948617075684624|1.894445538520813|1960.57845036727;1404.8831229113905|48|[-0.045947037637233734, -0.09184899181127548, 0.0]|[0.021205013617873192, 0.0318765789270401, 0.9992668628692627]|[[2832.6628438838216, 0.0, 1968.0272553880557], [0.0, 2855.8825480621545, 1452.810040656435], [0.0, 0.0, 1.0]]
114|114|1|Snook|0.455|0.4182072289163991|1.9348626136779785|1961.4504680468676;1408.0520052613017|48|[-0.045947037637233734, -0.09184899181127548, 0.0]|[0.021205013617873192, 0.0318765789270401, 0.9992668628692627]|[[2832.6628438838216, 0.0, 1968.0272553880557], [0.0, 2855.8825480621545, 1452.810040656435], [0.0, 0.0, 1.0]]
114|114|1|Snook|0.455|0.41164146515441996|1.9039673805236816|1960.7623725766243;1405.6574325357276|48|[-0.045947037637233734, -0.09184899181127548, 0.0]|[0.021205013617873192, 0.0318765789270401, 0.9992668628692627]|[[2832.6628438838216, 0.0, 1968.0272553880557], [0.0, 2855.8825480621545, 1452.810040656435], [0.0, 0.0, 1.0]]
114|114|1|Snook|0.455|0.41831538433008336|1.9247949123382568|1959.5929400523319;1408.1083502983154|48|[-0.045947037637233734, -0.09184899181127548, 0.0]|[0.021205013617873192, 0.0318765789270401, 0.9992668628692627]|[[2832.6628438838216, 0.0, 1968.0272553880557], [0.0, 2855.8825480621545, 1452.810040656435], [0.0, 0.0, 1.0]]
114|114|1|Snook|0.455|0.4120548175552098|1.8997867107391357|1960.365207180172;1405.4630492143874|48|[-0.045947037637233734, -0.09184899181127548, 0.0]|[0.021205013617873192, 0.0318765789270401, 0.9992668628692627]|[[2832.6628438838216, 0.0, 1968.0272553880557], [0.0, 2855.8825480621545, 1452.810040656435], [0.0, 0.0, 1.0]]
114|114|1|Snook|0.455|0.412762000579404|1.9115509986877441|1959.991305100757;1406.7104589620458|48|[-0.045947037637233734, -0.09184899181127548, 0.0]|[0.021205013617873192, 0.0318765789270401, 0.9992668628692627]|[[2832.6628438838216, 0.0, 1968.0272553880557], [0.0, 2855.8825480621545, 1452.810040656435], [0.0, 0.0, 1.0]]
114|114|1|Snook|0.455|0.4180002318473946|1.935374140739441|1960.6268284768219;1408.5092310719244|48|[-0.045947037637233734, -0.09184899181127548, 0.0]|[0.021205013617873192, 0.0318765789270401, 0.9992668628692627]|[[2832.6628438838216, 0.0, 1968.0272553880557], [0.0, 2855.8825480621545, 1452.810040656435], [0.0, 0.0, 1.0]]
114|114|1|Snook|0.455|0.4111403657271052|1.8945828676223755|1959.8001247398;1405.284597357367|48|[-0.045947037637233734, -0.09184899181127548, 0.0]|[0.021205013617873192, 0.0318765789270401, 0.9992668628692627]|[[2832.6628438838216, 0.0, 1968.0272553880557], [0.0, 2855.8825480621545, 1452.810040656435], [0.0, 0.0, 1.0]]
114|114|1|Snook|0.455|0.40750736018541156|1.8907544612884521|1961.7729851381384;1403.991995369942|48|[-0.045947037637233734, -0.09184899181127548, 0.0]|[0.021205013617873192, 0.0318765789270401, 0.9992668628692627]|[[2832.6628438838216, 0.0, 1968.0272553880557], [0.0, 2855.8825480621545, 1452.810040656435], [0.0, 0.0, 1.0]]
114|114|1|Snook|0.455|0.4178409164681397|1.9303789138793945|1960.8828437241468;1407.9458496917046|48|[-0.045947037637233734, -0.09184899181127548, 0.0]|[0.021205013617873192, 0.0318765789270401, 0.9992668628692627]|[[2832.6628438838216, 0.0, 1968.0272553880557], [0.0, 2855.8825480621545, 1452.810040656435], [0.0, 0.0, 1.0]]
114|114|1|Snook|0.455|0.4093453970892609|1.8931924104690552|1959.5896001949036;1405.2505730668536|48|[-0.045947037637233734, -0.09184899181127548, 0.0]|[0.021205013617873192, 0.0318765789270401, 0.9992668628692627]|[[2832.6628438838216, 0.0, 1968.0272553880557], [0.0, 2855.8825480621545, 1452.810040656435], [0.0, 0.0, 1.0]]
114|114|1|Snook|0.455|0.41100470110434045|1.9138925075531006|1959.9136261712001;1406.9592686586518|48|[-0.045947037637233734, -0.09184899181127548, 0.0]|[0.021205013617873192, 0.0318765789270401, 0.9992668628692627]|[[2832.6628438838216, 0.0, 1968.0272553880557], [0.0, 2855.8825480621545, 1452.810040656435], [0.0, 0.0, 1.0]]
114|114|1|Snook|0.455|0.40994900535680195|1.9155306816101074|1960.4174681706393;1406.8500207860457|48|[-0.045947037637233734, -0.09184899181127548, 0.0]|[0.021205013617873192, 0.0318765789270401, 0.9992668628692627]|[[2832.6628438838216, 0.0, 1968.0272553880557], [0.0, 2855.8825480621545, 1452.810040656435], [0.0, 0.0, 1.0]]
114|114|1|Snook|0.455|0.4052964889337075|1.8903557062149048|1959.5500936014796;1405.017261076201|48|[-0.045947037637233734, -0.09184899181127548, 0.0]|[0.021205013617873192, 0.0318765789270401, 0.9992668628692627]|[[2832.6628438838216, 0.0, 1968.0272553880557], [0.0, 2855.8825480621545, 1452.810040656435], [0.0, 0.0, 1.0]]
114|114|1|Snook|0.455|0.40345577098177626|1.8879019021987915|1960.8581083029806;1404.1504959377232|48|[-0.045947037637233734, -0.09184899181127548, 0.0]|[0.021205013617873192, 0.0318765789270401, 0.9992668628692627]|[[2832.6628438838216, 0.0, 1968.0272553880557], [0.0, 2855.8825480621545, 1452.810040656435], [0.0, 0.0, 1.0]]
114|114|1|Snook|0.455|0.4149589610327588|1.9349431991577148|1960.7267628868397;1408.4102881650538|48|[-0.045947037637233734, -0.09184899181127548, 0.0]|[0.021205013617873192, 0.0318765789270401, 0.9992668628692627]|[[2832.6628438838216, 0.0, 1968.0272553880557], [0.0, 2855.8825480621545, 1452.810040656435], [0.0, 0.0, 1.0]]
114|114|1|Snook|0.455|0.39960271247600154|1.9000247716903687|1959.4061921042842;1405.9677705098445|48|[-0.045947037637233734, -0.09184899181127548, 0.0]|[0.021205013617873192, 0.0318765789270401, 0.9992668628692627]|[[2832.6628438838216, 0.0, 1968.0272553880557], [0.0, 2855.8825480621545, 1452.810040656435], [0.0, 0.0, 1.0]]
114|114|1|Snook|0.455|0.407080531202871|1.924112319946289|1959.4171435079904;1408.1359821838244|48|[-0.045947037637233734, -0.09184899181127548, 0.0]|[0.021205013617873192, 0.0318765789270401, 0.9992668628692627]|[[2832.6628438838216, 0.0, 1968.0272553880557], [0.0, 2855.8825480621545, 1452.810040656435], [0.0, 0.0, 1.0]]
114|114|1|Snook|0.455|0.4020135456029454|1.904271125793457|1959.5255222584542;1406.2897217033728|48|[-0.045947037637233734, -0.09184899181127548, 0.0]|[0.021205013617873192, 0.0318765789270401, 0.9992668628692627]|[[2832.6628438838216, 0.0, 1968.0272553880557], [0.0, 2855.8825480621545, 1452.810040656435], [0.0, 0.0, 1.0]]
114|114|1|Snook|0.455|0.4071743672249915|1.9250842332839966|1960.0950576290618;1407.8651076448211|48|[-0.045947037637233734, -0.09184899181127548, 0.0]|[0.021205013617873192, 0.0318765789270401, 0.9992668628692627]|[[2832.6628438838216, 0.0, 1968.0272553880557], [0.0, 2855.8825480621545, 1452.810040656435], [0.0, 0.0, 1.0]]
114|114|1|Snook|0.455|0.40894414002673185|1.931337833404541|1960.6222746255776;1408.1544536462036|48|[-0.045947037637233734, -0.09184899181127548, 0.0]|[0.021205013617873192, 0.0318765789270401, 0.9992668628692627]|[[2832.6628438838216, 0.0, 1968.0272553880557], [0.0, 2855.8825480621545, 1452.810040656435], [0.0, 0.0, 1.0]]
114|114|1|Snook|0.455|0.39739058916877384|1.8756412267684937|1959.646532528708;1403.6072138645375|48|[-0.045947037637233734, -0.09184899181127548, 0.0]|[0.021205013617873192, 0.0318765789270401, 0.9992668628692627]|[[2832.6628438838216, 0.0, 1968.0272553880557], [0.0, 2855.8825480621545, 1452.810040656435], [0.0, 0.0, 1.0]]
114|114|1|Snook|0.455|0.40764705473856927|1.931580901145935|1959.970935741819;1408.504854564229|48|[-0.045947037637233734, -0.09184899181127548, 0.0]|[0.021205013617873192, 0.0318765789270401, 0.9992668628692627]|[[2832.6628438838216, 0.0, 1968.0272553880557], [0.0, 2855.8825480621545, 1452.810040656435], [0.0, 0.0, 1.0]]
114|114|1|Snook|0.455|0.40777174816479306|1.9280261993408203|1961.032322907652;1407.6618719668234|48|[-0.045947037637233734, -0.09184899181127548, 0.0]|[0.021205013617873192, 0.0318765789270401, 0.9992668628692627]|[[2832.6628438838216, 0.0, 1968.0272553880557], [0.0, 2855.8825480621545, 1452.810040656435], [0.0, 0.0, 1.0]]
114|114|1|Snook|0.455|0.4107505747058935|1.9357285499572754|1961.998945521383;1407.8576800392514|48|[-0.045947037637233734, -0.09184899181127548, 0.0]|[0.021205013617873192, 0.0318765789270401, 0.9992668628692627]|[[2832.6628438838216, 0.0, 1968.0272553880557], [0.0, 2855.8825480621545, 1452.810040656435], [0.0, 0.0, 1.0]]
114|114|1|Snook|0.455|0.41055516349379056|1.9327155351638794|1959.8219281864021;1408.6815615875555|48|[-0.045947037637233734, -0.09184899181127548, 0.0]|[0.021205013617873192, 0.0318765789270401, 0.9992668628692627]|[[2832.6628438838216, 0.0, 1968.0272553880557], [0.0, 2855.8825480621545, 1452.810040656435], [0.0, 0.0, 1.0]]
114|114|1|Snook|0.455|0.4087943425195726|1.923482894897461|1959.9167489533054;1407.810893181377|48|[-0.045947037637233734, -0.09184899181127548, 0.0]|[0.021205013617873192, 0.0318765789270401, 0.9992668628692627]|[[2832.6628438838216, 0.0, 1968.0272553880557], [0.0, 2855.8825480621545, 1452.810040656435], [0.0, 0.0, 1.0]]
114|114|1|Snook|0.455|0.4017283589423265|1.8890165090560913|1959.7776929527831;1404.7829833990259|48|[-0.045947037637233734, -0.09184899181127548, 0.0]|[0.021205013617873192, 0.0318765789270401, 0.9992668628692627]|[[2832.6628438838216, 0.0, 1968.0272553880557], [0.0, 2855.8825480621545, 1452.810040656435], [0.0, 0.0, 1.0]]
114|114|1|Snook|0.455|0.3951623371019702|1.9112887382507324|1960.2937728704721;1406.5315659782934|48|[-0.045947037637233734, -0.09184899181127548, 0.0]|[0.021205013617873192, 0.0318765789270401, 0.9992668628692627]|[[2832.6628438838216, 0.0, 1968.0272553880557], [0.0, 2855.8825480621545, 1452.810040656435], [0.0, 0.0, 1.0]]
114|114|1|Snook|0.455|0.3921007243976701|1.8963963985443115|1959.1727850223872;1405.7527608026555|48|[-0.045947037637233734, -0.09184899181127548, 0.0]|[0.021205013617873192, 0.0318765789270401, 0.9992668628692627]|[[2832.6628438838216, 0.0, 1968.0272553880557], [0.0, 2855.8825480621545, 1452.810040656435], [0.0, 0.0, 1.0]]
114|114|1|Snook|0.455|0.3919437381214057|1.9118115901947021|1959.411600769785;1407.0294083493707|48|[-0.045947037637233734, -0.09184899181127548, 0.0]|[0.021205013617873192, 0.0318765789270401, 0.9992668628692627]|[[2832.6628438838216, 0.0, 1968.0272553880557], [0.0, 2855.8825480621545, 1452.810040656435], [0.0, 0.0, 1.0]]
114|114|1|Snook|0.455|0.3895253705364277|1.878466010093689|1960.0280003192083;1403.6923085890862|48|[-0.045947037637233734, -0.09184899181127548, 0.0]|[0.021205013617873192, 0.0318765789270401, 0.9992668628692627]|[[2832.6628438838216, 0.0, 1968.0272553880557], [0.0, 2855.8825480621545, 1452.810040656435], [0.0, 0.0, 1.0]]
114|114|1|Snook|0.455|0.41191081104939614|1.9850051403045654|1964.774613942633;1410.696498801278|48|[-0.045947037637233734, -0.09184899181127548, 0.0]|[0.021205013617873192, 0.0318765789270401, 0.9992668628692627]|[[2832.6628438838216, 0.0, 1968.0272553880557], [0.0, 2855.8825480621545, 1452.810040656435], [0.0, 0.0, 1.0]]
114|114|1|Snook|0.455|0.3959917789223521|1.9139760732650757|1959.7338294860458;1407.0637780271743|48|[-0.045947037637233734, -0.09184899181127548, 0.0]|[0.021205013617873192, 0.0318765789270401, 0.9992668628692627]|[[2832.6628438838216, 0.0, 1968.0272553880557], [0.0, 2855.8825480621545, 1452.810040656435], [0.0, 0.0, 1.0]]
114|114|1|Snook|0.455|0.3989343915649592|1.9278650283813477|1959.9012067477074;1408.2112149137824|48|[-0.045947037637233734, -0.09184899181127548, 0.0]|[0.021205013617873192, 0.0318765789270401, 0.9992668628692627]|[[2832.6628438838216, 0.0, 1968.0272553880557], [0.0, 2855.8825480621545, 1452.810040656435], [0.0, 0.0, 1.0]]
114|114|1|Snook|0.455|0.39033208341313846|1.9002630710601807|1958.6891734575088;1406.3573923166473|48|[-0.045947037637233734, -0.09184899181127548, 0.0]|[0.021205013617873192, 0.0318765789270401, 0.9992668628692627]|[[2832.6628438838216, 0.0, 1968.0272553880557], [0.0, 2855.8825480621545, 1452.810040656435], [0.0, 0.0, 1.0]]
114|114|1|Snook|0.455|0.38822383665136856|1.881954312324524|1958.648313655755;1404.6940525621399|48|[-0.045947037637233734, -0.09184899181127548, 0.0]|[0.021205013617873192, 0.0318765789270401, 0.9992668628692627]|[[2832.6628438838216, 0.0, 1968.0272553880557], [0.0, 2855.8825480621545, 1452.810040656435], [0.0, 0.0, 1.0]]
114|114|1|Snook|0.455|0.3887145600930929|1.8834065198898315|1960.2781070375868;1404.0238944479142|48|[-0.045947037637233734, -0.09184899181127548, 0.0]|[0.021205013617873192, 0.0318765789270401, 0.9992668628692627]|[[2832.6628438838216, 0.0, 1968.0272553880557], [0.0, 2855.8825480621545, 1452.810040656435], [0.0, 0.0, 1.0]]
114|114|1|Snook|0.455|0.3882606066542817|1.8917629718780518|1960.4535086135907;1404.6921834499296|48|[-0.045947037637233734, -0.09184899181127548, 0.0]|[0.021205013617873192, 0.0318765789270401, 0.9992668628692627]|[[2832.6628438838216, 0.0, 1968.0272553880557], [0.0, 2855.8825480621545, 1452.810040656435], [0.0, 0.0, 1.0]]
114|114|1|Snook|0.455|0.3878057587503378|1.8727296590805054|1960.5189282605106;1402.9298951297085|48|[-0.045947037637233734, -0.09184899181127548, 0.0]|[0.021205013617873192, 0.0318765789270401, 0.9992668628692627]|[[2832.6628438838216, 0.0, 1968.0272553880557], [0.0, 2855.8825480621545, 1452.810040656435], [0.0, 0.0, 1.0]]
114|114|1|Snook|0.455|0.3893590083852528|1.8856180906295776|1959.264359989842;1404.7166803317011|48|[-0.045947037637233734, -0.09184899181127548, 0.0]|[0.021205013617873192, 0.0318765789270401, 0.9992668628692627]|[[2832.6628438838216, 0.0, 1968.0272553880557], [0.0, 2855.8825480621545, 1452.810040656435], [0.0, 0.0, 1.0]]
114|114|1|Snook|0.455|0.38807469309146914|1.8800450563430786|1959.9241010762855;1403.8845343379087|48|[-0.045947037637233734, -0.09184899181127548, 0.0]|[0.021205013617873192, 0.0318765789270401, 0.9992668628692627]|[[2832.6628438838216, 0.0, 1968.0272553880557], [0.0, 2855.8825480621545, 1452.810040656435], [0.0, 0.0, 1.0]]
114|114|1|Snook|0.455|0.38970104502371894|1.8832403421401978|1960.0360712368768;1404.1195673965392|48|[-0.045947037637233734, -0.09184899181127548, 0.0]|[0.021205013617873192, 0.0318765789270401, 0.9992668628692627]|[[2832.6628438838216, 0.0, 1968.0272553880557], [0.0, 2855.8825480621545, 1452.810040656435], [0.0, 0.0, 1.0]]
114|114|1|Snook|0.455|0.4049132299816817|1.951743245124817|1960.001135949045;1410.2604329209817|48|[-0.045947037637233734, -0.09184899181127548, 0.0]|[0.021205013617873192, 0.0318765789270401, 0.9992668628692627]|[[2832.6628438838216, 0.0, 1968.0272553880557], [0.0, 2855.8825480621545, 1452.810040656435], [0.0, 0.0, 1.0]]
114|114|1|Snook|0.455|0.3962421321247878|1.9197560548782349|1961.4651540481875;1406.7175131147465|48|[-0.045947037637233734, -0.09184899181127548, 0.0]|[0.021205013617873192, 0.0318765789270401, 0.9992668628692627]|[[2832.6628438838216, 0.0, 1968.0272553880557], [0.0, 2855.8825480621545, 1452.810040656435], [0.0, 0.0, 1.0]]
114|114|1|Snook|0.455|0.3928735899187392|1.8887090682983398|1960.0283886635275;1404.6214178952503|48|[-0.045947037637233734, -0.09184899181127548, 0.0]|[0.021205013617873192, 0.0318765789270401, 0.9992668628692627]|[[2832.6628438838216, 0.0, 1968.0272553880557], [0.0, 2855.8825480621545, 1452.810040656435], [0.0, 0.0, 1.0]]
114|114|1|Snook|0.455|0.3938950093666093|1.8952962160110474|1960.5000000000002;1405.0000000000002|48|[-0.045947037637233734, -0.09184899181127548, 0.0]|[0.021205013617873192, 0.0318765789270401, 0.9992668628692627]|[[2832.6628438838216, 0.0, 1968.0272553880557], [0.0, 2855.8825480621545, 1452.810040656435], [0.0, 0.0, 1.0]]
114|114|1|Snook|0.455|0.3915021183343806|1.886099934577942|1959.2177219183498;1404.793790766994|48|[-0.045947037637233734, -0.09184899181127548, 0.0]|[0.021205013617873192, 0.0318765789270401, 0.9992668628692627]|[[2832.6628438838216, 0.0, 1968.0272553880557], [0.0, 2855.8825480621545, 1452.810040656435], [0.0, 0.0, 1.0]]
114|114|1|Snook|0.455|0.3962429180889005|1.9071836471557617|1960.39410106131;1406.1194482857907|48|[-0.045947037637233734, -0.09184899181127548, 0.0]|[0.021205013617873192, 0.0318765789270401, 0.9992668628692627]|[[2832.6628438838216, 0.0, 1968.0272553880557], [0.0, 2855.8825480621545, 1452.810040656435], [0.0, 0.0, 1.0]]
114|114|1|Snook|0.455|0.38847133310054394|1.9041041135787964|1959.741305250646;1406.1676602407126|48|[-0.045947037637233734, -0.09184899181127548, 0.0]|[0.021205013617873192, 0.0318765789270401, 0.9992668628692627]|[[2832.6628438838216, 0.0, 1968.0272553880557], [0.0, 2855.8825480621545, 1452.810040656435], [0.0, 0.0, 1.0]]
114|114|1|Snook|0.455|0.3873922603529666|1.9037882089614868|1959.4518467183607;1406.292664390339|48|[-0.045947037637233734, -0.09184899181127548, 0.0]|[0.021205013617873192, 0.0318765789270401, 0.9992668628692627]|[[2832.6628438838216, 0.0, 1968.0272553880557], [0.0, 2855.8825480621545, 1452.810040656435], [0.0, 0.0, 1.0]]
114|114|1|Snook|0.455|0.38368312921699715|1.8984410762786865|1960.2375340997326;1405.409737074061|48|[-0.045947037637233734, -0.09184899181127548, 0.0]|[0.021205013617873192, 0.0318765789270401, 0.9992668628692627]|[[2832.6628438838216, 0.0, 1968.0272553880557], [0.0, 2855.8825480621545, 1452.810040656435], [0.0, 0.0, 1.0]]
114|114|1|Snook|0.455|0.38662862465600645|1.903430461883545|1960.3806792397436;1405.7855689469247|48|[-0.045947037637233734, -0.09184899181127548, 0.0]|[0.021205013617873192, 0.0318765789270401, 0.9992668628692627]|[[2832.6628438838216, 0.0, 1968.0272553880557], [0.0, 2855.8825480621545, 1452.810040656435], [0.0, 0.0, 1.0]]
114|114|1|Snook|0.455|0.38612918454400563|1.9032729864120483|1960.5016405512638;1405.7175094825684|48|[-0.045947037637233734, -0.09184899181127548, 0.0]|[0.021205013617873192, 0.0318765789270401, 0.9992668628692627]|[[2832.6628438838216, 0.0, 1968.0272553880557], [0.0, 2855.8825480621545, 1452.810040656435], [0.0, 0.0, 1.0]]
114|114|1|Snook|0.455|0.3849835357044047|1.9014370441436768|1960.249461856248;1405.6823511549474|48|[-0.045947037637233734, -0.09184899181127548, 0.0]|[0.021205013617873192, 0.0318765789270401, 0.9992668628692627]|[[2832.6628438838216, 0.0, 1968.0272553880557], [0.0, 2855.8825480621545, 1452.810040656435], [0.0, 0.0, 1.0]]
114|114|1|Snook|0.455|0.39156557341794684|1.9242712259292603|1959.7969311621127;1407.9516450036817|48|[-0.045947037637233734, -0.09184899181127548, 0.0]|[0.021205013617873192, 0.0318765789270401, 0.9992668628692627]|[[2832.6628438838216, 0.0, 1968.0272553880557], [0.0, 2855.8825480621545, 1452.810040656435], [0.0, 0.0, 1.0]]
114|114|1|Snook|0.455|0.38920881779191346|1.9270398616790771|1958.9453134550106;1408.6447994387345|48|[-0.045947037637233734, -0.09184899181127548, 0.0]|[0.021205013617873192, 0.0318765789270401, 0.9992668628692627]|[[2832.6628438838216, 0.0, 1968.0272553880557], [0.0, 2855.8825480621545, 1452.810040656435], [0.0, 0.0, 1.0]]
114|114|1|Snook|0.455|0.38224213466794954|1.8926854133605957|1959.7756554774307;1405.111632098853|48|[-0.045947037637233734, -0.09184899181127548, 0.0]|[0.021205013617873192, 0.0318765789270401, 0.9992668628692627]|[[2832.6628438838216, 0.0, 1968.0272553880557], [0.0, 2855.8825480621545, 1452.810040656435], [0.0, 0.0, 1.0]]
114|114|1|Snook|0.455|0.3898540923698812|1.9269851446151733|1959.9385328289782;1408.1124743028743|48|[-0.045947037637233734, -0.09184899181127548, 0.0]|[0.021205013617873192, 0.0318765789270401, 0.9992668628692627]|[[2832.6628438838216, 0.0, 1968.0272553880557], [0.0, 2855.8825480621545, 1452.810040656435], [0.0, 0.0, 1.0]]
114|114|1|Snook|0.455|0.393672215056304|1.9429470300674438|1962.4036443463274;1408.2777933192049|48|[-0.045947037637233734, -0.09184899181127548, 0.0]|[0.021205013617873192, 0.0318765789270401, 0.9992668628692627]|[[2832.6628438838216, 0.0, 1968.0272553880557], [0.0, 2855.8825480621545, 1452.810040656435], [0.0, 0.0, 1.0]]
114|114|1|Snook|0.455|0.3821904295081509|1.8880925178527832|1959.915328335091;1404.6299803533466|48|[-0.045947037637233734, -0.09184899181127548, 0.0]|[0.021205013617873192, 0.0318765789270401, 0.9992668628692627]|[[2832.6628438838216, 0.0, 1968.0272553880557], [0.0, 2855.8825480621545, 1452.810040656435], [0.0, 0.0, 1.0]]
114|114|1|Snook|0.455|0.38604510866715563|1.9081398248672485|1959.4764835338774;1406.6737186219561|48|[-0.045947037637233734, -0.09184899181127548, 0.0]|[0.021205013617873192, 0.0318765789270401, 0.9992668628692627]|[[2832.6628438838216, 0.0, 1968.0272553880557], [0.0, 2855.8825480621545, 1452.810040656435], [0.0, 0.0, 1.0]]
114|114|1|Snook|0.455|0.38264211520120717|1.892116665840149|1961.2306495534317;1404.3658301641533|48|[-0.045947037637233734, -0.09184899181127548, 0.0]|[0.021205013617873192, 0.0318765789270401, 0.9992668628692627]|[[2832.6628438838216, 0.0, 1968.0272553880557], [0.0, 2855.8825480621545, 1452.810040656435], [0.0, 0.0, 1.0]]
114|114|1|Snook|0.455|0.3787397963853421|1.8710556030273438|1959.4898109181029;1403.2651850824275|48|[-0.045947037637233734, -0.09184899181127548, 0.0]|[0.021205013617873192, 0.0318765789270401, 0.9992668628692627]|[[2832.6628438838216, 0.0, 1968.0272553880557], [0.0, 2855.8825480621545, 1452.810040656435], [0.0, 0.0, 1.0]]
114|114|1|Snook|0.455|0.3875976858527949|1.9086121320724487|1958.7630164586446;1407.0835371636724|48|[-0.045947037637233734, -0.09184899181127548, 0.0]|[0.021205013617873192, 0.0318765789270401, 0.9992668628692627]|[[2832.6628438838216, 0.0, 1968.0272553880557], [0.0, 2855.8825480621545, 1452.810040656435], [0.0, 0.0, 1.0]]
114|114|1|Snook|0.455|0.38891170587019913|1.9168415069580078|1960.9120517553943;1406.7290552784932|48|[-0.045947037637233734, -0.09184899181127548, 0.0]|[0.021205013617873192, 0.0318765789270401, 0.9992668628692627]|[[2832.6628438838216, 0.0, 1968.0272553880557], [0.0, 2855.8825480621545, 1452.810040656435], [0.0, 0.0, 1.0]]
114|114|1|Snook|0.455|0.3854292234157646|1.901059627532959|1960.7884892412449;1405.3739050040151|48|[-0.045947037637233734, -0.09184899181127548, 0.0]|[0.021205013617873192, 0.0318765789270401, 0.9992668628692627]|[[2832.6628438838216, 0.0, 1968.0272553880557], [0.0, 2855.8825480621545, 1452.810040656435], [0.0, 0.0, 1.0]]
114|114|1|Snook|0.455|0.387899213730014|1.9085347652435303|1959.925615620983;1406.4822908883514|48|[-0.045947037637233734, -0.09184899181127548, 0.0]|[0.021205013617873192, 0.0318765789270401, 0.9992668628692627]|[[2832.6628438838216, 0.0, 1968.0272553880557], [0.0, 2855.8825480621545, 1452.810040656435], [0.0, 0.0, 1.0]]
114|114|1|Snook|0.455|0.3627049371510451|1.918941855430603|1959.801852590847;1407.4726235503804|48|[-0.045947037637233734, -0.09184899181127548, 0.0]|[0.021205013617873192, 0.0318765789270401, 0.9992668628692627]|[[2832.6628438838216, 0.0, 1968.0272553880557], [0.0, 2855.8825480621545, 1452.810040656435], [0.0, 0.0, 1.0]]
114|114|1|Snook|0.455|0.3592702812654252|1.8955566883087158|1959.4927867519764;1405.5128522186285|48|[-0.045947037637233734, -0.09184899181127548, 0.0]|[0.021205013617873192, 0.0318765789270401, 0.9992668628692627]|[[2832.6628438838216, 0.0, 1968.0272553880557], [0.0, 2855.8825480621545, 1452.810040656435], [0.0, 0.0, 1.0]]
114|114|1|Snook|0.455|0.36388553892185327|1.9162230491638184|1960.3905205467647;1406.9299571101806|48|[-0.045947037637233734, -0.09184899181127548, 0.0]|[0.021205013617873192, 0.0318765789270401, 0.9992668628692627]|[[2832.6628438838216, 0.0, 1968.0272553880557], [0.0, 2855.8825480621545, 1452.810040656435], [0.0, 0.0, 1.0]]
114|114|1|Snook|0.455|0.35742000421325654|1.8849658966064453|1959.839874116057;1404.3742936557483|48|[-0.045947037637233734, -0.09184899181127548, 0.0]|[0.021205013617873192, 0.0318765789270401, 0.9992668628692627]|[[2832.6628438838216, 0.0, 1968.0272553880557], [0.0, 2855.8825480621545, 1452.810040656435], [0.0, 0.0, 1.0]]
114|114|1|Snook|0.455|0.36046775464410724|1.905072569847107|1960.8090725474433;1405.725078122916|48|[-0.045947037637233734, -0.09184899181127548, 0.0]|[0.021205013617873192, 0.0318765789270401, 0.9992668628692627]|[[2832.6628438838216, 0.0, 1968.0272553880557], [0.0, 2855.8825480621545, 1452.810040656435], [0.0, 0.0, 1.0]]
114|114|1|Snook|0.455|0.3595439433208145|1.89680814743042|1958.82249418016;1405.976541874535|48|[-0.045947037637233734, -0.09184899181127548, 0.0]|[0.021205013617873192, 0.0318765789270401, 0.9992668628692627]|[[2832.6628438838216, 0.0, 1968.0272553880557], [0.0, 2855.8825480621545, 1452.810040656435], [0.0, 0.0, 1.0]]
114|114|1|Snook|0.455|0.3697046011801972|1.9364593029022217|1961.920593743537;1407.9626749758343|48|[-0.045947037637233734, -0.09184899181127548, 0.0]|[0.021205013617873192, 0.0318765789270401, 0.9992668628692627]|[[2832.6628438838216, 0.0, 1968.0272553880557], [0.0, 2855.8825480621545, 1452.810040656435], [0.0, 0.0, 1.0]]
114|114|1|Snook|0.455|0.3608117652071657|1.8893892765045166|1960.8288922716;1404.3023153505594|48|[-0.045947037637233734, -0.09184899181127548, 0.0]|[0.021205013617873192, 0.0318765789270401, 0.9992668628692627]|[[2832.6628438838216, 0.0, 1968.0272553880557], [0.0, 2855.8825480621545, 1452.810040656435], [0.0, 0.0, 1.0]]
114|114|1|Snook|0.455|0.3619108059018253|1.9029147624969482|1960.852294625763;1405.512861656052|48|[-0.045947037637233734, -0.09184899181127548, 0.0]|[0.021205013617873192, 0.0318765789270401, 0.9992668628692627]|[[2832.6628438838216, 0.0, 1968.0272553880557], [0.0, 2855.8825480621545, 1452.810040656435], [0.0, 0.0, 1.0]]
114|114|1|Snook|0.455|0.3624762016750858|1.9228001832962036|1961.245985494673;1407.0932983077262|48|[-0.045947037637233734, -0.09184899181127548, 0.0]|[0.021205013617873192, 0.0318765789270401, 0.9992668628692627]|[[2832.6628438838216, 0.0, 1968.0272553880557], [0.0, 2855.8825480621545, 1452.810040656435], [0.0, 0.0, 1.0]]
114|114|1|Snook|0.455|0.3623606435876034|1.913723349571228|1960.688330077268;1406.561950125546|48|[-0.045947037637233734, -0.09184899181127548, 0.0]|[0.021205013617873192, 0.0318765789270401, 0.9992668628692627]|[[2832.6628438838216, 0.0, 1968.0272553880557], [0.0, 2855.8825480621545, 1452.810040656435], [0.0, 0.0, 1.0]]
114|114|1|Snook|0.455|0.3621357800033167|1.908530592918396|1959.8574384399587;1406.5171224679498|48|[-0.045947037637233734, -0.09184899181127548, 0.0]|[0.021205013617873192, 0.0318765789270401, 0.9992668628692627]|[[2832.6628438838216, 0.0, 1968.0272553880557], [0.0, 2855.8825480621545, 1452.810040656435], [0.0, 0.0, 1.0]]
114|114|1|Snook|0.455|0.34310431805010694|1.8815076351165771|1961.3376005559728;1403.3498127869202|48|[-0.045947037637233734, -0.09184899181127548, 0.0]|[0.021205013617873192, 0.0318765789270401, 0.9992668628692627]|[[2832.6628438838216, 0.0, 1968.0272553880557], [0.0, 2855.8825480621545, 1452.810040656435], [0.0, 0.0, 1.0]]
114|114|1|Snook|0.455|0.35247727374063004|1.9256865978240967|1963.3306169965074;1406.3573923166473|48|[-0.045947037637233734, -0.09184899181127548, 0.0]|[0.021205013617873192, 0.0318765789270401, 0.9992668628692627]|[[2832.6628438838216, 0.0, 1968.0272553880557], [0.0, 2855.8825480621545, 1452.810040656435], [0.0, 0.0, 1.0]]
114|114|1|Snook|0.455|0.35334554625231807|1.9244478940963745|1960.2341042766154;1407.736804792546|48|[-0.045947037637233734, -0.09184899181127548, 0.0]|[0.021205013617873192, 0.0318765789270401, 0.9992668628692627]|[[2832.6628438838216, 0.0, 1968.0272553880557], [0.0, 2855.8825480621545, 1452.810040656435], [0.0, 0.0, 1.0]]
114|114|1|Snook|0.455|0.3514747574810073|1.9234912395477295|1960.0283886635275;1407.760897612097|48|[-0.045947037637233734, -0.09184899181127548, 0.0]|[0.021205013617873192, 0.0318765789270401, 0.9992668628692627]|[[2832.6628438838216, 0.0, 1968.0272553880557], [0.0, 2855.8825480621545, 1452.810040656435], [0.0, 0.0, 1.0]]
114|114|1|Snook|0.455|0.34232729922831256|1.8710689544677734|1960.0565442089248;1402.9918762168695|48|[-0.045947037637233734, -0.09184899181127548, 0.0]|[0.021205013617873192, 0.0318765789270401, 0.9992668628692627]|[[2832.6628438838216, 0.0, 1968.0272553880557], [0.0, 2855.8825480621545, 1452.810040656435], [0.0, 0.0, 1.0]]
114|114|1|Snook|0.455|0.3422474569793785|1.889774203300476|1960.4512991428494;1404.5138207528378|48|[-0.045947037637233734, -0.09184899181127548, 0.0]|[0.021205013617873192, 0.0318765789270401, 0.9992668628692627]|[[2832.6628438838216, 0.0, 1968.0272553880557], [0.0, 2855.8825480621545, 1452.810040656435], [0.0, 0.0, 1.0]]
114|114|1|Snook|0.455|0.3486867354188867|1.9092915058135986|1959.7262739164275;1406.6496692538271|48|[-0.045947037637233734, -0.09184899181127548, 0.0]|[0.021205013617873192, 0.0318765789270401, 0.9992668628692627]|[[2832.6628438838216, 0.0, 1968.0272553880557], [0.0, 2855.8825480621545, 1452.810040656435], [0.0, 0.0, 1.0]]
114|114|1|Snook|0.455|0.34604458969587953|1.9025651216506958|1960.6178680579708;1405.5991129684583|48|[-0.045947037637233734, -0.09184899181127548, 0.0]|[0.021205013617873192, 0.0318765789270401, 0.9992668628692627]|[[2832.6628438838216, 0.0, 1968.0272553880557], [0.0, 2855.8825480621545, 1452.810040656435], [0.0, 0.0, 1.0]]
114|114|1|Snook|0.455|0.3447283609597941|1.9079982042312622|1959.9544695203367;1406.416833264758|48|[-0.045947037637233734, -0.09184899181127548, 0.0]|[0.021205013617873192, 0.0318765789270401, 0.9992668628692627]|[[2832.6628438838216, 0.0, 1968.0272553880557], [0.0, 2855.8825480621545, 1452.810040656435], [0.0, 0.0, 1.0]]
114|114|1|Snook|0.455|0.3565128359361079|1.9637045860290527|1962.0163847547983;1410.2604329209817|48|[-0.045947037637233734, -0.09184899181127548, 0.0]|[0.021205013617873192, 0.0318765789270401, 0.9992668628692627]|[[2832.6628438838216, 0.0, 1968.0272553880557], [0.0, 2855.8825480621545, 1452.810040656435], [0.0, 0.0, 1.0]]
114|114|1|Snook|0.455|0.3379324911309801|1.8711386919021606|1959.258460027551;1403.3882221292397|48|[-0.045947037637233734, -0.09184899181127548, 0.0]|[0.021205013617873192, 0.0318765789270401, 0.9992668628692627]|[[2832.6628438838216, 0.0, 1968.0272553880557], [0.0, 2855.8825480621545, 1452.810040656435], [0.0, 0.0, 1.0]]
114|114|1|Snook|0.455|0.34694564925149274|1.9055192470550537|1959.5385537809748;1406.3968733667607|48|[-0.045947037637233734, -0.09184899181127548, 0.0]|[0.021205013617873192, 0.0318765789270401, 0.9992668628692627]|[[2832.6628438838216, 0.0, 1968.0272553880557], [0.0, 2855.8825480621545, 1452.810040656435], [0.0, 0.0, 1.0]]
114|114|1|Snook|0.455|0.3412931398533885|1.861167311668396|1959.7064502202472;1402.2317059455104|48|[-0.045947037637233734, -0.09184899181127548, 0.0]|[0.021205013617873192, 0.0318765789270401, 0.9992668628692627]|[[2832.6628438838216, 0.0, 1968.0272553880557], [0.0, 2855.8825480621545, 1452.810040656435], [0.0, 0.0, 1.0]]
114|114|1|Snook|0.455|0.3021674392991411|1.8963853120803833|1960.7846236709192;1404.9612785047489|48|[-0.045947037637233734, -0.09184899181127548, 0.0]|[0.021205013617873192, 0.0318765789270401, 0.9992668628692627]|[[2832.6628438838216, 0.0, 1968.0272553880557], [0.0, 2855.8825480621545, 1452.810040656435], [0.0, 0.0, 1.0]]
114|114|1|Snook|0.455|0.30555146014146783|1.905354619026184|1960.954395145932;1405.683040806573|48|[-0.045947037637233734, -0.09184899181127548, 0.0]|[0.021205013617873192, 0.0318765789270401, 0.9992668628692627]|[[2832.6628438838216, 0.0, 1968.0272553880557], [0.0, 2855.8825480621545, 1452.810040656435], [0.0, 0.0, 1.0]]
114|114|1|Snook|0.455|0.30644072940575307|1.9043899774551392|1959.66319932236;1406.237794505655|48|[-0.045947037637233734, -0.09184899181127548, 0.0]|[0.021205013617873192, 0.0318765789270401, 0.9992668628692627]|[[2832.6628438838216, 0.0, 1968.0272553880557], [0.0, 2855.8825480621545, 1452.810040656435], [0.0, 0.0, 1.0]]
114|114|1|Snook|0.455|0.30583225294791994|1.9026122093200684|1958.8339784102216;1406.5023823702982|48|[-0.045947037637233734, -0.09184899181127548, 0.0]|[0.021205013617873192, 0.0318765789270401, 0.9992668628692627]|[[2832.6628438838216, 0.0, 1968.0272553880557], [0.0, 2855.8825480621545, 1452.810040656435], [0.0, 0.0, 1.0]]
114|114|1|Snook|0.455|0.3025780977194919|1.9358974695205688|1960.1270105895258;1408.8020985727107|48|[-0.045947037637233734, -0.09184899181127548, 0.0]|[0.021205013617873192, 0.0318765789270401, 0.9992668628692627]|[[2832.6628438838216, 0.0, 1968.0272553880557], [0.0, 2855.8825480621545, 1452.810040656435], [0.0, 0.0, 1.0]]
114|114|1|Snook|0.455|0.31123707157230107|1.9297077655792236|1961.4770629095615;1407.5759334318805|48|[-0.045947037637233734, -0.09184899181127548, 0.0]|[0.021205013617873192, 0.0318765789270401, 0.9992668628692627]|[[2832.6628438838216, 0.0, 1968.0272553880557], [0.0, 2855.8825480621545, 1452.810040656435], [0.0, 0.0, 1.0]]
114|114|1|Snook|0.455|0.3041121831677078|1.9228475093841553|1960.0669666151273;1407.6841830164708|48|[-0.045947037637233734, -0.09184899181127548, 0.0]|[0.021205013617873192, 0.0318765789270401, 0.9992668628692627]|[[2832.6628438838216, 0.0, 1968.0272553880557], [0.0, 2855.8825480621545, 1452.810040656435], [0.0, 0.0, 1.0]]
114|114|1|Snook|0.455|0.3105368020205435|1.9352355003356934|1960.9262551062736;1408.3343491995583|48|[-0.045947037637233734, -0.09184899181127548, 0.0]|[0.021205013617873192, 0.0318765789270401, 0.9992668628692627]|[[2832.6628438838216, 0.0, 1968.0272553880557], [0.0, 2855.8825480621545, 1452.810040656435], [0.0, 0.0, 1.0]]
114|114|1|Snook|0.455|0.31053254393950935|1.915199875831604|1961.154239489911;1406.4577404396307|48|[-0.045947037637233734, -0.09184899181127548, 0.0]|[0.021205013617873192, 0.0318765789270401, 0.9992668628692627]|[[2832.6628438838216, 0.0, 1968.0272553880557], [0.0, 2855.8825480621545, 1452.810040656435], [0.0, 0.0, 1.0]]
114|114|1|Snook|0.455|0.31020197894518636|1.9280985593795776|1960.2951952934118;1408.0348443377047|48|[-0.045947037637233734, -0.09184899181127548, 0.0]|[0.021205013617873192, 0.0318765789270401, 0.9992668628692627]|[[2832.6628438838216, 0.0, 1968.0272553880557], [0.0, 2855.8825480621545, 1452.810040656435], [0.0, 0.0, 1.0]]
114|114|1|Snook|0.455|0.30864910735652284|1.8946584463119507|1957.7220478304198;1406.361785375521|48|[-0.045947037637233734, -0.09184899181127548, 0.0]|[0.021205013617873192, 0.0318765789270401, 0.9992668628692627]|[[2832.6628438838216, 0.0, 1968.0272553880557], [0.0, 2855.8825480621545, 1452.810040656435], [0.0, 0.0, 1.0]]
114|114|1|Snook|0.455|0.30961593281125194|1.9109135866165161|1958.9510879862737;1407.2004930543726|48|[-0.045947037637233734, -0.09184899181127548, 0.0]|[0.021205013617873192, 0.0318765789270401, 0.9992668628692627]|[[2832.6628438838216, 0.0, 1968.0272553880557], [0.0, 2855.8825480621545, 1452.810040656435], [0.0, 0.0, 1.0]]
114|114|1|Snook|0.455|0.3093598229107101|1.8821921348571777|1959.8518743425557;1404.120526271535|48|[-0.045947037637233734, -0.09184899181127548, 0.0]|[0.021205013617873192, 0.0318765789270401, 0.9992668628692627]|[[2832.6628438838216, 0.0, 1968.0272553880557], [0.0, 2855.8825480621545, 1452.810040656435], [0.0, 0.0, 1.0]]
114|114|1|Snook|0.455|0.32308908483792037|1.9591333866119385|1963.3765751323062;1409.2089855070903|48|[-0.045947037637233734, -0.09184899181127548, 0.0]|[0.021205013617873192, 0.0318765789270401, 0.9992668628692627]|[[2832.6628438838216, 0.0, 1968.0272553880557], [0.0, 2855.8825480621545, 1452.810040656435], [0.0, 0.0, 1.0]]
114|114|1|Snook|0.455|0.3098834980001177|1.8875200748443604|1959.497116810624;1404.7745245140327|48|[-0.045947037637233734, -0.09184899181127548, 0.0]|[0.021205013617873192, 0.0318765789270401, 0.9992668628692627]|[[2832.6628438838216, 0.0, 1968.0272553880557], [0.0, 2855.8825480621545, 1452.810040656435], [0.0, 0.0, 1.0]]
114|114|1|Snook|0.455|0.31891294343217397|1.9404444694519043|1961.2873299007958;1408.618907619014|48|[-0.045947037637233734, -0.09184899181127548, 0.0]|[0.021205013617873192, 0.0318765789270401, 0.9992668628692627]|[[2832.6628438838216, 0.0, 1968.0272553880557], [0.0, 2855.8825480621545, 1452.810040656435], [0.0, 0.0, 1.0]]
114|114|1|Snook|0.455|0.310781304617161|1.8710172176361084|1959.838254078463;1403.0998722664585|48|[-0.045947037637233734, -0.09184899181127548, 0.0]|[0.021205013617873192, 0.0318765789270401, 0.9992668628692627]|[[2832.6628438838216, 0.0, 1968.0272553880557], [0.0, 2855.8825480621545, 1452.810040656435], [0.0, 0.0, 1.0]]
114|114|1|Snook|0.455|0.3156804142798246|1.9060026407241821|1959.287998041199;1406.5788066525686|48|[-0.045947037637233734, -0.09184899181127548, 0.0]|[0.021205013617873192, 0.0318765789270401, 0.9992668628692627]|[[2832.6628438838216, 0.0, 1968.0272553880557], [0.0, 2855.8825480621545, 1452.810040656435], [0.0, 0.0, 1.0]]
114|114|1|Snook|0.455|0.3156501142542343|1.909308671951294|1960.1350638053812;1406.448877369077|48|[-0.045947037637233734, -0.09184899181127548, 0.0]|[0.021205013617873192, 0.0318765789270401, 0.9992668628692627]|[[2832.6628438838216, 0.0, 1968.0272553880557], [0.0, 2855.8825480621545, 1452.810040656435], [0.0, 0.0, 1.0]]
114|114|1|Snook|0.455|0.3156725691114705|1.909617304801941|1960.0720779550466;1406.5025028403884|48|[-0.045947037637233734, -0.09184899181127548, 0.0]|[0.021205013617873192, 0.0318765789270401, 0.9992668628692627]|[[2832.6628438838216, 0.0, 1968.0272553880557], [0.0, 2855.8825480621545, 1452.810040656435], [0.0, 0.0, 1.0]]
114|114|1|Snook|0.455|0.5561541424350018|5.060974597930908|2004.273449920509;1491.2178060413355|48|[-0.045947037637233734, -0.09184899181127548, 0.0]|[0.021205013617873192, 0.0318765789270401, 0.9992668628692627]|[[2832.6628438838216, 0.0, 1968.0272553880557], [0.0, 2855.8825480621545, 1452.810040656435], [0.0, 0.0, 1.0]]
114|114|1|Snook|0.455|0.44842389937318916|4.232189655303955|1998.3202832161794;1481.4934248899483|48|[-0.045947037637233734, -0.09184899181127548, 0.0]|[0.021205013617873192, 0.0318765789270401, 0.9992668628692627]|[[2832.6628438838216, 0.0, 1968.0272553880557], [0.0, 2855.8825480621545, 1452.810040656435], [0.0, 0.0, 1.0]]
114|114|1|Snook|0.455|0.45495727899947563|4.240575313568115|1998.494391384816;1481.5353904759902|48|[-0.045947037637233734, -0.09184899181127548, 0.0]|[0.021205013617873192, 0.0318765789270401, 0.9992668628692627]|[[2832.6628438838216, 0.0, 1968.0272553880557], [0.0, 2855.8825480621545, 1452.810040656435], [0.0, 0.0, 1.0]]
114|114|1|Snook|0.455|0.46397940288814543|4.3130292892456055|1996.9600534604765;1483.6135368421346|48|[-0.045947037637233734, -0.09184899181127548, 0.0]|[0.021205013617873192, 0.0318765789270401, 0.9992668628692627]|[[2832.6628438838216, 0.0, 1968.0272553880557], [0.0, 2855.8825480621545, 1452.810040656435], [0.0, 0.0, 1.0]]
114|114|1|Snook|0.455|0.45694115055092904|4.217375755310059|1999.333413081395;1480.768309234012|48|[-0.045947037637233734, -0.09184899181127548, 0.0]|[0.021205013617873192, 0.0318765789270401, 0.9992668628692627]|[[2832.6628438838216, 0.0, 1968.0272553880557], [0.0, 2855.8825480621545, 1452.810040656435], [0.0, 0.0, 1.0]]
114|114|1|Snook|0.455|0.4636967964750457|4.267317771911621|1996.5565915399952;1483.0071548775722|48|[-0.045947037637233734, -0.09184899181127548, 0.0]|[0.021205013617873192, 0.0318765789270401, 0.9992668628692627]|[[2832.6628438838216, 0.0, 1968.0272553880557], [0.0, 2855.8825480621545, 1452.810040656435], [0.0, 0.0, 1.0]]
114|114|1|Snook|0.455|0.47317603656731105|4.409747123718262|1998.633918684805;1484.4196462149637|48|[-0.045947037637233734, -0.09184899181127548, 0.0]|[0.021205013617873192, 0.0318765789270401, 0.9992668628692627]|[[2832.6628438838216, 0.0, 1968.0272553880557], [0.0, 2855.8825480621545, 1452.810040656435], [0.0, 0.0, 1.0]]
114|114|1|Snook|0.455|0.4536488968122975|4.1670098304748535|1997.821064918909;1480.502314152403|48|[-0.045947037637233734, -0.09184899181127548, 0.0]|[0.021205013617873192, 0.0318765789270401, 0.9992668628692627]|[[2832.6628438838216, 0.0, 1968.0272553880557], [0.0, 2855.8825480621545, 1452.810040656435], [0.0, 0.0, 1.0]]
114|114|1|Snook|0.455|0.47927333469092626|4.395750045776367|1998.5378710280647;1484.2311283574065|48|[-0.045947037637233734, -0.09184899181127548, 0.0]|[0.021205013617873192, 0.0318765789270401, 0.9992668628692627]|[[2832.6628438838216, 0.0, 1968.0272553880557], [0.0, 2855.8825480621545, 1452.810040656435], [0.0, 0.0, 1.0]]
114|114|1|Snook|0.455|0.46075491560874743|4.203149318695068|1998.8796597133842;1480.6975971463262|48|[-0.045947037637233734, -0.09184899181127548, 0.0]|[0.021205013617873192, 0.0318765789270401, 0.9992668628692627]|[[2832.6628438838216, 0.0, 1968.0272553880557], [0.0, 2855.8825480621545, 1452.810040656435], [0.0, 0.0, 1.0]]
114|114|1|Snook|0.455|0.4593204724065042|4.23486852645874|1997.3874065718815;1481.96218158373|48|[-0.045947037637233734, -0.09184899181127548, 0.0]|[0.021205013617873192, 0.0318765789270401, 0.9992668628692627]|[[2832.6628438838216, 0.0, 1968.0272553880557], [0.0, 2855.8825480621545, 1452.810040656435], [0.0, 0.0, 1.0]]
114|114|1|Snook|0.455|0.46301799596409343|4.280352592468262|1997.732703200438;1482.6242782814975|48|[-0.045947037637233734, -0.09184899181127548, 0.0]|[0.021205013617873192, 0.0318765789270401, 0.9992668628692627]|[[2832.6628438838216, 0.0, 1968.0272553880557], [0.0, 2855.8825480621545, 1452.810040656435], [0.0, 0.0, 1.0]]
114|114|1|Snook|0.455|0.4577816724456602|4.178767681121826|1996.885020087782;1481.2021173022695|48|[-0.045947037637233734, -0.09184899181127548, 0.0]|[0.021205013617873192, 0.0318765789270401, 0.9992668628692627]|[[2832.6628438838216, 0.0, 1968.0272553880557], [0.0, 2855.8825480621545, 1452.810040656435], [0.0, 0.0, 1.0]]
114|114|1|Snook|0.455|0.47681063641748156|4.348846912384033|1999.080788531357;1483.1714971494669|48|[-0.045947037637233734, -0.09184899181127548, 0.0]|[0.021205013617873192, 0.0318765789270401, 0.9992668628692627]|[[2832.6628438838216, 0.0, 1968.0272553880557], [0.0, 2855.8825480621545, 1452.810040656435], [0.0, 0.0, 1.0]]
114|114|1|Snook|0.455|0.46401222653364765|4.359147548675537|1999.3014975305728;1483.253712355135|48|[-0.045947037637233734, -0.09184899181127548, 0.0]|[0.021205013617873192, 0.0318765789270401, 0.9992668628692627]|[[2832.6628438838216, 0.0, 1968.0272553880557], [0.0, 2855.8825480621545, 1452.810040656435], [0.0, 0.0, 1.0]]
114|114|1|Snook|0.455|0.4542558133263554|4.329327583312988|1997.8474920902393;1483.4571358074268|48|[-0.045947037637233734, -0.09184899181127548, 0.0]|[0.021205013617873192, 0.0318765789270401, 0.9992668628692627]|[[2832.6628438838216, 0.0, 1968.0272553880557], [0.0, 2855.8825480621545, 1452.810040656435], [0.0, 0.0, 1.0]]
114|114|1|Snook|0.455|0.4656191227729756|4.266177654266357|1998.5;1482.0000000000002|48|[-0.045947037637233734, -0.09184899181127548, 0.0]|[0.021205013617873192, 0.0318765789270401, 0.9992668628692627]|[[2832.6628438838216, 0.0, 1968.0272553880557], [0.0, 2855.8825480621545, 1452.810040656435], [0.0, 0.0, 1.0]]
114|114|1|Snook|0.455|0.4692321545923277|4.368913650512695|1997.8056265883677;1484.1477728825532|48|[-0.045947037637233734, -0.09184899181127548, 0.0]|[0.021205013617873192, 0.0318765789270401, 0.9992668628692627]|[[2832.6628438838216, 0.0, 1968.0272553880557], [0.0, 2855.8825480621545, 1452.810040656435], [0.0, 0.0, 1.0]]
114|114|1|Snook|0.455|0.4507454028355851|4.2866926193237305|1998.0554824493051;1482.6024702661132|48|[-0.045947037637233734, -0.09184899181127548, 0.0]|[0.021205013617873192, 0.0318765789270401, 0.9992668628692627]|[[2832.6628438838216, 0.0, 1968.0272553880557], [0.0, 2855.8825480621545, 1452.810040656435], [0.0, 0.0, 1.0]]
114|114|1|Snook|0.455|0.4491286686426187|4.249418258666992|1997.0748282851837;1482.4214821043906|48|[-0.045947037637233734, -0.09184899181127548, 0.0]|[0.021205013617873192, 0.0318765789270401, 0.9992668628692627]|[[2832.6628438838216, 0.0, 1968.0272553880557], [0.0, 2855.8825480621545, 1452.810040656435], [0.0, 0.0, 1.0]]
114|114|1|Snook|0.455|0.4815109749514333|4.385334491729736|1999.053090947431;1483.7899213188298|48|[-0.045947037637233734, -0.09184899181127548, 0.0]|[0.021205013617873192, 0.0318765789270401, 0.9992668628692627]|[[2832.6628438838216, 0.0, 1968.0272553880557], [0.0, 2855.8825480621545, 1452.810040656435], [0.0, 0.0, 1.0]]
114|114|1|Snook|0.455|0.44556590661165935|4.161826133728027|1996.9289723605555;1480.8339787011314|48|[-0.045947037637233734, -0.09184899181127548, 0.0]|[0.021205013617873192, 0.0318765789270401, 0.9992668628692627]|[[2832.6628438838216, 0.0, 1968.0272553880557], [0.0, 2855.8825480621545, 1452.810040656435], [0.0, 0.0, 1.0]]
114|114|1|Snook|0.455|0.45508001108159074|4.313155174255371|1998.3771707037254;1482.880550366102|48|[-0.045947037637233734, -0.09184899181127548, 0.0]|[0.021205013617873192, 0.0318765789270401, 0.9992668628692627]|[[2832.6628438838216, 0.0, 1968.0272553880557], [0.0, 2855.8825480621545, 1452.810040656435], [0.0, 0.0, 1.0]]
114|114|1|Snook|0.455|0.47001870454001493|4.2473039627075195|1996.5046565798675;1482.6686119264798|48|[-0.045947037637233734, -0.09184899181127548, 0.0]|[0.021205013617873192, 0.0318765789270401, 0.9992668628692627]|[[2832.6628438838216, 0.0, 1968.0272553880557], [0.0, 2855.8825480621545, 1452.810040656435], [0.0, 0.0, 1.0]]
114|114|1|Snook|0.455|0.45423555200762666|4.297552585601807|1997.291991650986;1483.1765888579166|48|[-0.045947037637233734, -0.09184899181127548, 0.0]|[0.021205013617873192, 0.0318765789270401, 0.9992668628692627]|[[2832.6628438838216, 0.0, 1968.0272553880557], [0.0, 2855.8825480621545, 1452.810040656435], [0.0, 0.0, 1.0]]
114|114|1|Snook|0.455|0.44299014305548146|4.053513526916504|1994.8248082326465;1479.8393196211684|48|[-0.045947037637233734, -0.09184899181127548, 0.0]|[0.021205013617873192, 0.0318765789270401, 0.9992668628692627]|[[2832.6628438838216, 0.0, 1968.0272553880557], [0.0, 2855.8825480621545, 1452.810040656435], [0.0, 0.0, 1.0]]
114|114|1|Snook|0.455|0.44532830631756887|4.250216007232666|1996.3818363872938;1482.788121402812|48|[-0.045947037637233734, -0.09184899181127548, 0.0]|[0.021205013617873192, 0.0318765789270401, 0.9992668628692627]|[[2832.6628438838216, 0.0, 1968.0272553880557], [0.0, 2855.8825480621545, 1452.810040656435], [0.0, 0.0, 1.0]]
114|114|1|Snook|0.455|0.4274199941457455|4.034257888793945|1994.601605535649;1479.5427228622998|48|[-0.045947037637233734, -0.09184899181127548, 0.0]|[0.021205013617873192, 0.0318765789270401, 0.9992668628692627]|[[2832.6628438838216, 0.0, 1968.0272553880557], [0.0, 2855.8825480621545, 1452.810040656435], [0.0, 0.0, 1.0]]
114|114|1|Snook|0.455|0.41200789169529517|4.001029014587402|1995.7194593536167;1478.2969512606755|48|[-0.045947037637233734, -0.09184899181127548, 0.0]|[0.021205013617873192, 0.0318765789270401, 0.9992668628692627]|[[2832.6628438838216, 0.0, 1968.0272553880557], [0.0, 2855.8825480621545, 1452.810040656435], [0.0, 0.0, 1.0]]
114|114|1|Snook|0.455|0.43738242819184076|4.202877044677734|1995.886140295523;1482.181412376744|48|[-0.045947037637233734, -0.09184899181127548, 0.0]|[0.021205013617873192, 0.0318765789270401, 0.9992668628692627]|[[2832.6628438838216, 0.0, 1968.0272553880557], [0.0, 2855.8825480621545, 1452.810040656435], [0.0, 0.0, 1.0]]
114|114|1|Snook|0.455|0.41930302686656623|3.9853837490081787|1994.415901125559;1478.6241828179882|48|[-0.045947037637233734, -0.09184899181127548, 0.0]|[0.021205013617873192, 0.0318765789270401, 0.9992668628692627]|[[2832.6628438838216, 0.0, 1968.0272553880557], [0.0, 2855.8825480621545, 1452.810040656435], [0.0, 0.0, 1.0]]
114|114|1|Snook|0.455|0.4262962061182137|4.065857410430908|1994.3754248767245;1480.3327115213913|48|[-0.045947037637233734, -0.09184899181127548, 0.0]|[0.021205013617873192, 0.0318765789270401, 0.9992668628692627]|[[2832.6628438838216, 0.0, 1968.0272553880557], [0.0, 2855.8825480621545, 1452.810040656435], [0.0, 0.0, 1.0]]
114|114|1|Snook|0.455|0.442020486973334|4.1922430992126465|1994.90052593927;1482.541381491629|48|[-0.045947037637233734, -0.09184899181127548, 0.0]|[0.021205013617873192, 0.0318765789270401, 0.9992668628692627]|[[2832.6628438838216, 0.0, 1968.0272553880557], [0.0, 2855.8825480621545, 1452.810040656435], [0.0, 0.0, 1.0]]
114|114|1|Snook|0.455|0.43148378844696705|4.126750946044922|1994.4651683143006;1481.5154961603457|48|[-0.045947037637233734, -0.09184899181127548, 0.0]|[0.021205013617873192, 0.0318765789270401, 0.9992668628692627]|[[2832.6628438838216, 0.0, 1968.0272553880557], [0.0, 2855.8825480621545, 1452.810040656435], [0.0, 0.0, 1.0]]
114|114|1|Snook|0.455|0.43308400892289217|4.176846504211426|1994.4338275018254;1482.5365817278628|48|[-0.045947037637233734, -0.09184899181127548, 0.0]|[0.021205013617873192, 0.0318765789270401, 0.9992668628692627]|[[2832.6628438838216, 0.0, 1968.0272553880557], [0.0, 2855.8825480621545, 1452.810040656435], [0.0, 0.0, 1.0]]
114|114|1|Snook|0.455|0.5112007517638877|4.879079341888428|1999.4785373608902;1491.2178060413355|48|[-0.045947037637233734, -0.09184899181127548, 0.0]|[0.021205013617873192, 0.0318765789270401, 0.9992668628692627]|[[2832.6628438838216, 0.0, 1968.0272553880557], [0.0, 2855.8825480621545, 1452.810040656435], [0.0, 0.0, 1.0]]
114|114|1|Snook|0.455|0.42279572045290187|4.0751118659973145|1995.0694915253282;1480.116988253297|48|[-0.045947037637233734, -0.09184899181127548, 0.0]|[0.021205013617873192, 0.0318765789270401, 0.9992668628692627]|[[2832.6628438838216, 0.0, 1968.0272553880557], [0.0, 2855.8825480621545, 1452.810040656435], [0.0, 0.0, 1.0]]
114|114|1|Snook|0.455|0.4319749834101403|4.1263298988342285|1993.986867349276;1481.8108743071064|48|[-0.045947037637233734, -0.09184899181127548, 0.0]|[0.021205013617873192, 0.0318765789270401, 0.9992668628692627]|[[2832.6628438838216, 0.0, 1968.0272553880557], [0.0, 2855.8825480621545, 1452.810040656435], [0.0, 0.0, 1.0]]
114|114|1|Snook|0.455|0.44745290871999843|4.138964653015137|1994.3998639502965;1481.7898317932595|48|[-0.045947037637233734, -0.09184899181127548, 0.0]|[0.021205013617873192, 0.0318765789270401, 0.9992668628692627]|[[2832.6628438838216, 0.0, 1968.0272553880557], [0.0, 2855.8825480621545, 1452.810040656435], [0.0, 0.0, 1.0]]
114|114|1|Snook|0.455|0.42732775944621315|4.0630998611450195|1994.3796187581827;1480.2647485445248|48|[-0.045947037637233734, -0.09184899181127548, 0.0]|[0.021205013617873192, 0.0318765789270401, 0.9992668628692627]|[[2832.6628438838216, 0.0, 1968.0272553880557], [0.0, 2855.8825480621545, 1452.810040656435], [0.0, 0.0, 1.0]]
114|114|1|Snook|0.455|0.4446187052411106|4.19828987121582|1995.3584793499992;1482.3922834492687|48|[-0.045947037637233734, -0.09184899181127548, 0.0]|[0.021205013617873192, 0.0318765789270401, 0.9992668628692627]|[[2832.6628438838216, 0.0, 1968.0272553880557], [0.0, 2855.8825480621545, 1452.810040656435], [0.0, 0.0, 1.0]]
114|114|1|Snook|0.455|0.4227063420494173|4.017014026641846|1995.4248243943669;1478.7740139044913|48|[-0.045947037637233734, -0.09184899181127548, 0.0]|[0.021205013617873192, 0.0318765789270401, 0.9992668628692627]|[[2832.6628438838216, 0.0, 1968.0272553880557], [0.0, 2855.8825480621545, 1452.810040656435], [0.0, 0.0, 1.0]]
114|114|1|Snook|0.455|0.4366799775318755|4.219906806945801|1996.069605065836;1482.3994447904063|48|[-0.045947037637233734, -0.09184899181127548, 0.0]|[0.021205013617873192, 0.0318765789270401, 0.9992668628692627]|[[2832.6628438838216, 0.0, 1968.0272553880557], [0.0, 2855.8825480621545, 1452.810040656435], [0.0, 0.0, 1.0]]
114|114|1|Snook|0.455|0.4191229567356628|4.122940540313721|1996.5129685355312;1480.3112005468802|48|[-0.045947037637233734, -0.09184899181127548, 0.0]|[0.021205013617873192, 0.0318765789270401, 0.9992668628692627]|[[2832.6628438838216, 0.0, 1968.0272553880557], [0.0, 2855.8825480621545, 1452.810040656435], [0.0, 0.0, 1.0]]
114|114|1|Snook|0.455|0.4259782795873029|4.153738021850586|1996.397186708564;1480.962548821397|48|[-0.045947037637233734, -0.09184899181127548, 0.0]|[0.021205013617873192, 0.0318765789270401, 0.9992668628692627]|[[2832.6628438838216, 0.0, 1968.0272553880557], [0.0, 2855.8825480621545, 1452.810040656435], [0.0, 0.0, 1.0]]
114|114|1|Snook|0.455|0.43375524303427326|4.268494129180908|1997.2690193576486;1482.6584052281187|48|[-0.045947037637233734, -0.09184899181127548, 0.0]|[0.021205013617873192, 0.0318765789270401, 0.9992668628692627]|[[2832.6628438838216, 0.0, 1968.0272553880557], [0.0, 2855.8825480621545, 1452.810040656435], [0.0, 0.0, 1.0]]
114|114|1|Snook|0.455|0.4275546126789309|4.200582981109619|1995.117982148613;1482.5958647929433|48|[-0.045947037637233734, -0.09184899181127548, 0.0]|[0.021205013617873192, 0.0318765789270401, 0.9992668628692627]|[[2832.6628438838216, 0.0, 1968.0272553880557], [0.0, 2855.8825480621545, 1452.810040656435], [0.0, 0.0, 1.0]]
114|114|1|Snook|0.455|0.41295866071119797|4.062906265258789|1995.1619167054112;1479.8287593859961|48|[-0.045947037637233734, -0.09184899181127548, 0.0]|[0.021205013617873192, 0.0318765789270401, 0.9992668628692627]|[[2832.6628438838216, 0.0, 1968.0272553880557], [0.0, 2855.8825480621545, 1452.810040656435], [0.0, 0.0, 1.0]]
114|114|1|Snook|0.455|0.44675553076391905|4.267047882080078|1996.5324993067954;1483.0241414614075|48|[-0.045947037637233734, -0.09184899181127548, 0.0]|[0.021205013617873192, 0.0318765789270401, 0.9992668628692627]|[[2832.6628438838216, 0.0, 1968.0272553880557], [0.0, 2855.8825480621545, 1452.810040656435], [0.0, 0.0, 1.0]]
114|114|1|Snook|0.455|0.4235171462856984|4.143771171569824|1995.6314830422293;1481.199852244667|48|[-0.045947037637233734, -0.09184899181127548, 0.0]|[0.021205013617873192, 0.0318765789270401, 0.9992668628692627]|[[2832.6628438838216, 0.0, 1968.0272553880557], [0.0, 2855.8825480621545, 1452.810040656435], [0.0, 0.0, 1.0]]
114|114|1|Snook|0.455|0.43211228985307015|4.180679798126221|1995.0063704493007;1482.2535648355351|48|[-0.045947037637233734, -0.09184899181127548, 0.0]|[0.021205013617873192, 0.0318765789270401, 0.9992668628692627]|[[2832.6628438838216, 0.0, 1968.0272553880557], [0.0, 2855.8825480621545, 1452.810040656435], [0.0, 0.0, 1.0]]
114|114|1|Snook|0.455|0.44243588862984173|4.297975540161133|1996.8927809469806;1483.4023381343957|48|[-0.045947037637233734, -0.09184899181127548, 0.0]|[0.021205013617873192, 0.0318765789270401, 0.9992668628692627]|[[2832.6628438838216, 0.0, 1968.0272553880557], [0.0, 2855.8825480621545, 1452.810040656435], [0.0, 0.0, 1.0]]
114|114|1|Snook|0.455|0.44027473362359903|4.250116348266602|1996.1711560960573;1482.8962929156264|48|[-0.045947037637233734, -0.09184899181127548, 0.0]|[0.021205013617873192, 0.0318765789270401, 0.9992668628692627]|[[2832.6628438838216, 0.0, 1968.0272553880557], [0.0, 2855.8825480621545, 1452.810040656435], [0.0, 0.0, 1.0]]
114|114|1|Snook|0.455|0.42840983970955104|4.16536283493042|1994.7603255231593;1482.1081329759168|48|[-0.045947037637233734, -0.09184899181127548, 0.0]|[0.021205013617873192, 0.0318765789270401, 0.9992668628692627]|[[2832.6628438838216, 0.0, 1968.0272553880557], [0.0, 2855.8825480621545, 1452.810040656435], [0.0, 0.0, 1.0]]
114|114|1|Snook|0.455|0.44555522832653266|4.361959934234619|1997.6706392708957;1484.0925098303853|48|[-0.045947037637233734, -0.09184899181127548, 0.0]|[0.021205013617873192, 0.0318765789270401, 0.9992668628692627]|[[2832.6628438838216, 0.0, 1968.0272553880557], [0.0, 2855.8825480621545, 1452.810040656435], [0.0, 0.0, 1.0]]
114|114|1|Snook|0.455|0.415475374948241|4.044343948364258|1994.907320816803;1479.5904011013345|48|[-0.045947037637233734, -0.09184899181127548, 0.0]|[0.021205013617873192, 0.0318765789270401, 0.9992668628692627]|[[2832.6628438838216, 0.0, 1968.0272553880557], [0.0, 2855.8825480621545, 1452.810040656435], [0.0, 0.0, 1.0]]
114|114|1|Snook|0.455|0.4155302719786019|4.18157434463501|1995.3599316752982;1482.058500700997|48|[-0.045947037637233734, -0.09184899181127548, 0.0]|[0.021205013617873192, 0.0318765789270401, 0.9992668628692627]|[[2832.6628438838216, 0.0, 1968.0272553880557], [0.0, 2855.8825480621545, 1452.810040656435], [0.0, 0.0, 1.0]]
114|114|1|Snook|0.455|0.4202074470882415|4.22699499130249|1996.8724256262403;1482.099292336012|48|[-0.045947037637233734, -0.09184899181127548, 0.0]|[0.021205013617873192, 0.0318765789270401, 0.9992668628692627]|[[2832.6628438838216, 0.0, 1968.0272553880557], [0.0, 2855.8825480621545, 1452.810040656435], [0.0, 0.0, 1.0]]
114|114|1|Snook|0.455|0.4052007673984311|4.051446914672852|1994.4054017091828;1480.0319422724417|48|[-0.045947037637233734, -0.09184899181127548, 0.0]|[0.021205013617873192, 0.0318765789270401, 0.9992668628692627]|[[2832.6628438838216, 0.0, 1968.0272553880557], [0.0, 2855.8825480621545, 1452.810040656435], [0.0, 0.0, 1.0]]
114|114|1|Snook|0.455|0.4235619523427698|4.2874436378479|1997.1017252359125;1483.0860446398942|48|[-0.045947037637233734, -0.09184899181127548, 0.0]|[0.021205013617873192, 0.0318765789270401, 0.9992668628692627]|[[2832.6628438838216, 0.0, 1968.0272553880557], [0.0, 2855.8825480621545, 1452.810040656435], [0.0, 0.0, 1.0]]
114|114|1|Snook|0.455|0.42130180532086864|4.21959924697876|1995.161118382696;1482.9258324219547|48|[-0.045947037637233734, -0.09184899181127548, 0.0]|[0.021205013617873192, 0.0318765789270401, 0.9992668628692627]|[[2832.6628438838216, 0.0, 1968.0272553880557], [0.0, 2855.8825480621545, 1452.810040656435], [0.0, 0.0, 1.0]]
114|114|1|Snook|0.455|0.39608757470729944|4.044692039489746|1994.564269349636;1479.8015869822677|48|[-0.045947037637233734, -0.09184899181127548, 0.0]|[0.021205013617873192, 0.0318765789270401, 0.9992668628692627]|[[2832.6628438838216, 0.0, 1968.0272553880557], [0.0, 2855.8825480621545, 1452.810040656435], [0.0, 0.0, 1.0]]
114|114|1|Snook|0.455|0.4257590366994096|4.279378414154053|1996.2971203637585;1483.381631471122|48|[-0.045947037637233734, -0.09184899181127548, 0.0]|[0.021205013617873192, 0.0318765789270401, 0.9992668628692627]|[[2832.6628438838216, 0.0, 1968.0272553880557], [0.0, 2855.8825480621545, 1452.810040656435], [0.0, 0.0, 1.0]]
114|114|1|Snook|0.455|0.4074892980262404|4.103823184967041|1995.1069394522563;1480.6734863064146|48|[-0.045947037637233734, -0.09184899181127548, 0.0]|[0.021205013617873192, 0.0318765789270401, 0.9992668628692627]|[[2832.6628438838216, 0.0, 1968.0272553880557], [0.0, 2855.8825480621545, 1452.810040656435], [0.0, 0.0, 1.0]]
114|114|1|Snook|0.455|0.4010018119903525|4.056851863861084|1995.7421331626874;1479.3853544038147|48|[-0.045947037637233734, -0.09184899181127548, 0.0]|[0.021205013617873192, 0.0318765789270401, 0.9992668628692627]|[[2832.6628438838216, 0.0, 1968.0272553880557], [0.0, 2855.8825480621545, 1452.810040656435], [0.0, 0.0, 1.0]]
114|114|1|Snook|0.455|0.4221032785074217|4.275803089141846|1997.301430901576;1482.780427452708|48|[-0.045947037637233734, -0.09184899181127548, 0.0]|[0.021205013617873192, 0.0318765789270401, 0.9992668628692627]|[[2832.6628438838216, 0.0, 1968.0272553880557], [0.0, 2855.8825480621545, 1452.810040656435], [0.0, 0.0, 1.0]]
114|114|1|Snook|0.455|0.4070425738821713|4.125509262084961|1998.201360224248;1479.5477883419408|48|[-0.045947037637233734, -0.09184899181127548, 0.0]|[0.021205013617873192, 0.0318765789270401, 0.9992668628692627]|[[2832.6628438838216, 0.0, 1968.0272553880557], [0.0, 2855.8825480621545, 1452.810040656435], [0.0, 0.0, 1.0]]
114|114|1|Snook|0.455|0.4258742615315982|4.310089111328125|1997.0301278237423;1483.51804111025|48|[-0.045947037637233734, -0.09184899181127548, 0.0]|[0.021205013617873192, 0.0318765789270401, 0.9992668628692627]|[[2832.6628438838216, 0.0, 1968.0272553880557], [0.0, 2855.8825480621545, 1452.810040656435], [0.0, 0.0, 1.0]]
114|114|1|Snook|0.455|0.41391257548095617|4.133171558380127|1995.3639955643973;1481.107516175764|48|[-0.045947037637233734, -0.09184899181127548, 0.0]|[0.021205013617873192, 0.0318765789270401, 0.9992668628692627]|[[2832.6628438838216, 0.0, 1968.0272553880557], [0.0, 2855.8825480621545, 1452.810040656435], [0.0, 0.0, 1.0]]
114|114|1|Snook|0.455|0.4184665296438002|4.211284637451172|1996.5910635955695;1481.9512125697104|48|[-0.045947037637233734, -0.09184899181127548, 0.0]|[0.021205013617873192, 0.0318765789270401, 0.9992668628692627]|[[2832.6628438838216, 0.0, 1968.0272553880557], [0.0, 2855.8825480621545, 1452.810040656435], [0.0, 0.0, 1.0]]
114|114|1|Snook|0.455|0.413580678418733|4.1646342277526855|1994.9081841346572;1481.9854254882073|48|[-0.045947037637233734, -0.09184899181127548, 0.0]|[0.021205013617873192, 0.0318765789270401, 0.9992668628692627]|[[2832.6628438838216, 0.0, 1968.0272553880557], [0.0, 2855.8825480621545, 1452.810040656435], [0.0, 0.0, 1.0]]
114|114|1|Snook|0.455|0.41351499569362754|4.18419885635376|1996.2411205094438;1481.6268772898272|48|[-0.045947037637233734, -0.09184899181127548, 0.0]|[0.021205013617873192, 0.0318765789270401, 0.9992668628692627]|[[2832.6628438838216, 0.0, 1968.0272553880557], [0.0, 2855.8825480621545, 1452.810040656435], [0.0, 0.0, 1.0]]
114|114|1|Snook|0.455|0.4039374459818453|4.108763217926025|1997.2957077240176;1479.6562028449098|48|[-0.045947037637233734, -0.09184899181127548, 0.0]|[0.021205013617873192, 0.0318765789270401, 0.9992668628692627]|[[2832.6628438838216, 0.0, 1968.0272553880557], [0.0, 2855.8825480621545, 1452.810040656435], [0.0, 0.0, 1.0]]
114|114|1|Snook|0.455|0.4124572257263703|4.167731285095215|1994.6724584808605;1482.2159857922084|48|[-0.045947037637233734, -0.09184899181127548, 0.0]|[0.021205013617873192, 0.0318765789270401, 0.9992668628692627]|[[2832.6628438838216, 0.0, 1968.0272553880557], [0.0, 2855.8825480621545, 1452.810040656435], [0.0, 0.0, 1.0]]
114|114|1|Snook|0.455|0.4110082677148147|4.33718729019165|1998.4200727327288;1483.2884862471687|48|[-0.045947037637233734, -0.09184899181127548, 0.0]|[0.021205013617873192, 0.0318765789270401, 0.9992668628692627]|[[2832.6628438838216, 0.0, 1968.0272553880557], [0.0, 2855.8825480621545, 1452.810040656435], [0.0, 0.0, 1.0]]
114|114|1|Snook|0.455|0.40990908804228826|4.297447681427002|1998.2307437370212;1482.6730925857364|48|[-0.045947037637233734, -0.09184899181127548, 0.0]|[0.021205013617873192, 0.0318765789270401, 0.9992668628692627]|[[2832.6628438838216, 0.0, 1968.0272553880557], [0.0, 2855.8825480621545, 1452.810040656435], [0.0, 0.0, 1.0]]
114|114|1|Snook|0.455|0.39352630437948355|4.1439714431762695|1997.9408694058886;1480.0157218532843|48|[-0.045947037637233734, -0.09184899181127548, 0.0]|[0.021205013617873192, 0.0318765789270401, 0.9992668628692627]|[[2832.6628438838216, 0.0, 1968.0272553880557], [0.0, 2855.8825480621545, 1452.810040656435], [0.0, 0.0, 1.0]]
114|114|1|Snook|0.455|0.40389058716320964|4.150366306304932|1996.476093244622;1480.848062114078|48|[-0.045947037637233734, -0.09184899181127548, 0.0]|[0.021205013617873192, 0.0318765789270401, 0.9992668628692627]|[[2832.6628438838216, 0.0, 1968.0272553880557], [0.0, 2855.8825480621545, 1452.810040656435], [0.0, 0.0, 1.0]]
114|114|1|Snook|0.455|0.40908058708849554|4.2833685874938965|1998.7746959395727;1482.1717814940598|48|[-0.045947037637233734, -0.09184899181127548, 0.0]|[0.021205013617873192, 0.0318765789270401, 0.9992668628692627]|[[2832.6628438838216, 0.0, 1968.0272553880557], [0.0, 2855.8825480621545, 1452.810040656435], [0.0, 0.0, 1.0]]
114|114|1|Snook|0.455|0.41395837528545976|4.350778579711914|1997.5000000000002;1484.0000000000005|48|[-0.045947037637233734, -0.09184899181127548, 0.0]|[0.021205013617873192, 0.0318765789270401, 0.9992668628692627]|[[2832.6628438838216, 0.0, 1968.0272553880557], [0.0, 2855.8825480621545, 1452.810040656435], [0.0, 0.0, 1.0]]
114|114|1|Snook|0.455|0.39979545203039607|4.198442459106445|1997.5369737334763;1481.2439990859123|48|[-0.045947037637233734, -0.09184899181127548, 0.0]|[0.021205013617873192, 0.0318765789270401, 0.9992668628692627]|[[2832.6628438838216, 0.0, 1968.0272553880557], [0.0, 2855.8825480621545, 1452.810040656435], [0.0, 0.0, 1.0]]
114|114|1|Snook|0.455|0.40698521304458457|4.275168418884277|1997.2982451173225;1482.7615580158567|48|[-0.045947037637233734, -0.09184899181127548, 0.0]|[0.021205013617873192, 0.0318765789270401, 0.9992668628692627]|[[2832.6628438838216, 0.0, 1968.0272553880557], [0.0, 2855.8825480621545, 1452.810040656435], [0.0, 0.0, 1.0]]
114|114|1|Snook|0.455|0.39526566849587447|4.156592845916748|1996.1865854449225;1481.1378122583483|48|[-0.045947037637233734, -0.09184899181127548, 0.0]|[0.021205013617873192, 0.0318765789270401, 0.9992668628692627]|[[2832.6628438838216, 0.0, 1968.0272553880557], [0.0, 2855.8825480621545, 1452.810040656435], [0.0, 0.0, 1.0]]
114|114|1|Snook|0.455|0.3981729017923167|4.20387077331543|1995.6944990708516;1482.3221153480165|48|[-0.045947037637233734, -0.09184899181127548, 0.0]|[0.021205013617873192, 0.0318765789270401, 0.9992668628692627]|[[2832.6628438838216, 0.0, 1968.0272553880557], [0.0, 2855.8825480621545, 1452.810040656435], [0.0, 0.0, 1.0]]
114|114|1|Snook|0.455|0.422655051904473|4.414642810821533|2000.4814687995593;1483.6346101862173|48|[-0.045947037637233734, -0.09184899181127548, 0.0]|[0.021205013617873192, 0.0318765789270401, 0.9992668628692627]|[[2832.6628438838216, 0.0, 1968.0272553880557], [0.0, 2855.8825480621545, 1452.810040656435], [0.0, 0.0, 1.0]]
114|114|1|Snook|0.455|0.4100861815288019|4.287216663360596|1997.6371996369467;1482.788121402812|48|[-0.045947037637233734, -0.09184899181127548, 0.0]|[0.021205013617873192, 0.0318765789270401, 0.9992668628692627]|[[2832.6628438838216, 0.0, 1968.0272553880557], [0.0, 2855.8825480621545, 1452.810040656435], [0.0, 0.0, 1.0]]
114|114|1|Snook|0.455|0.40450113737446314|4.236715793609619|1996.784713888077;1482.342485416605|48|[-0.045947037637233734, -0.09184899181127548, 0.0]|[0.021205013617873192, 0.0318765789270401, 0.9992668628692627]|[[2832.6628438838216, 0.0, 1968.0272553880557], [0.0, 2855.8825480621545, 1452.810040656435], [0.0, 0.0, 1.0]]
114|114|1|Snook|0.455|0.4029655132129684|4.1619696617126465|1995.6247349304056;1481.5353904759902|48|[-0.045947037637233734, -0.09184899181127548, 0.0]|[0.021205013617873192, 0.0318765789270401, 0.9992668628692627]|[[2832.6628438838216, 0.0, 1968.0272553880557], [0.0, 2855.8825480621545, 1452.810040656435], [0.0, 0.0, 1.0]]
114|114|1|Snook|0.455|0.39524795526311235|4.086726188659668|1996.8454208281175;1479.4468925029096|48|[-0.045947037637233734, -0.09184899181127548, 0.0]|[0.021205013617873192, 0.0318765789270401, 0.9992668628692627]|[[2832.6628438838216, 0.0, 1968.0272553880557], [0.0, 2855.8825480621545, 1452.810040656435], [0.0, 0.0, 1.0]]
114|114|1|Snook|0.455|0.43614531237367415|4.558659076690674|1999.4785373608902;1486.422893481717|48|[-0.045947037637233734, -0.09184899181127548, 0.0]|[0.021205013617873192, 0.0318765789270401, 0.9992668628692627]|[[2832.6628438838216, 0.0, 1968.0272553880557], [0.0, 2855.8825480621545, 1452.810040656435], [0.0, 0.0, 1.0]]
114|114|1|Snook|0.455|0.39874509036773464|4.202915191650391|1995.834193584858;1482.2223678932269|48|[-0.045947037637233734, -0.09184899181127548, 0.0]|[0.021205013617873192, 0.0318765789270401, 0.9992668628692627]|[[2832.6628438838216, 0.0, 1968.0272553880557], [0.0, 2855.8825480621545, 1452.810040656435], [0.0, 0.0, 1.0]]
114|114|1|Snook|0.455|0.3851595615040012|4.004096031188965|1996.1558396182754;1478.1328683254858|48|[-0.045947037637233734, -0.09184899181127548, 0.0]|[0.021205013617873192, 0.0318765789270401, 0.9992668628692627]|[[2832.6628438838216, 0.0, 1968.0272553880557], [0.0, 2855.8825480621545, 1452.810040656435], [0.0, 0.0, 1.0]]
114|114|1|Snook|0.455|0.374745382643425|4.09420108795166|1996.6765052420312;1479.6586601860793|48|[-0.045947037637233734, -0.09184899181127548, 0.0]|[0.021205013617873192, 0.0318765789270401, 0.9992668628692627]|[[2832.6628438838216, 0.0, 1968.0272553880557], [0.0, 2855.8825480621545, 1452.810040656435], [0.0, 0.0, 1.0]]
114|114|1|Snook|0.455|0.3850510710497653|4.288803577423096|1996.8661563534042;1483.2284361548193|48|[-0.045947037637233734, -0.09184899181127548, 0.0]|[0.021205013617873192, 0.0318765789270401, 0.9992668628692627]|[[2832.6628438838216, 0.0, 1968.0272553880557], [0.0, 2855.8825480621545, 1452.810040656435], [0.0, 0.0, 1.0]]
114|114|1|Snook|0.455|0.39878542395379246|4.458637237548828|1997.9869217012806;1485.592904179046|48|[-0.045947037637233734, -0.09184899181127548, 0.0]|[0.021205013617873192, 0.0318765789270401, 0.9992668628692627]|[[2832.6628438838216, 0.0, 1968.0272553880557], [0.0, 2855.8825480621545, 1452.810040656435], [0.0, 0.0, 1.0]]
114|114|1|Snook|0.455|0.3899808846591712|4.3071136474609375|1996.764167274303;1483.608715032064|48|[-0.045947037637233734, -0.09184899181127548, 0.0]|[0.021205013617873192, 0.0318765789270401, 0.9992668628692627]|[[2832.6628438838216, 0.0, 1968.0272553880557], [0.0, 2855.8825480621545, 1452.810040656435], [0.0, 0.0, 1.0]]
114|114|1|Snook|0.455|0.38044485120350086|4.211802005767822|1995.456275320481;1482.6076614542264|48|[-0.045947037637233734, -0.09184899181127548, 0.0]|[0.021205013617873192, 0.0318765789270401, 0.9992668628692627]|[[2832.6628438838216, 0.0, 1968.0272553880557], [0.0, 2855.8825480621545, 1452.810040656435], [0.0, 0.0, 1.0]]
114|114|1|Snook|0.455|0.41538818397730354|4.558659076690674|1999.4785373608902;1486.422893481717|48|[-0.045947037637233734, -0.09184899181127548, 0.0]|[0.021205013617873192, 0.0318765789270401, 0.9992668628692627]|[[2832.6628438838216, 0.0, 1968.0272553880557], [0.0, 2855.8825480621545, 1452.810040656435], [0.0, 0.0, 1.0]]
114|114|1|Snook|0.455|0.37786776215905227|4.176400184631348|1995.637029756122;1481.814181140874|48|[-0.045947037637233734, -0.09184899181127548, 0.0]|[0.021205013617873192, 0.0318765789270401, 0.9992668628692627]|[[2832.6628438838216, 0.0, 1968.0272553880557], [0.0, 2855.8825480621545, 1452.810040656435], [0.0, 0.0, 1.0]]
114|114|1|Snook|0.455|0.37479629801943326|4.179189682006836|1996.3459289544867;1481.4817469063928|48|[-0.045947037637233734, -0.09184899181127548, 0.0]|[0.021205013617873192, 0.0318765789270401, 0.9992668628692627]|[[2832.6628438838216, 0.0, 1968.0272553880557], [0.0, 2855.8825480621545, 1452.810040656435], [0.0, 0.0, 1.0]]
114|114|1|Snook|0.455|0.37247951983834254|4.136397361755371|1996.4815731420267;1480.573923393878|48|[-0.045947037637233734, -0.09184899181127548, 0.0]|[0.021205013617873192, 0.0318765789270401, 0.9992668628692627]|[[2832.6628438838216, 0.0, 1968.0272553880557], [0.0, 2855.8825480621545, 1452.810040656435], [0.0, 0.0, 1.0]]
114|114|1|Snook|0.455|0.38103269407071866|4.2661213874816895|1996.2196232984793;1483.1671225975267|48|[-0.045947037637233734, -0.09184899181127548, 0.0]|[0.021205013617873192, 0.0318765789270401, 0.9992668628692627]|[[2832.6628438838216, 0.0, 1968.0272553880557], [0.0, 2855.8825480621545, 1452.810040656435], [0.0, 0.0, 1.0]]
114|114|1|Snook|0.455|0.3481299906283304|3.8923680782318115|1995.8207217694994;1475.9790454016295|48|[-0.045947037637233734, -0.09184899181127548, 0.0]|[0.021205013617873192, 0.0318765789270401, 0.9992668628692627]|[[2832.6628438838216, 0.0, 1968.0272553880557], [0.0, 2855.8825480621545, 1452.810040656435], [0.0, 0.0, 1.0]]
114|114|1|Snook|0.455|0.3759280729463876|4.157264709472656|1997.1678507415909;1480.645556221706|48|[-0.045947037637233734, -0.09184899181127548, 0.0]|[0.021205013617873192, 0.0318765789270401, 0.9992668628692627]|[[2832.6628438838216, 0.0, 1968.0272553880557], [0.0, 2855.8825480621545, 1452.810040656435], [0.0, 0.0, 1.0]]
114|114|1|Snook|0.455|0.38144067837909373|4.223842620849609|1995.639755434348;1482.7162018477752|48|[-0.045947037637233734, -0.09184899181127548, 0.0]|[0.021205013617873192, 0.0318765789270401, 0.9992668628692627]|[[2832.6628438838216, 0.0, 1968.0272553880557], [0.0, 2855.8825480621545, 1452.810040656435], [0.0, 0.0, 1.0]]
114|114|1|Snook|0.455|0.38524639534690586|4.222263813018799|1995.4336351939617;1482.786502326479|48|[-0.045947037637233734, -0.09184899181127548, 0.0]|[0.021205013617873192, 0.0318765789270401, 0.9992668628692627]|[[2832.6628438838216, 0.0, 1968.0272553880557], [0.0, 2855.8825480621545, 1452.810040656435], [0.0, 0.0, 1.0]]
114|114|1|Snook|0.455|0.37198647072741886|4.131093502044678|1995.3622799357481;1481.0716810624806|48|[-0.045947037637233734, -0.09184899181127548, 0.0]|[0.021205013617873192, 0.0318765789270401, 0.9992668628692627]|[[2832.6628438838216, 0.0, 1968.0272553880557], [0.0, 2855.8825480621545, 1452.810040656435], [0.0, 0.0, 1.0]]
114|114|1|Snook|0.455|0.388930212217698|4.288959503173828|1997.2538967160217;1483.0300032126634|48|[-0.045947037637233734, -0.09184899181127548, 0.0]|[0.021205013617873192, 0.0318765789270401, 0.9992668628692627]|[[2832.6628438838216, 0.0, 1968.0272553880557], [0.0, 2855.8825480621545, 1452.810040656435], [0.0, 0.0, 1.0]]
114|114|1|Snook|0.455|0.3427668359404695|4.093730926513672|1995.7758805615576;1480.107038529422|48|[-0.045947037637233734, -0.09184899181127548, 0.0]|[0.021205013617873192, 0.0318765789270401, 0.9992668628692627]|[[2832.6628438838216, 0.0, 1968.0272553880557], [0.0, 2855.8825480621545, 1452.810040656435], [0.0, 0.0, 1.0]]
114|114|1|Snook|0.455|0.3643464774671625|4.282166004180908|1997.0255702700795;1483.0119415931824|48|[-0.045947037637233734, -0.09184899181127548, 0.0]|[0.021205013617873192, 0.0318765789270401, 0.9992668628692627]|[[2832.6628438838216, 0.0, 1968.0272553880557], [0.0, 2855.8825480621545, 1452.810040656435], [0.0, 0.0, 1.0]]
114|114|1|Snook|0.455|0.35072572979141026|4.171416282653809|1998.0556540534972;1480.486622111782|48|[-0.045947037637233734, -0.09184899181127548, 0.0]|[0.021205013617873192, 0.0318765789270401, 0.9992668628692627]|[[2832.6628438838216, 0.0, 1968.0272553880557], [0.0, 2855.8825480621545, 1452.810040656435], [0.0, 0.0, 1.0]]
114|114|1|Snook|0.455|0.36723037395168123|4.316317081451416|1997.427972428671;1483.415803027638|48|[-0.045947037637233734, -0.09184899181127548, 0.0]|[0.021205013617873192, 0.0318765789270401, 0.9992668628692627]|[[2832.6628438838216, 0.0, 1968.0272553880557], [0.0, 2855.8825480621545, 1452.810040656435], [0.0, 0.0, 1.0]]
114|114|1|Snook|0.455|0.36735624489653|4.261050224304199|1998.3003560220277;1482.0190098850105|48|[-0.045947037637233734, -0.09184899181127548, 0.0]|[0.021205013617873192, 0.0318765789270401, 0.9992668628692627]|[[2832.6628438838216, 0.0, 1968.0272553880557], [0.0, 2855.8825480621545, 1452.810040656435], [0.0, 0.0, 1.0]]
114|114|1|Snook|0.455|0.3995976724420674|4.720608234405518|2001.164461247637;1488.0453686200376|48|[-0.045947037637233734, -0.09184899181127548, 0.0]|[0.021205013617873192, 0.0318765789270401, 0.9992668628692627]|[[2832.6628438838216, 0.0, 1968.0272553880557], [0.0, 2855.8825480621545, 1452.810040656435], [0.0, 0.0, 1.0]]
114|114|1|Snook|0.455|0.35467256128605673|4.195040702819824|1994.5807640426317;1482.798301202816|48|[-0.045947037637233734, -0.09184899181127548, 0.0]|[0.021205013617873192, 0.0318765789270401, 0.9992668628692627]|[[2832.6628438838216, 0.0, 1968.0272553880557], [0.0, 2855.8825480621545, 1452.810040656435], [0.0, 0.0, 1.0]]
114|114|1|Snook|0.455|0.34537738654932815|4.081606388092041|1995.9159167836767;1479.804110135726|48|[-0.045947037637233734, -0.09184899181127548, 0.0]|[0.021205013617873192, 0.0318765789270401, 0.9992668628692627]|[[2832.6628438838216, 0.0, 1968.0272553880557], [0.0, 2855.8825480621545, 1452.810040656435], [0.0, 0.0, 1.0]]
114|114|1|Snook|0.455|0.35605857220146536|4.208150863647461|1995.4001247731399;1482.5629175718539|48|[-0.045947037637233734, -0.09184899181127548, 0.0]|[0.021205013617873192, 0.0318765789270401, 0.9992668628692627]|[[2832.6628438838216, 0.0, 1968.0272553880557], [0.0, 2855.8825480621545, 1452.810040656435], [0.0, 0.0, 1.0]]
114|114|1|Snook|0.455|0.34574698819281735|4.033228397369385|1996.2021686952482;1478.7110540063488|48|[-0.045947037637233734, -0.09184899181127548, 0.0]|[0.021205013617873192, 0.0318765789270401, 0.9992668628692627]|[[2832.6628438838216, 0.0, 1968.0272553880557], [0.0, 2855.8825480621545, 1452.810040656435], [0.0, 0.0, 1.0]]
114|114|1|Snook|0.455|0.3713146208688516|4.294516563415527|1996.8540537504998;1483.3398334235376|48|[-0.045947037637233734, -0.09184899181127548, 0.0]|[0.021205013617873192, 0.0318765789270401, 0.9992668628692627]|[[2832.6628438838216, 0.0, 1968.0272553880557], [0.0, 2855.8825480621545, 1452.810040656435], [0.0, 0.0, 1.0]]
114|114|1|Snook|0.455|0.3813188296237035|4.347541332244873|1997.5965646006282;1483.87835078147|48|[-0.045947037637233734, -0.09184899181127548, 0.0]|[0.021205013617873192, 0.0318765789270401, 0.9992668628692627]|[[2832.6628438838216, 0.0, 1968.0272553880557], [0.0, 2855.8825480621545, 1452.810040656435], [0.0, 0.0, 1.0]]
114|114|1|Snook|0.455|0.36612719052984755|4.183668613433838|1997.5808397620685;1480.9300292721925|48|[-0.045947037637233734, -0.09184899181127548, 0.0]|[0.021205013617873192, 0.0318765789270401, 0.9992668628692627]|[[2832.6628438838216, 0.0, 1968.0272553880557], [0.0, 2855.8825480621545, 1452.810040656435], [0.0, 0.0, 1.0]]
114|114|1|Snook|0.455|0.3837332552955889|4.377164840698242|1995.2748091981616;1485.802391590534|48|[-0.045947037637233734, -0.09184899181127548, 0.0]|[0.021205013617873192, 0.0318765789270401, 0.9992668628692627]|[[2832.6628438838216, 0.0, 1968.0272553880557], [0.0, 2855.8825480621545, 1452.810040656435], [0.0, 0.0, 1.0]]
114|114|1|Snook|0.455|0.38022972969350416|4.3860297203063965|1995.7204826169716;1485.6705241214659|48|[-0.045947037637233734, -0.09184899181127548, 0.0]|[0.021205013617873192, 0.0318765789270401, 0.9992668628692627]|[[2832.6628438838216, 0.0, 1968.0272553880557], [0.0, 2855.8825480621545, 1452.810040656435], [0.0, 0.0, 1.0]]
114|114|1|Snook|0.455|0.3584625212349394|4.151087760925293|1996.3198327739306;1480.9594983217967|48|[-0.045947037637233734, -0.09184899181127548, 0.0]|[0.021205013617873192, 0.0318765789270401, 0.9992668628692627]|[[2832.6628438838216, 0.0, 1968.0272553880557], [0.0, 2855.8825480621545, 1452.810040656435], [0.0, 0.0, 1.0]]
114|114|1|Snook|0.455|0.373521539714774|4.2636823654174805|1997.0540936251327;1482.6793672508861|48|[-0.045947037637233734, -0.09184899181127548, 0.0]|[0.021205013617873192, 0.0318765789270401, 0.9992668628692627]|[[2832.6628438838216, 0.0, 1968.0272553880557], [0.0, 2855.8825480621545, 1452.810040656435], [0.0, 0.0, 1.0]]
114|114|1|Snook|0.455|0.36076888658046447|4.168560028076172|1995.0836861735493;1481.961987770936|48|[-0.045947037637233734, -0.09184899181127548, 0.0]|[0.021205013617873192, 0.0318765789270401, 0.9992668628692627]|[[2832.6628438838216, 0.0, 1968.0272553880557], [0.0, 2855.8825480621545, 1452.810040656435], [0.0, 0.0, 1.0]]
114|114|1|Snook|0.455|0.32310735863001583|4.098543643951416|1996.1656503707775;1480.0140374878215|48|[-0.045947037637233734, -0.09184899181127548, 0.0]|[0.021205013617873192, 0.0318765789270401, 0.9992668628692627]|[[2832.6628438838216, 0.0, 1968.0272553880557], [0.0, 2855.8825480621545, 1452.810040656435], [0.0, 0.0, 1.0]]
114|114|1|Snook|0.455|0.31817327682313656|4.080361843109131|1996.9100259586796;1479.2968945809046|48|[-0.045947037637233734, -0.09184899181127548, 0.0]|[0.021205013617873192, 0.0318765789270401, 0.9992668628692627]|[[2832.6628438838216, 0.0, 1968.0272553880557], [0.0, 2855.8825480621545, 1452.810040656435], [0.0, 0.0, 1.0]]
114|114|1|Snook|0.455|0.32574636063742496|4.189489841461182|1997.0679409602042;1481.2973620386185|48|[-0.045947037637233734, -0.09184899181127548, 0.0]|[0.021205013617873192, 0.0318765789270401, 0.9992668628692627]|[[2832.6628438838216, 0.0, 1968.0272553880557], [0.0, 2855.8825480621545, 1452.810040656435], [0.0, 0.0, 1.0]]
114|114|1|Snook|0.455|0.32498926829124714|4.121044158935547|1995.8207217694994;1480.6204889406288|48|[-0.045947037637233734, -0.09184899181127548, 0.0]|[0.021205013617873192, 0.0318765789270401, 0.9992668628692627]|[[2832.6628438838216, 0.0, 1968.0272553880557], [0.0, 2855.8825480621545, 1452.810040656435], [0.0, 0.0, 1.0]]
114|114|1|Snook|0.455|0.33840126580911767|4.262379169464111|1998.3213878567647;1482.0162527180935|48|[-0.045947037637233734, -0.09184899181127548, 0.0]|[0.021205013617873192, 0.0318765789270401, 0.9992668628692627]|[[2832.6628438838216, 0.0, 1968.0272553880557], [0.0, 2855.8825480621545, 1452.810040656435], [0.0, 0.0, 1.0]]
114|114|1|Snook|0.455|0.3294581802536687|4.240148067474365|1997.305110737775;1482.127385062198|48|[-0.045947037637233734, -0.09184899181127548, 0.0]|[0.021205013617873192, 0.0318765789270401, 0.9992668628692627]|[[2832.6628438838216, 0.0, 1968.0272553880557], [0.0, 2855.8825480621545, 1452.810040656435], [0.0, 0.0, 1.0]]
114|114|1|Snook|0.455|0.34106300755688024|4.267104148864746|1997.4184652226525;1482.5447463213468|48|[-0.045947037637233734, -0.09184899181127548, 0.0]|[0.021205013617873192, 0.0318765789270401, 0.9992668628692627]|[[2832.6628438838216, 0.0, 1968.0272553880557], [0.0, 2855.8825480621545, 1452.810040656435], [0.0, 0.0, 1.0]]
114|114|1|Snook|0.455|0.34125944677109205|4.2589640617370605|1997.4799150696335;1482.359999810374|48|[-0.045947037637233734, -0.09184899181127548, 0.0]|[0.021205013617873192, 0.0318765789270401, 0.9992668628692627]|[[2832.6628438838216, 0.0, 1968.0272553880557], [0.0, 2855.8825480621545, 1452.810040656435], [0.0, 0.0, 1.0]]
114|114|1|Snook|0.455|0.31718701754153633|3.9952149391174316|1995.919130416193;1478.0632479719318|48|[-0.045947037637233734, -0.09184899181127548, 0.0]|[0.021205013617873192, 0.0318765789270401, 0.9992668628692627]|[[2832.6628438838216, 0.0, 1968.0272553880557], [0.0, 2855.8825480621545, 1452.810040656435], [0.0, 0.0, 1.0]]
114|114|1|Snook|0.455|0.3419351267045686|4.3583455085754395|1997.8133289802388;1483.9696250346976|48|[-0.045947037637233734, -0.09184899181127548, 0.0]|[0.021205013617873192, 0.0318765789270401, 0.9992668628692627]|[[2832.6628438838216, 0.0, 1968.0272553880557], [0.0, 2855.8825480621545, 1452.810040656435], [0.0, 0.0, 1.0]]
114|114|1|Snook|0.455|0.3427709195847726|4.25369930267334|1997.3528169360304;1482.329936403839|48|[-0.045947037637233734, -0.09184899181127548, 0.0]|[0.021205013617873192, 0.0318765789270401, 0.9992668628692627]|[[2832.6628438838216, 0.0, 1968.0272553880557], [0.0, 2855.8825480621545, 1452.810040656435], [0.0, 0.0, 1.0]]
114|114|1|Snook|0.455|0.33416754507632607|4.191762924194336|1994.5983518367484;1482.7027530189691|48|[-0.045947037637233734, -0.09184899181127548, 0.0]|[0.021205013617873192, 0.0318765789270401, 0.9992668628692627]|[[2832.6628438838216, 0.0, 1968.0272553880557], [0.0, 2855.8825480621545, 1452.810040656435], [0.0, 0.0, 1.0]]
114|114|1|Snook|0.455|0.3389546197778967|4.2636494636535645|1994.502059625741;1484.1727521046712|48|[-0.045947037637233734, -0.09184899181127548, 0.0]|[0.021205013617873192, 0.0318765789270401, 0.9992668628692627]|[[2832.6628438838216, 0.0, 1968.0272553880557], [0.0, 2855.8825480621545, 1452.810040656435], [0.0, 0.0, 1.0]]
114|114|1|Snook|0.455|0.3306596869229876|4.168951988220215|1995.815691020096;1481.5699057668796|48|[-0.045947037637233734, -0.09184899181127548, 0.0]|[0.021205013617873192, 0.0318765789270401, 0.9992668628692627]|[[2832.6628438838216, 0.0, 1968.0272553880557], [0.0, 2855.8825480621545, 1452.810040656435], [0.0, 0.0, 1.0]]
114|114|1|Snook|0.455|0.3268775599021679|4.146080493927002|1994.5570040338882;1481.8206665579737|48|[-0.045947037637233734, -0.09184899181127548, 0.0]|[0.021205013617873192, 0.0318765789270401, 0.9992668628692627]|[[2832.6628438838216, 0.0, 1968.0272553880557], [0.0, 2855.8825480621545, 1452.810040656435], [0.0, 0.0, 1.0]]
114|114|1|Snook|0.455|0.35157700261979674|4.364232063293457|1997.8461931200673;1484.0620846411334|48|[-0.045947037637233734, -0.09184899181127548, 0.0]|[0.021205013617873192, 0.0318765789270401, 0.9992668628692627]|[[2832.6628438838216, 0.0, 1968.0272553880557], [0.0, 2855.8825480621545, 1452.810040656435], [0.0, 0.0, 1.0]]
114|114|1|Snook|0.455|0.33271961574177344|4.231080532073975|1997.8745881244315;1481.66017440532|48|[-0.045947037637233734, -0.09184899181127548, 0.0]|[0.021205013617873192, 0.0318765789270401, 0.9992668628692627]|[[2832.6628438838216, 0.0, 1968.0272553880557], [0.0, 2855.8825480621545, 1452.810040656435], [0.0, 0.0, 1.0]]
114|114|1|Snook|0.455|0.3090764880379291|4.259194850921631|1997.3811578408195;1482.4214821043906|48|[-0.045947037637233734, -0.09184899181127548, 0.0]|[0.021205013617873192, 0.0318765789270401, 0.9992668628692627]|[[2832.6628438838216, 0.0, 1968.0272553880557], [0.0, 2855.8825480621545, 1452.810040656435], [0.0, 0.0, 1.0]]
114|114|1|Snook|0.455|0.31636945223502994|4.342470169067383|1997.8461931200673;1483.6631193851524|48|[-0.045947037637233734, -0.09184899181127548, 0.0]|[0.021205013617873192, 0.0318765789270401, 0.9992668628692627]|[[2832.6628438838216, 0.0, 1968.0272553880557], [0.0, 2855.8825480621545, 1452.810040656435], [0.0, 0.0, 1.0]]
114|114|1|Snook|0.455|0.3202293527716248|4.375004291534424|1999.0419736963843;1483.6469079373464|48|[-0.045947037637233734, -0.09184899181127548, 0.0]|[0.021205013617873192, 0.0318765789270401, 0.9992668628692627]|[[2832.6628438838216, 0.0, 1968.0272553880557], [0.0, 2855.8825480621545, 1452.810040656435], [0.0, 0.0, 1.0]]
114|114|1|Snook|0.455|0.3250808026867432|4.32144021987915|1997.39783795984;1483.549151816294|48|[-0.045947037637233734, -0.09184899181127548, 0.0]|[0.021205013617873192, 0.0318765789270401, 0.9992668628692627]|[[2832.6628438838216, 0.0, 1968.0272553880557], [0.0, 2855.8825480621545, 1452.810040656435], [0.0, 0.0, 1.0]]
114|114|1|Snook|0.455|0.31594292646371513|4.237679481506348|1997.7723045237738;1481.8266597670554|48|[-0.045947037637233734, -0.09184899181127548, 0.0]|[0.021205013617873192, 0.0318765789270401, 0.9992668628692627]|[[2832.6628438838216, 0.0, 1968.0272553880557], [0.0, 2855.8825480621545, 1452.810040656435], [0.0, 0.0, 1.0]]
114|114|1|Snook|0.455|0.3147587461699861|4.237144947052002|1996.5129919097474;1482.471711338673|48|[-0.045947037637233734, -0.09184899181127548, 0.0]|[0.021205013617873192, 0.0318765789270401, 0.9992668628692627]|[[2832.6628438838216, 0.0, 1968.0272553880557], [0.0, 2855.8825480621545, 1452.810040656435], [0.0, 0.0, 1.0]]
114|114|1|Snook|0.455|0.3054911189173351|4.169400215148926|1998.0081846865628;1480.4866325522623|48|[-0.045947037637233734, -0.09184899181127548, 0.0]|[0.021205013617873192, 0.0318765789270401, 0.9992668628692627]|[[2832.6628438838216, 0.0, 1968.0272553880557], [0.0, 2855.8825480621545, 1452.810040656435], [0.0, 0.0, 1.0]]
114|114|1|Snook|0.455|0.31413414919266885|4.236884593963623|1996.7512152429658;1482.3562969765753|48|[-0.045947037637233734, -0.09184899181127548, 0.0]|[0.021205013617873192, 0.0318765789270401, 0.9992668628692627]|[[2832.6628438838216, 0.0, 1968.0272553880557], [0.0, 2855.8825480621545, 1452.810040656435], [0.0, 0.0, 1.0]]
114|114|1|Snook|0.455|0.3170269195732027|4.246339321136475|1996.1560258208303;1482.8618900471452|48|[-0.045947037637233734, -0.09184899181127548, 0.0]|[0.021205013617873192, 0.0318765789270401, 0.9992668628692627]|[[2832.6628438838216, 0.0, 1968.0272553880557], [0.0, 2855.8825480621545, 1452.810040656435], [0.0, 0.0, 1.0]]
114|114|1|Snook|0.455|0.3132004148711463|4.217190265655518|1996.9898750115638;1481.8755526534922|48|[-0.045947037637233734, -0.09184899181127548, 0.0]|[0.021205013617873192, 0.0318765789270401, 0.9992668628692627]|[[2832.6628438838216, 0.0, 1968.0272553880557], [0.0, 2855.8825480621545, 1452.810040656435], [0.0, 0.0, 1.0]]
114|114|1|Snook|0.455|0.3118632130066615|4.1999711990356445|1997.669154557585;1481.1957125650617|48|[-0.045947037637233734, -0.09184899181127548, 0.0]|[0.021205013617873192, 0.0318765789270401, 0.9992668628692627]|[[2832.6628438838216, 0.0, 1968.0272553880557], [0.0, 2855.8825480621545, 1452.810040656435], [0.0, 0.0, 1.0]]
114|114|1|Snook|0.455|0.3070342756556663|4.161410808563232|1995.9216585508511;1481.349993717532|48|[-0.045947037637233734, -0.09184899181127548, 0.0]|[0.021205013617873192, 0.0318765789270401, 0.9992668628692627]|[[2832.6628438838216, 0.0, 1968.0272553880557], [0.0, 2855.8825480621545, 1452.810040656435], [0.0, 0.0, 1.0]]
114|114|1|Snook|0.455|0.3103773582403076|4.235618591308594|1998.1407137494268;1481.6156135458702|48|[-0.045947037637233734, -0.09184899181127548, 0.0]|[0.021205013617873192, 0.0318765789270401, 0.9992668628692627]|[[2832.6628438838216, 0.0, 1968.0272553880557], [0.0, 2855.8825480621545, 1452.810040656435], [0.0, 0.0, 1.0]]
114|114|1|Snook|0.455|0.3121609645605266|4.177655220031738|1996.5557616683732;1481.342647497671|48|[-0.045947037637233734, -0.09184899181127548, 0.0]|[0.021205013617873192, 0.0318765789270401, 0.9992668628692627]|[[2832.6628438838216, 0.0, 1968.0272553880557], [0.0, 2855.8825480621545, 1452.810040656435], [0.0, 0.0, 1.0]]
114|114|1|Snook|0.455|0.3053911454084837|4.21165132522583|1997.1547708871933;1481.6757884623444|48|[-0.045947037637233734, -0.09184899181127548, 0.0]|[0.021205013617873192, 0.0318765789270401, 0.9992668628692627]|[[2832.6628438838216, 0.0, 1968.0272553880557], [0.0, 2855.8825480621545, 1452.810040656435], [0.0, 0.0, 1.0]]
114|114|1|Snook|0.455|0.30545087370960466|4.1349897384643555|1997.0701327480647;1480.2734398213104|48|[-0.045947037637233734, -0.09184899181127548, 0.0]|[0.021205013617873192, 0.0318765789270401, 0.9992668628692627]|[[2832.6628438838216, 0.0, 1968.0272553880557], [0.0, 2855.8825480621545, 1452.810040656435], [0.0, 0.0, 1.0]]
114|114|1|Snook|0.455|0.3042261820803453|4.150683879852295|1997.6874873964555;1480.2771752149383|48|[-0.045947037637233734, -0.09184899181127548, 0.0]|[0.021205013617873192, 0.0318765789270401, 0.9992668628692627]|[[2832.6628438838216, 0.0, 1968.0272553880557], [0.0, 2855.8825480621545, 1452.810040656435], [0.0, 0.0, 1.0]]
114|114|1|Snook|0.455|0.3070006576853875|4.171844959259033|1997.8566899505029;1480.5788383245203|48|[-0.045947037637233734, -0.09184899181127548, 0.0]|[0.021205013617873192, 0.0318765789270401, 0.9992668628692627]|[[2832.6628438838216, 0.0, 1968.0272553880557], [0.0, 2855.8825480621545, 1452.810040656435], [0.0, 0.0, 1.0]]
114|114|1|Snook|0.455|0.3051734860083591|4.166001796722412|1995.5885508826495;1481.6319596228595|48|[-0.045947037637233734, -0.09184899181127548, 0.0]|[0.021205013617873192, 0.0318765789270401, 0.9992668628692627]|[[2832.6628438838216, 0.0, 1968.0272553880557], [0.0, 2855.8825480621545, 1452.810040656435], [0.0, 0.0, 1.0]]
107|107|5|Snook|0.455|0.4413764481253253|1.9989951848983765|1991.3839564858208;1379.5273176497824|47|[-0.031959716230630875, -0.12553761899471283, 0.0]|[0.008735720068216324, 0.0529530830681324, 0.9985588192939758]|[[2833.277965760987, 0.0, 2009.7572163743287], [0.0, 2858.7736950651392, 1407.9866181636053], [0.0, 0.0, 1.0]]
107|107|5|Snook|0.455|0.447983931797978|2.012286901473999|1990.9384872997107;1380.8872415790054|47|[-0.031959716230630875, -0.12553761899471283, 0.0]|[0.008735720068216324, 0.0529530830681324, 0.9985588192939758]|[[2833.277965760987, 0.0, 2009.7572163743287], [0.0, 2858.7736950651392, 1407.9866181636053], [0.0, 0.0, 1.0]]
107|107|5|Snook|0.455|0.44136834150817605|1.9956187009811401|1990.6960488041498;1379.3687388903286|47|[-0.031959716230630875, -0.12553761899471283, 0.0]|[0.008735720068216324, 0.0529530830681324, 0.9985588192939758]|[[2833.277965760987, 0.0, 2009.7572163743287], [0.0, 2858.7736950651392, 1407.9866181636053], [0.0, 0.0, 1.0]]
107|107|5|Snook|0.455|0.44730397618115453|2.0142476558685303|1989.8516097703896;1381.3351065702782|47|[-0.031959716230630875, -0.12553761899471283, 0.0]|[0.008735720068216324, 0.0529530830681324, 0.9985588192939758]|[[2833.277965760987, 0.0, 2009.7572163743287], [0.0, 2858.7736950651392, 1407.9866181636053], [0.0, 0.0, 1.0]]
107|107|5|Snook|0.455|0.44866757358977283|2.026963233947754|1991.9766911601712;1382.0082221576652|47|[-0.031959716230630875, -0.12553761899471283, 0.0]|[0.008735720068216324, 0.0529530830681324, 0.9985588192939758]|[[2833.277965760987, 0.0, 2009.7572163743287], [0.0, 2858.7736950651392, 1407.9866181636053], [0.0, 0.0, 1.0]]
107|107|5|Snook|0.455|0.45076782953738725|2.03873610496521|1991.4030730337313;1383.226693879882|47|[-0.031959716230630875, -0.12553761899471283, 0.0]|[0.008735720068216324, 0.0529530830681324, 0.9985588192939758]|[[2833.277965760987, 0.0, 2009.7572163743287], [0.0, 2858.7736950651392, 1407.9866181636053], [0.0, 0.0, 1.0]]
107|107|5|Snook|0.455|0.44576590092672785|2.0170092582702637|1992.1783431555114;1381.0384150357497|47|[-0.031959716230630875, -0.12553761899471283, 0.0]|[0.008735720068216324, 0.0529530830681324, 0.9985588192939758]|[[2833.277965760987, 0.0, 2009.7572163743287], [0.0, 2858.7736950651392, 1407.9866181636053], [0.0, 0.0, 1.0]]
107|107|5|Snook|0.455|0.4480202820900408|2.0265822410583496|1989.8813367627133;1382.48733133614|47|[-0.031959716230630875, -0.12553761899471283, 0.0]|[0.008735720068216324, 0.0529530830681324, 0.9985588192939758]|[[2833.277965760987, 0.0, 2009.7572163743287], [0.0, 2858.7736950651392, 1407.9866181636053], [0.0, 0.0, 1.0]]
107|107|5|Snook|0.455|0.44327463267705686|2.0072529315948486|1990.0757919254693;1380.621058467612|47|[-0.031959716230630875, -0.12553761899471283, 0.0]|[0.008735720068216324, 0.0529530830681324, 0.9985588192939758]|[[2833.277965760987, 0.0, 2009.7572163743287], [0.0, 2858.7736950651392, 1407.9866181636053], [0.0, 0.0, 1.0]]
107|107|5|Snook|0.455|0.44421266394544917|2.017155885696411|1990.4914972404733;1381.4520471336964|47|[-0.031959716230630875, -0.12553761899471283, 0.0]|[0.008735720068216324, 0.0529530830681324, 0.9985588192939758]|[[2833.277965760987, 0.0, 2009.7572163743287], [0.0, 2858.7736950651392, 1407.9866181636053], [0.0, 0.0, 1.0]]
107|107|5|Snook|0.455|0.438285957955862|1.9870039224624634|1989.8041150887098;1378.7538618005174|47|[-0.031959716230630875, -0.12553761899471283, 0.0]|[0.008735720068216324, 0.0529530830681324, 0.9985588192939758]|[[2833.277965760987, 0.0, 2009.7572163743287], [0.0, 2858.7736950651392, 1407.9866181636053], [0.0, 0.0, 1.0]]
107|107|5|Snook|0.455|0.44123538488134373|2.000537157058716|1990.0510382456255;1379.9970946571993|47|[-0.031959716230630875, -0.12553761899471283, 0.0]|[0.008735720068216324, 0.0529530830681324, 0.9985588192939758]|[[2833.277965760987, 0.0, 2009.7572163743287], [0.0, 2858.7736950651392, 1407.9866181636053], [0.0, 0.0, 1.0]]
107|107|5|Snook|0.455|0.44391624267647756|2.0017921924591064|1990.2385363565672;1380.0637748857487|47|[-0.031959716230630875, -0.12553761899471283, 0.0]|[0.008735720068216324, 0.0529530830681324, 0.9985588192939758]|[[2833.277965760987, 0.0, 2009.7572163743287], [0.0, 2858.7736950651392, 1407.9866181636053], [0.0, 0.0, 1.0]]
107|107|5|Snook|0.455|0.4385389277102126|1.9898499250411987|1990.6281227868233;1378.8254213316168|47|[-0.031959716230630875, -0.12553761899471283, 0.0]|[0.008735720068216324, 0.0529530830681324, 0.9985588192939758]|[[2833.277965760987, 0.0, 2009.7572163743287], [0.0, 2858.7736950651392, 1407.9866181636053], [0.0, 0.0, 1.0]]
107|107|5|Snook|0.455|0.4459082583299891|2.008775234222412|1989.6819299469084;1380.8733080916961|47|[-0.031959716230630875, -0.12553761899471283, 0.0]|[0.008735720068216324, 0.0529530830681324, 0.9985588192939758]|[[2833.277965760987, 0.0, 2009.7572163743287], [0.0, 2858.7736950651392, 1407.9866181636053], [0.0, 0.0, 1.0]]
107|107|5|Snook|0.455|0.441189652345452|1.9843332767486572|1990.349502131901;1378.366901683112|47|[-0.031959716230630875, -0.12553761899471283, 0.0]|[0.008735720068216324, 0.0529530830681324, 0.9985588192939758]|[[2833.277965760987, 0.0, 2009.7572163743287], [0.0, 2858.7736950651392, 1407.9866181636053], [0.0, 0.0, 1.0]]
501|501|5|Weasly Fish|0.31|0.27158382661616404|0.4314325153827667|1857.2200927734375;829.24755859375|33|[-0.030155092477798462, -0.09655661880970001, 0.0]|[0.015615224838256836, 0.021489720791578293, 0.9996470808982849]|[[2833.277965760987, 0.0, 2009.7572163743287], [0.0, 2858.7736950651392, 1407.9866181636053], [0.0, 0.0, 1.0]]
501|501|5|Weasly Fish|0.31|0.28105531322228233|0.553279459476471|1900.425537109375;970.2764892578125|33|[-0.030155092477798462, -0.09655661880970001, 0.0]|[0.015615224838256836, 0.021489720791578293, 0.9996470808982849]|[[2833.277965760987, 0.0, 2009.7572163743287], [0.0, 2858.7736950651392, 1407.9866181636053], [0.0, 0.0, 1.0]]
501|501|5|Weasly Fish|0.31|0.2850174118861397|0.7098402380943298|1934.3134765625;1080.3651123046875|33|[-0.030155092477798462, -0.09655661880970001, 0.0]|[0.015615224838256836, 0.021489720791578293, 0.9996470808982849]|[[2833.277965760987, 0.0, 2009.7572163743287], [0.0, 2858.7736950651392, 1407.9866181636053], [0.0, 0.0, 1.0]]
501|501|5|Weasly Fish|0.31|0.2935648665583498|0.9095875024795532|1960.3055419921877;1165.8995361328125|33|[-0.030155092477798462, -0.09655661880970001, 0.0]|[0.015615224838256836, 0.021489720791578293, 0.9996470808982849]|[[2833.277965760987, 0.0, 2009.7572163743287], [0.0, 2858.7736950651392, 1407.9866181636053], [0.0, 0.0, 1.0]]
501|501|5|Weasly Fish|0.31|0.29362266293485884|1.1536139249801636|1980.43896484375;1230.0072021484375|33|[-0.030155092477798462, -0.09655661880970001, 0.0]|[0.015615224838256836, 0.021489720791578293, 0.9996470808982849]|[[2833.277965760987, 0.0, 2009.7572163743287], [0.0, 2858.7736950651392, 1407.9866181636053], [0.0, 0.0, 1.0]]
501|501|5|Weasly Fish|0.31|0.29276401825883047|1.3039827346801758|1988.7396240234375;1257.67919921875|33|[-0.030155092477798462, -0.09655661880970001, 0.0]|[0.015615224838256836, 0.021489720791578293, 0.9996470808982849]|[[2833.277965760987, 0.0, 2009.7572163743287], [0.0, 2858.7736950651392, 1407.9866181636053], [0.0, 0.0, 1.0]]
501|501|5|Weasly Fish|0.31|0.29515385541573536|1.5248576402664185|1998.348388671875;1288.3050537109373|33|[-0.030155092477798462, -0.09655661880970001, 0.0]|[0.015615224838256836, 0.021489720791578293, 0.9996470808982849]|[[2833.277965760987, 0.0, 2009.7572163743287], [0.0, 2858.7736950651392, 1407.9866181636053], [0.0, 0.0, 1.0]]
501|501|5|Weasly Fish|0.31|0.29472760104398965|1.7211284637451172|2004.852246842603;1308.908397846895|33|[-0.030155092477798462, -0.09655661880970001, 0.0]|[0.015615224838256836, 0.021489720791578293, 0.9996470808982849]|[[2833.277965760987, 0.0, 2009.7572163743287], [0.0, 2858.7736950651392, 1407.9866181636053], [0.0, 0.0, 1.0]]
501|501|5|Weasly Fish|0.31|0.29070137107207444|1.9321621656417847|2010.57421875;1326.3394775390625|33|[-0.030155092477798462, -0.09655661880970001, 0.0]|[0.015615224838256836, 0.021489720791578293, 0.9996470808982849]|[[2833.277965760987, 0.0, 2009.7572163743287], [0.0, 2858.7736950651392, 1407.9866181636053], [0.0, 0.0, 1.0]]
501|501|5|Weasly Fish|0.31|0.2905240246465313|2.1520919799804688|2014.147216796875;1341.2274169921875|33|[-0.030155092477798462, -0.09655661880970001, 0.0]|[0.015615224838256836, 0.021489720791578293, 0.9996470808982849]|[[2833.277965760987, 0.0, 2009.7572163743287], [0.0, 2858.7736950651392, 1407.9866181636053], [0.0, 0.0, 1.0]]
501|501|5|Weasly Fish|0.31|0.29656194534529484|2.434643507003784|2018.6198730468748;1356.1693115234373|33|[-0.030155092477798462, -0.09655661880970001, 0.0]|[0.015615224838256836, 0.021489720791578293, 0.9996470808982849]|[[2833.277965760987, 0.0, 2009.7572163743287], [0.0, 2858.7736950651392, 1407.9866181636053], [0.0, 0.0, 1.0]]
501|501|5|Weasly Fish|0.31|0.29534687976793117|2.434764862060547|2018.6531982421875;1356.1612548828125|33|[-0.030155092477798462, -0.09655661880970001, 0.0]|[0.015615224838256836, 0.021489720791578293, 0.9996470808982849]|[[2833.277965760987, 0.0, 2009.7572163743287], [0.0, 2858.7736950651392, 1407.9866181636053], [0.0, 0.0, 1.0]]
501|501|5|Weasly Fish|0.31|0.2913904778988592|2.604607105255127|2021.3577880859377;1363.404296875|33|[-0.030155092477798462, -0.09655661880970001, 0.0]|[0.015615224838256836, 0.021489720791578293, 0.9996470808982849]|[[2833.277965760987, 0.0, 2009.7572163743287], [0.0, 2858.7736950651392, 1407.9866181636053], [0.0, 0.0, 1.0]]
501|501|5|Weasly Fish|0.31|0.2917528297651496|2.7718098163604736|2023.9346923828125;1369.6175537109375|33|[-0.030155092477798462, -0.09655661880970001, 0.0]|[0.015615224838256836, 0.021489720791578293, 0.9996470808982849]|[[2833.277965760987, 0.0, 2009.7572163743287], [0.0, 2858.7736950651392, 1407.9866181636053], [0.0, 0.0, 1.0]]
501|501|5|Weasly Fish|0.31|0.2935745020534375|2.9334280490875244|2025.2427978515625;1375.2347412109375|33|[-0.030155092477798462, -0.09655661880970001, 0.0]|[0.015615224838256836, 0.021489720791578293, 0.9996470808982849]|[[2833.277965760987, 0.0, 2009.7572163743287], [0.0, 2858.7736950651392, 1407.9866181636053], [0.0, 0.0, 1.0]]
501|501|5|Weasly Fish|0.31|0.30387026020731084|3.1104819774627686|2026.1910400390623;1380.8192138671875|33|[-0.030155092477798462, -0.09655661880970001, 0.0]|[0.015615224838256836, 0.021489720791578293, 0.9996470808982849]|[[2833.277965760987, 0.0, 2009.7572163743287], [0.0, 2858.7736950651392, 1407.9866181636053], [0.0, 0.0, 1.0]]
501|501|5|Weasly Fish|0.31|0.29573966994113193|3.1002721786499023|2026.3806152343748;1380.432861328125|33|[-0.030155092477798462, -0.09655661880970001, 0.0]|[0.015615224838256836, 0.021489720791578293, 0.9996470808982849]|[[2833.277965760987, 0.0, 2009.7572163743287], [0.0, 2858.7736950651392, 1407.9866181636053], [0.0, 0.0, 1.0]]
501|501|5|Weasly Fish|0.31|0.29810398697451324|3.281567096710205|2029.1434326171875;1384.9713134765625|33|[-0.030155092477798462, -0.09655661880970001, 0.0]|[0.015615224838256836, 0.021489720791578293, 0.9996470808982849]|[[2833.277965760987, 0.0, 2009.7572163743287], [0.0, 2858.7736950651392, 1407.9866181636053], [0.0, 0.0, 1.0]]
501|501|5|Weasly Fish|0.31|0.28668663519699783|3.266423463821411|2029.2105712890627;1384.5220947265625|33|[-0.030155092477798462, -0.09655661880970001, 0.0]|[0.015615224838256836, 0.021489720791578293, 0.9996470808982849]|[[2833.277965760987, 0.0, 2009.7572163743287], [0.0, 2858.7736950651392, 1407.9866181636053], [0.0, 0.0, 1.0]]
501|501|5|Weasly Fish|0.31|0.2966130423174367|3.476128339767456|2030.09326171875;1389.81494140625|33|[-0.030155092477798462, -0.09655661880970001, 0.0]|[0.015615224838256836, 0.021489720791578293, 0.9996470808982849]|[[2833.277965760987, 0.0, 2009.7572163743287], [0.0, 2858.7736950651392, 1407.9866181636053], [0.0, 0.0, 1.0]]
501|501|5|Weasly Fish|0.31|0.30925705220957145|3.836646556854248|2032.3266601562502;1397.3023681640625|33|[-0.030155092477798462, -0.09655661880970001, 0.0]|[0.015615224838256836, 0.021489720791578293, 0.9996470808982849]|[[2833.277965760987, 0.0, 2009.7572163743287], [0.0, 2858.7736950651392, 1407.9866181636053], [0.0, 0.0, 1.0]]
501|501|5|Weasly Fish|0.31|0.30546337829309406|4.003811359405518|2033.205322265625;1400.330078125|33|[-0.030155092477798462, -0.09655661880970001, 0.0]|[0.015615224838256836, 0.021489720791578293, 0.9996470808982849]|[[2833.277965760987, 0.0, 2009.7572163743287], [0.0, 2858.7736950651392, 1407.9866181636053], [0.0, 0.0, 1.0]]
501|501|5|Weasly Fish|0.31|0.30555255351407673|4.348953723907471|2034.1149902343748;1406.06201171875|33|[-0.030155092477798462, -0.09655661880970001, 0.0]|[0.015615224838256836, 0.021489720791578293, 0.9996470808982849]|[[2833.277965760987, 0.0, 2009.7572163743287], [0.0, 2858.7736950651392, 1407.9866181636053], [0.0, 0.0, 1.0]]
501|501|5|Weasly Fish|0.31|0.2995779298215493|3.576336145401001|2029.0740966796877;1392.588623046875|33|[-0.030155092477798462, -0.09655661880970001, 0.0]|[0.015615224838256836, 0.021489720791578293, 0.9996470808982849]|[[2833.277965760987, 0.0, 2009.7572163743287], [0.0, 2858.7736950651392, 1407.9866181636053], [0.0, 0.0, 1.0]]
501|501|5|Weasly Fish|0.31|0.2976688292169647|2.290816068649292|2015.8710937500002;1349.20751953125|33|[-0.030155092477798462, -0.09655661880970001, 0.0]|[0.015615224838256836, 0.021489720791578293, 0.9996470808982849]|[[2833.277965760987, 0.0, 2009.7572163743287], [0.0, 2858.7736950651392, 1407.9866181636053], [0.0, 0.0, 1.0]]
501|501|5|Weasly Fish|0.31|0.29834966196741397|2.0864105224609375|2012.8819580078123;1337.1875|33|[-0.030155092477798462, -0.09655661880970001, 0.0]|[0.015615224838256836, 0.021489720791578293, 0.9996470808982849]|[[2833.277965760987, 0.0, 2009.7572163743287], [0.0, 2858.7736950651392, 1407.9866181636053], [0.0, 0.0, 1.0]]
501|501|5|Weasly Fish|0.31|0.29205125190671594|1.8340815305709839|2007.564208984375;1318.8978271484375|33|[-0.030155092477798462, -0.09655661880970001, 0.0]|[0.015615224838256836, 0.021489720791578293, 0.9996470808982849]|[[2833.277965760987, 0.0, 2009.7572163743287], [0.0, 2858.7736950651392, 1407.9866181636053], [0.0, 0.0, 1.0]]
501|501|5|Weasly Fish|0.31|0.3031635180030114|1.9558049440383911|2009.3937988281248;1328.6049804687498|33|[-0.030155092477798462, -0.09655661880970001, 0.0]|[0.015615224838256836, 0.021489720791578293, 0.9996470808982849]|[[2833.277965760987, 0.0, 2009.7572163743287], [0.0, 2858.7736950651392, 1407.9866181636053], [0.0, 0.0, 1.0]]
501|501|5|Weasly Fish|0.31|0.2938255989879718|1.8594474792480469|2007.1129150390623;1321.2926025390625|33|[-0.030155092477798462, -0.09655661880970001, 0.0]|[0.015615224838256836, 0.021489720791578293, 0.9996470808982849]|[[2833.277965760987, 0.0, 2009.7572163743287], [0.0, 2858.7736950651392, 1407.9866181636053], [0.0, 0.0, 1.0]]
501|501|5|Weasly Fish|0.31|0.2909355114415958|1.7091784477233887|2003.4731445312502;1308.1104736328127|33|[-0.030155092477798462, -0.09655661880970001, 0.0]|[0.015615224838256836, 0.021489720791578293, 0.9996470808982849]|[[2833.277965760987, 0.0, 2009.7572163743287], [0.0, 2858.7736950651392, 1407.9866181636053], [0.0, 0.0, 1.0]]
501|501|5|Weasly Fish|0.31|0.29587814770162|1.571183681488037|1999.29623802299;1293.860863339494|33|[-0.030155092477798462, -0.09655661880970001, 0.0]|[0.015615224838256836, 0.021489720791578293, 0.9996470808982849]|[[2833.277965760987, 0.0, 2009.7572163743287], [0.0, 2858.7736950651392, 1407.9866181636053], [0.0, 0.0, 1.0]]
501|501|5|Weasly Fish|0.31|0.28887322061947657|1.3990989923477173|1992.5968017578125;1272.2626953125|33|[-0.030155092477798462, -0.09655661880970001, 0.0]|[0.015615224838256836, 0.021489720791578293, 0.9996470808982849]|[[2833.277965760987, 0.0, 2009.7572163743287], [0.0, 2858.7736950651392, 1407.9866181636053], [0.0, 0.0, 1.0]]
501|501|5|Weasly Fish|0.31|0.2850720920344091|1.2684414386749268|1986.3350578646323;1251.929481967933|33|[-0.030155092477798462, -0.09655661880970001, 0.0]|[0.015615224838256836, 0.021489720791578293, 0.9996470808982849]|[[2833.277965760987, 0.0, 2009.7572163743287], [0.0, 2858.7736950651392, 1407.9866181636053], [0.0, 0.0, 1.0]]
501|501|5|Weasly Fish|0.31|0.28199603017701325|1.025016188621521|1969.7210693359375;1200.447509765625|33|[-0.030155092477798462, -0.09655661880970001, 0.0]|[0.015615224838256836, 0.021489720791578293, 0.9996470808982849]|[[2833.277965760987, 0.0, 2009.7572163743287], [0.0, 2858.7736950651392, 1407.9866181636053], [0.0, 0.0, 1.0]]
501|501|5|Weasly Fish|0.31|0.27324063971121637|0.8852731585502625|1958.0556640625;1157.463623046875|33|[-0.030155092477798462, -0.09655661880970001, 0.0]|[0.015615224838256836, 0.021489720791578293, 0.9996470808982849]|[[2833.277965760987, 0.0, 2009.7572163743287], [0.0, 2858.7736950651392, 1407.9866181636053], [0.0, 0.0, 1.0]]
501|501|5|Weasly Fish|0.31|0.27672816241081155|0.7560656070709229|1940.7340087890625;1104.43505859375|33|[-0.030155092477798462, -0.09655661880970001, 0.0]|[0.015615224838256836, 0.021489720791578293, 0.9996470808982849]|[[2833.277965760987, 0.0, 2009.7572163743287], [0.0, 2858.7736950651392, 1407.9866181636053], [0.0, 0.0, 1.0]]
501|501|5|Weasly Fish|0.31|0.28506505575435903|0.7106473445892334|1933.0977783203125;1081.2364501953123|33|[-0.030155092477798462, -0.09655661880970001, 0.0]|[0.015615224838256836, 0.021489720791578293, 0.9996470808982849]|[[2833.277965760987, 0.0, 2009.7572163743287], [0.0, 2858.7736950651392, 1407.9866181636053], [0.0, 0.0, 1.0]]
501|501|5|Weasly Fish|0.31|0.287912777235573|0.6093950867652893|1914.1219482421875;1016.384033203125|33|[-0.030155092477798462, -0.09655661880970001, 0.0]|[0.015615224838256836, 0.021489720791578293, 0.9996470808982849]|[[2833.277965760987, 0.0, 2009.7572163743287], [0.0, 2858.7736950651392, 1407.9866181636053], [0.0, 0.0, 1.0]]
501|501|5|Weasly Fish|0.31|0.2796395562222915|0.3974778652191162|1838.4007568359375;775.1890869140626|33|[-0.030155092477798462, -0.09655661880970001, 0.0]|[0.015615224838256836, 0.021489720791578293, 0.9996470808982849]|[[2833.277965760987, 0.0, 2009.7572163743287], [0.0, 2858.7736950651392, 1407.9866181636053], [0.0, 0.0, 1.0]]
501|501|5|Weasly Fish|0.31|0.2799224401617621|0.329057902097702|1792.6153379316788;631.1395819474112|33|[-0.030155092477798462, -0.09655661880970001, 0.0]|[0.015615224838256836, 0.021489720791578293, 0.9996470808982849]|[[2833.277965760987, 0.0, 2009.7572163743287], [0.0, 2858.7736950651392, 1407.9866181636053], [0.0, 0.0, 1.0]]
501|501|5|Weasly Fish|0.31|0.2777682253874178|0.26781564950942993|1738.2564102564104;437.7435897435898|33|[-0.030155092477798462, -0.09655661880970001, 0.0]|[0.015615224838256836, 0.021489720791578293, 0.9996470808982849]|[[2833.277965760987, 0.0, 2009.7572163743287], [0.0, 2858.7736950651392, 1407.9866181636053], [0.0, 0.0, 1.0]]
501|501|5|Weasly Fish|0.31|0.28218178630345325|0.4281497299671173|1854.0550537109375;824.85986328125|33|[-0.030155092477798462, -0.09655661880970001, 0.0]|[0.015615224838256836, 0.021489720791578293, 0.9996470808982849]|[[2833.277965760987, 0.0, 2009.7572163743287], [0.0, 2858.7736950651392, 1407.9866181636053], [0.0, 0.0, 1.0]]
509|509|4|Weasly Fish|0.31|0.29720509055039795|0.6449064016342163|1901.02880859375;1068.0974121093748|43|[-0.03177405893802643, -0.09918811917304993, 0.0]|[0.016506599262356758, 0.022264979779720306, 0.9996158480644226]|[[2827.300073606339, 0.0, 1993.2574097262354], [0.0, 2852.2438974589363, 1443.3722632010733], [0.0, 0.0, 1.0]]
509|509|4|Weasly Fish|0.31|0.28170156461248463|0.403603196144104|1817.614501953125;805.8627319335938|43|[-0.03177405893802643, -0.09918811917304993, 0.0]|[0.016506599262356758, 0.022264979779720306, 0.9996158480644226]|[[2827.300073606339, 0.0, 1993.2574097262354], [0.0, 2852.2438974589363, 1443.3722632010733], [0.0, 0.0, 1.0]]
509|509|4|Weasly Fish|0.31|0.28726751570535164|0.5168782472610474|1865.4327392578125;959.789794921875|43|[-0.03177405893802643, -0.09918811917304993, 0.0]|[0.016506599262356758, 0.022264979779720306, 0.9996158480644226]|[[2827.300073606339, 0.0, 1993.2574097262354], [0.0, 2852.2438974589363, 1443.3722632010733], [0.0, 0.0, 1.0]]
509|509|4|Weasly Fish|0.31|0.29192053160514686|0.6962812542915344|1911.2652587890623;1100.47802734375|43|[-0.03177405893802643, -0.09918811917304993, 0.0]|[0.016506599262356758, 0.022264979779720306, 0.9996158480644226]|[[2827.300073606339, 0.0, 1993.2574097262354], [0.0, 2852.2438974589363, 1443.3722632010733], [0.0, 0.0, 1.0]]
509|509|4|Weasly Fish|0.31|0.2953603217005206|0.8205468654632568|1931.344970703125;1161.8388671875|43|[-0.03177405893802643, -0.09918811917304993, 0.0]|[0.016506599262356758, 0.022264979779720306, 0.9996158480644226]|[[2827.300073606339, 0.0, 1993.2574097262354], [0.0, 2852.2438974589363, 1443.3722632010733], [0.0, 0.0, 1.0]]
509|509|4|Weasly Fish|0.31|0.29594398538022354|0.9463257193565369|1944.6635742187498;1208.0565185546875|43|[-0.03177405893802643, -0.09918811917304993, 0.0]|[0.016506599262356758, 0.022264979779720306, 0.9996158480644226]|[[2827.300073606339, 0.0, 1993.2574097262354], [0.0, 2852.2438974589363, 1443.3722632010733], [0.0, 0.0, 1.0]]
509|509|4|Weasly Fish|0.31|0.3041702968435761|1.2758631706237793|1969.1506347656248;1285.2896728515625|43|[-0.03177405893802643, -0.09918811917304993, 0.0]|[0.016506599262356758, 0.022264979779720306, 0.9996158480644226]|[[2827.300073606339, 0.0, 1993.2574097262354], [0.0, 2852.2438974589363, 1443.3722632010733], [0.0, 0.0, 1.0]]
509|509|4|Weasly Fish|0.31|0.30024547996231377|1.44085693359375|1976.7183837890625;1310.84326171875|43|[-0.03177405893802643, -0.09918811917304993, 0.0]|[0.016506599262356758, 0.022264979779720306, 0.9996158480644226]|[[2827.300073606339, 0.0, 1993.2574097262354], [0.0, 2852.2438974589363, 1443.3722632010733], [0.0, 0.0, 1.0]]
509|509|4|Weasly Fish|0.31|0.3042340882556423|1.5469458103179932|1981.32568359375;1324.1973876953125|43|[-0.03177405893802643, -0.09918811917304993, 0.0]|[0.016506599262356758, 0.022264979779720306, 0.9996158480644226]|[[2827.300073606339, 0.0, 1993.2574097262354], [0.0, 2852.2438974589363, 1443.3722632010733], [0.0, 0.0, 1.0]]
509|509|4|Weasly Fish|0.31|0.3038252436626643|1.629258155822754|1984.061279296875;1333.49609375|43|[-0.03177405893802643, -0.09918811917304993, 0.0]|[0.016506599262356758, 0.022264979779720306, 0.9996158480644226]|[[2827.300073606339, 0.0, 1993.2574097262354], [0.0, 2852.2438974589363, 1443.3722632010733], [0.0, 0.0, 1.0]]
509|509|4|Weasly Fish|0.31|0.3033246414666075|1.7587834596633911|1987.90625;1346.3568115234375|43|[-0.03177405893802643, -0.09918811917304993, 0.0]|[0.016506599262356758, 0.022264979779720306, 0.9996158480644226]|[[2827.300073606339, 0.0, 1993.2574097262354], [0.0, 2852.2438974589363, 1443.3722632010733], [0.0, 0.0, 1.0]]
509|509|4|Weasly Fish|0.31|0.303068720252879|1.7139866352081299|1986.525146484375;1342.177734375|43|[-0.03177405893802643, -0.09918811917304993, 0.0]|[0.016506599262356758, 0.022264979779720306, 0.9996158480644226]|[[2827.300073606339, 0.0, 1993.2574097262354], [0.0, 2852.2438974589363, 1443.3722632010733], [0.0, 0.0, 1.0]]
509|509|4|Weasly Fish|0.31|0.29797926446908796|1.2266370058059692|1965.973388671875;1276.5003662109375|43|[-0.03177405893802643, -0.09918811917304993, 0.0]|[0.016506599262356758, 0.022264979779720306, 0.9996158480644226]|[[2827.300073606339, 0.0, 1993.2574097262354], [0.0, 2852.2438974589363, 1443.3722632010733], [0.0, 0.0, 1.0]]
509|509|4|Weasly Fish|0.31|0.2983677857583182|1.374587893486023|1974.84619140625;1301.0035400390625|43|[-0.03177405893802643, -0.09918811917304993, 0.0]|[0.016506599262356758, 0.022264979779720306, 0.9996158480644226]|[[2827.300073606339, 0.0, 1993.2574097262354], [0.0, 2852.2438974589363, 1443.3722632010733], [0.0, 0.0, 1.0]]
509|509|4|Weasly Fish|0.31|0.3017619825254249|1.4965740442276|1979.1455078125;1318.1240234375|43|[-0.03177405893802643, -0.09918811917304993, 0.0]|[0.016506599262356758, 0.022264979779720306, 0.9996158480644226]|[[2827.300073606339, 0.0, 1993.2574097262354], [0.0, 2852.2438974589363, 1443.3722632010733], [0.0, 0.0, 1.0]]
509|509|4|Weasly Fish|0.31|0.29858977471368253|1.4723544120788574|1976.5115966796875;1315.5655517578125|43|[-0.03177405893802643, -0.09918811917304993, 0.0]|[0.016506599262356758, 0.022264979779720306, 0.9996158480644226]|[[2827.300073606339, 0.0, 1993.2574097262354], [0.0, 2852.2438974589363, 1443.3722632010733], [0.0, 0.0, 1.0]]
509|509|4|Weasly Fish|0.31|0.3002879912915067|1.5418226718902588|1979.7995605468752;1324.0341796875|43|[-0.03177405893802643, -0.09918811917304993, 0.0]|[0.016506599262356758, 0.022264979779720306, 0.9996158480644226]|[[2827.300073606339, 0.0, 1993.2574097262354], [0.0, 2852.2438974589363, 1443.3722632010733], [0.0, 0.0, 1.0]]
509|509|4|Weasly Fish|0.31|0.30091813656788235|1.6896892786026|1984.8535156250002;1340.1136474609375|43|[-0.03177405893802643, -0.09918811917304993, 0.0]|[0.016506599262356758, 0.022264979779720306, 0.9996158480644226]|[[2827.300073606339, 0.0, 1993.2574097262354], [0.0, 2852.2438974589363, 1443.3722632010733], [0.0, 0.0, 1.0]]
509|509|4|Weasly Fish|0.31|0.29814291054402653|1.5007188320159912|1976.50927734375;1319.6201171875|43|[-0.03177405893802643, -0.09918811917304993, 0.0]|[0.016506599262356758, 0.022264979779720306, 0.9996158480644226]|[[2827.300073606339, 0.0, 1993.2574097262354], [0.0, 2852.2438974589363, 1443.3722632010733], [0.0, 0.0, 1.0]]
509|509|4|Weasly Fish|0.31|0.30164342551560064|1.622080683708191|1981.5166015625;1333.5357666015625|43|[-0.03177405893802643, -0.09918811917304993, 0.0]|[0.016506599262356758, 0.022264979779720306, 0.9996158480644226]|[[2827.300073606339, 0.0, 1993.2574097262354], [0.0, 2852.2438974589363, 1443.3722632010733], [0.0, 0.0, 1.0]]
509|509|4|Weasly Fish|0.31|0.2998224338008326|1.6587893962860107|1983.082763671875;1337.2694091796875|43|[-0.03177405893802643, -0.09918811917304993, 0.0]|[0.016506599262356758, 0.022264979779720306, 0.9996158480644226]|[[2827.300073606339, 0.0, 1993.2574097262354], [0.0, 2852.2438974589363, 1443.3722632010733], [0.0, 0.0, 1.0]]
509|509|4|Weasly Fish|0.31|0.2998094857326578|1.7210273742675781|1985.4173583984375;1343.3028564453125|43|[-0.03177405893802643, -0.09918811917304993, 0.0]|[0.016506599262356758, 0.022264979779720306, 0.9996158480644226]|[[2827.300073606339, 0.0, 1993.2574097262354], [0.0, 2852.2438974589363, 1443.3722632010733], [0.0, 0.0, 1.0]]
509|509|4|Weasly Fish|0.31|0.2978369735770992|1.8446295261383057|1988.4178466796877;1354.51171875|43|[-0.03177405893802643, -0.09918811917304993, 0.0]|[0.016506599262356758, 0.022264979779720306, 0.9996158480644226]|[[2827.300073606339, 0.0, 1993.2574097262354], [0.0, 2852.2438974589363, 1443.3722632010733], [0.0, 0.0, 1.0]]
509|509|4|Weasly Fish|0.31|0.2977354381074149|1.921895146369934|1990.8302001953125;1360.5076904296875|43|[-0.03177405893802643, -0.09918811917304993, 0.0]|[0.016506599262356758, 0.022264979779720306, 0.9996158480644226]|[[2827.300073606339, 0.0, 1993.2574097262354], [0.0, 2852.2438974589363, 1443.3722632010733], [0.0, 0.0, 1.0]]
509|509|4|Weasly Fish|0.31|0.29846986946712023|2.0611908435821533|1993.6287841796875;1370.5909423828125|43|[-0.03177405893802643, -0.09918811917304993, 0.0]|[0.016506599262356758, 0.022264979779720306, 0.9996158480644226]|[[2827.300073606339, 0.0, 1993.2574097262354], [0.0, 2852.2438974589363, 1443.3722632010733], [0.0, 0.0, 1.0]]
509|509|4|Weasly Fish|0.31|0.29644733570238496|2.1775319576263428|1996.2877197265625;1377.8001708984375|43|[-0.03177405893802643, -0.09918811917304993, 0.0]|[0.016506599262356758, 0.022264979779720306, 0.9996158480644226]|[[2827.300073606339, 0.0, 1993.2574097262354], [0.0, 2852.2438974589363, 1443.3722632010733], [0.0, 0.0, 1.0]]
509|509|4|Weasly Fish|0.31|0.28986449455452035|2.2141060829162598|1998.260009765625;1379.484130859375|43|[-0.03177405893802643, -0.09918811917304993, 0.0]|[0.016506599262356758, 0.022264979779720306, 0.9996158480644226]|[[2827.300073606339, 0.0, 1993.2574097262354], [0.0, 2852.2438974589363, 1443.3722632010733], [0.0, 0.0, 1.0]]
509|509|4|Weasly Fish|0.31|0.29613809185688267|2.334327459335327|1999.2015380859377;1386.476806640625|43|[-0.03177405893802643, -0.09918811917304993, 0.0]|[0.016506599262356758, 0.022264979779720306, 0.9996158480644226]|[[2827.300073606339, 0.0, 1993.2574097262354], [0.0, 2852.2438974589363, 1443.3722632010733], [0.0, 0.0, 1.0]]
509|509|4|Weasly Fish|0.31|0.2980946717173954|2.4140095710754395|2000.5931396484373;1390.4371337890625|43|[-0.03177405893802643, -0.09918811917304993, 0.0]|[0.016506599262356758, 0.022264979779720306, 0.9996158480644226]|[[2827.300073606339, 0.0, 1993.2574097262354], [0.0, 2852.2438974589363, 1443.3722632010733], [0.0, 0.0, 1.0]]
509|509|4|Weasly Fish|0.31|0.297079958068511|2.42809796333313|2000.69287109375;1391.1644287109375|43|[-0.03177405893802643, -0.09918811917304993, 0.0]|[0.016506599262356758, 0.022264979779720306, 0.9996158480644226]|[[2827.300073606339, 0.0, 1993.2574097262354], [0.0, 2852.2438974589363, 1443.3722632010733], [0.0, 0.0, 1.0]]
509|509|4|Weasly Fish|0.31|0.2978024980966983|2.502873420715332|2001.9273681640625;1394.6011962890625|43|[-0.03177405893802643, -0.09918811917304993, 0.0]|[0.016506599262356758, 0.022264979779720306, 0.9996158480644226]|[[2827.300073606339, 0.0, 1993.2574097262354], [0.0, 2852.2438974589363, 1443.3722632010733], [0.0, 0.0, 1.0]]
509|509|4|Weasly Fish|0.31|0.29809518437572297|2.564074754714966|2002.935302734375;1397.2506103515625|43|[-0.03177405893802643, -0.09918811917304993, 0.0]|[0.016506599262356758, 0.022264979779720306, 0.9996158480644226]|[[2827.300073606339, 0.0, 1993.2574097262354], [0.0, 2852.2438974589363, 1443.3722632010733], [0.0, 0.0, 1.0]]
509|509|4|Weasly Fish|0.31|0.2994293772966458|2.6107447147369385|2003.4173753627902;1399.2733731295511|43|[-0.03177405893802643, -0.09918811917304993, 0.0]|[0.016506599262356758, 0.022264979779720306, 0.9996158480644226]|[[2827.300073606339, 0.0, 1993.2574097262354], [0.0, 2852.2438974589363, 1443.3722632010733], [0.0, 0.0, 1.0]]
509|509|4|Weasly Fish|0.31|0.29627104408836435|2.6762380599975586|2003.9420166015625;1402.029052734375|43|[-0.03177405893802643, -0.09918811917304993, 0.0]|[0.016506599262356758, 0.022264979779720306, 0.9996158480644226]|[[2827.300073606339, 0.0, 1993.2574097262354], [0.0, 2852.2438974589363, 1443.3722632010733], [0.0, 0.0, 1.0]]
509|509|4|Weasly Fish|0.31|0.29683937203845934|2.7615339756011963|2005.190185546875;1405.220947265625|43|[-0.03177405893802643, -0.09918811917304993, 0.0]|[0.016506599262356758, 0.022264979779720306, 0.9996158480644226]|[[2827.300073606339, 0.0, 1993.2574097262354], [0.0, 2852.2438974589363, 1443.3722632010733], [0.0, 0.0, 1.0]]
509|509|4|Weasly Fish|0.31|0.2962202763088517|2.8292219638824463|2006.016272080722;1407.6536765478522|43|[-0.03177405893802643, -0.09918811917304993, 0.0]|[0.016506599262356758, 0.022264979779720306, 0.9996158480644226]|[[2827.300073606339, 0.0, 1993.2574097262354], [0.0, 2852.2438974589363, 1443.3722632010733], [0.0, 0.0, 1.0]]
509|509|4|Weasly Fish|0.31|0.29703906610534053|2.968388795852661|2007.5257568359373;1412.33984375|43|[-0.03177405893802643, -0.09918811917304993, 0.0]|[0.016506599262356758, 0.022264979779720306, 0.9996158480644226]|[[2827.300073606339, 0.0, 1993.2574097262354], [0.0, 2852.2438974589363, 1443.3722632010733], [0.0, 0.0, 1.0]]
509|509|4|Weasly Fish|0.31|0.2954939880034732|3.022470712661743|2008.3565673828127;1413.9434814453123|43|[-0.03177405893802643, -0.09918811917304993, 0.0]|[0.016506599262356758, 0.022264979779720306, 0.9996158480644226]|[[2827.300073606339, 0.0, 1993.2574097262354], [0.0, 2852.2438974589363, 1443.3722632010733], [0.0, 0.0, 1.0]]
509|509|4|Weasly Fish|0.31|0.3025682886289421|3.0418601036071777|2007.68347396541;1414.8670950621129|43|[-0.03177405893802643, -0.09918811917304993, 0.0]|[0.016506599262356758, 0.022264979779720306, 0.9996158480644226]|[[2827.300073606339, 0.0, 1993.2574097262354], [0.0, 2852.2438974589363, 1443.3722632010733], [0.0, 0.0, 1.0]]
509|509|4|Weasly Fish|0.31|0.296372130460408|2.0461907386779785|1993.3101806640625;1369.5760498046875|43|[-0.03177405893802643, -0.09918811917304993, 0.0]|[0.016506599262356758, 0.022264979779720306, 0.9996158480644226]|[[2827.300073606339, 0.0, 1993.2574097262354], [0.0, 2852.2438974589363, 1443.3722632010733], [0.0, 0.0, 1.0]]
509|509|4|Weasly Fish|0.31|0.2992193565999442|1.9671484231948853|1991.296875;1364.108154296875|43|[-0.03177405893802643, -0.09918811917304993, 0.0]|[0.016506599262356758, 0.022264979779720306, 0.9996158480644226]|[[2827.300073606339, 0.0, 1993.2574097262354], [0.0, 2852.2438974589363, 1443.3722632010733], [0.0, 0.0, 1.0]]
509|509|4|Weasly Fish|0.31|0.295766045839661|1.945269227027893|1991.1361083984377;1362.3682861328125|43|[-0.03177405893802643, -0.09918811917304993, 0.0]|[0.016506599262356758, 0.022264979779720306, 0.9996158480644226]|[[2827.300073606339, 0.0, 1993.2574097262354], [0.0, 2852.2438974589363, 1443.3722632010733], [0.0, 0.0, 1.0]]
509|509|4|Weasly Fish|0.31|0.2988128680923908|1.9207216501235962|1990.5084228515623;1360.5260009765625|43|[-0.03177405893802643, -0.09918811917304993, 0.0]|[0.016506599262356758, 0.022264979779720306, 0.9996158480644226]|[[2827.300073606339, 0.0, 1993.2574097262354], [0.0, 2852.2438974589363, 1443.3722632010733], [0.0, 0.0, 1.0]]
509|509|4|Weasly Fish|0.31|0.29996096573623643|1.8509727716445923|1988.95751953125;1354.89208984375|43|[-0.03177405893802643, -0.09918811917304993, 0.0]|[0.016506599262356758, 0.022264979779720306, 0.9996158480644226]|[[2827.300073606339, 0.0, 1993.2574097262354], [0.0, 2852.2438974589363, 1443.3722632010733], [0.0, 0.0, 1.0]]
509|509|4|Weasly Fish|0.31|0.2987651934948782|1.7775053977966309|1986.426513671875;1348.759033203125|43|[-0.03177405893802643, -0.09918811917304993, 0.0]|[0.016506599262356758, 0.022264979779720306, 0.9996158480644226]|[[2827.300073606339, 0.0, 1993.2574097262354], [0.0, 2852.2438974589363, 1443.3722632010733], [0.0, 0.0, 1.0]]
509|509|4|Weasly Fish|0.31|0.29815406465772337|1.6504594087600708|1982.7049560546875;1336.4405517578125|43|[-0.03177405893802643, -0.09918811917304993, 0.0]|[0.016506599262356758, 0.022264979779720306, 0.9996158480644226]|[[2827.300073606339, 0.0, 1993.2574097262354], [0.0, 2852.2438974589363, 1443.3722632010733], [0.0, 0.0, 1.0]]
509|509|4|Weasly Fish|0.31|0.2994528855703983|1.5944191217422485|1980.90966796875;1330.3790283203125|43|[-0.03177405893802643, -0.09918811917304993, 0.0]|[0.016506599262356758, 0.022264979779720306, 0.9996158480644226]|[[2827.300073606339, 0.0, 1993.2574097262354], [0.0, 2852.2438974589363, 1443.3722632010733], [0.0, 0.0, 1.0]]
509|509|4|Weasly Fish|0.31|0.29782826842538934|1.4978049993515015|1977.2268066406252;1318.9466552734375|43|[-0.03177405893802643, -0.09918811917304993, 0.0]|[0.016506599262356758, 0.022264979779720306, 0.9996158480644226]|[[2827.300073606339, 0.0, 1993.2574097262354], [0.0, 2852.2438974589363, 1443.3722632010733], [0.0, 0.0, 1.0]]
509|509|4|Weasly Fish|0.31|0.30085482621722703|1.431052327156067|1974.7720947265625;1310.017333984375|43|[-0.03177405893802643, -0.09918811917304993, 0.0]|[0.016506599262356758, 0.022264979779720306, 0.9996158480644226]|[[2827.300073606339, 0.0, 1993.2574097262354], [0.0, 2852.2438974589363, 1443.3722632010733], [0.0, 0.0, 1.0]]
509|509|4|Weasly Fish|0.31|0.3004431648070125|1.3695359230041504|1972.8292236328123;1300.8369140625|43|[-0.03177405893802643, -0.09918811917304993, 0.0]|[0.016506599262356758, 0.022264979779720306, 0.9996158480644226]|[[2827.300073606339, 0.0, 1993.2574097262354], [0.0, 2852.2438974589363, 1443.3722632010733], [0.0, 0.0, 1.0]]
509|509|4|Weasly Fish|0.31|0.29797747475073544|1.236945390701294|1965.0633544921875;1278.9405517578123|43|[-0.03177405893802643, -0.09918811917304993, 0.0]|[0.016506599262356758, 0.022264979779720306, 0.9996158480644226]|[[2827.300073606339, 0.0, 1993.2574097262354], [0.0, 2852.2438974589363, 1443.3722632010733], [0.0, 0.0, 1.0]]
509|509|4|Weasly Fish|0.31|0.2965519891313933|0.9386100769042969|1942.4156494140625;1206.089111328125|43|[-0.03177405893802643, -0.09918811917304993, 0.0]|[0.016506599262356758, 0.022264979779720306, 0.9996158480644226]|[[2827.300073606339, 0.0, 1993.2574097262354], [0.0, 2852.2438974589363, 1443.3722632010733], [0.0, 0.0, 1.0]]
509|509|4|Weasly Fish|0.31|0.2965505702301761|0.8234487175941467|1928.4189453125;1164.1422119140623|43|[-0.03177405893802643, -0.09918811917304993, 0.0]|[0.016506599262356758, 0.022264979779720306, 0.9996158480644226]|[[2827.300073606339, 0.0, 1993.2574097262354], [0.0, 2852.2438974589363, 1443.3722632010733], [0.0, 0.0, 1.0]]
509|509|4|Weasly Fish|0.31|0.2930029699463035|0.6518984436988831|1900.8404541015625;1073.34814453125|43|[-0.03177405893802643, -0.09918811917304993, 0.0]|[0.016506599262356758, 0.022264979779720306, 0.9996158480644226]|[[2827.300073606339, 0.0, 1993.2574097262354], [0.0, 2852.2438974589363, 1443.3722632010733], [0.0, 0.0, 1.0]]
509|509|4|Weasly Fish|0.31|0.2958928254039437|0.5644975304603577|1879.5235595703125;1006.1491088867188|43|[-0.03177405893802643, -0.09918811917304993, 0.0]|[0.016506599262356758, 0.022264979779720306, 0.9996158480644226]|[[2827.300073606339, 0.0, 1993.2574097262354], [0.0, 2852.2438974589363, 1443.3722632010733], [0.0, 0.0, 1.0]]
509|509|4|Weasly Fish|0.31|0.2958832752392188|0.6517996788024902|1898.98583984375;1073.896240234375|43|[-0.03177405893802643, -0.09918811917304993, 0.0]|[0.016506599262356758, 0.022264979779720306, 0.9996158480644226]|[[2827.300073606339, 0.0, 1993.2574097262354], [0.0, 2852.2438974589363, 1443.3722632010733], [0.0, 0.0, 1.0]]
509|509|4|Weasly Fish|0.31|0.28717178337467775|0.4565405547618866|1841.77294921875;887.6766357421875|43|[-0.03177405893802643, -0.09918811917304993, 0.0]|[0.016506599262356758, 0.022264979779720306, 0.9996158480644226]|[[2827.300073606339, 0.0, 1993.2574097262354], [0.0, 2852.2438974589363, 1443.3722632010733], [0.0, 0.0, 1.0]]
509|509|4|Weasly Fish|0.31|0.28322570052655227|0.38216790556907654|1802.9268798828125;767.2638549804688|43|[-0.03177405893802643, -0.09918811917304993, 0.0]|[0.016506599262356758, 0.022264979779720306, 0.9996158480644226]|[[2827.300073606339, 0.0, 1993.2574097262354], [0.0, 2852.2438974589363, 1443.3722632010733], [0.0, 0.0, 1.0]]
509|509|4|Weasly Fish|0.31|0.276200387544222|0.30333641171455383|1742.5801851008946;574.6382642998028|43|[-0.03177405893802643, -0.09918811917304993, 0.0]|[0.016506599262356758, 0.022264979779720306, 0.9996158480644226]|[[2827.300073606339, 0.0, 1993.2574097262354], [0.0, 2852.2438974589363, 1443.3722632010733], [0.0, 0.0, 1.0]]
509|509|4|Weasly Fish|0.31|0.28976343539341815|0.5283808708190918|1869.0924072265625;971.746826171875|43|[-0.03177405893802643, -0.09918811917304993, 0.0]|[0.016506599262356758, 0.022264979779720306, 0.9996158480644226]|[[2827.300073606339, 0.0, 1993.2574097262354], [0.0, 2852.2438974589363, 1443.3722632010733], [0.0, 0.0, 1.0]]
509|509|4|Weasly Fish|0.31|0.28264011002980743|0.6007892489433289|1888.08935546875;1036.7713623046873|43|[-0.03177405893802643, -0.09918811917304993, 0.0]|[0.016506599262356758, 0.022264979779720306, 0.9996158480644226]|[[2827.300073606339, 0.0, 1993.2574097262354], [0.0, 2852.2438974589363, 1443.3722632010733], [0.0, 0.0, 1.0]]
509|509|4|Weasly Fish|0.31|0.29010258478128775|0.7728133797645569|1921.461669921875;1141.5623779296875|43|[-0.03177405893802643, -0.09918811917304993, 0.0]|[0.016506599262356758, 0.022264979779720306, 0.9996158480644226]|[[2827.300073606339, 0.0, 1993.2574097262354], [0.0, 2852.2438974589363, 1443.3722632010733], [0.0, 0.0, 1.0]]
509|509|4|Weasly Fish|0.31|0.287617820725218|0.8904062509536743|1937.229736328125;1189.77392578125|43|[-0.03177405893802643, -0.09918811917304993, 0.0]|[0.016506599262356758, 0.022264979779720306, 0.9996158480644226]|[[2827.300073606339, 0.0, 1993.2574097262354], [0.0, 2852.2438974589363, 1443.3722632010733], [0.0, 0.0, 1.0]]
509|509|4|Weasly Fish|0.31|0.2855270026322827|0.9993316531181335|1948.1209716796873;1224.4396972656248|43|[-0.03177405893802643, -0.09918811917304993, 0.0]|[0.016506599262356758, 0.022264979779720306, 0.9996158480644226]|[[2827.300073606339, 0.0, 1993.2574097262354], [0.0, 2852.2438974589363, 1443.3722632010733], [0.0, 0.0, 1.0]]
509|509|4|Weasly Fish|0.31|0.2785104011149655|1.1900116205215454|1961.8236083984375;1270.047119140625|43|[-0.03177405893802643, -0.09918811917304993, 0.0]|[0.016506599262356758, 0.022264979779720306, 0.9996158480644226]|[[2827.300073606339, 0.0, 1993.2574097262354], [0.0, 2852.2438974589363, 1443.3722632010733], [0.0, 0.0, 1.0]]
509|509|4|Weasly Fish|0.31|0.2774171657667431|1.4420299530029297|1974.8118896484375;1311.67333984375|43|[-0.03177405893802643, -0.09918811917304993, 0.0]|[0.016506599262356758, 0.022264979779720306, 0.9996158480644226]|[[2827.300073606339, 0.0, 1993.2574097262354], [0.0, 2852.2438974589363, 1443.3722632010733], [0.0, 0.0, 1.0]]
509|509|4|Weasly Fish|0.31|0.28195087096983706|1.4817184209823608|1977.0606689453125;1316.7203369140625|43|[-0.03177405893802643, -0.09918811917304993, 0.0]|[0.016506599262356758, 0.022264979779720306, 0.9996158480644226]|[[2827.300073606339, 0.0, 1993.2574097262354], [0.0, 2852.2438974589363, 1443.3722632010733], [0.0, 0.0, 1.0]]
509|509|4|Weasly Fish|0.31|0.2898154406474007|0.55149906873703|1875.7803955078125;994.3345336914061|43|[-0.03177405893802643, -0.09918811917304993, 0.0]|[0.016506599262356758, 0.022264979779720306, 0.9996158480644226]|[[2827.300073606339, 0.0, 1993.2574097262354], [0.0, 2852.2438974589363, 1443.3722632010733], [0.0, 0.0, 1.0]]
509|509|4|Weasly Fish|0.31|0.28821020753975984|0.6962379217147827|1908.4185791015625;1101.3865966796875|43|[-0.03177405893802643, -0.09918811917304993, 0.0]|[0.016506599262356758, 0.022264979779720306, 0.9996158480644226]|[[2827.300073606339, 0.0, 1993.2574097262354], [0.0, 2852.2438974589363, 1443.3722632010733], [0.0, 0.0, 1.0]]
509|509|4|Weasly Fish|0.31|0.28611772809641006|0.8143077492713928|1927.0711669921875;1160.3253173828123|43|[-0.03177405893802643, -0.09918811917304993, 0.0]|[0.016506599262356758, 0.022264979779720306, 0.9996158480644226]|[[2827.300073606339, 0.0, 1993.2574097262354], [0.0, 2852.2438974589363, 1443.3722632010733], [0.0, 0.0, 1.0]]
509|509|4|Weasly Fish|0.31|0.28563271464624646|0.8969721794128418|1937.9334716796873;1192.1092529296875|43|[-0.03177405893802643, -0.09918811917304993, 0.0]|[0.016506599262356758, 0.022264979779720306, 0.9996158480644226]|[[2827.300073606339, 0.0, 1993.2574097262354], [0.0, 2852.2438974589363, 1443.3722632010733], [0.0, 0.0, 1.0]]
509|509|4|Weasly Fish|0.31|0.2887230839943374|0.9972105026245117|1947.4047851562502;1224.01611328125|43|[-0.03177405893802643, -0.09918811917304993, 0.0]|[0.016506599262356758, 0.022264979779720306, 0.9996158480644226]|[[2827.300073606339, 0.0, 1993.2574097262354], [0.0, 2852.2438974589363, 1443.3722632010733], [0.0, 0.0, 1.0]]
509|509|4|Weasly Fish|0.31|0.28331002773681857|1.085615634918213|1954.041259765625;1247.3618164062498|43|[-0.03177405893802643, -0.09918811917304993, 0.0]|[0.016506599262356758, 0.022264979779720306, 0.9996158480644226]|[[2827.300073606339, 0.0, 1993.2574097262354], [0.0, 2852.2438974589363, 1443.3722632010733], [0.0, 0.0, 1.0]]
509|509|4|Weasly Fish|0.31|0.28107955381001715|1.2704648971557617|1965.6217041015625;1285.4530029296877|43|[-0.03177405893802643, -0.09918811917304993, 0.0]|[0.016506599262356758, 0.022264979779720306, 0.9996158480644226]|[[2827.300073606339, 0.0, 1993.2574097262354], [0.0, 2852.2438974589363, 1443.3722632010733], [0.0, 0.0, 1.0]]
509|509|4|Weasly Fish|0.31|0.2836916366993968|1.3847472667694092|1972.220947265625;1303.5577392578125|43|[-0.03177405893802643, -0.09918811917304993, 0.0]|[0.016506599262356758, 0.022264979779720306, 0.9996158480644226]|[[2827.300073606339, 0.0, 1993.2574097262354], [0.0, 2852.2438974589363, 1443.3722632010733], [0.0, 0.0, 1.0]]
509|509|4|Weasly Fish|0.31|0.27983740669762447|1.5096670389175415|1977.242431640625;1320.5897216796875|43|[-0.03177405893802643, -0.09918811917304993, 0.0]|[0.016506599262356758, 0.022264979779720306, 0.9996158480644226]|[[2827.300073606339, 0.0, 1993.2574097262354], [0.0, 2852.2438974589363, 1443.3722632010733], [0.0, 0.0, 1.0]]
509|509|4|Weasly Fish|0.31|0.278397191668184|1.6114752292633057|1980.7947998046877;1332.517822265625|43|[-0.03177405893802643, -0.09918811917304993, 0.0]|[0.016506599262356758, 0.022264979779720306, 0.9996158480644226]|[[2827.300073606339, 0.0, 1993.2574097262354], [0.0, 2852.2438974589363, 1443.3722632010733], [0.0, 0.0, 1.0]]
509|509|4|Weasly Fish|0.31|0.27895884177173463|1.6149133443832397|1980.7001953125;1332.9671630859375|43|[-0.03177405893802643, -0.09918811917304993, 0.0]|[0.016506599262356758, 0.022264979779720306, 0.9996158480644226]|[[2827.300073606339, 0.0, 1993.2574097262354], [0.0, 2852.2438974589363, 1443.3722632010733], [0.0, 0.0, 1.0]]
509|509|4|Weasly Fish|0.31|0.27417654251753526|1.876612901687622|1988.4066162109373;1357.4422607421875|43|[-0.03177405893802643, -0.09918811917304993, 0.0]|[0.016506599262356758, 0.022264979779720306, 0.9996158480644226]|[[2827.300073606339, 0.0, 1993.2574097262354], [0.0, 2852.2438974589363, 1443.3722632010733], [0.0, 0.0, 1.0]]
509|509|4|Weasly Fish|0.31|0.2693654443167567|1.9646210670471191|1991.5218505859375;1363.8133544921875|43|[-0.03177405893802643, -0.09918811917304993, 0.0]|[0.016506599262356758, 0.022264979779720306, 0.9996158480644226]|[[2827.300073606339, 0.0, 1993.2574097262354], [0.0, 2852.2438974589363, 1443.3722632010733], [0.0, 0.0, 1.0]]
509|509|4|Weasly Fish|0.31|0.2717742631422629|2.064739227294922|1992.4526367187498;1371.3004150390625|43|[-0.03177405893802643, -0.09918811917304993, 0.0]|[0.016506599262356758, 0.022264979779720306, 0.9996158480644226]|[[2827.300073606339, 0.0, 1993.2574097262354], [0.0, 2852.2438974589363, 1443.3722632010733], [0.0, 0.0, 1.0]]
509|509|4|Box|0.15|0.2655903279361881|2.2689199447631836|1996.6180419921875;1383.551025390625|43|[-0.03177405893802643, -0.09918811917304993, 0.0]|[0.016506599262356758, 0.022264979779720306, 0.9996158480644226]|[[2827.300073606339, 0.0, 1993.2574097262354], [0.0, 2852.2438974589363, 1443.3722632010733], [0.0, 0.0, 1.0]]
509|509|4|Weasly Fish|0.31|0.2579940444408604|2.72087025642395|2003.1292724609375;1404.3048095703123|43|[-0.03177405893802643, -0.09918811917304993, 0.0]|[0.016506599262356758, 0.022264979779720306, 0.9996158480644226]|[[2827.300073606339, 0.0, 1993.2574097262354], [0.0, 2852.2438974589363, 1443.3722632010733], [0.0, 0.0, 1.0]]
509|509|4|Weasly Fish|0.31|0.2599812959997353|2.8410167694091797|2005.2303466796875;1408.423583984375|43|[-0.03177405893802643, -0.09918811917304993, 0.0]|[0.016506599262356758, 0.022264979779720306, 0.9996158480644226]|[[2827.300073606339, 0.0, 1993.2574097262354], [0.0, 2852.2438974589363, 1443.3722632010733], [0.0, 0.0, 1.0]]
509|509|4|Weasly Fish|0.31|0.269818085889683|2.1096105575561523|1993.4423828125;1374.19580078125|43|[-0.03177405893802643, -0.09918811917304993, 0.0]|[0.016506599262356758, 0.022264979779720306, 0.9996158480644226]|[[2827.300073606339, 0.0, 1993.2574097262354], [0.0, 2852.2438974589363, 1443.3722632010733], [0.0, 0.0, 1.0]]
509|509|4|Weasly Fish|0.31|0.27025944068019286|1.9254447221755981|1989.5859375;1361.2664794921875|43|[-0.03177405893802643, -0.09918811917304993, 0.0]|[0.016506599262356758, 0.022264979779720306, 0.9996158480644226]|[[2827.300073606339, 0.0, 1993.2574097262354], [0.0, 2852.2438974589363, 1443.3722632010733], [0.0, 0.0, 1.0]]
509|509|4|Weasly Fish|0.31|0.27655463947481385|1.6608966588974|1982.1444091796875;1337.849365234375|43|[-0.03177405893802643, -0.09918811917304993, 0.0]|[0.016506599262356758, 0.022264979779720306, 0.9996158480644226]|[[2827.300073606339, 0.0, 1993.2574097262354], [0.0, 2852.2438974589363, 1443.3722632010733], [0.0, 0.0, 1.0]]
509|509|4|Weasly Fish|0.31|0.27970063611944923|1.4408806562423706|1973.924072265625;1311.8154296875|43|[-0.03177405893802643, -0.09918811917304993, 0.0]|[0.016506599262356758, 0.022264979779720306, 0.9996158480644226]|[[2827.300073606339, 0.0, 1993.2574097262354], [0.0, 2852.2438974589363, 1443.3722632010733], [0.0, 0.0, 1.0]]
509|509|4|Weasly Fish|0.31|0.28270482085700066|1.3200997114181519|1968.1218261718752;1293.8885498046873|43|[-0.03177405893802643, -0.09918811917304993, 0.0]|[0.016506599262356758, 0.022264979779720306, 0.9996158480644226]|[[2827.300073606339, 0.0, 1993.2574097262354], [0.0, 2852.2438974589363, 1443.3722632010733], [0.0, 0.0, 1.0]]
509|509|4|Weasly Fish|0.31|0.2889414183851329|1.2177202701568604|1962.5469970703127;1275.8117675781248|43|[-0.03177405893802643, -0.09918811917304993, 0.0]|[0.016506599262356758, 0.022264979779720306, 0.9996158480644226]|[[2827.300073606339, 0.0, 1993.2574097262354], [0.0, 2852.2438974589363, 1443.3722632010733], [0.0, 0.0, 1.0]]
509|509|4|Weasly Fish|0.31|0.2831676801134002|1.0592316389083862|1951.746826171875;1240.950927734375|43|[-0.03177405893802643, -0.09918811917304993, 0.0]|[0.016506599262356758, 0.022264979779720306, 0.9996158480644226]|[[2827.300073606339, 0.0, 1993.2574097262354], [0.0, 2852.2438974589363, 1443.3722632010733], [0.0, 0.0, 1.0]]
509|509|4|Weasly Fish|0.31|0.2845400269986678|0.9444308280944824|1941.7828369140625;1208.36181640625|43|[-0.03177405893802643, -0.09918811917304993, 0.0]|[0.016506599262356758, 0.022264979779720306, 0.9996158480644226]|[[2827.300073606339, 0.0, 1993.2574097262354], [0.0, 2852.2438974589363, 1443.3722632010733], [0.0, 0.0, 1.0]]
509|509|4|Weasly Fish|0.31|0.28354866866782263|0.7637053728103638|1919.3211669921877;1137.4570312499998|43|[-0.03177405893802643, -0.09918811917304993, 0.0]|[0.016506599262356758, 0.022264979779720306, 0.9996158480644226]|[[2827.300073606339, 0.0, 1993.2574097262354], [0.0, 2852.2438974589363, 1443.3722632010733], [0.0, 0.0, 1.0]]
509|509|4|Weasly Fish|0.31|0.28666659972077496|0.49292877316474915|1854.5814208984375;933.9907226562501|43|[-0.03177405893802643, -0.09918811917304993, 0.0]|[0.016506599262356758, 0.022264979779720306, 0.9996158480644226]|[[2827.300073606339, 0.0, 1993.2574097262354], [0.0, 2852.2438974589363, 1443.3722632010733], [0.0, 0.0, 1.0]]
509|509|4|Weasly Fish|0.31|0.27975828628609267|0.3955773413181305|1811.3743896484375;792.2001953125|43|[-0.03177405893802643, -0.09918811917304993, 0.0]|[0.016506599262356758, 0.022264979779720306, 0.9996158480644226]|[[2827.300073606339, 0.0, 1993.2574097262354], [0.0, 2852.2438974589363, 1443.3722632010733], [0.0, 0.0, 1.0]]
509|509|4|Weasly Fish|0.31|0.2808727039926463|0.33316799998283386|1767.958638236289;658.520359931375|43|[-0.03177405893802643, -0.09918811917304993, 0.0]|[0.016506599262356758, 0.022264979779720306, 0.9996158480644226]|[[2827.300073606339, 0.0, 1993.2574097262354], [0.0, 2852.2438974589363, 1443.3722632010733], [0.0, 0.0, 1.0]]
521|521|2|Weasly Fish|0.31|0.29838108159694227|0.6324990391731262|1976.698486328125;1104.9193115234377|44|[-0.03127326816320419, -0.09965863823890686, 0.0]|[0.030340705066919327, 0.03847140446305275, 0.9987989068031311]|[[2855.292793016781, 0.0, 2031.7894533541553], [0.0, 2881.0734769839373, 1447.6913944790074], [0.0, 0.0, 1.0]]
521|521|2|Weasly Fish|0.31|0.2990828665785619|0.90574711561203|2017.994140625;1242.29150390625|44|[-0.03127326816320419, -0.09965863823890686, 0.0]|[0.030340705066919327, 0.03847140446305275, 0.9987989068031311]|[[2855.292793016781, 0.0, 2031.7894533541553], [0.0, 2881.0734769839373, 1447.6913944790074], [0.0, 0.0, 1.0]]
521|521|2|Weasly Fish|0.31|0.3044114717366091|1.2352854013442993|2044.9083251953125;1326.65966796875|44|[-0.03127326816320419, -0.09965863823890686, 0.0]|[0.030340705066919327, 0.03847140446305275, 0.9987989068031311]|[[2855.292793016781, 0.0, 2031.7894533541553], [0.0, 2881.0734769839373, 1447.6913944790074], [0.0, 0.0, 1.0]]
521|521|2|Weasly Fish|0.31|0.3098225401334271|1.3297346830368042|2049.6621093750005;1343.2939453125|44|[-0.03127326816320419, -0.09965863823890686, 0.0]|[0.030340705066919327, 0.03847140446305275, 0.9987989068031311]|[[2855.292793016781, 0.0, 2031.7894533541553], [0.0, 2881.0734769839373, 1447.6913944790074], [0.0, 0.0, 1.0]]
521|521|2|Weasly Fish|0.31|0.3018655199831107|1.3767518997192383|2052.529052734375;1350.4844970703123|44|[-0.03127326816320419, -0.09965863823890686, 0.0]|[0.030340705066919327, 0.03847140446305275, 0.9987989068031311]|[[2855.292793016781, 0.0, 2031.7894533541553], [0.0, 2881.0734769839373, 1447.6913944790074], [0.0, 0.0, 1.0]]
521|521|2|Weasly Fish|0.31|0.30271509023882226|1.5761570930480957|2060.726318359375;1376.8663330078125|44|[-0.03127326816320419, -0.09965863823890686, 0.0]|[0.030340705066919327, 0.03847140446305275, 0.9987989068031311]|[[2855.292793016781, 0.0, 2031.7894533541553], [0.0, 2881.0734769839373, 1447.6913944790074], [0.0, 0.0, 1.0]]
521|521|2|Weasly Fish|0.31|0.30470605861378297|1.7018102407455444|2065.0957031250005;1390.258056640625|44|[-0.03127326816320419, -0.09965863823890686, 0.0]|[0.030340705066919327, 0.03847140446305275, 0.9987989068031311]|[[2855.292793016781, 0.0, 2031.7894533541553], [0.0, 2881.0734769839373, 1447.6913944790074], [0.0, 0.0, 1.0]]
521|521|2|Weasly Fish|0.31|0.30224596165865253|1.6772924661636353|2064.546142578125;1387.7178955078125|44|[-0.03127326816320419, -0.09965863823890686, 0.0]|[0.030340705066919327, 0.03847140446305275, 0.9987989068031311]|[[2855.292793016781, 0.0, 2031.7894533541553], [0.0, 2881.0734769839373, 1447.6913944790074], [0.0, 0.0, 1.0]]
521|521|2|Weasly Fish|0.31|0.30380647635578645|1.9517271518707275|2071.400146484375;1412.003173828125|44|[-0.03127326816320419, -0.09965863823890686, 0.0]|[0.030340705066919327, 0.03847140446305275, 0.9987989068031311]|[[2855.292793016781, 0.0, 2031.7894533541553], [0.0, 2881.0734769839373, 1447.6913944790074], [0.0, 0.0, 1.0]]
521|521|2|Weasly Fish|0.31|0.3009198749834404|1.9900031089782715|2072.563232421875;1414.744873046875|44|[-0.03127326816320419, -0.09965863823890686, 0.0]|[0.030340705066919327, 0.03847140446305275, 0.9987989068031311]|[[2855.292793016781, 0.0, 2031.7894533541553], [0.0, 2881.0734769839373, 1447.6913944790074], [0.0, 0.0, 1.0]]
521|521|2|Weasly Fish|0.31|0.2991862655067824|2.0203237533569336|2072.830322265625;1417.03564453125|44|[-0.03127326816320419, -0.09965863823890686, 0.0]|[0.030340705066919327, 0.03847140446305275, 0.9987989068031311]|[[2855.292793016781, 0.0, 2031.7894533541553], [0.0, 2881.0734769839373, 1447.6913944790074], [0.0, 0.0, 1.0]]
521|521|2|Weasly Fish|0.31|0.3007590516454133|2.1333272457122803|2075.41845703125;1424.47607421875|44|[-0.03127326816320419, -0.09965863823890686, 0.0]|[0.030340705066919327, 0.03847140446305275, 0.9987989068031311]|[[2855.292793016781, 0.0, 2031.7894533541553], [0.0, 2881.0734769839373, 1447.6913944790074], [0.0, 0.0, 1.0]]
521|521|2|Weasly Fish|0.31|0.3027537700281865|2.249718427658081|2077.318603515625;1431.5363769531248|44|[-0.03127326816320419, -0.09965863823890686, 0.0]|[0.030340705066919327, 0.03847140446305275, 0.9987989068031311]|[[2855.292793016781, 0.0, 2031.7894533541553], [0.0, 2881.0734769839373, 1447.6913944790074], [0.0, 0.0, 1.0]]
521|521|2|Weasly Fish|0.31|0.2988412952973412|2.3625755310058594|2079.9401855468745;1437.3890380859375|44|[-0.03127326816320419, -0.09965863823890686, 0.0]|[0.030340705066919327, 0.03847140446305275, 0.9987989068031311]|[[2855.292793016781, 0.0, 2031.7894533541553], [0.0, 2881.0734769839373, 1447.6913944790074], [0.0, 0.0, 1.0]]
521|521|2|Weasly Fish|0.31|0.3015689138806472|2.3911187648773193|2079.980224609375;1438.9810791015625|44|[-0.03127326816320419, -0.09965863823890686, 0.0]|[0.030340705066919327, 0.03847140446305275, 0.9987989068031311]|[[2855.292793016781, 0.0, 2031.7894533541553], [0.0, 2881.0734769839373, 1447.6913944790074], [0.0, 0.0, 1.0]]
521|521|2|Weasly Fish|0.31|0.30195949395878124|2.99542498588562|2087.6594461266354;1463.1659429819485|44|[-0.03127326816320419, -0.09965863823890686, 0.0]|[0.030340705066919327, 0.03847140446305275, 0.9987989068031311]|[[2855.292793016781, 0.0, 2031.7894533541553], [0.0, 2881.0734769839373, 1447.6913944790074], [0.0, 0.0, 1.0]]
521|521|2|Weasly Fish|0.31|0.29958084953929137|3.0542120933532715|2087.372314453125;1465.304931640625|44|[-0.03127326816320419, -0.09965863823890686, 0.0]|[0.030340705066919327, 0.03847140446305275, 0.9987989068031311]|[[2855.292793016781, 0.0, 2031.7894533541553], [0.0, 2881.0734769839373, 1447.6913944790074], [0.0, 0.0, 1.0]]
521|521|2|Weasly Fish|0.31|0.2988975945543559|3.149851083755493|2088.14599609375;1468.197021484375|44|[-0.03127326816320419, -0.09965863823890686, 0.0]|[0.030340705066919327, 0.03847140446305275, 0.9987989068031311]|[[2855.292793016781, 0.0, 2031.7894533541553], [0.0, 2881.0734769839373, 1447.6913944790074], [0.0, 0.0, 1.0]]
521|521|2|Weasly Fish|0.31|0.3007907639836945|2.3789937496185303|2078.8542480468745;1438.679931640625|44|[-0.03127326816320419, -0.09965863823890686, 0.0]|[0.030340705066919327, 0.03847140446305275, 0.9987989068031311]|[[2855.292793016781, 0.0, 2031.7894533541553], [0.0, 2881.0734769839373, 1447.6913944790074], [0.0, 0.0, 1.0]]
521|521|2|Weasly Fish|0.31|0.2989619417166157|2.2095301151275635|2076.0334472656255;1429.4099121093752|44|[-0.03127326816320419, -0.09965863823890686, 0.0]|[0.030340705066919327, 0.03847140446305275, 0.9987989068031311]|[[2855.292793016781, 0.0, 2031.7894533541553], [0.0, 2881.0734769839373, 1447.6913944790074], [0.0, 0.0, 1.0]]
521|521|2|Weasly Fish|0.31|0.3017001182530435|2.0994210243225098|2074.29833984375;1422.4586181640625|44|[-0.03127326816320419, -0.09965863823890686, 0.0]|[0.030340705066919327, 0.03847140446305275, 0.9987989068031311]|[[2855.292793016781, 0.0, 2031.7894533541553], [0.0, 2881.0734769839373, 1447.6913944790074], [0.0, 0.0, 1.0]]
521|521|2|Weasly Fish|0.31|0.3018446051605164|1.9631283283233643|2071.1752929687495;1413.02734375|44|[-0.03127326816320419, -0.09965863823890686, 0.0]|[0.030340705066919327, 0.03847140446305275, 0.9987989068031311]|[[2855.292793016781, 0.0, 2031.7894533541553], [0.0, 2881.0734769839373, 1447.6913944790074], [0.0, 0.0, 1.0]]
521|521|2|Weasly Fish|0.31|0.3003086663187575|1.8238630294799805|2067.8115234375005;1401.814453125|44|[-0.03127326816320419, -0.09965863823890686, 0.0]|[0.030340705066919327, 0.03847140446305275, 0.9987989068031311]|[[2855.292793016781, 0.0, 2031.7894533541553], [0.0, 2881.0734769839373, 1447.6913944790074], [0.0, 0.0, 1.0]]
521|521|2|Weasly Fish|0.31|0.3002321569373665|1.4103713035583496|2052.9765625;1355.820068359375|44|[-0.03127326816320419, -0.09965863823890686, 0.0]|[0.030340705066919327, 0.03847140446305275, 0.9987989068031311]|[[2855.292793016781, 0.0, 2031.7894533541553], [0.0, 2881.0734769839373, 1447.6913944790074], [0.0, 0.0, 1.0]]
521|521|2|Weasly Fish|0.31|0.30120844334195657|1.246543526649475|2044.1798095703125;1329.2154541015625|44|[-0.03127326816320419, -0.09965863823890686, 0.0]|[0.030340705066919327, 0.03847140446305275, 0.9987989068031311]|[[2855.292793016781, 0.0, 2031.7894533541553], [0.0, 2881.0734769839373, 1447.6913944790074], [0.0, 0.0, 1.0]]
521|521|2|Weasly Fish|0.31|0.30079367320491296|1.0762313604354858|2033.5350341796877;1292.5382080078127|44|[-0.03127326816320419, -0.09965863823890686, 0.0]|[0.030340705066919327, 0.03847140446305275, 0.9987989068031311]|[[2855.292793016781, 0.0, 2031.7894533541553], [0.0, 2881.0734769839373, 1447.6913944790074], [0.0, 0.0, 1.0]]
521|521|2|Weasly Fish|0.31|0.2989444236120417|0.9320257902145386|2020.2642822265625;1251.395751953125|44|[-0.03127326816320419, -0.09965863823890686, 0.0]|[0.030340705066919327, 0.03847140446305275, 0.9987989068031311]|[[2855.292793016781, 0.0, 2031.7894533541553], [0.0, 2881.0734769839373, 1447.6913944790074], [0.0, 0.0, 1.0]]
521|521|2|Weasly Fish|0.31|0.2977351952985434|0.8244045376777649|2007.956787109375;1211.115966796875|44|[-0.03127326816320419, -0.09965863823890686, 0.0]|[0.030340705066919327, 0.03847140446305275, 0.9987989068031311]|[[2855.292793016781, 0.0, 2031.7894533541553], [0.0, 2881.0734769839373, 1447.6913944790074], [0.0, 0.0, 1.0]]
521|521|2|Weasly Fish|0.31|0.2964270046942417|0.6742568612098694|1983.0784912109375;1133.8035888671873|44|[-0.03127326816320419, -0.09965863823890686, 0.0]|[0.030340705066919327, 0.03847140446305275, 0.9987989068031311]|[[2855.292793016781, 0.0, 2031.7894533541553], [0.0, 2881.0734769839373, 1447.6913944790074], [0.0, 0.0, 1.0]]
521|521|2|Weasly Fish|0.31|0.29205780049802677|0.5346157550811768|1948.9310302734373;1022.4253540039061|44|[-0.03127326816320419, -0.09965863823890686, 0.0]|[0.030340705066919327, 0.03847140446305275, 0.9987989068031311]|[[2855.292793016781, 0.0, 2031.7894533541553], [0.0, 2881.0734769839373, 1447.6913944790074], [0.0, 0.0, 1.0]]
521|521|2|Weasly Fish|0.31|0.2904217442213095|0.4140109717845917|1899.22412109375;866.3101806640625|44|[-0.03127326816320419, -0.09965863823890686, 0.0]|[0.030340705066919327, 0.03847140446305275, 0.9987989068031311]|[[2855.292793016781, 0.0, 2031.7894533541553], [0.0, 2881.0734769839373, 1447.6913944790074], [0.0, 0.0, 1.0]]
107|107|5|Snook|0.455|0.44373950102818405|1.9888511896133423|1989.8179724188622;1378.9346008037091|47|[-0.031959716230630875, -0.12553761899471283, 0.0]|[0.008735720068216324, 0.0529530830681324, 0.9985588192939758]|[[2833.277965760987, 0.0, 2009.7572163743287], [0.0, 2858.7736950651392, 1407.9866181636053], [0.0, 0.0, 1.0]]
107|107|5|Snook|0.455|0.4502186937184109|2.0191569328308105|1988.869961173139;1382.0595394733584|47|[-0.031959716230630875, -0.12553761899471283, 0.0]|[0.008735720068216324, 0.0529530830681324, 0.9985588192939758]|[[2833.277965760987, 0.0, 2009.7572163743287], [0.0, 2858.7736950651392, 1407.9866181636053], [0.0, 0.0, 1.0]]
107|107|5|Snook|0.455|0.44407207720327063|1.9855825901031494|1989.5469129622643;1378.6841504026074|47|[-0.031959716230630875, -0.12553761899471283, 0.0]|[0.008735720068216324, 0.0529530830681324, 0.9985588192939758]|[[2833.277965760987, 0.0, 2009.7572163743287], [0.0, 2858.7736950651392, 1407.9866181636053], [0.0, 0.0, 1.0]]
107|107|5|Snook|0.455|0.43572240710338633|1.95517098903656|1989.4886198178483;1375.7090941230797|47|[-0.031959716230630875, -0.12553761899471283, 0.0]|[0.008735720068216324, 0.0529530830681324, 0.9985588192939758]|[[2833.277965760987, 0.0, 2009.7572163743287], [0.0, 2858.7736950651392, 1407.9866181636053], [0.0, 0.0, 1.0]]
107|107|5|Snook|0.455|0.44467758229473514|1.992425560951233|1988.978876623882;1379.4831553053532|47|[-0.031959716230630875, -0.12553761899471283, 0.0]|[0.008735720068216324, 0.0529530830681324, 0.9985588192939758]|[[2833.277965760987, 0.0, 2009.7572163743287], [0.0, 2858.7736950651392, 1407.9866181636053], [0.0, 0.0, 1.0]]
107|107|5|Snook|0.455|0.44625023859001267|2.0028417110443115|1988.6783322256535;1380.565646847543|47|[-0.031959716230630875, -0.12553761899471283, 0.0]|[0.008735720068216324, 0.0529530830681324, 0.9985588192939758]|[[2833.277965760987, 0.0, 2009.7572163743287], [0.0, 2858.7736950651392, 1407.9866181636053], [0.0, 0.0, 1.0]]
107|107|5|Snook|0.455|0.4434540106341534|1.9904519319534302|1988.67595149957;1379.3711951154355|47|[-0.031959716230630875, -0.12553761899471283, 0.0]|[0.008735720068216324, 0.0529530830681324, 0.9985588192939758]|[[2833.277965760987, 0.0, 2009.7572163743287], [0.0, 2858.7736950651392, 1407.9866181636053], [0.0, 0.0, 1.0]]
107|107|5|Snook|0.455|0.4454280407519882|2.0012288093566895|1989.4555541033765;1380.2091993652723|47|[-0.031959716230630875, -0.12553761899471283, 0.0]|[0.008735720068216324, 0.0529530830681324, 0.9985588192939758]|[[2833.277965760987, 0.0, 2009.7572163743287], [0.0, 2858.7736950651392, 1407.9866181636053], [0.0, 0.0, 1.0]]
107|107|5|Snook|0.455|0.44393710341141224|1.9937678575515747|1989.276427751474;1379.5411134651488|47|[-0.031959716230630875, -0.12553761899471283, 0.0]|[0.008735720068216324, 0.0529530830681324, 0.9985588192939758]|[[2833.277965760987, 0.0, 2009.7572163743287], [0.0, 2858.7736950651392, 1407.9866181636053], [0.0, 0.0, 1.0]]
107|107|5|Snook|0.455|0.44195108337308125|1.9913945198059082|1990.0889069523387;1379.1131451958674|47|[-0.031959716230630875, -0.12553761899471283, 0.0]|[0.008735720068216324, 0.0529530830681324, 0.9985588192939758]|[[2833.277965760987, 0.0, 2009.7572163743287], [0.0, 2858.7736950651392, 1407.9866181636053], [0.0, 0.0, 1.0]]
107|107|5|Snook|0.455|0.4418391005447473|1.9864181280136108|1989.375901720512;1378.804104500249|47|[-0.031959716230630875, -0.12553761899471283, 0.0]|[0.008735720068216324, 0.0529530830681324, 0.9985588192939758]|[[2833.277965760987, 0.0, 2009.7572163743287], [0.0, 2858.7736950651392, 1407.9866181636053], [0.0, 0.0, 1.0]]
107|107|5|Snook|0.455|0.4440841848114966|1.9981567859649658|1989.1266568031006;1379.995988518486|47|[-0.031959716230630875, -0.12553761899471283, 0.0]|[0.008735720068216324, 0.0529530830681324, 0.9985588192939758]|[[2833.277965760987, 0.0, 2009.7572163743287], [0.0, 2858.7736950651392, 1407.9866181636053], [0.0, 0.0, 1.0]]
107|107|5|Snook|0.455|0.4405244961281442|1.9851486682891846|1988.98176402826;1378.784691115115|47|[-0.031959716230630875, -0.12553761899471283, 0.0]|[0.008735720068216324, 0.0529530830681324, 0.9985588192939758]|[[2833.277965760987, 0.0, 2009.7572163743287], [0.0, 2858.7736950651392, 1407.9866181636053], [0.0, 0.0, 1.0]]
107|107|5|Snook|0.455|0.4411967924403565|1.9842523336410522|1989.365256932883;1378.5949083409998|47|[-0.031959716230630875, -0.12553761899471283, 0.0]|[0.008735720068216324, 0.0529530830681324, 0.9985588192939758]|[[2833.277965760987, 0.0, 2009.7572163743287], [0.0, 2858.7736950651392, 1407.9866181636053], [0.0, 0.0, 1.0]]
107|107|5|Snook|0.455|0.4397495611353078|1.976097822189331|1988.883034291837;1377.9296036208689|47|[-0.031959716230630875, -0.12553761899471283, 0.0]|[0.008735720068216324, 0.0529530830681324, 0.9985588192939758]|[[2833.277965760987, 0.0, 2009.7572163743287], [0.0, 2858.7736950651392, 1407.9866181636053], [0.0, 0.0, 1.0]]
107|107|5|Snook|0.455|0.4477870221376573|2.0222134590148926|1990.361212966313;1381.9607966773717|47|[-0.031959716230630875, -0.12553761899471283, 0.0]|[0.008735720068216324, 0.0529530830681324, 0.9985588192939758]|[[2833.277965760987, 0.0, 2009.7572163743287], [0.0, 2858.7736950651392, 1407.9866181636053], [0.0, 0.0, 1.0]]
107|107|5|Snook|0.455|0.44002131724077787|2.014627695083618|1989.8079312846323;1381.392717643819|47|[-0.031959716230630875, -0.12553761899471283, 0.0]|[0.008735720068216324, 0.0529530830681324, 0.9985588192939758]|[[2833.277965760987, 0.0, 2009.7572163743287], [0.0, 2858.7736950651392, 1407.9866181636053], [0.0, 0.0, 1.0]]
107|107|5|Snook|0.455|0.43563849896976625|1.9968565702438354|1989.6154014988956;1379.7502657875345|47|[-0.031959716230630875, -0.12553761899471283, 0.0]|[0.008735720068216324, 0.0529530830681324, 0.9985588192939758]|[[2833.277965760987, 0.0, 2009.7572163743287], [0.0, 2858.7736950651392, 1407.9866181636053], [0.0, 0.0, 1.0]]
107|107|5|Snook|0.455|0.437101016802626|1.9952013492584229|1989.5042280967177;1379.6167191537772|47|[-0.031959716230630875, -0.12553761899471283, 0.0]|[0.008735720068216324, 0.0529530830681324, 0.9985588192939758]|[[2833.277965760987, 0.0, 2009.7572163743287], [0.0, 2858.7736950651392, 1407.9866181636053], [0.0, 0.0, 1.0]]
107|107|5|Snook|0.455|0.4341192974784943|1.988210916519165|1989.6350221130451;1378.913284181797|47|[-0.031959716230630875, -0.12553761899471283, 0.0]|[0.008735720068216324, 0.0529530830681324, 0.9985588192939758]|[[2833.277965760987, 0.0, 2009.7572163743287], [0.0, 2858.7736950651392, 1407.9866181636053], [0.0, 0.0, 1.0]]
107|107|5|Snook|0.455|0.4345578533346383|1.9929896593093872|1989.3935771344895;1379.436503597825|47|[-0.031959716230630875, -0.12553761899471283, 0.0]|[0.008735720068216324, 0.0529530830681324, 0.9985588192939758]|[[2833.277965760987, 0.0, 2009.7572163743287], [0.0, 2858.7736950651392, 1407.9866181636053], [0.0, 0.0, 1.0]]
107|107|5|Snook|0.455|0.43813531806865064|2.0109615325927734|1989.1228079580703;1381.2151039562493|47|[-0.031959716230630875, -0.12553761899471283, 0.0]|[0.008735720068216324, 0.0529530830681324, 0.9985588192939758]|[[2833.277965760987, 0.0, 2009.7572163743287], [0.0, 2858.7736950651392, 1407.9866181636053], [0.0, 0.0, 1.0]]
107|107|5|Snook|0.455|0.4349362782104042|1.9885483980178833|1989.0035439645144;1379.1131451958674|47|[-0.031959716230630875, -0.12553761899471283, 0.0]|[0.008735720068216324, 0.0529530830681324, 0.9985588192939758]|[[2833.277965760987, 0.0, 2009.7572163743287], [0.0, 2858.7736950651392, 1407.9866181636053], [0.0, 0.0, 1.0]]
107|107|5|Snook|0.455|0.4383873771008015|2.0124711990356445|1988.3561217285155;1381.5597449103204|47|[-0.031959716230630875, -0.12553761899471283, 0.0]|[0.008735720068216324, 0.0529530830681324, 0.9985588192939758]|[[2833.277965760987, 0.0, 2009.7572163743287], [0.0, 2858.7736950651392, 1407.9866181636053], [0.0, 0.0, 1.0]]
107|107|5|Snook|0.455|0.4347455382686171|1.9856263399124146|1988.9445932646656;1378.8344852975972|47|[-0.031959716230630875, -0.12553761899471283, 0.0]|[0.008735720068216324, 0.0529530830681324, 0.9985588192939758]|[[2833.277965760987, 0.0, 2009.7572163743287], [0.0, 2858.7736950651392, 1407.9866181636053], [0.0, 0.0, 1.0]]
107|107|5|Snook|0.455|0.4375660926501131|1.9992791414260864|1988.9349349316215;1380.1555974525636|47|[-0.031959716230630875, -0.12553761899471283, 0.0]|[0.008735720068216324, 0.0529530830681324, 0.9985588192939758]|[[2833.277965760987, 0.0, 2009.7572163743287], [0.0, 2858.7736950651392, 1407.9866181636053], [0.0, 0.0, 1.0]]
107|107|5|Snook|0.455|0.43533994748176963|1.9916106462478638|1988.607569580728;1379.504852080761|47|[-0.031959716230630875, -0.12553761899471283, 0.0]|[0.008735720068216324, 0.0529530830681324, 0.9985588192939758]|[[2833.277965760987, 0.0, 2009.7572163743287], [0.0, 2858.7736950651392, 1407.9866181636053], [0.0, 0.0, 1.0]]
107|107|5|Snook|0.455|0.4387630701468887|2.010897636413574|1987.9329396550756;1381.5316892483868|47|[-0.031959716230630875, -0.12553761899471283, 0.0]|[0.008735720068216324, 0.0529530830681324, 0.9985588192939758]|[[2833.277965760987, 0.0, 2009.7572163743287], [0.0, 2858.7736950651392, 1407.9866181636053], [0.0, 0.0, 1.0]]
107|107|5|Snook|0.455|0.4330553717829688|1.9935866594314575|1988.77748343154;1379.6593599949101|47|[-0.031959716230630875, -0.12553761899471283, 0.0]|[0.008735720068216324, 0.0529530830681324, 0.9985588192939758]|[[2833.277965760987, 0.0, 2009.7572163743287], [0.0, 2858.7736950651392, 1407.9866181636053], [0.0, 0.0, 1.0]]
107|107|5|Snook|0.455|0.4349760063526941|1.9951668977737427|1989.1395590319896;1379.702686654024|47|[-0.031959716230630875, -0.12553761899471283, 0.0]|[0.008735720068216324, 0.0529530830681324, 0.9985588192939758]|[[2833.277965760987, 0.0, 2009.7572163743287], [0.0, 2858.7736950651392, 1407.9866181636053], [0.0, 0.0, 1.0]]
107|107|5|Snook|0.455|0.433559552674842|1.9952337741851807|1988.3492824629511;1379.9206939834144|47|[-0.031959716230630875, -0.12553761899471283, 0.0]|[0.008735720068216324, 0.0529530830681324, 0.9985588192939758]|[[2833.277965760987, 0.0, 2009.7572163743287], [0.0, 2858.7736950651392, 1407.9866181636053], [0.0, 0.0, 1.0]]
107|107|5|Snook|0.455|0.436288806255336|2.008629083633423|1988.5642126871667;1381.140982474857|47|[-0.031959716230630875, -0.12553761899471283, 0.0]|[0.008735720068216324, 0.0529530830681324, 0.9985588192939758]|[[2833.277965760987, 0.0, 2009.7572163743287], [0.0, 2858.7736950651392, 1407.9866181636053], [0.0, 0.0, 1.0]]
107|107|5|Snook|0.455|0.4319232648658258|1.9709179401397705|1989.0104576357455;1377.3860494625187|47|[-0.031959716230630875, -0.12553761899471283, 0.0]|[0.008735720068216324, 0.0529530830681324, 0.9985588192939758]|[[2833.277965760987, 0.0, 2009.7572163743287], [0.0, 2858.7736950651392, 1407.9866181636053], [0.0, 0.0, 1.0]]
107|107|5|Snook|0.455|0.4351224328472853|1.9984257221221924|1989.2955481948445;1379.9814370615707|47|[-0.031959716230630875, -0.12553761899471283, 0.0]|[0.008735720068216324, 0.0529530830681324, 0.9985588192939758]|[[2833.277965760987, 0.0, 2009.7572163743287], [0.0, 2858.7736950651392, 1407.9866181636053], [0.0, 0.0, 1.0]]
107|107|5|Snook|0.455|0.4344250432694638|1.9900208711624146|1988.9973034297013;1379.2544514758608|47|[-0.031959716230630875, -0.12553761899471283, 0.0]|[0.008735720068216324, 0.0529530830681324, 0.9985588192939758]|[[2833.277965760987, 0.0, 2009.7572163743287], [0.0, 2858.7736950651392, 1407.9866181636053], [0.0, 0.0, 1.0]]
107|107|5|Snook|0.455|0.4297959200969711|2.0076828002929688|1988.596299835527;1381.0473681643368|47|[-0.031959716230630875, -0.12553761899471283, 0.0]|[0.008735720068216324, 0.0529530830681324, 0.9985588192939758]|[[2833.277965760987, 0.0, 2009.7572163743287], [0.0, 2858.7736950651392, 1407.9866181636053], [0.0, 0.0, 1.0]]
107|107|5|Snook|0.455|0.42876231841667406|1.9876177310943604|1989.1960929614934;1378.9696355256697|47|[-0.031959716230630875, -0.12553761899471283, 0.0]|[0.008735720068216324, 0.0529530830681324, 0.9985588192939758]|[[2833.277965760987, 0.0, 2009.7572163743287], [0.0, 2858.7736950651392, 1407.9866181636053], [0.0, 0.0, 1.0]]
107|107|5|Snook|0.455|0.4343197676499115|2.0277092456817627|1988.5289847835968;1382.9502759833495|47|[-0.031959716230630875, -0.12553761899471283, 0.0]|[0.008735720068216324, 0.0529530830681324, 0.9985588192939758]|[[2833.277965760987, 0.0, 2009.7572163743287], [0.0, 2858.7736950651392, 1407.9866181636053], [0.0, 0.0, 1.0]]
107|107|5|Snook|0.455|0.4332108485859826|2.012129306793213|1988.4476267961934;1381.5081833474997|47|[-0.031959716230630875, -0.12553761899471283, 0.0]|[0.008735720068216324, 0.0529530830681324, 0.9985588192939758]|[[2833.277965760987, 0.0, 2009.7572163743287], [0.0, 2858.7736950651392, 1407.9866181636053], [0.0, 0.0, 1.0]]
107|107|5|Snook|0.455|0.4341309653053235|2.0204639434814453|1988.8517446643948;1382.1894942204167|47|[-0.031959716230630875, -0.12553761899471283, 0.0]|[0.008735720068216324, 0.0529530830681324, 0.9985588192939758]|[[2833.277965760987, 0.0, 2009.7572163743287], [0.0, 2858.7736950651392, 1407.9866181636053], [0.0, 0.0, 1.0]]
107|107|5|Snook|0.455|0.4293852542887064|1.9946168661117554|1988.6943631178628;1379.771830615006|47|[-0.031959716230630875, -0.12553761899471283, 0.0]|[0.008735720068216324, 0.0529530830681324, 0.9985588192939758]|[[2833.277965760987, 0.0, 2009.7572163743287], [0.0, 2858.7736950651392, 1407.9866181636053], [0.0, 0.0, 1.0]]
107|107|5|Snook|0.455|0.4325167050019405|2.0075631141662598|1989.3922256134886;1380.8271683705689|47|[-0.031959716230630875, -0.12553761899471283, 0.0]|[0.008735720068216324, 0.0529530830681324, 0.9985588192939758]|[[2833.277965760987, 0.0, 2009.7572163743287], [0.0, 2858.7736950651392, 1407.9866181636053], [0.0, 0.0, 1.0]]
107|107|5|Snook|0.455|0.4272903611795823|1.9835798740386963|1988.01661358446;1378.8817121669572|47|[-0.031959716230630875, -0.12553761899471283, 0.0]|[0.008735720068216324, 0.0529530830681324, 0.9985588192939758]|[[2833.277965760987, 0.0, 2009.7572163743287], [0.0, 2858.7736950651392, 1407.9866181636053], [0.0, 0.0, 1.0]]
107|107|5|Snook|0.455|0.43127904451147564|2.006390333175659|1989.1698097795993;1380.7685632488092|47|[-0.031959716230630875, -0.12553761899471283, 0.0]|[0.008735720068216324, 0.0529530830681324, 0.9985588192939758]|[[2833.277965760987, 0.0, 2009.7572163743287], [0.0, 2858.7736950651392, 1407.9866181636053], [0.0, 0.0, 1.0]]
107|107|5|Snook|0.455|0.4381910973612865|2.0392708778381348|1989.392890861401;1383.793217719892|47|[-0.031959716230630875, -0.12553761899471283, 0.0]|[0.008735720068216324, 0.0529530830681324, 0.9985588192939758]|[[2833.277965760987, 0.0, 2009.7572163743287], [0.0, 2858.7736950651392, 1407.9866181636053], [0.0, 0.0, 1.0]]
107|107|5|Snook|0.455|0.42528956145031854|1.9669374227523804|1989.5991781829798;1376.8521644178124|47|[-0.031959716230630875, -0.12553761899471283, 0.0]|[0.008735720068216324, 0.0529530830681324, 0.9985588192939758]|[[2833.277965760987, 0.0, 2009.7572163743287], [0.0, 2858.7736950651392, 1407.9866181636053], [0.0, 0.0, 1.0]]
107|107|5|Snook|0.455|0.4429064394725412|2.0480310916900635|1990.866417227532;1384.2087992335275|47|[-0.031959716230630875, -0.12553761899471283, 0.0]|[0.008735720068216324, 0.0529530830681324, 0.9985588192939758]|[[2833.277965760987, 0.0, 2009.7572163743287], [0.0, 2858.7736950651392, 1407.9866181636053], [0.0, 0.0, 1.0]]
107|107|5|Snook|0.455|0.4366992239123292|2.024778127670288|1989.3935771344895;1382.443836846999|47|[-0.031959716230630875, -0.12553761899471283, 0.0]|[0.008735720068216324, 0.0529530830681324, 0.9985588192939758]|[[2833.277965760987, 0.0, 2009.7572163743287], [0.0, 2858.7736950651392, 1407.9866181636053], [0.0, 0.0, 1.0]]
107|107|5|Snook|0.455|0.4304057248018544|1.9906657934188843|1988.986688379722;1379.3141623878976|47|[-0.031959716230630875, -0.12553761899471283, 0.0]|[0.008735720068216324, 0.0529530830681324, 0.9985588192939758]|[[2833.277965760987, 0.0, 2009.7572163743287], [0.0, 2858.7736950651392, 1407.9866181636053], [0.0, 0.0, 1.0]]
107|107|5|Snook|0.455|0.4309047497237748|1.9843194484710693|1989.6088111904437;1378.5474272598772|47|[-0.031959716230630875, -0.12553761899471283, 0.0]|[0.008735720068216324, 0.0529530830681324, 0.9985588192939758]|[[2833.277965760987, 0.0, 2009.7572163743287], [0.0, 2858.7736950651392, 1407.9866181636053], [0.0, 0.0, 1.0]]
107|107|5|Snook|0.455|0.4307164620668228|1.9864572286605835|1988.1675515147479;1379.120984891957|47|[-0.031959716230630875, -0.12553761899471283, 0.0]|[0.008735720068216324, 0.0529530830681324, 0.9985588192939758]|[[2833.277965760987, 0.0, 2009.7572163743287], [0.0, 2858.7736950651392, 1407.9866181636053], [0.0, 0.0, 1.0]]
107|107|5|Snook|0.455|0.43226118137343583|1.9987995624542236|1989.6831214346487;1379.9225192515094|47|[-0.031959716230630875, -0.12553761899471283, 0.0]|[0.008735720068216324, 0.0529530830681324, 0.9985588192939758]|[[2833.277965760987, 0.0, 2009.7572163743287], [0.0, 2858.7736950651392, 1407.9866181636053], [0.0, 0.0, 1.0]]
107|107|5|Snook|0.455|0.41910574645400106|2.0065219402313232|1988.2006367258061;1381.0374356206669|47|[-0.031959716230630875, -0.12553761899471283, 0.0]|[0.008735720068216324, 0.0529530830681324, 0.9985588192939758]|[[2833.277965760987, 0.0, 2009.7572163743287], [0.0, 2858.7736950651392, 1407.9866181636053], [0.0, 0.0, 1.0]]
107|107|5|Snook|0.455|0.4208454421755337|2.0190634727478027|1989.4870541928492;1381.8825517208375|47|[-0.031959716230630875, -0.12553761899471283, 0.0]|[0.008735720068216324, 0.0529530830681324, 0.9985588192939758]|[[2833.277965760987, 0.0, 2009.7572163743287], [0.0, 2858.7736950651392, 1407.9866181636053], [0.0, 0.0, 1.0]]
107|107|5|Snook|0.455|0.414367780793793|1.9902231693267822|1988.104599784512;1379.5017941053043|47|[-0.031959716230630875, -0.12553761899471283, 0.0]|[0.008735720068216324, 0.0529530830681324, 0.9985588192939758]|[[2833.277965760987, 0.0, 2009.7572163743287], [0.0, 2858.7736950651392, 1407.9866181636053], [0.0, 0.0, 1.0]]
107|107|5|Snook|0.455|0.4252227989847039|2.033517360687256|1989.0201738062356;1383.3620255295043|47|[-0.031959716230630875, -0.12553761899471283, 0.0]|[0.008735720068216324, 0.0529530830681324, 0.9985588192939758]|[[2833.277965760987, 0.0, 2009.7572163743287], [0.0, 2858.7736950651392, 1407.9866181636053], [0.0, 0.0, 1.0]]
107|107|5|Snook|0.455|0.4203411280720942|2.0068914890289307|1989.247168366979;1380.799504634951|47|[-0.031959716230630875, -0.12553761899471283, 0.0]|[0.008735720068216324, 0.0529530830681324, 0.9985588192939758]|[[2833.277965760987, 0.0, 2009.7572163743287], [0.0, 2858.7736950651392, 1407.9866181636053], [0.0, 0.0, 1.0]]
107|107|5|Snook|0.455|0.4182892017388148|2.0021467208862305|1990.150054180025;1380.1180721145788|47|[-0.031959716230630875, -0.12553761899471283, 0.0]|[0.008735720068216324, 0.0529530830681324, 0.9985588192939758]|[[2833.277965760987, 0.0, 2009.7572163743287], [0.0, 2858.7736950651392, 1407.9866181636053], [0.0, 0.0, 1.0]]
107|107|5|Snook|0.455|0.4190890270338015|2.008822441101074|1989.1102598386462;1381.0263991888614|47|[-0.031959716230630875, -0.12553761899471283, 0.0]|[0.008735720068216324, 0.0529530830681324, 0.9985588192939758]|[[2833.277965760987, 0.0, 2009.7572163743287], [0.0, 2858.7736950651392, 1407.9866181636053], [0.0, 0.0, 1.0]]
107|107|5|Snook|0.455|0.41774956174057304|1.9999580383300781|1989.0035439645144;1380.198508183692|47|[-0.031959716230630875, -0.12553761899471283, 0.0]|[0.008735720068216324, 0.0529530830681324, 0.9985588192939758]|[[2833.277965760987, 0.0, 2009.7572163743287], [0.0, 2858.7736950651392, 1407.9866181636053], [0.0, 0.0, 1.0]]
107|107|5|Snook|0.455|0.41529508184606634|1.9885669946670532|1988.2995673612393;1379.2918799717652|47|[-0.031959716230630875, -0.12553761899471283, 0.0]|[0.008735720068216324, 0.0529530830681324, 0.9985588192939758]|[[2833.277965760987, 0.0, 2009.7572163743287], [0.0, 2858.7736950651392, 1407.9866181636053], [0.0, 0.0, 1.0]]
107|107|5|Snook|0.455|0.41751630305374376|1.9864600896835327|1987.6153796600931;1379.273171777868|47|[-0.031959716230630875, -0.12553761899471283, 0.0]|[0.008735720068216324, 0.0529530830681324, 0.9985588192939758]|[[2833.277965760987, 0.0, 2009.7572163743287], [0.0, 2858.7736950651392, 1407.9866181636053], [0.0, 0.0, 1.0]]
107|107|5|Snook|0.455|0.42194137854738883|2.02053165435791|1988.5399675594738;1382.268636678353|47|[-0.031959716230630875, -0.12553761899471283, 0.0]|[0.008735720068216324, 0.0529530830681324, 0.9985588192939758]|[[2833.277965760987, 0.0, 2009.7572163743287], [0.0, 2858.7736950651392, 1407.9866181636053], [0.0, 0.0, 1.0]]
107|107|5|Snook|0.455|0.4231258640200811|2.0169451236724854|1989.2390540342244;1381.7491306249217|47|[-0.031959716230630875, -0.12553761899471283, 0.0]|[0.008735720068216324, 0.0529530830681324, 0.9985588192939758]|[[2833.277965760987, 0.0, 2009.7572163743287], [0.0, 2858.7736950651392, 1407.9866181636053], [0.0, 0.0, 1.0]]
107|107|5|Snook|0.455|0.421468285379877|2.0131421089172363|1989.145487737545;1381.420032667854|47|[-0.031959716230630875, -0.12553761899471283, 0.0]|[0.008735720068216324, 0.0529530830681324, 0.9985588192939758]|[[2833.277965760987, 0.0, 2009.7572163743287], [0.0, 2858.7736950651392, 1407.9866181636053], [0.0, 0.0, 1.0]]
107|107|5|Snook|0.455|0.4194740146048086|2.0007054805755615|1988.2911684358005;1380.4597131373057|47|[-0.031959716230630875, -0.12553761899471283, 0.0]|[0.008735720068216324, 0.0529530830681324, 0.9985588192939758]|[[2833.277965760987, 0.0, 2009.7572163743287], [0.0, 2858.7736950651392, 1407.9866181636053], [0.0, 0.0, 1.0]]
107|107|5|Snook|0.455|0.4233454247156143|2.0168025493621826|1988.5092047994005;1381.9332519337338|47|[-0.031959716230630875, -0.12553761899471283, 0.0]|[0.008735720068216324, 0.0529530830681324, 0.9985588192939758]|[[2833.277965760987, 0.0, 2009.7572163743287], [0.0, 2858.7736950651392, 1407.9866181636053], [0.0, 0.0, 1.0]]
107|107|5|Snook|0.455|0.41672776794333805|1.9869775772094727|1989.5305673623186;1378.8212139258344|47|[-0.031959716230630875, -0.12553761899471283, 0.0]|[0.008735720068216324, 0.0529530830681324, 0.9985588192939758]|[[2833.277965760987, 0.0, 2009.7572163743287], [0.0, 2858.7736950651392, 1407.9866181636053], [0.0, 0.0, 1.0]]
107|107|5|Snook|0.455|0.4221151668531576|2.01749849319458|1988.0490806938512;1382.1233261737975|47|[-0.031959716230630875, -0.12553761899471283, 0.0]|[0.008735720068216324, 0.0529530830681324, 0.9985588192939758]|[[2833.277965760987, 0.0, 2009.7572163743287], [0.0, 2858.7736950651392, 1407.9866181636053], [0.0, 0.0, 1.0]]
107|107|5|Snook|0.455|0.40614975161289535|1.9823062419891357|1988.2977657792264;1378.6848120822403|47|[-0.031959716230630875, -0.12553761899471283, 0.0]|[0.008735720068216324, 0.0529530830681324, 0.9985588192939758]|[[2833.277965760987, 0.0, 2009.7572163743287], [0.0, 2858.7736950651392, 1407.9866181636053], [0.0, 0.0, 1.0]]
107|107|5|Snook|0.455|0.40028862715557045|1.9618265628814697|1987.9240847513709;1376.7709127633304|47|[-0.031959716230630875, -0.12553761899471283, 0.0]|[0.008735720068216324, 0.0529530830681324, 0.9985588192939758]|[[2833.277965760987, 0.0, 2009.7572163743287], [0.0, 2858.7736950651392, 1407.9866181636053], [0.0, 0.0, 1.0]]
107|107|5|Snook|0.455|0.4092381326421353|1.9906835556030273|1988.7976867959833;1379.371822595771|47|[-0.031959716230630875, -0.12553761899471283, 0.0]|[0.008735720068216324, 0.0529530830681324, 0.9985588192939758]|[[2833.277965760987, 0.0, 2009.7572163743287], [0.0, 2858.7736950651392, 1407.9866181636053], [0.0, 0.0, 1.0]]
107|107|5|Snook|0.455|0.3992336154634442|1.9821895360946655|1988.672608894338;1378.5783402922393|47|[-0.031959716230630875, -0.12553761899471283, 0.0]|[0.008735720068216324, 0.0529530830681324, 0.9985588192939758]|[[2833.277965760987, 0.0, 2009.7572163743287], [0.0, 2858.7736950651392, 1407.9866181636053], [0.0, 0.0, 1.0]]
107|107|5|Snook|0.455|0.40582796868651566|2.0081653594970703|1987.9921438606098;1381.2603242721325|47|[-0.031959716230630875, -0.12553761899471283, 0.0]|[0.008735720068216324, 0.0529530830681324, 0.9985588192939758]|[[2833.277965760987, 0.0, 2009.7572163743287], [0.0, 2858.7736950651392, 1407.9866181636053], [0.0, 0.0, 1.0]]
107|107|5|Snook|0.455|0.4122756901847956|2.0407822132110596|1989.4788711574033;1383.9102457823756|47|[-0.031959716230630875, -0.12553761899471283, 0.0]|[0.008735720068216324, 0.0529530830681324, 0.9985588192939758]|[[2833.277965760987, 0.0, 2009.7572163743287], [0.0, 2858.7736950651392, 1407.9866181636053], [0.0, 0.0, 1.0]]
107|107|5|Snook|0.455|0.3989147552844007|1.9822803735733032|1988.0172872281016;1378.7592322669166|47|[-0.031959716230630875, -0.12553761899471283, 0.0]|[0.008735720068216324, 0.0529530830681324, 0.9985588192939758]|[[2833.277965760987, 0.0, 2009.7572163743287], [0.0, 2858.7736950651392, 1407.9866181636053], [0.0, 0.0, 1.0]]
107|107|5|Snook|0.455|0.4035704575576883|1.9963009357452393|1988.8117901636708;1379.9062956077755|47|[-0.031959716230630875, -0.12553761899471283, 0.0]|[0.008735720068216324, 0.0529530830681324, 0.9985588192939758]|[[2833.277965760987, 0.0, 2009.7572163743287], [0.0, 2858.7736950651392, 1407.9866181636053], [0.0, 0.0, 1.0]]
107|107|5|Snook|0.455|0.4026316479555961|1.9988499879837036|1987.8620077388953;1380.4064519319145|47|[-0.031959716230630875, -0.12553761899471283, 0.0]|[0.008735720068216324, 0.0529530830681324, 0.9985588192939758]|[[2833.277965760987, 0.0, 2009.7572163743287], [0.0, 2858.7736950651392, 1407.9866181636053], [0.0, 0.0, 1.0]]
107|107|5|Snook|0.455|0.404263162263748|1.9900741577148438|1987.9253826488468;1379.5349929400238|47|[-0.031959716230630875, -0.12553761899471283, 0.0]|[0.008735720068216324, 0.0529530830681324, 0.9985588192939758]|[[2833.277965760987, 0.0, 2009.7572163743287], [0.0, 2858.7736950651392, 1407.9866181636053], [0.0, 0.0, 1.0]]
107|107|5|Snook|0.455|0.4057009644020226|2.0110034942626953|1988.515081953627;1381.3889451587556|47|[-0.031959716230630875, -0.12553761899471283, 0.0]|[0.008735720068216324, 0.0529530830681324, 0.9985588192939758]|[[2833.277965760987, 0.0, 2009.7572163743287], [0.0, 2858.7736950651392, 1407.9866181636053], [0.0, 0.0, 1.0]]
107|107|5|Snook|0.455|0.3953340710071759|1.9585975408554077|1988.0330457503374;1376.4204136829096|47|[-0.031959716230630875, -0.12553761899471283, 0.0]|[0.008735720068216324, 0.0529530830681324, 0.9985588192939758]|[[2833.277965760987, 0.0, 2009.7572163743287], [0.0, 2858.7736950651392, 1407.9866181636053], [0.0, 0.0, 1.0]]
107|107|5|Snook|0.455|0.40329087459548685|2.0024752616882324|1988.1459061163412;1380.6771351494867|47|[-0.031959716230630875, -0.12553761899471283, 0.0]|[0.008735720068216324, 0.0529530830681324, 0.9985588192939758]|[[2833.277965760987, 0.0, 2009.7572163743287], [0.0, 2858.7736950651392, 1407.9866181636053], [0.0, 0.0, 1.0]]
107|107|5|Snook|0.455|0.40075471382710853|1.9903541803359985|1987.2356077815516;1379.7608485632006|47|[-0.031959716230630875, -0.12553761899471283, 0.0]|[0.008735720068216324, 0.0529530830681324, 0.9985588192939758]|[[2833.277965760987, 0.0, 2009.7572163743287], [0.0, 2858.7736950651392, 1407.9866181636053], [0.0, 0.0, 1.0]]
107|107|5|Snook|0.455|0.414195557478008|2.056309700012207|1991.3132160517262;1384.8495572759618|47|[-0.031959716230630875, -0.12553761899471283, 0.0]|[0.008735720068216324, 0.0529530830681324, 0.9985588192939758]|[[2833.277965760987, 0.0, 2009.7572163743287], [0.0, 2858.7736950651392, 1407.9866181636053], [0.0, 0.0, 1.0]]
107|107|5|Snook|0.455|0.40278139275968833|1.9976764917373657|1988.8949225400609;1380.019819493464|47|[-0.031959716230630875, -0.12553761899471283, 0.0]|[0.008735720068216324, 0.0529530830681324, 0.9985588192939758]|[[2833.277965760987, 0.0, 2009.7572163743287], [0.0, 2858.7736950651392, 1407.9866181636053], [0.0, 0.0, 1.0]]
107|107|5|Snook|0.455|0.40662887229998956|2.0225138664245605|1988.7068107746663;1382.4177351024248|47|[-0.031959716230630875, -0.12553761899471283, 0.0]|[0.008735720068216324, 0.0529530830681324, 0.9985588192939758]|[[2833.277965760987, 0.0, 2009.7572163743287], [0.0, 2858.7736950651392, 1407.9866181636053], [0.0, 0.0, 1.0]]
107|107|5|Snook|0.455|0.39018936255886005|2.0076406002044678|1989.2529132705517;1380.8774940247904|47|[-0.031959716230630875, -0.12553761899471283, 0.0]|[0.008735720068216324, 0.0529530830681324, 0.9985588192939758]|[[2833.277965760987, 0.0, 2009.7572163743287], [0.0, 2858.7736950651392, 1407.9866181636053], [0.0, 0.0, 1.0]]
107|107|5|Snook|0.455|0.38495631784648443|1.9839766025543213|1988.3562779917531;1378.8262542726552|47|[-0.031959716230630875, -0.12553761899471283, 0.0]|[0.008735720068216324, 0.0529530830681324, 0.9985588192939758]|[[2833.277965760987, 0.0, 2009.7572163743287], [0.0, 2858.7736950651392, 1407.9866181636053], [0.0, 0.0, 1.0]]
107|107|5|Snook|0.455|0.38684183358204616|1.9864000082015991|1988.7933619133414;1378.9551518984288|47|[-0.031959716230630875, -0.12553761899471283, 0.0]|[0.008735720068216324, 0.0529530830681324, 0.9985588192939758]|[[2833.277965760987, 0.0, 2009.7572163743287], [0.0, 2858.7736950651392, 1407.9866181636053], [0.0, 0.0, 1.0]]
107|107|5|Snook|0.455|0.3823114974558321|1.9686826467514038|1988.7419048771178;1377.2403177801532|47|[-0.031959716230630875, -0.12553761899471283, 0.0]|[0.008735720068216324, 0.0529530830681324, 0.9985588192939758]|[[2833.277965760987, 0.0, 2009.7572163743287], [0.0, 2858.7736950651392, 1407.9866181636053], [0.0, 0.0, 1.0]]
107|107|5|Snook|0.455|0.38618998376609526|1.9877369403839111|1987.8336163995798;1379.3400130897485|47|[-0.031959716230630875, -0.12553761899471283, 0.0]|[0.008735720068216324, 0.0529530830681324, 0.9985588192939758]|[[2833.277965760987, 0.0, 2009.7572163743287], [0.0, 2858.7736950651392, 1407.9866181636053], [0.0, 0.0, 1.0]]
107|107|5|Snook|0.455|0.38840514042512536|2.0063538551330566|1988.0373662537072;1381.0733539444693|47|[-0.031959716230630875, -0.12553761899471283, 0.0]|[0.008735720068216324, 0.0529530830681324, 0.9985588192939758]|[[2833.277965760987, 0.0, 2009.7572163743287], [0.0, 2858.7736950651392, 1407.9866181636053], [0.0, 0.0, 1.0]]
107|107|5|Snook|0.455|0.38700854947556057|2.0063555240631104|1988.849721462075;1380.8484801097918|47|[-0.031959716230630875, -0.12553761899471283, 0.0]|[0.008735720068216324, 0.0529530830681324, 0.9985588192939758]|[[2833.277965760987, 0.0, 2009.7572163743287], [0.0, 2858.7736950651392, 1407.9866181636053], [0.0, 0.0, 1.0]]
107|107|5|Snook|0.455|0.3863104438480096|1.9963442087173462|1988.6508009934712;1379.9543015114314|47|[-0.031959716230630875, -0.12553761899471283, 0.0]|[0.008735720068216324, 0.0529530830681324, 0.9985588192939758]|[[2833.277965760987, 0.0, 2009.7572163743287], [0.0, 2858.7736950651392, 1407.9866181636053], [0.0, 0.0, 1.0]]
107|107|5|Snook|0.455|0.3899773795976111|2.012444019317627|1989.3630884699612;1381.298520679675|47|[-0.031959716230630875, -0.12553761899471283, 0.0]|[0.008735720068216324, 0.0529530830681324, 0.9985588192939758]|[[2833.277965760987, 0.0, 2009.7572163743287], [0.0, 2858.7736950651392, 1407.9866181636053], [0.0, 0.0, 1.0]]
107|107|5|Snook|0.455|0.3861083984865705|2.0023834705352783|1987.3454695599896;1380.8802444088903|47|[-0.031959716230630875, -0.12553761899471283, 0.0]|[0.008735720068216324, 0.0529530830681324, 0.9985588192939758]|[[2833.277965760987, 0.0, 2009.7572163743287], [0.0, 2858.7736950651392, 1407.9866181636053], [0.0, 0.0, 1.0]]
107|107|5|Snook|0.455|0.39618073640712076|2.053889751434326|1990.4426065002267;1384.8495572759618|47|[-0.031959716230630875, -0.12553761899471283, 0.0]|[0.008735720068216324, 0.0529530830681324, 0.9985588192939758]|[[2833.277965760987, 0.0, 2009.7572163743287], [0.0, 2858.7736950651392, 1407.9866181636053], [0.0, 0.0, 1.0]]
107|107|5|Snook|0.455|0.38163549058131785|1.973926067352295|1988.87017831131;1377.7178046900956|47|[-0.031959716230630875, -0.12553761899471283, 0.0]|[0.008735720068216324, 0.0529530830681324, 0.9985588192939758]|[[2833.277965760987, 0.0, 2009.7572163743287], [0.0, 2858.7736950651392, 1407.9866181636053], [0.0, 0.0, 1.0]]
107|107|5|Snook|0.455|0.3936263824564622|2.0279529094696045|1988.0172872281016;1383.1086811810105|47|[-0.031959716230630875, -0.12553761899471283, 0.0]|[0.008735720068216324, 0.0529530830681324, 0.9985588192939758]|[[2833.277965760987, 0.0, 2009.7572163743287], [0.0, 2858.7736950651392, 1407.9866181636053], [0.0, 0.0, 1.0]]
107|107|5|Snook|0.455|0.38621319707211593|1.995856523513794|1988.7335159019099;1379.8819824015593|47|[-0.031959716230630875, -0.12553761899471283, 0.0]|[0.008735720068216324, 0.0529530830681324, 0.9985588192939758]|[[2833.277965760987, 0.0, 2009.7572163743287], [0.0, 2858.7736950651392, 1407.9866181636053], [0.0, 0.0, 1.0]]
107|107|5|Snook|0.455|0.3910750165471564|2.024319648742676|1990.1806501456074;1382.1963506778116|47|[-0.031959716230630875, -0.12553761899471283, 0.0]|[0.008735720068216324, 0.0529530830681324, 0.9985588192939758]|[[2833.277965760987, 0.0, 2009.7572163743287], [0.0, 2858.7736950651392, 1407.9866181636053], [0.0, 0.0, 1.0]]
107|107|5|Snook|0.455|0.3892179208057036|2.0158581733703613|1989.3800970043787;1381.6172915464876|47|[-0.031959716230630875, -0.12553761899471283, 0.0]|[0.008735720068216324, 0.0529530830681324, 0.9985588192939758]|[[2833.277965760987, 0.0, 2009.7572163743287], [0.0, 2858.7736950651392, 1407.9866181636053], [0.0, 0.0, 1.0]]
107|107|5|Snook|0.455|0.3844275590921507|1.9917259216308594|1988.905690527073;1379.4335932753263|47|[-0.031959716230630875, -0.12553761899471283, 0.0]|[0.008735720068216324, 0.0529530830681324, 0.9985588192939758]|[[2833.277965760987, 0.0, 2009.7572163743287], [0.0, 2858.7736950651392, 1407.9866181636053], [0.0, 0.0, 1.0]]
107|107|5|Snook|0.455|0.38941703598824673|2.018453598022461|1989.0626692238409;1381.944115304098|47|[-0.031959716230630875, -0.12553761899471283, 0.0]|[0.008735720068216324, 0.0529530830681324, 0.9985588192939758]|[[2833.277965760987, 0.0, 2009.7572163743287], [0.0, 2858.7736950651392, 1407.9866181636053], [0.0, 0.0, 1.0]]
107|107|5|Snook|0.455|0.38397408683069556|1.9828071594238281|1987.9091846642812;1378.8384243127234|47|[-0.031959716230630875, -0.12553761899471283, 0.0]|[0.008735720068216324, 0.0529530830681324, 0.9985588192939758]|[[2833.277965760987, 0.0, 2009.7572163743287], [0.0, 2858.7736950651392, 1407.9866181636053], [0.0, 0.0, 1.0]]
107|107|5|Snook|0.455|0.38913112192900157|2.016730785369873|1988.7415065170035;1381.8693722048768|47|[-0.031959716230630875, -0.12553761899471283, 0.0]|[0.008735720068216324, 0.0529530830681324, 0.9985588192939758]|[[2833.277965760987, 0.0, 2009.7572163743287], [0.0, 2858.7736950651392, 1407.9866181636053], [0.0, 0.0, 1.0]]
107|107|5|Snook|0.455|0.3649007204669562|2.025642156600952|1987.9240847513709;1382.9222762275492|47|[-0.031959716230630875, -0.12553761899471283, 0.0]|[0.008735720068216324, 0.0529530830681324, 0.9985588192939758]|[[2833.277965760987, 0.0, 2009.7572163743287], [0.0, 2858.7736950651392, 1407.9866181636053], [0.0, 0.0, 1.0]]
107|107|5|Snook|0.455|0.35789246079494674|2.004199504852295|1988.4134146676254;1380.7609689914216|47|[-0.031959716230630875, -0.12553761899471283, 0.0]|[0.008735720068216324, 0.0529530830681324, 0.9985588192939758]|[[2833.277965760987, 0.0, 2009.7572163743287], [0.0, 2858.7736950651392, 1407.9866181636053], [0.0, 0.0, 1.0]]
107|107|5|Snook|0.455|0.3570239873544018|1.9824249744415283|1987.6534670014871;1378.865459551522|47|[-0.031959716230630875, -0.12553761899471283, 0.0]|[0.008735720068216324, 0.0529530830681324, 0.9985588192939758]|[[2833.277965760987, 0.0, 2009.7572163743287], [0.0, 2858.7736950651392, 1407.9866181636053], [0.0, 0.0, 1.0]]
107|107|5|Snook|0.455|0.35795067621166593|1.9862141609191895|1987.2908370524449;1379.3423242657536|47|[-0.031959716230630875, -0.12553761899471283, 0.0]|[0.008735720068216324, 0.0529530830681324, 0.9985588192939758]|[[2833.277965760987, 0.0, 2009.7572163743287], [0.0, 2858.7736950651392, 1407.9866181636053], [0.0, 0.0, 1.0]]
107|107|5|Snook|0.455|0.353709215033377|1.993326187133789|1988.6023826268379;1379.672287007871|47|[-0.031959716230630875, -0.12553761899471283, 0.0]|[0.008735720068216324, 0.0529530830681324, 0.9985588192939758]|[[2833.277965760987, 0.0, 2009.7572163743287], [0.0, 2858.7736950651392, 1407.9866181636053], [0.0, 0.0, 1.0]]
107|107|5|Snook|0.455|0.35810248840296593|1.9995070695877075|1989.139534663193;1380.119562215457|47|[-0.031959716230630875, -0.12553761899471283, 0.0]|[0.008735720068216324, 0.0529530830681324, 0.9985588192939758]|[[2833.277965760987, 0.0, 2009.7572163743287], [0.0, 2858.7736950651392, 1407.9866181636053], [0.0, 0.0, 1.0]]
107|107|5|Snook|0.455|0.3619180993741949|1.9961811304092407|1988.081476261663;1380.0887622129655|47|[-0.031959716230630875, -0.12553761899471283, 0.0]|[0.008735720068216324, 0.0529530830681324, 0.9985588192939758]|[[2833.277965760987, 0.0, 2009.7572163743287], [0.0, 2858.7736950651392, 1407.9866181636053], [0.0, 0.0, 1.0]]
107|107|5|Snook|0.455|0.35821452104131646|1.987750768661499|1987.758991975873;1379.3577497271474|47|[-0.031959716230630875, -0.12553761899471283, 0.0]|[0.008735720068216324, 0.0529530830681324, 0.9985588192939758]|[[2833.277965760987, 0.0, 2009.7572163743287], [0.0, 2858.7736950651392, 1407.9866181636053], [0.0, 0.0, 1.0]]
107|107|5|Snook|0.455|0.355607978553737|1.9655588865280151|1988.7933619133407;1376.916528705671|47|[-0.031959716230630875, -0.12553761899471283, 0.0]|[0.008735720068216324, 0.0529530830681324, 0.9985588192939758]|[[2833.277965760987, 0.0, 2009.7572163743287], [0.0, 2858.7736950651392, 1407.9866181636053], [0.0, 0.0, 1.0]]
107|107|5|Snook|0.455|0.363419886199288|2.011075258255005|1988.8187380194624;1381.3043074047578|47|[-0.031959716230630875, -0.12553761899471283, 0.0]|[0.008735720068216324, 0.0529530830681324, 0.9985588192939758]|[[2833.277965760987, 0.0, 2009.7572163743287], [0.0, 2858.7736950651392, 1407.9866181636053], [0.0, 0.0, 1.0]]
107|107|5|Snook|0.455|0.36017315679633727|2.004835844039917|1988.5777726897545;1380.7784183477033|47|[-0.031959716230630875, -0.12553761899471283, 0.0]|[0.008735720068216324, 0.0529530830681324, 0.9985588192939758]|[[2833.277965760987, 0.0, 2009.7572163743287], [0.0, 2858.7736950651392, 1407.9866181636053], [0.0, 0.0, 1.0]]
107|107|5|Snook|0.455|0.36521413425383126|2.033114194869995|1989.1245674161848;1383.2839880184874|47|[-0.031959716230630875, -0.12553761899471283, 0.0]|[0.008735720068216324, 0.0529530830681324, 0.9985588192939758]|[[2833.277965760987, 0.0, 2009.7572163743287], [0.0, 2858.7736950651392, 1407.9866181636053], [0.0, 0.0, 1.0]]
107|107|5|Snook|0.455|0.36214319801997064|2.018075704574585|1988.4251853560877;1382.0771136037768|47|[-0.031959716230630875, -0.12553761899471283, 0.0]|[0.008735720068216324, 0.0529530830681324, 0.9985588192939758]|[[2833.277965760987, 0.0, 2009.7572163743287], [0.0, 2858.7736950651392, 1407.9866181636053], [0.0, 0.0, 1.0]]
107|107|5|Snook|0.455|0.3570882416234693|2.0000274181365967|1986.847293696268;1380.7938133376194|47|[-0.031959716230630875, -0.12553761899471283, 0.0]|[0.008735720068216324, 0.0529530830681324, 0.9985588192939758]|[[2833.277965760987, 0.0, 2009.7572163743287], [0.0, 2858.7736950651392, 1407.9866181636053], [0.0, 0.0, 1.0]]
107|107|5|Snook|0.455|0.36331051079252963|2.0169570446014404|1988.6373940169099;1381.9186728931302|47|[-0.031959716230630875, -0.12553761899471283, 0.0]|[0.008735720068216324, 0.0529530830681324, 0.9985588192939758]|[[2833.277965760987, 0.0, 2009.7572163743287], [0.0, 2858.7736950651392, 1407.9866181636053], [0.0, 0.0, 1.0]]
107|107|5|Snook|0.455|0.36134870521158|2.0021777153015137|1987.896618281187;1380.7094494050018|47|[-0.031959716230630875, -0.12553761899471283, 0.0]|[0.008735720068216324, 0.0529530830681324, 0.9985588192939758]|[[2833.277965760987, 0.0, 2009.7572163743287], [0.0, 2858.7736950651392, 1407.9866181636053], [0.0, 0.0, 1.0]]
107|107|5|Snook|0.455|0.3615316684875861|2.023301601409912|1988.2995673612393;1382.5973854620568|47|[-0.031959716230630875, -0.12553761899471283, 0.0]|[0.008735720068216324, 0.0529530830681324, 0.9985588192939758]|[[2833.277965760987, 0.0, 2009.7572163743287], [0.0, 2858.7736950651392, 1407.9866181636053], [0.0, 0.0, 1.0]]
107|107|5|Snook|0.455|0.35726232628387966|1.9844098091125488|1988.6552969096383;1378.799492510673|47|[-0.031959716230630875, -0.12553761899471283, 0.0]|[0.008735720068216324, 0.0529530830681324, 0.9985588192939758]|[[2833.277965760987, 0.0, 2009.7572163743287], [0.0, 2858.7736950651392, 1407.9866181636053], [0.0, 0.0, 1.0]]
107|107|5|Snook|0.455|0.35721876652566725|1.9819648265838623|1987.7395065759029;1378.8017302491571|47|[-0.031959716230630875, -0.12553761899471283, 0.0]|[0.008735720068216324, 0.0529530830681324, 0.9985588192939758]|[[2833.277965760987, 0.0, 2009.7572163743287], [0.0, 2858.7736950651392, 1407.9866181636053], [0.0, 0.0, 1.0]]
107|107|5|Snook|0.455|0.36257300392914027|2.0002739429473877|1988.3029092661845;1380.4161651865716|47|[-0.031959716230630875, -0.12553761899471283, 0.0]|[0.008735720068216324, 0.0529530830681324, 0.9985588192939758]|[[2833.277965760987, 0.0, 2009.7572163743287], [0.0, 2858.7736950651392, 1407.9866181636053], [0.0, 0.0, 1.0]]
107|107|5|Snook|0.455|0.36680347353702314|2.0183353424072266|1987.9779126362375;1382.2169490068413|47|[-0.031959716230630875, -0.12553761899471283, 0.0]|[0.008735720068216324, 0.0529530830681324, 0.9985588192939758]|[[2833.277965760987, 0.0, 2009.7572163743287], [0.0, 2858.7736950651392, 1407.9866181636053], [0.0, 0.0, 1.0]]
107|107|5|Snook|0.455|0.3626292991596887|1.999385118484497|1989.1259437338122;1380.1182563443379|47|[-0.031959716230630875, -0.12553761899471283, 0.0]|[0.008735720068216324, 0.0529530830681324, 0.9985588192939758]|[[2833.277965760987, 0.0, 2009.7572163743287], [0.0, 2858.7736950651392, 1407.9866181636053], [0.0, 0.0, 1.0]]
107|107|5|Snook|0.455|0.37117334036109706|2.0282058715820312|1988.5000000000002;1383.0000000000005|47|[-0.031959716230630875, -0.12553761899471283, 0.0]|[0.008735720068216324, 0.0529530830681324, 0.9985588192939758]|[[2833.277965760987, 0.0, 2009.7572163743287], [0.0, 2858.7736950651392, 1407.9866181636053], [0.0, 0.0, 1.0]]
107|107|5|Snook|0.455|0.35952513323808283|1.9800540208816528|1988.4210183384657;1378.437914443737|47|[-0.031959716230630875, -0.12553761899471283, 0.0]|[0.008735720068216324, 0.0529530830681324, 0.9985588192939758]|[[2833.277965760987, 0.0, 2009.7572163743287], [0.0, 2858.7736950651392, 1407.9866181636053], [0.0, 0.0, 1.0]]
107|107|5|Snook|0.455|0.3372031213348367|1.9845424890518188|1987.9244375824367;1379.0064762979314|47|[-0.031959716230630875, -0.12553761899471283, 0.0]|[0.008735720068216324, 0.0529530830681324, 0.9985588192939758]|[[2833.277965760987, 0.0, 2009.7572163743287], [0.0, 2858.7736950651392, 1407.9866181636053], [0.0, 0.0, 1.0]]
107|107|5|Snook|0.455|0.3401243049122473|2.006075143814087|1987.9446346464065;1381.0634535517647|47|[-0.031959716230630875, -0.12553761899471283, 0.0]|[0.008735720068216324, 0.0529530830681324, 0.9985588192939758]|[[2833.277965760987, 0.0, 2009.7572163743287], [0.0, 2858.7736950651392, 1407.9866181636053], [0.0, 0.0, 1.0]]
107|107|5|Snook|0.455|0.3357342399129653|1.9717216491699219|1987;1378|47|[-0.031959716230630875, -0.12553761899471283, 0.0]|[0.008735720068216324, 0.0529530830681324, 0.9985588192939758]|[[2833.277965760987, 0.0, 2009.7572163743287], [0.0, 2858.7736950651392, 1407.9866181636053], [0.0, 0.0, 1.0]]
107|107|5|Snook|0.455|0.34358439164418475|2.0107364654541016|1987.3756225487446;1381.6734030435398|47|[-0.031959716230630875, -0.12553761899471283, 0.0]|[0.008735720068216324, 0.0529530830681324, 0.9985588192939758]|[[2833.277965760987, 0.0, 2009.7572163743287], [0.0, 2858.7736950651392, 1407.9866181636053], [0.0, 0.0, 1.0]]
107|107|5|Snook|0.455|0.33561590256958473|1.9866282939910889|1987.4653027387171;1379.3332244128708|47|[-0.031959716230630875, -0.12553761899471283, 0.0]|[0.008735720068216324, 0.0529530830681324, 0.9985588192939758]|[[2833.277965760987, 0.0, 2009.7572163743287], [0.0, 2858.7736950651392, 1407.9866181636053], [0.0, 0.0, 1.0]]
107|107|5|Snook|0.455|0.33731554672629677|1.9894282817840576|1988.2421167938562;1379.3914302682415|47|[-0.031959716230630875, -0.12553761899471283, 0.0]|[0.008735720068216324, 0.0529530830681324, 0.9985588192939758]|[[2833.277965760987, 0.0, 2009.7572163743287], [0.0, 2858.7736950651392, 1407.9866181636053], [0.0, 0.0, 1.0]]
107|107|5|Snook|0.455|0.3423419062725213|2.007352352142334|1987.099343745891;1381.4296290112165|47|[-0.031959716230630875, -0.12553761899471283, 0.0]|[0.008735720068216324, 0.0529530830681324, 0.9985588192939758]|[[2833.277965760987, 0.0, 2009.7572163743287], [0.0, 2858.7736950651392, 1407.9866181636053], [0.0, 0.0, 1.0]]
107|107|5|Snook|0.455|0.34452145650344007|2.029035806655884|1988.1912711717382;1383.1707060783137|47|[-0.031959716230630875, -0.12553761899471283, 0.0]|[0.008735720068216324, 0.0529530830681324, 0.9985588192939758]|[[2833.277965760987, 0.0, 2009.7572163743287], [0.0, 2858.7736950651392, 1407.9866181636053], [0.0, 0.0, 1.0]]
107|107|5|Snook|0.455|0.34238350263500705|1.996960997581482|1988.5898185628168;1380.0250159903|47|[-0.031959716230630875, -0.12553761899471283, 0.0]|[0.008735720068216324, 0.0529530830681324, 0.9985588192939758]|[[2833.277965760987, 0.0, 2009.7572163743287], [0.0, 2858.7736950651392, 1407.9866181636053], [0.0, 0.0, 1.0]]
107|107|5|Snook|0.455|0.34136093347210056|1.99686861038208|1987.9240847513709;1380.1883369101188|47|[-0.031959716230630875, -0.12553761899471283, 0.0]|[0.008735720068216324, 0.0529530830681324, 0.9985588192939758]|[[2833.277965760987, 0.0, 2009.7572163743287], [0.0, 2858.7736950651392, 1407.9866181636053], [0.0, 0.0, 1.0]]
107|107|5|Snook|0.455|0.33827997623892203|1.9738740921020508|1987.1544680419254;1378.1629409391824|47|[-0.031959716230630875, -0.12553761899471283, 0.0]|[0.008735720068216324, 0.0529530830681324, 0.9985588192939758]|[[2833.277965760987, 0.0, 2009.7572163743287], [0.0, 2858.7736950651392, 1407.9866181636053], [0.0, 0.0, 1.0]]
107|107|5|Snook|0.455|0.33643170436485337|1.9735676050186157|1987.100485531995;1378.1583869669264|47|[-0.031959716230630875, -0.12553761899471283, 0.0]|[0.008735720068216324, 0.0529530830681324, 0.9985588192939758]|[[2833.277965760987, 0.0, 2009.7572163743287], [0.0, 2858.7736950651392, 1407.9866181636053], [0.0, 0.0, 1.0]]
107|107|5|Snook|0.455|0.3399648702994607|1.9915305376052856|1986.3358103721646;1380.1276251462366|47|[-0.031959716230630875, -0.12553761899471283, 0.0]|[0.008735720068216324, 0.0529530830681324, 0.9985588192939758]|[[2833.277965760987, 0.0, 2009.7572163743287], [0.0, 2858.7736950651392, 1407.9866181636053], [0.0, 0.0, 1.0]]
107|107|5|Snook|0.455|0.33779942182214423|1.9767413139343262|1986.807173278459;1378.555152552472|47|[-0.031959716230630875, -0.12553761899471283, 0.0]|[0.008735720068216324, 0.0529530830681324, 0.9985588192939758]|[[2833.277965760987, 0.0, 2009.7572163743287], [0.0, 2858.7736950651392, 1407.9866181636053], [0.0, 0.0, 1.0]]
107|107|5|Snook|0.455|0.338314600533828|1.9910780191421509|1987.278254234093;1379.8156337807577|47|[-0.031959716230630875, -0.12553761899471283, 0.0]|[0.008735720068216324, 0.0529530830681324, 0.9985588192939758]|[[2833.277965760987, 0.0, 2009.7572163743287], [0.0, 2858.7736950651392, 1407.9866181636053], [0.0, 0.0, 1.0]]
107|107|5|Snook|0.455|0.3162435035415979|1.9966959953308105|1987.5136040779064;1380.2937757129464|47|[-0.031959716230630875, -0.12553761899471283, 0.0]|[0.008735720068216324, 0.0529530830681324, 0.9985588192939758]|[[2833.277965760987, 0.0, 2009.7572163743287], [0.0, 2858.7736950651392, 1407.9866181636053], [0.0, 0.0, 1.0]]
107|107|5|Snook|0.455|0.30930438163908186|1.9756100177764893|1986.5378346915018;1378.508731082654|47|[-0.031959716230630875, -0.12553761899471283, 0.0]|[0.008735720068216324, 0.0529530830681324, 0.9985588192939758]|[[2833.277965760987, 0.0, 2009.7572163743287], [0.0, 2858.7736950651392, 1407.9866181636053], [0.0, 0.0, 1.0]]
107|107|5|Snook|0.455|0.3212255096634815|1.9912199974060059|1987.1458986651626;1379.8685392754533|47|[-0.031959716230630875, -0.12553761899471283, 0.0]|[0.008735720068216324, 0.0529530830681324, 0.9985588192939758]|[[2833.277965760987, 0.0, 2009.7572163743287], [0.0, 2858.7736950651392, 1407.9866181636053], [0.0, 0.0, 1.0]]
107|107|5|Snook|0.455|0.31714859767426257|2.0028610229492188|1988.0726089741029;1380.7355905344034|47|[-0.031959716230630875, -0.12553761899471283, 0.0]|[0.008735720068216324, 0.0529530830681324, 0.9985588192939758]|[[2833.277965760987, 0.0, 2009.7572163743287], [0.0, 2858.7736950651392, 1407.9866181636053], [0.0, 0.0, 1.0]]
107|107|5|Snook|0.455|0.3130480846578331|2.0021371841430664|1988.3622160900197;1380.5774617528707|47|[-0.031959716230630875, -0.12553761899471283, 0.0]|[0.008735720068216324, 0.0529530830681324, 0.9985588192939758]|[[2833.277965760987, 0.0, 2009.7572163743287], [0.0, 2858.7736950651392, 1407.9866181636053], [0.0, 0.0, 1.0]]
107|107|5|Snook|0.455|0.3179505890740225|2.0341362953186035|1988.1166078593878;1383.658586777293|47|[-0.031959716230630875, -0.12553761899471283, 0.0]|[0.008735720068216324, 0.0529530830681324, 0.9985588192939758]|[[2833.277965760987, 0.0, 2009.7572163743287], [0.0, 2858.7736950651392, 1407.9866181636053], [0.0, 0.0, 1.0]]
107|107|5|Snook|0.455|0.3109420928021711|1.9866143465042114|1987.718963234846;1379.2533421038308|47|[-0.031959716230630875, -0.12553761899471283, 0.0]|[0.008735720068216324, 0.0529530830681324, 0.9985588192939758]|[[2833.277965760987, 0.0, 2009.7572163743287], [0.0, 2858.7736950651392, 1407.9866181636053], [0.0, 0.0, 1.0]]
107|107|5|Snook|0.455|0.31321407713245675|1.9814943075180054|1988.4592622566506;1378.5658281772353|47|[-0.031959716230630875, -0.12553761899471283, 0.0]|[0.008735720068216324, 0.0529530830681324, 0.9985588192939758]|[[2833.277965760987, 0.0, 2009.7572163743287], [0.0, 2858.7736950651392, 1407.9866181636053], [0.0, 0.0, 1.0]]
107|107|5|Snook|0.455|0.3058568913063395|1.9576416015625|1988.9612729799214;1376.0908453581194|47|[-0.031959716230630875, -0.12553761899471283, 0.0]|[0.008735720068216324, 0.0529530830681324, 0.9985588192939758]|[[2833.277965760987, 0.0, 2009.7572163743287], [0.0, 2858.7736950651392, 1407.9866181636053], [0.0, 0.0, 1.0]]
107|107|5|Snook|0.455|0.3091516123689693|1.9798272848129272|1987.5516848719838;1378.6397735423989|47|[-0.031959716230630875, -0.12553761899471283, 0.0]|[0.008735720068216324, 0.0529530830681324, 0.9985588192939758]|[[2833.277965760987, 0.0, 2009.7572163743287], [0.0, 2858.7736950651392, 1407.9866181636053], [0.0, 0.0, 1.0]]
107|107|5|Snook|0.455|0.3170588527916104|2.0464041233062744|1991.9020687531213;1383.8069589944241|47|[-0.031959716230630875, -0.12553761899471283, 0.0]|[0.008735720068216324, 0.0529530830681324, 0.9985588192939758]|[[2833.277965760987, 0.0, 2009.7572163743287], [0.0, 2858.7736950651392, 1407.9866181636053], [0.0, 0.0, 1.0]]
107|107|5|Snook|0.455|0.31336275762029353|1.9976521730422974|1987.6636290124104;1380.33783590669|47|[-0.031959716230630875, -0.12553761899471283, 0.0]|[0.008735720068216324, 0.0529530830681324, 0.9985588192939758]|[[2833.277965760987, 0.0, 2009.7572163743287], [0.0, 2858.7736950651392, 1407.9866181636053], [0.0, 0.0, 1.0]]
107|107|5|Snook|0.455|0.31725751257608387|2.0043106079101562|1987.743191156713;1380.9550565441973|47|[-0.031959716230630875, -0.12553761899471283, 0.0]|[0.008735720068216324, 0.0529530830681324, 0.9985588192939758]|[[2833.277965760987, 0.0, 2009.7572163743287], [0.0, 2858.7736950651392, 1407.9866181636053], [0.0, 0.0, 1.0]]
107|107|5|Snook|0.455|0.3218805315677961|2.0364906787872314|1988.5971952705966;1383.742310538184|47|[-0.031959716230630875, -0.12553761899471283, 0.0]|[0.008735720068216324, 0.0529530830681324, 0.9985588192939758]|[[2833.277965760987, 0.0, 2009.7572163743287], [0.0, 2858.7736950651392, 1407.9866181636053], [0.0, 0.0, 1.0]]
107|107|5|Snook|0.455|0.31245872676946446|1.9944545030593872|1988.0001610445045;1379.9490734435701|47|[-0.031959716230630875, -0.12553761899471283, 0.0]|[0.008735720068216324, 0.0529530830681324, 0.9985588192939758]|[[2833.277965760987, 0.0, 2009.7572163743287], [0.0, 2858.7736950651392, 1407.9866181636053], [0.0, 0.0, 1.0]]
107|107|5|Snook|0.455|0.3106289739210926|1.9665045738220215|1987.5701879976864;1377.3242533442224|47|[-0.031959716230630875, -0.12553761899471283, 0.0]|[0.008735720068216324, 0.0529530830681324, 0.9985588192939758]|[[2833.277965760987, 0.0, 2009.7572163743287], [0.0, 2858.7736950651392, 1407.9866181636053], [0.0, 0.0, 1.0]]
107|107|5|Snook|0.455|0.311878126294716|1.9934436082839966|1987.4988361859398;1379.9765021180006|47|[-0.031959716230630875, -0.12553761899471283, 0.0]|[0.008735720068216324, 0.0529530830681324, 0.9985588192939758]|[[2833.277965760987, 0.0, 2009.7572163743287], [0.0, 2858.7736950651392, 1407.9866181636053], [0.0, 0.0, 1.0]]
107|107|5|Snook|0.455|0.31050016655832086|1.971388339996338|1987.1380771976096;1377.9328369732384|47|[-0.031959716230630875, -0.12553761899471283, 0.0]|[0.008735720068216324, 0.0529530830681324, 0.9985588192939758]|[[2833.277965760987, 0.0, 2009.7572163743287], [0.0, 2858.7736950651392, 1407.9866181636053], [0.0, 0.0, 1.0]]
107|107|5|Snook|0.455|0.3093248006708722|1.9861184358596802|1987.1624633591346;1379.3628765369801|47|[-0.031959716230630875, -0.12553761899471283, 0.0]|[0.008735720068216324, 0.0529530830681324, 0.9985588192939758]|[[2833.277965760987, 0.0, 2009.7572163743287], [0.0, 2858.7736950651392, 1407.9866181636053], [0.0, 0.0, 1.0]]
59|77|1|Shark|0.605|0.6048020284061217|1.2727868556976318|1917.256004809824;1323.597690291344|25|[-0.03057379275560379, -0.099056176841259, 0.0]|[0.005684984847903252, 0.032687537372112274, 0.9994494318962097]|[[2832.6628438838216, 0.0, 1968.0272553880557], [0.0, 2855.8825480621545, 1452.810040656435], [0.0, 0.0, 1.0]]
491|490|2|Box|0.15|0.1427570332736121|0.6085947155952454|1902.987548828125;1079.7193603515625|39|[-0.030609410256147385, -0.09767806529998779, 0.0]|[0.007372189778834581, 0.03203948959708214, 0.9994593858718872]|[[2855.292793016781, 0.0, 2031.7894533541553], [0.0, 2881.0734769839373, 1447.6913944790074], [0.0, 0.0, 1.0]]
491|490|2|Box|0.15|0.14394294579545944|0.7737782001495361|1933.716796875;1178.428955078125|39|[-0.030609410256147385, -0.09767806529998779, 0.0]|[0.007372189778834581, 0.03203948959708214, 0.9994593858718872]|[[2855.292793016781, 0.0, 2031.7894533541553], [0.0, 2881.0734769839373, 1447.6913944790074], [0.0, 0.0, 1.0]]
491|490|2|Box|0.15|0.14205747517227665|0.9784478545188904|1953.9345703125;1255.826904296875|39|[-0.030609410256147385, -0.09767806529998779, 0.0]|[0.007372189778834581, 0.03203948959708214, 0.9994593858718872]|[[2855.292793016781, 0.0, 2031.7894533541553], [0.0, 2881.0734769839373, 1447.6913944790074], [0.0, 0.0, 1.0]]
491|490|2|Box|0.15|0.14246507907314707|1.299054741859436|1976.7158203125;1326.6318359375|39|[-0.030609410256147385, -0.09767806529998779, 0.0]|[0.007372189778834581, 0.03203948959708214, 0.9994593858718872]|[[2855.292793016781, 0.0, 2031.7894533541553], [0.0, 2881.0734769839373, 1447.6913944790074], [0.0, 0.0, 1.0]]
491|490|2|Box|0.15|0.14225064415972513|1.514920711517334|1986.628662109375;1357.427490234375|39|[-0.030609410256147385, -0.09767806529998779, 0.0]|[0.007372189778834581, 0.03203948959708214, 0.9994593858718872]|[[2855.292793016781, 0.0, 2031.7894533541553], [0.0, 2881.0734769839373, 1447.6913944790074], [0.0, 0.0, 1.0]]
491|490|2|Box|0.15|0.14014149989362468|1.7119221687316895|1993.1088867187498;1378.9486083984375|39|[-0.030609410256147385, -0.09767806529998779, 0.0]|[0.007372189778834581, 0.03203948959708214, 0.9994593858718872]|[[2855.292793016781, 0.0, 2031.7894533541553], [0.0, 2881.0734769839373, 1447.6913944790074], [0.0, 0.0, 1.0]]
491|490|2|Box|0.15|0.14153825956576843|1.6015928983688354|1990.288818359375;1367.279052734375|39|[-0.030609410256147385, -0.09767806529998779, 0.0]|[0.007372189778834581, 0.03203948959708214, 0.9994593858718872]|[[2855.292793016781, 0.0, 2031.7894533541553], [0.0, 2881.0734769839373, 1447.6913944790074], [0.0, 0.0, 1.0]]
491|490|2|Box|0.15|0.14077617084467475|1.7534843683242798|1993.908447265625;1383.038818359375|39|[-0.030609410256147385, -0.09767806529998779, 0.0]|[0.007372189778834581, 0.03203948959708214, 0.9994593858718872]|[[2855.292793016781, 0.0, 2031.7894533541553], [0.0, 2881.0734769839373, 1447.6913944790074], [0.0, 0.0, 1.0]]
491|490|2|Box|0.15|0.14024725250401485|1.9731485843658447|1999.5610351562502;1400.92333984375|39|[-0.030609410256147385, -0.09767806529998779, 0.0]|[0.007372189778834581, 0.03203948959708214, 0.9994593858718872]|[[2855.292793016781, 0.0, 2031.7894533541553], [0.0, 2881.0734769839373, 1447.6913944790074], [0.0, 0.0, 1.0]]
491|490|2|Box|0.15|0.13532911613583565|2.248173236846924|2004.388671875;1418.77001953125|39|[-0.030609410256147385, -0.09767806529998779, 0.0]|[0.007372189778834581, 0.03203948959708214, 0.9994593858718872]|[[2855.292793016781, 0.0, 2031.7894533541553], [0.0, 2881.0734769839373, 1447.6913944790074], [0.0, 0.0, 1.0]]
491|490|2|Box|0.15|0.1343602331152639|2.5079126358032227|2009.366943359375;1431.3438720703125|39|[-0.030609410256147385, -0.09767806529998779, 0.0]|[0.007372189778834581, 0.03203948959708214, 0.9994593858718872]|[[2855.292793016781, 0.0, 2031.7894533541553], [0.0, 2881.0734769839373, 1447.6913944790074], [0.0, 0.0, 1.0]]
491|490|2|Box|0.15|0.1346391934197132|2.6650633811950684|2009.9295654296877;1438.8067626953127|39|[-0.030609410256147385, -0.09767806529998779, 0.0]|[0.007372189778834581, 0.03203948959708214, 0.9994593858718872]|[[2855.292793016781, 0.0, 2031.7894533541553], [0.0, 2881.0734769839373, 1447.6913944790074], [0.0, 0.0, 1.0]]
491|490|2|Box|0.15|0.13206805729526558|2.83612322807312|2012.4169921875;1444.989501953125|39|[-0.030609410256147385, -0.09767806529998779, 0.0]|[0.007372189778834581, 0.03203948959708214, 0.9994593858718872]|[[2855.292793016781, 0.0, 2031.7894533541553], [0.0, 2881.0734769839373, 1447.6913944790074], [0.0, 0.0, 1.0]]
491|490|2|Box|0.15|0.13390230062219086|2.28845477104187|2005.380859375;1420.8253173828125|39|[-0.030609410256147385, -0.09767806529998779, 0.0]|[0.007372189778834581, 0.03203948959708214, 0.9994593858718872]|[[2855.292793016781, 0.0, 2031.7894533541553], [0.0, 2881.0734769839373, 1447.6913944790074], [0.0, 0.0, 1.0]]
491|490|2|Box|0.15|0.13679407649149047|2.1390140056610107|2002.9188232421875;1412.0849609375|39|[-0.030609410256147385, -0.09767806529998779, 0.0]|[0.007372189778834581, 0.03203948959708214, 0.9994593858718872]|[[2855.292793016781, 0.0, 2031.7894533541553], [0.0, 2881.0734769839373, 1447.6913944790074], [0.0, 0.0, 1.0]]
491|490|2|Box|0.15|0.13893904528160084|1.9893739223480225|1999.6339111328125;1402.2294921875|39|[-0.030609410256147385, -0.09767806529998779, 0.0]|[0.007372189778834581, 0.03203948959708214, 0.9994593858718872]|[[2855.292793016781, 0.0, 2031.7894533541553], [0.0, 2881.0734769839373, 1447.6913944790074], [0.0, 0.0, 1.0]]
491|490|2|Box|0.15|0.13884262848026582|1.8801389932632446|1998.2930908203125;1393.4227294921875|39|[-0.030609410256147385, -0.09767806529998779, 0.0]|[0.007372189778834581, 0.03203948959708214, 0.9994593858718872]|[[2855.292793016781, 0.0, 2031.7894533541553], [0.0, 2881.0734769839373, 1447.6913944790074], [0.0, 0.0, 1.0]]
491|490|2|Box|0.15|0.14061841972792571|1.7103385925292969|1993.1427001953125;1378.760498046875|39|[-0.030609410256147385, -0.09767806529998779, 0.0]|[0.007372189778834581, 0.03203948959708214, 0.9994593858718872]|[[2855.292793016781, 0.0, 2031.7894533541553], [0.0, 2881.0734769839373, 1447.6913944790074], [0.0, 0.0, 1.0]]
491|490|2|Box|0.15|0.1415436976524348|1.6037817001342773|1990.23291015625;1367.579833984375|39|[-0.030609410256147385, -0.09767806529998779, 0.0]|[0.007372189778834581, 0.03203948959708214, 0.9994593858718872]|[[2855.292793016781, 0.0, 2031.7894533541553], [0.0, 2881.0734769839373, 1447.6913944790074], [0.0, 0.0, 1.0]]
491|490|2|Box|0.15|0.14140904832502132|1.4563815593719482|1983.5579833984373;1350.2626953125|39|[-0.030609410256147385, -0.09767806529998779, 0.0]|[0.007372189778834581, 0.03203948959708214, 0.9994593858718872]|[[2855.292793016781, 0.0, 2031.7894533541553], [0.0, 2881.0734769839373, 1447.6913944790074], [0.0, 0.0, 1.0]]
491|490|2|Box|0.15|0.1420167435350102|1.3347845077514648|1977.051025390625;1333.0675048828125|39|[-0.030609410256147385, -0.09767806529998779, 0.0]|[0.007372189778834581, 0.03203948959708214, 0.9994593858718872]|[[2855.292793016781, 0.0, 2031.7894533541553], [0.0, 2881.0734769839373, 1447.6913944790074], [0.0, 0.0, 1.0]]
491|490|2|Box|0.15|0.14214198533955946|1.1961675882339478|1972.2099609375;1307.4475097656248|39|[-0.030609410256147385, -0.09767806529998779, 0.0]|[0.007372189778834581, 0.03203948959708214, 0.9994593858718872]|[[2855.292793016781, 0.0, 2031.7894533541553], [0.0, 2881.0734769839373, 1447.6913944790074], [0.0, 0.0, 1.0]]
491|490|2|Box|0.15|0.14342850811039318|1.0715994834899902|1963.4420166015625;1280.1877441406252|39|[-0.030609410256147385, -0.09767806529998779, 0.0]|[0.007372189778834581, 0.03203948959708214, 0.9994593858718872]|[[2855.292793016781, 0.0, 2031.7894533541553], [0.0, 2881.0734769839373, 1447.6913944790074], [0.0, 0.0, 1.0]]
491|490|2|Box|0.15|0.14089797681209332|0.9034609794616699|1949.6748046875;1230.7457275390625|39|[-0.030609410256147385, -0.09767806529998779, 0.0]|[0.007372189778834581, 0.03203948959708214, 0.9994593858718872]|[[2855.292793016781, 0.0, 2031.7894533541553], [0.0, 2881.0734769839373, 1447.6913944790074], [0.0, 0.0, 1.0]]
491|490|2|Box|0.15|0.14318724305827574|0.7665274143218994|1932.3363037109375;1175.1007080078125|39|[-0.030609410256147385, -0.09767806529998779, 0.0]|[0.007372189778834581, 0.03203948959708214, 0.9994593858718872]|[[2855.292793016781, 0.0, 2031.7894533541553], [0.0, 2881.0734769839373, 1447.6913944790074], [0.0, 0.0, 1.0]]
491|490|2|Box|0.15|0.14368636722222256|0.6352723240852356|1909.2030029296875;1099.073486328125|39|[-0.030609410256147385, -0.09767806529998779, 0.0]|[0.007372189778834581, 0.03203948959708214, 0.9994593858718872]|[[2855.292793016781, 0.0, 2031.7894533541553], [0.0, 2881.0734769839373, 1447.6913944790074], [0.0, 0.0, 1.0]]
491|490|2|Box|0.15|0.14227420288522427|0.35090315341949463|1804.9100111475532;737.7113071657577|39|[-0.030609410256147385, -0.09767806529998779, 0.0]|[0.007372189778834581, 0.03203948959708214, 0.9994593858718872]|[[2855.292793016781, 0.0, 2031.7894533541553], [0.0, 2881.0734769839373, 1447.6913944790074], [0.0, 0.0, 1.0]]
491|490|2|Box|0.15|0.13917465263653928|0.3191825747489929|1780.6406162777714;657.8599977671096|39|[-0.030609410256147385, -0.09767806529998779, 0.0]|[0.007372189778834581, 0.03203948959708214, 0.9994593858718872]|[[2855.292793016781, 0.0, 2031.7894533541553], [0.0, 2881.0734769839373, 1447.6913944790074], [0.0, 0.0, 1.0]]
494|493|3|Box|0.15|0.14005917880776672|1.0424699783325195|1965.14599609375;1250.20556640625|41|[-0.03125511854887009, -0.10032379627227783, 0.0]|[0.007222025655210018, 0.01168202143162489, 0.9999056458473206]|[[2832.88718694667, 0.0, 2027.3101376941806], [0.0, 2857.5529688242154, 1492.5272084030742], [0.0, 0.0, 1.0]]
494|493|3|Box|0.15|0.13748378573908962|1.173227071762085|1975.457763671875;1280.6041259765625|41|[-0.03125511854887009, -0.10032379627227783, 0.0]|[0.007222025655210018, 0.01168202143162489, 0.9999056458473206]|[[2832.88718694667, 0.0, 2027.3101376941806], [0.0, 2857.5529688242154, 1492.5272084030742], [0.0, 0.0, 1.0]]
494|493|3|Box|0.15|0.13798913066837717|1.34085214138031|1984.109619140625;1311.39501953125|41|[-0.03125511854887009, -0.10032379627227783, 0.0]|[0.007222025655210018, 0.01168202143162489, 0.9999056458473206]|[[2832.88718694667, 0.0, 2027.3101376941806], [0.0, 2857.5529688242154, 1492.5272084030742], [0.0, 0.0, 1.0]]
494|493|3|Box|0.15|0.13655320869095525|1.496851921081543|1991.740234375;1333.4654541015625|41|[-0.03125511854887009, -0.10032379627227783, 0.0]|[0.007222025655210018, 0.01168202143162489, 0.9999056458473206]|[[2832.88718694667, 0.0, 2027.3101376941806], [0.0, 2857.5529688242154, 1492.5272084030742], [0.0, 0.0, 1.0]]
494|493|3|Box|0.15|0.13518389618471308|1.7075432538986206|1999.4508056640623;1356.99072265625|41|[-0.03125511854887009, -0.10032379627227783, 0.0]|[0.007222025655210018, 0.01168202143162489, 0.9999056458473206]|[[2832.88718694667, 0.0, 2027.3101376941806], [0.0, 2857.5529688242154, 1492.5272084030742], [0.0, 0.0, 1.0]]
494|493|3|Box|0.15|0.1337673786887042|1.7534998655319214|2001.3096923828125;1361.261962890625|41|[-0.03125511854887009, -0.10032379627227783, 0.0]|[0.007222025655210018, 0.01168202143162489, 0.9999056458473206]|[[2832.88718694667, 0.0, 2027.3101376941806], [0.0, 2857.5529688242154, 1492.5272084030742], [0.0, 0.0, 1.0]]
494|493|3|Box|0.15|0.13092074774075058|1.943116545677185|2005.7369384765625;1377.3670654296875|41|[-0.03125511854887009, -0.10032379627227783, 0.0]|[0.007222025655210018, 0.01168202143162489, 0.9999056458473206]|[[2832.88718694667, 0.0, 2027.3101376941806], [0.0, 2857.5529688242154, 1492.5272084030742], [0.0, 0.0, 1.0]]
494|493|3|Box|0.15|0.12662947208521955|2.174199342727661|2011.8609619140625;1392.7279052734375|41|[-0.03125511854887009, -0.10032379627227783, 0.0]|[0.007222025655210018, 0.01168202143162489, 0.9999056458473206]|[[2832.88718694667, 0.0, 2027.3101376941806], [0.0, 2857.5529688242154, 1492.5272084030742], [0.0, 0.0, 1.0]]
494|493|3|Box|0.15|0.1273331711541091|2.4481513500213623|2015.8999023437502;1407.634521484375|41|[-0.03125511854887009, -0.10032379627227783, 0.0]|[0.007222025655210018, 0.01168202143162489, 0.9999056458473206]|[[2832.88718694667, 0.0, 2027.3101376941806], [0.0, 2857.5529688242154, 1492.5272084030742], [0.0, 0.0, 1.0]]
494|493|3|Box|0.15|0.12568184382268188|2.6290745735168457|2018.0854492187502;1415.775146484375|41|[-0.03125511854887009, -0.10032379627227783, 0.0]|[0.007222025655210018, 0.01168202143162489, 0.9999056458473206]|[[2832.88718694667, 0.0, 2027.3101376941806], [0.0, 2857.5529688242154, 1492.5272084030742], [0.0, 0.0, 1.0]]
494|493|3|Box|0.15|0.12523514246628073|2.86110782623291|2020.770263671875;1424.6453857421875|41|[-0.03125511854887009, -0.10032379627227783, 0.0]|[0.007222025655210018, 0.01168202143162489, 0.9999056458473206]|[[2832.88718694667, 0.0, 2027.3101376941806], [0.0, 2857.5529688242154, 1492.5272084030742], [0.0, 0.0, 1.0]]
494|493|3|Box|0.15|0.12389264346701627|2.8579108715057373|2020.2991943359375;1424.63427734375|41|[-0.03125511854887009, -0.10032379627227783, 0.0]|[0.007222025655210018, 0.01168202143162489, 0.9999056458473206]|[[2832.88718694667, 0.0, 2027.3101376941806], [0.0, 2857.5529688242154, 1492.5272084030742], [0.0, 0.0, 1.0]]
494|493|3|Box|0.15|0.12190151544125798|2.956873655319214|2020.947021484375;1428.0809326171873|41|[-0.03125511854887009, -0.10032379627227783, 0.0]|[0.007222025655210018, 0.01168202143162489, 0.9999056458473206]|[[2832.88718694667, 0.0, 2027.3101376941806], [0.0, 2857.5529688242154, 1492.5272084030742], [0.0, 0.0, 1.0]]
494|493|3|Box|0.15|0.11725309628079711|3.0002944469451904|2021.9261474609375;1429.3702392578125|41|[-0.03125511854887009, -0.10032379627227783, 0.0]|[0.007222025655210018, 0.01168202143162489, 0.9999056458473206]|[[2832.88718694667, 0.0, 2027.3101376941806], [0.0, 2857.5529688242154, 1492.5272084030742], [0.0, 0.0, 1.0]]
494|493|3|Box|0.15|0.11991476837306206|3.2925219535827637|2023.488793734764;1438.0957273285148|41|[-0.03125511854887009, -0.10032379627227783, 0.0]|[0.007222025655210018, 0.01168202143162489, 0.9999056458473206]|[[2832.88718694667, 0.0, 2027.3101376941806], [0.0, 2857.5529688242154, 1492.5272084030742], [0.0, 0.0, 1.0]]
494|493|3|Box|0.15|0.12121424213225636|3.449392318725586|2025.8239746093748;1441.8070068359375|41|[-0.03125511854887009, -0.10032379627227783, 0.0]|[0.007222025655210018, 0.01168202143162489, 0.9999056458473206]|[[2832.88718694667, 0.0, 2027.3101376941806], [0.0, 2857.5529688242154, 1492.5272084030742], [0.0, 0.0, 1.0]]
494|493|3|Box|0.15|0.11371126218313932|3.3574798107147217|2026.1481933593748;1439.3138427734373|41|[-0.03125511854887009, -0.10032379627227783, 0.0]|[0.007222025655210018, 0.01168202143162489, 0.9999056458473206]|[[2832.88718694667, 0.0, 2027.3101376941806], [0.0, 2857.5529688242154, 1492.5272084030742], [0.0, 0.0, 1.0]]
494|493|3|Box|0.15|0.12314832004836139|3.007819652557373|2021.5758056640625;1429.7088623046875|41|[-0.03125511854887009, -0.10032379627227783, 0.0]|[0.007222025655210018, 0.01168202143162489, 0.9999056458473206]|[[2832.88718694667, 0.0, 2027.3101376941806], [0.0, 2857.5529688242154, 1492.5272084030742], [0.0, 0.0, 1.0]]
494|493|3|Box|0.15|0.12328093978781078|2.9329919815063477|2020.6159667968748;1427.3277587890625|41|[-0.03125511854887009, -0.10032379627227783, 0.0]|[0.007222025655210018, 0.01168202143162489, 0.9999056458473206]|[[2832.88718694667, 0.0, 2027.3101376941806], [0.0, 2857.5529688242154, 1492.5272084030742], [0.0, 0.0, 1.0]]
494|493|3|Box|0.15|0.12329869536300603|2.852966547012329|2021.01025390625;1424.2999267578125|41|[-0.03125511854887009, -0.10032379627227783, 0.0]|[0.007222025655210018, 0.01168202143162489, 0.9999056458473206]|[[2832.88718694667, 0.0, 2027.3101376941806], [0.0, 2857.5529688242154, 1492.5272084030742], [0.0, 0.0, 1.0]]
494|493|3|Box|0.15|0.12295602001456174|2.777401924133301|2020.7513427734375;1421.4149169921877|41|[-0.03125511854887009, -0.10032379627227783, 0.0]|[0.007222025655210018, 0.01168202143162489, 0.9999056458473206]|[[2832.88718694667, 0.0, 2027.3101376941806], [0.0, 2857.5529688242154, 1492.5272084030742], [0.0, 0.0, 1.0]]
494|493|3|Box|0.15|0.12644963353575261|2.745870351791382|2020.0115966796877;1420.29638671875|41|[-0.03125511854887009, -0.10032379627227783, 0.0]|[0.007222025655210018, 0.01168202143162489, 0.9999056458473206]|[[2832.88718694667, 0.0, 2027.3101376941806], [0.0, 2857.5529688242154, 1492.5272084030742], [0.0, 0.0, 1.0]]
494|493|3|Box|0.15|0.1246476789923205|2.603426456451416|2017.2344970703125;1414.8255615234375|41|[-0.03125511854887009, -0.10032379627227783, 0.0]|[0.007222025655210018, 0.01168202143162489, 0.9999056458473206]|[[2832.88718694667, 0.0, 2027.3101376941806], [0.0, 2857.5529688242154, 1492.5272084030742], [0.0, 0.0, 1.0]]
494|493|3|Box|0.15|0.12875048161476751|2.4322218894958496|2014.9161376953125;1407.0279541015625|41|[-0.03125511854887009, -0.10032379627227783, 0.0]|[0.007222025655210018, 0.01168202143162489, 0.9999056458473206]|[[2832.88718694667, 0.0, 2027.3101376941806], [0.0, 2857.5529688242154, 1492.5272084030742], [0.0, 0.0, 1.0]]
494|493|3|Box|0.15|0.12871522044942424|2.311340570449829|2013.4686279296875;1400.7529296875|41|[-0.03125511854887009, -0.10032379627227783, 0.0]|[0.007222025655210018, 0.01168202143162489, 0.9999056458473206]|[[2832.88718694667, 0.0, 2027.3101376941806], [0.0, 2857.5529688242154, 1492.5272084030742], [0.0, 0.0, 1.0]]
494|493|3|Box|0.15|0.1299867968969548|2.213176965713501|2012.0089111328123;1395.1947021484373|41|[-0.03125511854887009, -0.10032379627227783, 0.0]|[0.007222025655210018, 0.01168202143162489, 0.9999056458473206]|[[2832.88718694667, 0.0, 2027.3101376941806], [0.0, 2857.5529688242154, 1492.5272084030742], [0.0, 0.0, 1.0]]
494|493|3|Box|0.15|0.1308023320998519|2.054619789123535|2008.5963134765625;1385.2716064453125|41|[-0.03125511854887009, -0.10032379627227783, 0.0]|[0.007222025655210018, 0.01168202143162489, 0.9999056458473206]|[[2832.88718694667, 0.0, 2027.3101376941806], [0.0, 2857.5529688242154, 1492.5272084030742], [0.0, 0.0, 1.0]]
494|493|3|Box|0.15|0.13328484832053655|1.9982128143310547|2006.9697265625;1381.43212890625|41|[-0.03125511854887009, -0.10032379627227783, 0.0]|[0.007222025655210018, 0.01168202143162489, 0.9999056458473206]|[[2832.88718694667, 0.0, 2027.3101376941806], [0.0, 2857.5529688242154, 1492.5272084030742], [0.0, 0.0, 1.0]]
494|493|3|Box|0.15|0.1367516474309475|1.5491312742233276|1994.065185546875;1339.8424072265625|41|[-0.03125511854887009, -0.10032379627227783, 0.0]|[0.007222025655210018, 0.01168202143162489, 0.9999056458473206]|[[2832.88718694667, 0.0, 2027.3101376941806], [0.0, 2857.5529688242154, 1492.5272084030742], [0.0, 0.0, 1.0]]
494|493|3|Box|0.15|0.13576238502172883|1.8217575550079346|2002.66552734375;1367.5281982421875|41|[-0.03125511854887009, -0.10032379627227783, 0.0]|[0.007222025655210018, 0.01168202143162489, 0.9999056458473206]|[[2832.88718694667, 0.0, 2027.3101376941806], [0.0, 2857.5529688242154, 1492.5272084030742], [0.0, 0.0, 1.0]]
494|493|3|Box|0.15|0.13237215450214804|1.97184157371521|2005.8527832031248;1379.6585693359375|41|[-0.03125511854887009, -0.10032379627227783, 0.0]|[0.007222025655210018, 0.01168202143162489, 0.9999056458473206]|[[2832.88718694667, 0.0, 2027.3101376941806], [0.0, 2857.5529688242154, 1492.5272084030742], [0.0, 0.0, 1.0]]
494|493|3|Box|0.15|0.13464243924879432|1.7328797578811646|1999.6138916015625;1359.614990234375|41|[-0.03125511854887009, -0.10032379627227783, 0.0]|[0.007222025655210018, 0.01168202143162489, 0.9999056458473206]|[[2832.88718694667, 0.0, 2027.3101376941806], [0.0, 2857.5529688242154, 1492.5272084030742], [0.0, 0.0, 1.0]]
494|493|3|Box|0.15|0.13514444453140284|1.5084525346755981|1991.8482666015625;1335.0311279296875|41|[-0.03125511854887009, -0.10032379627227783, 0.0]|[0.007222025655210018, 0.01168202143162489, 0.9999056458473206]|[[2832.88718694667, 0.0, 2027.3101376941806], [0.0, 2857.5529688242154, 1492.5272084030742], [0.0, 0.0, 1.0]]
494|493|3|Box|0.15|0.13795346747015572|1.338230848312378|1984.3818359375;1310.8616943359375|41|[-0.03125511854887009, -0.10032379627227783, 0.0]|[0.007222025655210018, 0.01168202143162489, 0.9999056458473206]|[[2832.88718694667, 0.0, 2027.3101376941806], [0.0, 2857.5529688242154, 1492.5272084030742], [0.0, 0.0, 1.0]]
494|493|3|Box|0.15|0.13973331205134237|1.1371461153030396|1972.7220458984375;1272.958740234375|41|[-0.03125511854887009, -0.10032379627227783, 0.0]|[0.007222025655210018, 0.01168202143162489, 0.9999056458473206]|[[2832.88718694667, 0.0, 2027.3101376941806], [0.0, 2857.5529688242154, 1492.5272084030742], [0.0, 0.0, 1.0]]
494|493|3|Box|0.15|0.13857825214171726|0.8994250297546387|1951.3192138671875;1206.564453125|41|[-0.03125511854887009, -0.10032379627227783, 0.0]|[0.007222025655210018, 0.01168202143162489, 0.9999056458473206]|[[2832.88718694667, 0.0, 2027.3101376941806], [0.0, 2857.5529688242154, 1492.5272084030742], [0.0, 0.0, 1.0]]
494|493|3|Box|0.15|0.14231887578381888|0.5993201732635498|1902.793212890625;1046.7193603515625|41|[-0.03125511854887009, -0.10032379627227783, 0.0]|[0.007222025655210018, 0.01168202143162489, 0.9999056458473206]|[[2832.88718694667, 0.0, 2027.3101376941806], [0.0, 2857.5529688242154, 1492.5272084030742], [0.0, 0.0, 1.0]]
494|493|3|Box|0.15|0.14267784675946146|0.552158534526825|1888.7327880859375;1006.3012695312501|41|[-0.03125511854887009, -0.10032379627227783, 0.0]|[0.007222025655210018, 0.01168202143162489, 0.9999056458473206]|[[2832.88718694667, 0.0, 2027.3101376941806], [0.0, 2857.5529688242154, 1492.5272084030742], [0.0, 0.0, 1.0]]
494|493|3|Box|0.15|0.14586228791229694|0.4247506260871887|1840.8446044921875;850.4951782226562|41|[-0.03125511854887009, -0.10032379627227783, 0.0]|[0.007222025655210018, 0.01168202143162489, 0.9999056458473206]|[[2832.88718694667, 0.0, 2027.3101376941806], [0.0, 2857.5529688242154, 1492.5272084030742], [0.0, 0.0, 1.0]]
494|493|3|Box|0.15|0.14607855822769694|0.28252309560775757|1735.320607289111;510.899951885049|41|[-0.03125511854887009, -0.10032379627227783, 0.0]|[0.007222025655210018, 0.01168202143162489, 0.9999056458473206]|[[2832.88718694667, 0.0, 2027.3101376941806], [0.0, 2857.5529688242154, 1492.5272084030742], [0.0, 0.0, 1.0]]
494|493|3|Box|0.15|0.1440303638895938|0.308076411485672|1761.2208566479503;595.0935956364258|41|[-0.03125511854887009, -0.10032379627227783, 0.0]|[0.007222025655210018, 0.01168202143162489, 0.9999056458473206]|[[2832.88718694667, 0.0, 2027.3101376941806], [0.0, 2857.5529688242154, 1492.5272084030742], [0.0, 0.0, 1.0]]
497|496|4|Box|0.15|0.14891291261712275|0.5157119631767273|1791.996826171875;959.3463134765625|42|[-0.02986718714237213, -0.09922340512275696, 0.0]|[-0.011553485877811909, 0.02216128632426262, 0.9996876120567322]|[[2827.300073606339, 0.0, 1993.2574097262354], [0.0, 2852.2438974589363, 1443.3722632010733], [0.0, 0.0, 1.0]]
497|496|4|Box|0.15|0.14965740666052513|0.6348631381988525|1823.015625;1062.2603759765625|42|[-0.02986718714237213, -0.09922340512275696, 0.0]|[-0.011553485877811909, 0.02216128632426262, 0.9996876120567322]|[[2827.300073606339, 0.0, 1993.2574097262354], [0.0, 2852.2438974589363, 1443.3722632010733], [0.0, 0.0, 1.0]]
497|496|4|Box|0.15|0.14786141994375673|0.8058646321296692|1853.1054687500002;1156.250244140625|42|[-0.02986718714237213, -0.09922340512275696, 0.0]|[-0.011553485877811909, 0.02216128632426262, 0.9996876120567322]|[[2827.300073606339, 0.0, 1993.2574097262354], [0.0, 2852.2438974589363, 1443.3722632010733], [0.0, 0.0, 1.0]]
497|496|4|Box|0.15|0.14874431496647503|1.0166288614273071|1875.358642578125;1228.89404296875|42|[-0.02986718714237213, -0.09922340512275696, 0.0]|[-0.011553485877811909, 0.02216128632426262, 0.9996876120567322]|[[2827.300073606339, 0.0, 1993.2574097262354], [0.0, 2852.2438974589363, 1443.3722632010733], [0.0, 0.0, 1.0]]
497|496|4|Box|0.15|0.14926049638375027|1.2359083890914917|1890.1302490234377;1278.2850341796873|42|[-0.02986718714237213, -0.09922340512275696, 0.0]|[-0.011553485877811909, 0.02216128632426262, 0.9996876120567322]|[[2827.300073606339, 0.0, 1993.2574097262354], [0.0, 2852.2438974589363, 1443.3722632010733], [0.0, 0.0, 1.0]]
497|496|4|Box|0.15|0.15064054794220766|1.4275609254837036|1900.025146484375;1308.7882080078127|42|[-0.02986718714237213, -0.09922340512275696, 0.0]|[-0.011553485877811909, 0.02216128632426262, 0.9996876120567322]|[[2827.300073606339, 0.0, 1993.2574097262354], [0.0, 2852.2438974589363, 1443.3722632010733], [0.0, 0.0, 1.0]]
497|496|4|Box|0.15|0.14684571407265673|1.6000332832336426|1906.7523193359375;1330.0452880859375|42|[-0.02986718714237213, -0.09922340512275696, 0.0]|[-0.011553485877811909, 0.02216128632426262, 0.9996876120567322]|[[2827.300073606339, 0.0, 1993.2574097262354], [0.0, 2852.2438974589363, 1443.3722632010733], [0.0, 0.0, 1.0]]
497|496|4|Box|0.15|0.14273666658098966|1.8327218294143677|1913.048583984375;1352.6385498046875|42|[-0.02986718714237213, -0.09922340512275696, 0.0]|[-0.011553485877811909, 0.02216128632426262, 0.9996876120567322]|[[2827.300073606339, 0.0, 1993.2574097262354], [0.0, 2852.2438974589363, 1443.3722632010733], [0.0, 0.0, 1.0]]
497|496|4|Box|0.15|0.14233149542088358|2.0734260082244873|1917.9259033203125;1370.7164306640625|42|[-0.02986718714237213, -0.09922340512275696, 0.0]|[-0.011553485877811909, 0.02216128632426262, 0.9996876120567322]|[[2827.300073606339, 0.0, 1993.2574097262354], [0.0, 2852.2438974589363, 1443.3722632010733], [0.0, 0.0, 1.0]]
497|496|4|Box|0.15|0.142494145121103|2.3007991313934326|1922.1201171875;1384.146240234375|42|[-0.02986718714237213, -0.09922340512275696, 0.0]|[-0.011553485877811909, 0.02216128632426262, 0.9996876120567322]|[[2827.300073606339, 0.0, 1993.2574097262354], [0.0, 2852.2438974589363, 1443.3722632010733], [0.0, 0.0, 1.0]]
497|496|4|Box|0.15|0.14410286330315966|2.59555983543396|1925.1839599609377;1398.5247802734375|42|[-0.02986718714237213, -0.09922340512275696, 0.0]|[-0.011553485877811909, 0.02216128632426262, 0.9996876120567322]|[[2827.300073606339, 0.0, 1993.2574097262354], [0.0, 2852.2438974589363, 1443.3722632010733], [0.0, 0.0, 1.0]]
497|496|4|Box|0.15|0.14559458568692207|2.845799207687378|1929.1564941406252;1407.7091064453125|42|[-0.02986718714237213, -0.09922340512275696, 0.0]|[-0.011553485877811909, 0.02216128632426262, 0.9996876120567322]|[[2827.300073606339, 0.0, 1993.2574097262354], [0.0, 2852.2438974589363, 1443.3722632010733], [0.0, 0.0, 1.0]]
497|496|4|Box|0.15|0.14639870339898195|3.2132110595703125|1932.4132080078125;1419.152587890625|42|[-0.02986718714237213, -0.09922340512275696, 0.0]|[-0.011553485877811909, 0.02216128632426262, 0.9996876120567322]|[[2827.300073606339, 0.0, 1993.2574097262354], [0.0, 2852.2438974589363, 1443.3722632010733], [0.0, 0.0, 1.0]]
497|496|4|Box|0.15|0.1503940013424095|3.495408058166504|1934.3389892578125;1426.338134765625|42|[-0.02986718714237213, -0.09922340512275696, 0.0]|[-0.011553485877811909, 0.02216128632426262, 0.9996876120567322]|[[2827.300073606339, 0.0, 1993.2574097262354], [0.0, 2852.2438974589363, 1443.3722632010733], [0.0, 0.0, 1.0]]
497|496|4|Box|0.15|0.14653242497747124|3.6980223655700684|1936.3544921875;1430.5072021484375|42|[-0.02986718714237213, -0.09922340512275696, 0.0]|[-0.011553485877811909, 0.02216128632426262, 0.9996876120567322]|[[2827.300073606339, 0.0, 1993.2574097262354], [0.0, 2852.2438974589363, 1443.3722632010733], [0.0, 0.0, 1.0]]
497|496|4|Box|0.15|0.1478530910697005|3.6691715717315674|1935.2952880859375;1430.2332763671875|42|[-0.02986718714237213, -0.09922340512275696, 0.0]|[-0.011553485877811909, 0.02216128632426262, 0.9996876120567322]|[[2827.300073606339, 0.0, 1993.2574097262354], [0.0, 2852.2438974589363, 1443.3722632010733], [0.0, 0.0, 1.0]]
497|496|4|Box|0.15|0.14717640062494206|3.8904569149017334|1937.06201171875;1434.4569091796875|42|[-0.02986718714237213, -0.09922340512275696, 0.0]|[-0.011553485877811909, 0.02216128632426262, 0.9996876120567322]|[[2827.300073606339, 0.0, 1993.2574097262354], [0.0, 2852.2438974589363, 1443.3722632010733], [0.0, 0.0, 1.0]]
497|496|4|Box|0.15|0.148011820209945|4.099279403686523|1937.9315185546875;1438.232421875|42|[-0.02986718714237213, -0.09922340512275696, 0.0]|[-0.011553485877811909, 0.02216128632426262, 0.9996876120567322]|[[2827.300073606339, 0.0, 1993.2574097262354], [0.0, 2852.2438974589363, 1443.3722632010733], [0.0, 0.0, 1.0]]
497|496|4|Box|0.15|0.1459928918198213|4.300412178039551|1938.7962646484375;1441.51220703125|42|[-0.02986718714237213, -0.09922340512275696, 0.0]|[-0.011553485877811909, 0.02216128632426262, 0.9996876120567322]|[[2827.300073606339, 0.0, 1993.2574097262354], [0.0, 2852.2438974589363, 1443.3722632010733], [0.0, 0.0, 1.0]]
497|496|4|Box|0.15|0.15068052210185343|3.904606819152832|1936.997314453125;1434.77734375|42|[-0.02986718714237213, -0.09922340512275696, 0.0]|[-0.011553485877811909, 0.02216128632426262, 0.9996876120567322]|[[2827.300073606339, 0.0, 1993.2574097262354], [0.0, 2852.2438974589363, 1443.3722632010733], [0.0, 0.0, 1.0]]
497|496|4|Box|0.15|0.14957611955421082|3.7530055046081543|1936.1038818359375;1431.8460693359375|42|[-0.02986718714237213, -0.09922340512275696, 0.0]|[-0.011553485877811909, 0.02216128632426262, 0.9996876120567322]|[[2827.300073606339, 0.0, 1993.2574097262354], [0.0, 2852.2438974589363, 1443.3722632010733], [0.0, 0.0, 1.0]]
497|496|4|Box|0.15|0.14868584719052014|3.606365919113159|1935.8029785156252;1428.561767578125|42|[-0.02986718714237213, -0.09922340512275696, 0.0]|[-0.011553485877811909, 0.02216128632426262, 0.9996876120567322]|[[2827.300073606339, 0.0, 1993.2574097262354], [0.0, 2852.2438974589363, 1443.3722632010733], [0.0, 0.0, 1.0]]
497|496|4|Box|0.15|0.14839544371834715|3.405987501144409|1933.2912597656248;1424.3385009765625|42|[-0.02986718714237213, -0.09922340512275696, 0.0]|[-0.011553485877811909, 0.02216128632426262, 0.9996876120567322]|[[2827.300073606339, 0.0, 1993.2574097262354], [0.0, 2852.2438974589363, 1443.3722632010733], [0.0, 0.0, 1.0]]
497|496|4|Box|0.15|0.1467887756310617|3.1698203086853027|1931.0718994140625;1418.3101806640625|42|[-0.02986718714237213, -0.09922340512275696, 0.0]|[-0.011553485877811909, 0.02216128632426262, 0.9996876120567322]|[[2827.300073606339, 0.0, 1993.2574097262354], [0.0, 2852.2438974589363, 1443.3722632010733], [0.0, 0.0, 1.0]]
497|496|4|Box|0.15|0.14429765692996774|2.9472858905792236|1930.2941894531252;1411.10888671875|42|[-0.02986718714237213, -0.09922340512275696, 0.0]|[-0.011553485877811909, 0.02216128632426262, 0.9996876120567322]|[[2827.300073606339, 0.0, 1993.2574097262354], [0.0, 2852.2438974589363, 1443.3722632010733], [0.0, 0.0, 1.0]]
497|496|4|Box|0.15|0.15171239921095409|2.9698169231414795|1930.5028076171875;1411.835205078125|42|[-0.02986718714237213, -0.09922340512275696, 0.0]|[-0.011553485877811909, 0.02216128632426262, 0.9996876120567322]|[[2827.300073606339, 0.0, 1993.2574097262354], [0.0, 2852.2438974589363, 1443.3722632010733], [0.0, 0.0, 1.0]]
497|496|4|Box|0.15|0.14909445144720168|2.766655683517456|1929.486328125;1404.4862060546875|42|[-0.02986718714237213, -0.09922340512275696, 0.0]|[-0.011553485877811909, 0.02216128632426262, 0.9996876120567322]|[[2827.300073606339, 0.0, 1993.2574097262354], [0.0, 2852.2438974589363, 1443.3722632010733], [0.0, 0.0, 1.0]]
497|496|4|Box|0.15|0.14995700762656264|2.5972180366516113|1926.6812744140625;1398.0673828125|42|[-0.02986718714237213, -0.09922340512275696, 0.0]|[-0.011553485877811909, 0.02216128632426262, 0.9996876120567322]|[[2827.300073606339, 0.0, 1993.2574097262354], [0.0, 2852.2438974589363, 1443.3722632010733], [0.0, 0.0, 1.0]]
497|496|4|Box|0.15|0.1523117400000801|2.4427030086517334|1924.46826171875;1391.233642578125|42|[-0.02986718714237213, -0.09922340512275696, 0.0]|[-0.011553485877811909, 0.02216128632426262, 0.9996876120567322]|[[2827.300073606339, 0.0, 1993.2574097262354], [0.0, 2852.2438974589363, 1443.3722632010733], [0.0, 0.0, 1.0]]
497|496|4|Box|0.15|0.1494538464509457|2.275782346725464|1921.8739013671875;1382.75146484375|42|[-0.02986718714237213, -0.09922340512275696, 0.0]|[-0.011553485877811909, 0.02216128632426262, 0.9996876120567322]|[[2827.300073606339, 0.0, 1993.2574097262354], [0.0, 2852.2438974589363, 1443.3722632010733], [0.0, 0.0, 1.0]]
497|496|4|Box|0.15|0.1497907408218578|2.1137328147888184|1919.2987060546875;1373.133056640625|42|[-0.02986718714237213, -0.09922340512275696, 0.0]|[-0.011553485877811909, 0.02216128632426262, 0.9996876120567322]|[[2827.300073606339, 0.0, 1993.2574097262354], [0.0, 2852.2438974589363, 1443.3722632010733], [0.0, 0.0, 1.0]]
497|496|4|Box|0.15|0.1500610805671904|1.9816850423812866|1916.9864501953125;1364.0999755859375|42|[-0.02986718714237213, -0.09922340512275696, 0.0]|[-0.011553485877811909, 0.02216128632426262, 0.9996876120567322]|[[2827.300073606339, 0.0, 1993.2574097262354], [0.0, 2852.2438974589363, 1443.3722632010733], [0.0, 0.0, 1.0]]
497|496|4|Box|0.15|0.1489523642033724|1.8474760055541992|1912.1754150390625;1354.2860107421875|42|[-0.02986718714237213, -0.09922340512275696, 0.0]|[-0.011553485877811909, 0.02216128632426262, 0.9996876120567322]|[[2827.300073606339, 0.0, 1993.2574097262354], [0.0, 2852.2438974589363, 1443.3722632010733], [0.0, 0.0, 1.0]]
497|496|4|Box|0.15|0.1507224066671909|1.6970875263214111|1910.217041015625;1340.0224609375|42|[-0.02986718714237213, -0.09922340512275696, 0.0]|[-0.011553485877811909, 0.02216128632426262, 0.9996876120567322]|[[2827.300073606339, 0.0, 1993.2574097262354], [0.0, 2852.2438974589363, 1443.3722632010733], [0.0, 0.0, 1.0]]
497|496|4|Box|0.15|0.14955345430701295|1.522383213043213|1902.750732421875;1321.448486328125|42|[-0.02986718714237213, -0.09922340512275696, 0.0]|[-0.011553485877811909, 0.02216128632426262, 0.9996876120567322]|[[2827.300073606339, 0.0, 1993.2574097262354], [0.0, 2852.2438974589363, 1443.3722632010733], [0.0, 0.0, 1.0]]
497|496|4|Box|0.15|0.147405422764696|1.3712643384933472|1896.3863525390625;1301.0426025390625|42|[-0.02986718714237213, -0.09922340512275696, 0.0]|[-0.011553485877811909, 0.02216128632426262, 0.9996876120567322]|[[2827.300073606339, 0.0, 1993.2574097262354], [0.0, 2852.2438974589363, 1443.3722632010733], [0.0, 0.0, 1.0]]
497|496|4|Box|0.15|0.15056506621310364|1.2180267572402954|1889.216552734375;1274.881591796875|42|[-0.02986718714237213, -0.09922340512275696, 0.0]|[-0.011553485877811909, 0.02216128632426262, 0.9996876120567322]|[[2827.300073606339, 0.0, 1993.2574097262354], [0.0, 2852.2438974589363, 1443.3722632010733], [0.0, 0.0, 1.0]]
497|496|4|Box|0.15|0.14816313103557846|0.960010290145874|1868.2794189453125;1213.19921875|42|[-0.02986718714237213, -0.09922340512275696, 0.0]|[-0.011553485877811909, 0.02216128632426262, 0.9996876120567322]|[[2827.300073606339, 0.0, 1993.2574097262354], [0.0, 2852.2438974589363, 1443.3722632010733], [0.0, 0.0, 1.0]]
497|496|4|Box|0.15|0.14753038259196813|0.7148844599723816|1837.100341796875;1112.4293212890627|42|[-0.02986718714237213, -0.09922340512275696, 0.0]|[-0.011553485877811909, 0.02216128632426262, 0.9996876120567322]|[[2827.300073606339, 0.0, 1993.2574097262354], [0.0, 2852.2438974589363, 1443.3722632010733], [0.0, 0.0, 1.0]]
497|496|4|Box|0.15|0.1467303429098493|0.6288414001464844|1821.9674072265625;1057.9138183593748|42|[-0.02986718714237213, -0.09922340512275696, 0.0]|[-0.011553485877811909, 0.02216128632426262, 0.9996876120567322]|[[2827.300073606339, 0.0, 1993.2574097262354], [0.0, 2852.2438974589363, 1443.3722632010733], [0.0, 0.0, 1.0]]
497|496|4|Box|0.15|0.1470777592796868|0.49730268120765686|1784.399169921875;939.5327758789062|42|[-0.02986718714237213, -0.09922340512275696, 0.0]|[-0.011553485877811909, 0.02216128632426262, 0.9996876120567322]|[[2827.300073606339, 0.0, 1993.2574097262354], [0.0, 2852.2438974589363, 1443.3722632010733], [0.0, 0.0, 1.0]]
497|496|4|Box|0.15|0.1449569757492986|0.3813326954841614|1728.7990722656248;767.7446289062501|42|[-0.02986718714237213, -0.09922340512275696, 0.0]|[-0.011553485877811909, 0.02216128632426262, 0.9996876120567322]|[[2827.300073606339, 0.0, 1993.2574097262354], [0.0, 2852.2438974589363, 1443.3722632010733], [0.0, 0.0, 1.0]]
503|502|6|Box|0.15|0.1280201358858017|0.3073151707649231|1931.4543131510422;671.9473638665056|29|[-0.026759110391139984, -0.08485078066587448, 0.0]|[0.041223522275686264, 4.938347410643473e-05, 0.9991499781608582]|[[2825.1480807147805, 0.0, 2061.852601572974], [0.0, 2850.606508156248, 1458.5627645450384], [0.0, 0.0, 1.0]]
503|502|6|Box|0.15|0.12858187309459804|0.4520833492279053|2008.925048828125;924.4111328125|29|[-0.026759110391139984, -0.08485078066587448, 0.0]|[0.041223522275686264, 4.938347410643473e-05, 0.9991499781608582]|[[2825.1480807147805, 0.0, 2061.852601572974], [0.0, 2850.606508156248, 1458.5627645450384], [0.0, 0.0, 1.0]]
503|502|6|Box|0.15|0.13097494095563889|0.6143249273300171|2054.8896484375;1065.1229248046875|29|[-0.026759110391139984, -0.08485078066587448, 0.0]|[0.041223522275686264, 4.938347410643473e-05, 0.9991499781608582]|[[2825.1480807147805, 0.0, 2061.852601572974], [0.0, 2850.606508156248, 1458.5627645450384], [0.0, 0.0, 1.0]]
503|502|6|Box|0.15|0.13039122775005715|0.7617496252059937|2076.110107421875;1142.1834716796875|29|[-0.026759110391139984, -0.08485078066587448, 0.0]|[0.041223522275686264, 4.938347410643473e-05, 0.9991499781608582]|[[2825.1480807147805, 0.0, 2061.852601572974], [0.0, 2850.606508156248, 1458.5627645450384], [0.0, 0.0, 1.0]]
503|502|6|Box|0.15|0.1322937158864998|1.1246875524520874|2109.095458984375;1244.3323974609377|29|[-0.026759110391139984, -0.08485078066587448, 0.0]|[0.041223522275686264, 4.938347410643473e-05, 0.9991499781608582]|[[2825.1480807147805, 0.0, 2061.852601572974], [0.0, 2850.606508156248, 1458.5627645450384], [0.0, 0.0, 1.0]]
503|502|6|Box|0.15|0.13421593000845586|1.282195806503296|2116.936767578125;1270.9024658203125|29|[-0.026759110391139984, -0.08485078066587448, 0.0]|[0.041223522275686264, 4.938347410643473e-05, 0.9991499781608582]|[[2825.1480807147805, 0.0, 2061.852601572974], [0.0, 2850.606508156248, 1458.5627645450384], [0.0, 0.0, 1.0]]
503|502|6|Box|0.15|0.13659267186076843|1.4854001998901367|2124.5395507812505;1296.8806152343752|29|[-0.026759110391139984, -0.08485078066587448, 0.0]|[0.041223522275686264, 4.938347410643473e-05, 0.9991499781608582]|[[2825.1480807147805, 0.0, 2061.852601572974], [0.0, 2850.606508156248, 1458.5627645450384], [0.0, 0.0, 1.0]]
503|502|6|Box|0.15|0.13785776003182862|1.6966207027435303|2130.99755859375;1317.11669921875|29|[-0.026759110391139984, -0.08485078066587448, 0.0]|[0.041223522275686264, 4.938347410643473e-05, 0.9991499781608582]|[[2825.1480807147805, 0.0, 2061.852601572974], [0.0, 2850.606508156248, 1458.5627645450384], [0.0, 0.0, 1.0]]
503|502|6|Box|0.15|0.14089625142514706|1.990329623222351|2137.7607421875;1338.09130859375|29|[-0.026759110391139984, -0.08485078066587448, 0.0]|[0.041223522275686264, 4.938347410643473e-05, 0.9991499781608582]|[[2825.1480807147805, 0.0, 2061.852601572974], [0.0, 2850.606508156248, 1458.5627645450384], [0.0, 0.0, 1.0]]
503|502|6|Box|0.15|0.14133394576233613|2.2097878456115723|2141.3300781250005;1350.2501220703125|29|[-0.026759110391139984, -0.08485078066587448, 0.0]|[0.041223522275686264, 4.938347410643473e-05, 0.9991499781608582]|[[2825.1480807147805, 0.0, 2061.852601572974], [0.0, 2850.606508156248, 1458.5627645450384], [0.0, 0.0, 1.0]]
503|502|6|Box|0.15|0.138000203802034|2.374141216278076|2145.2666015625;1357.2547607421875|29|[-0.026759110391139984, -0.08485078066587448, 0.0]|[0.041223522275686264, 4.938347410643473e-05, 0.9991499781608582]|[[2825.1480807147805, 0.0, 2061.852601572974], [0.0, 2850.606508156248, 1458.5627645450384], [0.0, 0.0, 1.0]]
503|502|6|Box|0.15|0.14386856433734205|2.683344841003418|2147.1442871093745;1369.65283203125|29|[-0.026759110391139984, -0.08485078066587448, 0.0]|[0.041223522275686264, 4.938347410643473e-05, 0.9991499781608582]|[[2825.1480807147805, 0.0, 2061.852601572974], [0.0, 2850.606508156248, 1458.5627645450384], [0.0, 0.0, 1.0]]
503|502|6|Box|0.15|0.14659714554914294|2.968308687210083|2149.7734375;1378.3616943359375|29|[-0.026759110391139984, -0.08485078066587448, 0.0]|[0.041223522275686264, 4.938347410643473e-05, 0.9991499781608582]|[[2825.1480807147805, 0.0, 2061.852601572974], [0.0, 2850.606508156248, 1458.5627645450384], [0.0, 0.0, 1.0]]
503|502|6|Box|0.15|0.14723370224237442|3.20573353767395|2151.8535156249995;1384.333251953125|29|[-0.026759110391139984, -0.08485078066587448, 0.0]|[0.041223522275686264, 4.938347410643473e-05, 0.9991499781608582]|[[2825.1480807147805, 0.0, 2061.852601572974], [0.0, 2850.606508156248, 1458.5627645450384], [0.0, 0.0, 1.0]]
503|502|6|Box|0.15|0.1531082225631344|3.5341734886169434|2154.455322265625;1391.1900634765625|29|[-0.026759110391139984, -0.08485078066587448, 0.0]|[0.041223522275686264, 4.938347410643473e-05, 0.9991499781608582]|[[2825.1480807147805, 0.0, 2061.852601572974], [0.0, 2850.606508156248, 1458.5627645450384], [0.0, 0.0, 1.0]]
503|502|6|Box|0.15|0.1508114196954946|3.6616389751434326|2154.5000000000005;1393.852783203125|29|[-0.026759110391139984, -0.08485078066587448, 0.0]|[0.041223522275686264, 4.938347410643473e-05, 0.9991499781608582]|[[2825.1480807147805, 0.0, 2061.852601572974], [0.0, 2850.606508156248, 1458.5627645450384], [0.0, 0.0, 1.0]]
503|502|6|Box|0.15|0.15034198567371992|3.8601455688476562|2155.385986328125;1397.3416748046875|29|[-0.026759110391139984, -0.08485078066587448, 0.0]|[0.041223522275686264, 4.938347410643473e-05, 0.9991499781608582]|[[2825.1480807147805, 0.0, 2061.852601572974], [0.0, 2850.606508156248, 1458.5627645450384], [0.0, 0.0, 1.0]]
503|502|6|Box|0.15|0.14888073230456622|3.5612056255340576|2154.4221191406245;1391.7696533203125|29|[-0.026759110391139984, -0.08485078066587448, 0.0]|[0.041223522275686264, 4.938347410643473e-05, 0.9991499781608582]|[[2825.1480807147805, 0.0, 2061.852601572974], [0.0, 2850.606508156248, 1458.5627645450384], [0.0, 0.0, 1.0]]
503|502|6|Box|0.15|0.14905520683841095|3.4868569374084473|2153.8286132812505;1390.380859375|29|[-0.026759110391139984, -0.08485078066587448, 0.0]|[0.041223522275686264, 4.938347410643473e-05, 0.9991499781608582]|[[2825.1480807147805, 0.0, 2061.852601572974], [0.0, 2850.606508156248, 1458.5627645450384], [0.0, 0.0, 1.0]]
503|502|6|Box|0.15|0.14730566869774112|3.282362699508667|2152.2746582031245;1386.1590576171875|29|[-0.026759110391139984, -0.08485078066587448, 0.0]|[0.041223522275686264, 4.938347410643473e-05, 0.9991499781608582]|[[2825.1480807147805, 0.0, 2061.852601572974], [0.0, 2850.606508156248, 1458.5627645450384], [0.0, 0.0, 1.0]]
503|502|6|Box|0.15|0.1392708104838093|2.9312283992767334|2151.072509765625;1376.714599609375|29|[-0.026759110391139984, -0.08485078066587448, 0.0]|[0.041223522275686264, 4.938347410643473e-05, 0.9991499781608582]|[[2825.1480807147805, 0.0, 2061.852601572974], [0.0, 2850.606508156248, 1458.5627645450384], [0.0, 0.0, 1.0]]
503|502|6|Box|0.15|0.14401420378366697|2.90106463432312|2148.8918457031245;1376.5986328125|29|[-0.026759110391139984, -0.08485078066587448, 0.0]|[0.041223522275686264, 4.938347410643473e-05, 0.9991499781608582]|[[2825.1480807147805, 0.0, 2061.852601572974], [0.0, 2850.606508156248, 1458.5627645450384], [0.0, 0.0, 1.0]]
503|502|6|Box|0.15|0.14464173212945838|2.7091410160064697|2147.8212890625;1370.3668212890625|29|[-0.026759110391139984, -0.08485078066587448, 0.0]|[0.041223522275686264, 4.938347410643473e-05, 0.9991499781608582]|[[2825.1480807147805, 0.0, 2061.852601572974], [0.0, 2850.606508156248, 1458.5627645450384], [0.0, 0.0, 1.0]]
503|502|6|Box|0.15|0.144060558579825|2.512263774871826|2145.140625;1363.546142578125|29|[-0.026759110391139984, -0.08485078066587448, 0.0]|[0.041223522275686264, 4.938347410643473e-05, 0.9991499781608582]|[[2825.1480807147805, 0.0, 2061.852601572974], [0.0, 2850.606508156248, 1458.5627645450384], [0.0, 0.0, 1.0]]
503|502|6|Box|0.15|0.14331573680172421|2.3898870944976807|2143.158935546875;1358.7924804687498|29|[-0.026759110391139984, -0.08485078066587448, 0.0]|[0.041223522275686264, 4.938347410643473e-05, 0.9991499781608582]|[[2825.1480807147805, 0.0, 2061.852601572974], [0.0, 2850.606508156248, 1458.5627645450384], [0.0, 0.0, 1.0]]
503|502|6|Box|0.15|0.14328210147885703|2.222165584564209|2141.5996093749995;1350.8211669921875|29|[-0.026759110391139984, -0.08485078066587448, 0.0]|[0.041223522275686264, 4.938347410643473e-05, 0.9991499781608582]|[[2825.1480807147805, 0.0, 2061.852601572974], [0.0, 2850.606508156248, 1458.5627645450384], [0.0, 0.0, 1.0]]
503|502|6|Box|0.15|0.14124180410359702|2.084733486175537|2139.0817871093755;1343.747802734375|29|[-0.026759110391139984, -0.08485078066587448, 0.0]|[0.041223522275686264, 4.938347410643473e-05, 0.9991499781608582]|[[2825.1480807147805, 0.0, 2061.852601572974], [0.0, 2850.606508156248, 1458.5627645450384], [0.0, 0.0, 1.0]]
503|502|6|Box|0.15|0.1376327804224192|1.928184986114502|2137.244873046875;1333.9080810546875|29|[-0.026759110391139984, -0.08485078066587448, 0.0]|[0.041223522275686264, 4.938347410643473e-05, 0.9991499781608582]|[[2825.1480807147805, 0.0, 2061.852601572974], [0.0, 2850.606508156248, 1458.5627645450384], [0.0, 0.0, 1.0]]
503|502|6|Box|0.15|0.13874298958584733|1.7155671119689941|2131.87109375;1318.5479736328125|29|[-0.026759110391139984, -0.08485078066587448, 0.0]|[0.041223522275686264, 4.938347410643473e-05, 0.9991499781608582]|[[2825.1480807147805, 0.0, 2061.852601572974], [0.0, 2850.606508156248, 1458.5627645450384], [0.0, 0.0, 1.0]]
503|502|6|Box|0.15|0.13696296187667786|1.4807236194610596|2124.16064453125;1296.4432373046875|29|[-0.026759110391139984, -0.08485078066587448, 0.0]|[0.041223522275686264, 4.938347410643473e-05, 0.9991499781608582]|[[2825.1480807147805, 0.0, 2061.852601572974], [0.0, 2850.606508156248, 1458.5627645450384], [0.0, 0.0, 1.0]]
503|502|6|Box|0.15|0.13556352106499164|1.3317407369613647|2119.572265625;1277.7581787109375|29|[-0.026759110391139984, -0.08485078066587448, 0.0]|[0.041223522275686264, 4.938347410643473e-05, 0.9991499781608582]|[[2825.1480807147805, 0.0, 2061.852601572974], [0.0, 2850.606508156248, 1458.5627645450384], [0.0, 0.0, 1.0]]
503|502|6|Box|0.15|0.13415523886293218|1.1921632289886475|2112.360595703125;1256.6874999999998|29|[-0.026759110391139984, -0.08485078066587448, 0.0]|[0.041223522275686264, 4.938347410643473e-05, 0.9991499781608582]|[[2825.1480807147805, 0.0, 2061.852601572974], [0.0, 2850.606508156248, 1458.5627645450384], [0.0, 0.0, 1.0]]
503|502|6|Box|0.15|0.13273975443090053|1.0224578380584717|2101.783935546875;1223.0236816406248|29|[-0.026759110391139984, -0.08485078066587448, 0.0]|[0.041223522275686264, 4.938347410643473e-05, 0.9991499781608582]|[[2825.1480807147805, 0.0, 2061.852601572974], [0.0, 2850.606508156248, 1458.5627645450384], [0.0, 0.0, 1.0]]
503|502|6|Box|0.15|0.1310061950607768|0.9250373244285583|2093.728759765625;1198.209228515625|29|[-0.026759110391139984, -0.08485078066587448, 0.0]|[0.041223522275686264, 4.938347410643473e-05, 0.9991499781608582]|[[2825.1480807147805, 0.0, 2061.852601572974], [0.0, 2850.606508156248, 1458.5627645450384], [0.0, 0.0, 1.0]]
503|502|6|Box|0.15|0.13065212595339948|0.8122944235801697|2081.493896484375;1162.213134765625|29|[-0.026759110391139984, -0.08485078066587448, 0.0]|[0.041223522275686264, 4.938347410643473e-05, 0.9991499781608582]|[[2825.1480807147805, 0.0, 2061.852601572974], [0.0, 2850.606508156248, 1458.5627645450384], [0.0, 0.0, 1.0]]
503|502|6|Box|0.15|0.13047292807956073|0.6177780032157898|2054.070556640625;1067.8131103515625|29|[-0.026759110391139984, -0.08485078066587448, 0.0]|[0.041223522275686264, 4.938347410643473e-05, 0.9991499781608582]|[[2825.1480807147805, 0.0, 2061.852601572974], [0.0, 2850.606508156248, 1458.5627645450384], [0.0, 0.0, 1.0]]
503|502|6|Box|0.15|0.12908320242523363|0.4441198706626892|2004.8033447265625;915.1822509765625|29|[-0.026759110391139984, -0.08485078066587448, 0.0]|[0.041223522275686264, 4.938347410643473e-05, 0.9991499781608582]|[[2825.1480807147805, 0.0, 2061.852601572974], [0.0, 2850.606508156248, 1458.5627645450384], [0.0, 0.0, 1.0]]
503|502|6|Box|0.15|0.12723941542511566|0.35393792390823364|1962.4930419921875;776.0656127929686|29|[-0.026759110391139984, -0.08485078066587448, 0.0]|[0.041223522275686264, 4.938347410643473e-05, 0.9991499781608582]|[[2825.1480807147805, 0.0, 2061.852601572974], [0.0, 2850.606508156248, 1458.5627645450384], [0.0, 0.0, 1.0]]
503|502|6|Box|0.15|0.12203668559559037|0.24722467362880707|1871.3908563670018;480.7314628621999|29|[-0.026759110391139984, -0.08485078066587448, 0.0]|[0.041223522275686264, 4.938347410643473e-05, 0.9991499781608582]|[[2825.1480807147805, 0.0, 2061.852601572974], [0.0, 2850.606508156248, 1458.5627645450384], [0.0, 0.0, 1.0]]
503|502|6|Box|0.15|0.11545346097425341|0.26387977600097656|1890.551984413166;542.5254379584246|29|[-0.026759110391139984, -0.08485078066587448, 0.0]|[0.041223522275686264, 4.938347410643473e-05, 0.9991499781608582]|[[2825.1480807147805, 0.0, 2061.852601572974], [0.0, 2850.606508156248, 1458.5627645450384], [0.0, 0.0, 1.0]]
504|502|6|Weasly Fish|0.31|0.27739542342612517|1.3812434673309326|2122.605383302341;1283.9383327914666|29|[-0.026759110391139984, -0.08485078066587448, 0.0]|[0.041223522275686264, 4.938347410643473e-05, 0.9991499781608582]|[[2825.1480807147805, 0.0, 2061.852601572974], [0.0, 2850.606508156248, 1458.5627645450384], [0.0, 0.0, 1.0]]
504|502|6|Weasly Fish|0.31|0.2553009610151497|0.524888277053833|2032.46826171875;998.5040283203126|29|[-0.026759110391139984, -0.08485078066587448, 0.0]|[0.041223522275686264, 4.938347410643473e-05, 0.9991499781608582]|[[2825.1480807147805, 0.0, 2061.852601572974], [0.0, 2850.606508156248, 1458.5627645450384], [0.0, 0.0, 1.0]]
509|509|4|Box|0.15|0.15037058933886346|3.679128646850586|2016.2049560546875;1429.7745361328123|43|[-0.03177405893802643, -0.09918811917304993, 0.0]|[0.016506599262356758, 0.022264979779720306, 0.9996158480644226]|[[2827.300073606339, 0.0, 1993.2574097262354], [0.0, 2852.2438974589363, 1443.3722632010733], [0.0, 0.0, 1.0]]
509|509|4|Box|0.15|0.13776488490639532|0.3072846233844757|1745.669501732318;586.8531836042243|43|[-0.03177405893802643, -0.09918811917304993, 0.0]|[0.016506599262356758, 0.022264979779720306, 0.9996158480644226]|[[2827.300073606339, 0.0, 1993.2574097262354], [0.0, 2852.2438974589363, 1443.3722632010733], [0.0, 0.0, 1.0]]
509|509|4|Box|0.15|0.13942912193195262|0.43546995520591736|1833.5399169921875;857.2731323242188|43|[-0.03177405893802643, -0.09918811917304993, 0.0]|[0.016506599262356758, 0.022264979779720306, 0.9996158480644226]|[[2827.300073606339, 0.0, 1993.2574097262354], [0.0, 2852.2438974589363, 1443.3722632010733], [0.0, 0.0, 1.0]]
509|509|4|Box|0.15|0.1408753738828797|0.8147113919258118|1928.92529296875;1159.8925781250002|43|[-0.03177405893802643, -0.09918811917304993, 0.0]|[0.016506599262356758, 0.022264979779720306, 0.9996158480644226]|[[2827.300073606339, 0.0, 1993.2574097262354], [0.0, 2852.2438974589363, 1443.3722632010733], [0.0, 0.0, 1.0]]
509|509|4|Box|0.15|0.13862197562100187|0.8923658132553101|1939.68017578125;1189.7396240234373|43|[-0.03177405893802643, -0.09918811917304993, 0.0]|[0.016506599262356758, 0.022264979779720306, 0.9996158480644226]|[[2827.300073606339, 0.0, 1993.2574097262354], [0.0, 2852.2438974589363, 1443.3722632010733], [0.0, 0.0, 1.0]]
509|509|4|Box|0.15|0.1439512897247361|0.4114217758178711|1822.5654296875;818.949951171875|43|[-0.03177405893802643, -0.09918811917304993, 0.0]|[0.016506599262356758, 0.022264979779720306, 0.9996158480644226]|[[2827.300073606339, 0.0, 1993.2574097262354], [0.0, 2852.2438974589363, 1443.3722632010733], [0.0, 0.0, 1.0]]
509|509|4|Box|0.15|0.14240944215538748|0.5006803870201111|1861.0421142578125;941.6875|43|[-0.03177405893802643, -0.09918811917304993, 0.0]|[0.016506599262356758, 0.022264979779720306, 0.9996158480644226]|[[2827.300073606339, 0.0, 1993.2574097262354], [0.0, 2852.2438974589363, 1443.3722632010733], [0.0, 0.0, 1.0]]
509|509|4|Box|0.15|0.1426638097033436|0.5951119661331177|1888.93896484375;1031.5294189453125|43|[-0.03177405893802643, -0.09918811917304993, 0.0]|[0.016506599262356758, 0.022264979779720306, 0.9996158480644226]|[[2827.300073606339, 0.0, 1993.2574097262354], [0.0, 2852.2438974589363, 1443.3722632010733], [0.0, 0.0, 1.0]]
509|509|4|Box|0.15|0.1415404383496563|0.773775041103363|1924.112548828125;1141.1906738281252|43|[-0.03177405893802643, -0.09918811917304993, 0.0]|[0.016506599262356758, 0.022264979779720306, 0.9996158480644226]|[[2827.300073606339, 0.0, 1993.2574097262354], [0.0, 2852.2438974589363, 1443.3722632010733], [0.0, 0.0, 1.0]]
509|509|4|Box|0.15|0.1401647383693781|0.8794885873794556|1938.6510009765625;1184.95556640625|43|[-0.03177405893802643, -0.09918811917304993, 0.0]|[0.016506599262356758, 0.022264979779720306, 0.9996158480644226]|[[2827.300073606339, 0.0, 1993.2574097262354], [0.0, 2852.2438974589363, 1443.3722632010733], [0.0, 0.0, 1.0]]
509|509|4|Box|0.15|0.14026654844950007|1.1331477165222168|1960.117919921875;1257.4108886718752|43|[-0.03177405893802643, -0.09918811917304993, 0.0]|[0.016506599262356758, 0.022264979779720306, 0.9996158480644226]|[[2827.300073606339, 0.0, 1993.2574097262354], [0.0, 2852.2438974589363, 1443.3722632010733], [0.0, 0.0, 1.0]]
509|509|4|Box|0.15|0.13957148932182709|1.286464810371399|1968.8975830078123;1287.3962402343748|43|[-0.03177405893802643, -0.09918811917304993, 0.0]|[0.016506599262356758, 0.022264979779720306, 0.9996158480644226]|[[2827.300073606339, 0.0, 1993.2574097262354], [0.0, 2852.2438974589363, 1443.3722632010733], [0.0, 0.0, 1.0]]
509|509|4|Box|0.15|0.1371992157221097|1.3997302055358887|1973.834716796875;1305.4288330078125|43|[-0.03177405893802643, -0.09918811917304993, 0.0]|[0.016506599262356758, 0.022264979779720306, 0.9996158480644226]|[[2827.300073606339, 0.0, 1993.2574097262354], [0.0, 2852.2438974589363, 1443.3722632010733], [0.0, 0.0, 1.0]]
509|509|4|Box|0.15|0.13683448741178272|1.5340441465377808|1980.234375;1322.851806640625|43|[-0.03177405893802643, -0.09918811917304993, 0.0]|[0.016506599262356758, 0.022264979779720306, 0.9996158480644226]|[[2827.300073606339, 0.0, 1993.2574097262354], [0.0, 2852.2438974589363, 1443.3722632010733], [0.0, 0.0, 1.0]]
509|509|4|Box|0.15|0.1359886882360544|1.6183751821517944|1984.5399169921875;1332.061279296875|43|[-0.03177405893802643, -0.09918811917304993, 0.0]|[0.016506599262356758, 0.022264979779720306, 0.9996158480644226]|[[2827.300073606339, 0.0, 1993.2574097262354], [0.0, 2852.2438974589363, 1443.3722632010733], [0.0, 0.0, 1.0]]
509|509|4|Box|0.15|0.13451377240967458|1.6813185214996338|1985.7036132812498;1338.9060058593752|43|[-0.03177405893802643, -0.09918811917304993, 0.0]|[0.016506599262356758, 0.022264979779720306, 0.9996158480644226]|[[2827.300073606339, 0.0, 1993.2574097262354], [0.0, 2852.2438974589363, 1443.3722632010733], [0.0, 0.0, 1.0]]
509|509|4|Box|0.15|0.13640694174032672|1.8260596990585327|1989.3502197265627;1352.434326171875|43|[-0.03177405893802643, -0.09918811917304993, 0.0]|[0.016506599262356758, 0.022264979779720306, 0.9996158480644226]|[[2827.300073606339, 0.0, 1993.2574097262354], [0.0, 2852.2438974589363, 1443.3722632010733], [0.0, 0.0, 1.0]]
509|509|4|Box|0.15|0.1337411618650081|1.895736575126648|1992.32080078125;1357.7479248046875|43|[-0.03177405893802643, -0.09918811917304993, 0.0]|[0.016506599262356758, 0.022264979779720306, 0.9996158480644226]|[[2827.300073606339, 0.0, 1993.2574097262354], [0.0, 2852.2438974589363, 1443.3722632010733], [0.0, 0.0, 1.0]]
509|509|4|Box|0.15|0.1352540263512519|2.0103507041931152|1993.5079345703125;1366.770263671875|43|[-0.03177405893802643, -0.09918811917304993, 0.0]|[0.016506599262356758, 0.022264979779720306, 0.9996158480644226]|[[2827.300073606339, 0.0, 1993.2574097262354], [0.0, 2852.2438974589363, 1443.3722632010733], [0.0, 0.0, 1.0]]
509|509|4|Box|0.15|0.13397159059127883|2.06292462348938|1995.3055419921873;1370.119140625|43|[-0.03177405893802643, -0.09918811917304993, 0.0]|[0.016506599262356758, 0.022264979779720306, 0.9996158480644226]|[[2827.300073606339, 0.0, 1993.2574097262354], [0.0, 2852.2438974589363, 1443.3722632010733], [0.0, 0.0, 1.0]]
509|509|4|Box|0.15|0.1324716030798002|2.1766748428344727|1997.5104980468748;1377.3184814453125|43|[-0.03177405893802643, -0.09918811917304993, 0.0]|[0.016506599262356758, 0.022264979779720306, 0.9996158480644226]|[[2827.300073606339, 0.0, 1993.2574097262354], [0.0, 2852.2438974589363, 1443.3722632010733], [0.0, 0.0, 1.0]]
509|509|4|Box|0.15|0.13221639354667022|2.1632890701293945|1997.6129150390627;1376.38623046875|43|[-0.03177405893802643, -0.09918811917304993, 0.0]|[0.016506599262356758, 0.022264979779720306, 0.9996158480644226]|[[2827.300073606339, 0.0, 1993.2574097262354], [0.0, 2852.2438974589363, 1443.3722632010733], [0.0, 0.0, 1.0]]
509|509|4|Box|0.15|0.13188288566389428|2.239253282546997|1998.54248046875;1380.9813232421875|43|[-0.03177405893802643, -0.09918811917304993, 0.0]|[0.016506599262356758, 0.022264979779720306, 0.9996158480644226]|[[2827.300073606339, 0.0, 1993.2574097262354], [0.0, 2852.2438974589363, 1443.3722632010733], [0.0, 0.0, 1.0]]
509|509|4|Box|0.15|0.13110379819953866|2.328054666519165|2000.0074462890627;1385.8232421875|43|[-0.03177405893802643, -0.09918811917304993, 0.0]|[0.016506599262356758, 0.022264979779720306, 0.9996158480644226]|[[2827.300073606339, 0.0, 1993.2574097262354], [0.0, 2852.2438974589363, 1443.3722632010733], [0.0, 0.0, 1.0]]
509|509|4|Box|0.15|0.13040511460251591|2.4143056869506836|2001.306884765625;1390.190185546875|43|[-0.03177405893802643, -0.09918811917304993, 0.0]|[0.016506599262356758, 0.022264979779720306, 0.9996158480644226]|[[2827.300073606339, 0.0, 1993.2574097262354], [0.0, 2852.2438974589363, 1443.3722632010733], [0.0, 0.0, 1.0]]
509|509|4|Box|0.15|0.13453672964473645|2.0343360900878906|1993.2862548828123;1368.694091796875|43|[-0.03177405893802643, -0.09918811917304993, 0.0]|[0.016506599262356758, 0.022264979779720306, 0.9996158480644226]|[[2827.300073606339, 0.0, 1993.2574097262354], [0.0, 2852.2438974589363, 1443.3722632010733], [0.0, 0.0, 1.0]]
509|509|4|Box|0.15|0.13273517006385152|2.1122591495513916|1994.96142578125;1373.8087158203125|43|[-0.03177405893802643, -0.09918811917304993, 0.0]|[0.016506599262356758, 0.022264979779720306, 0.9996158480644226]|[[2827.300073606339, 0.0, 1993.2574097262354], [0.0, 2852.2438974589363, 1443.3722632010733], [0.0, 0.0, 1.0]]
509|509|4|Box|0.15|0.13129310238889771|2.251889705657959|1997.192138671875;1382.2609863281248|43|[-0.03177405893802643, -0.09918811917304993, 0.0]|[0.016506599262356758, 0.022264979779720306, 0.9996158480644226]|[[2827.300073606339, 0.0, 1993.2574097262354], [0.0, 2852.2438974589363, 1443.3722632010733], [0.0, 0.0, 1.0]]
509|509|4|Box|0.15|0.1314687112839326|2.2594518661499023|1997.2111816406248;1382.7213134765625|43|[-0.03177405893802643, -0.09918811917304993, 0.0]|[0.016506599262356758, 0.022264979779720306, 0.9996158480644226]|[[2827.300073606339, 0.0, 1993.2574097262354], [0.0, 2852.2438974589363, 1443.3722632010733], [0.0, 0.0, 1.0]]
509|509|4|Box|0.15|0.13243284518422604|2.252504825592041|1997.17333984375;1382.3066406250002|43|[-0.03177405893802643, -0.09918811917304993, 0.0]|[0.016506599262356758, 0.022264979779720306, 0.9996158480644226]|[[2827.300073606339, 0.0, 1993.2574097262354], [0.0, 2852.2438974589363, 1443.3722632010733], [0.0, 0.0, 1.0]]
509|509|4|Box|0.15|0.13291472075951002|2.2479450702667236|1997.0054931640625;1382.1005859374998|43|[-0.03177405893802643, -0.09918811917304993, 0.0]|[0.016506599262356758, 0.022264979779720306, 0.9996158480644226]|[[2827.300073606339, 0.0, 1993.2574097262354], [0.0, 2852.2438974589363, 1443.3722632010733], [0.0, 0.0, 1.0]]
509|509|4|Box|0.15|0.13161636858727999|2.1701838970184326|1995.729736328125;1377.5096435546875|43|[-0.03177405893802643, -0.09918811917304993, 0.0]|[0.016506599262356758, 0.022264979779720306, 0.9996158480644226]|[[2827.300073606339, 0.0, 1993.2574097262354], [0.0, 2852.2438974589363, 1443.3722632010733], [0.0, 0.0, 1.0]]
509|509|4|Box|0.15|0.13227756739125282|2.166285991668701|1995.678955078125;1377.285400390625|43|[-0.03177405893802643, -0.09918811917304993, 0.0]|[0.016506599262356758, 0.022264979779720306, 0.9996158480644226]|[[2827.300073606339, 0.0, 1993.2574097262354], [0.0, 2852.2438974589363, 1443.3722632010733], [0.0, 0.0, 1.0]]
509|509|4|Box|0.15|0.13267947620668252|2.1604161262512207|1995.8455810546875;1376.8160400390623|43|[-0.03177405893802643, -0.09918811917304993, 0.0]|[0.016506599262356758, 0.022264979779720306, 0.9996158480644226]|[[2827.300073606339, 0.0, 1993.2574097262354], [0.0, 2852.2438974589363, 1443.3722632010733], [0.0, 0.0, 1.0]]
509|509|4|Box|0.15|0.13203738023968442|2.1365973949432373|1995.3778076171875;1375.35400390625|43|[-0.03177405893802643, -0.09918811917304993, 0.0]|[0.016506599262356758, 0.022264979779720306, 0.9996158480644226]|[[2827.300073606339, 0.0, 1993.2574097262354], [0.0, 2852.2438974589363, 1443.3722632010733], [0.0, 0.0, 1.0]]
509|509|4|Box|0.15|0.13365878043587412|2.1285533905029297|1994.9454345703127;1374.96826171875|43|[-0.03177405893802643, -0.09918811917304993, 0.0]|[0.016506599262356758, 0.022264979779720306, 0.9996158480644226]|[[2827.300073606339, 0.0, 1993.2574097262354], [0.0, 2852.2438974589363, 1443.3722632010733], [0.0, 0.0, 1.0]]
509|509|4|Box|0.15|0.13260616166801859|2.0952134132385254|1994.513916015625;1372.74365234375|43|[-0.03177405893802643, -0.09918811917304993, 0.0]|[0.016506599262356758, 0.022264979779720306, 0.9996158480644226]|[[2827.300073606339, 0.0, 1993.2574097262354], [0.0, 2852.2438974589363, 1443.3722632010733], [0.0, 0.0, 1.0]]
509|509|4|Box|0.15|0.1336953588374925|2.061199426651001|1993.991943359375;1370.45849609375|43|[-0.03177405893802643, -0.09918811917304993, 0.0]|[0.016506599262356758, 0.022264979779720306, 0.9996158480644226]|[[2827.300073606339, 0.0, 1993.2574097262354], [0.0, 2852.2438974589363, 1443.3722632010733], [0.0, 0.0, 1.0]]
509|509|4|Box|0.15|0.13325221603225257|2.0160202980041504|1992.4208984375;1367.5927734375|43|[-0.03177405893802643, -0.09918811917304993, 0.0]|[0.016506599262356758, 0.022264979779720306, 0.9996158480644226]|[[2827.300073606339, 0.0, 1993.2574097262354], [0.0, 2852.2438974589363, 1443.3722632010733], [0.0, 0.0, 1.0]]
509|509|4|Box|0.15|0.13506496121526942|1.9978851079940796|1992.2127685546875;1366.252685546875|43|[-0.03177405893802643, -0.09918811917304993, 0.0]|[0.016506599262356758, 0.022264979779720306, 0.9996158480644226]|[[2827.300073606339, 0.0, 1993.2574097262354], [0.0, 2852.2438974589363, 1443.3722632010733], [0.0, 0.0, 1.0]]
509|509|4|Box|0.15|0.13357531397180136|1.9355571269989014|1991.025146484375;1361.590576171875|43|[-0.03177405893802643, -0.09918811917304993, 0.0]|[0.016506599262356758, 0.022264979779720306, 0.9996158480644226]|[[2827.300073606339, 0.0, 1993.2574097262354], [0.0, 2852.2438974589363, 1443.3722632010733], [0.0, 0.0, 1.0]]
509|509|4|Box|0.15|0.13285612362963886|1.925392508506775|1990.30810546875;1360.9840087890625|43|[-0.03177405893802643, -0.09918811917304993, 0.0]|[0.016506599262356758, 0.022264979779720306, 0.9996158480644226]|[[2827.300073606339, 0.0, 1993.2574097262354], [0.0, 2852.2438974589363, 1443.3722632010733], [0.0, 0.0, 1.0]]
509|509|4|Box|0.15|0.13290694641570397|1.9290990829467773|1990.06298828125;1361.4017333984375|43|[-0.03177405893802643, -0.09918811917304993, 0.0]|[0.016506599262356758, 0.022264979779720306, 0.9996158480644226]|[[2827.300073606339, 0.0, 1993.2574097262354], [0.0, 2852.2438974589363, 1443.3722632010733], [0.0, 0.0, 1.0]]
509|509|4|Box|0.15|0.13395726589288193|1.869643211364746|1989.09228515625;1356.5445556640625|43|[-0.03177405893802643, -0.09918811917304993, 0.0]|[0.016506599262356758, 0.022264979779720306, 0.9996158480644226]|[[2827.300073606339, 0.0, 1993.2574097262354], [0.0, 2852.2438974589363, 1443.3722632010733], [0.0, 0.0, 1.0]]
509|509|4|Box|0.15|0.13475830852985382|1.8348991870880127|1987.8353271484375;1353.8057861328123|43|[-0.03177405893802643, -0.09918811917304993, 0.0]|[0.016506599262356758, 0.022264979779720306, 0.9996158480644226]|[[2827.300073606339, 0.0, 1993.2574097262354], [0.0, 2852.2438974589363, 1443.3722632010733], [0.0, 0.0, 1.0]]
509|509|4|Box|0.15|0.13475393452085277|1.8013893365859985|1987.220458984375;1350.836669921875|43|[-0.03177405893802643, -0.09918811917304993, 0.0]|[0.016506599262356758, 0.022264979779720306, 0.9996158480644226]|[[2827.300073606339, 0.0, 1993.2574097262354], [0.0, 2852.2438974589363, 1443.3722632010733], [0.0, 0.0, 1.0]]
509|509|4|Box|0.15|0.13339371727394964|1.7659244537353516|1986.3397216796873;1347.6270751953125|43|[-0.03177405893802643, -0.09918811917304993, 0.0]|[0.016506599262356758, 0.022264979779720306, 0.9996158480644226]|[[2827.300073606339, 0.0, 1993.2574097262354], [0.0, 2852.2438974589363, 1443.3722632010733], [0.0, 0.0, 1.0]]
509|509|4|Box|0.15|0.13530008343173724|1.688316822052002|1984.1092529296875;1340.2286376953125|43|[-0.03177405893802643, -0.09918811917304993, 0.0]|[0.016506599262356758, 0.022264979779720306, 0.9996158480644226]|[[2827.300073606339, 0.0, 1993.2574097262354], [0.0, 2852.2438974589363, 1443.3722632010733], [0.0, 0.0, 1.0]]
509|509|4|Box|0.15|0.13632916451429136|1.5865960121154785|1980.5958251953125;1329.510986328125|43|[-0.03177405893802643, -0.09918811917304993, 0.0]|[0.016506599262356758, 0.022264979779720306, 0.9996158480644226]|[[2827.300073606339, 0.0, 1993.2574097262354], [0.0, 2852.2438974589363, 1443.3722632010733], [0.0, 0.0, 1.0]]
509|509|4|Box|0.15|0.1358917954657505|1.4925528764724731|1977.1010742187498;1318.25341796875|43|[-0.03177405893802643, -0.09918811917304993, 0.0]|[0.016506599262356758, 0.022264979779720306, 0.9996158480644226]|[[2827.300073606339, 0.0, 1993.2574097262354], [0.0, 2852.2438974589363, 1443.3722632010733], [0.0, 0.0, 1.0]]
509|509|4|Box|0.15|0.1356057311072642|1.41666579246521|1974.185791015625;1307.9869384765625|43|[-0.03177405893802643, -0.09918811917304993, 0.0]|[0.016506599262356758, 0.022264979779720306, 0.9996158480644226]|[[2827.300073606339, 0.0, 1993.2574097262354], [0.0, 2852.2438974589363, 1443.3722632010733], [0.0, 0.0, 1.0]]
509|509|4|Box|0.15|0.13761118033164965|1.3743442296981812|1971.8770751953125;1301.95947265625|43|[-0.03177405893802643, -0.09918811917304993, 0.0]|[0.016506599262356758, 0.022264979779720306, 0.9996158480644226]|[[2827.300073606339, 0.0, 1993.2574097262354], [0.0, 2852.2438974589363, 1443.3722632010733], [0.0, 0.0, 1.0]]
509|509|4|Box|0.15|0.13674349741208688|1.3041945695877075|1968.499755859375;1290.8348388671877|43|[-0.03177405893802643, -0.09918811917304993, 0.0]|[0.016506599262356758, 0.022264979779720306, 0.9996158480644226]|[[2827.300073606339, 0.0, 1993.2574097262354], [0.0, 2852.2438974589363, 1443.3722632010733], [0.0, 0.0, 1.0]]
509|509|4|Box|0.15|0.13880221451585684|1.2792067527770996|1966.8785136644553;1286.699711159697|43|[-0.03177405893802643, -0.09918811917304993, 0.0]|[0.016506599262356758, 0.022264979779720306, 0.9996158480644226]|[[2827.300073606339, 0.0, 1993.2574097262354], [0.0, 2852.2438974589363, 1443.3722632010733], [0.0, 0.0, 1.0]]
509|509|4|Box|0.15|0.13888136672707158|1.139771819114685|1958.9373779296875;1259.4111328125|43|[-0.03177405893802643, -0.09918811917304993, 0.0]|[0.016506599262356758, 0.022264979779720306, 0.9996158480644226]|[[2827.300073606339, 0.0, 1993.2574097262354], [0.0, 2852.2438974589363, 1443.3722632010733], [0.0, 0.0, 1.0]]
509|509|4|Box|0.15|0.14027622418073504|1.1274949312210083|1958.0593261718748;1256.7161865234375|43|[-0.03177405893802643, -0.09918811917304993, 0.0]|[0.016506599262356758, 0.022264979779720306, 0.9996158480644226]|[[2827.300073606339, 0.0, 1993.2574097262354], [0.0, 2852.2438974589363, 1443.3722632010733], [0.0, 0.0, 1.0]]
509|509|4|Box|0.15|0.13885179507678835|1.0322082042694092|1951.047607421875;1233.4381103515627|43|[-0.03177405893802643, -0.09918811917304993, 0.0]|[0.016506599262356758, 0.022264979779720306, 0.9996158480644226]|[[2827.300073606339, 0.0, 1993.2574097262354], [0.0, 2852.2438974589363, 1443.3722632010733], [0.0, 0.0, 1.0]]
509|509|4|Box|0.15|0.14058869460240775|0.9426264762878418|1943.215087890625;1207.2366943359375|43|[-0.03177405893802643, -0.09918811917304993, 0.0]|[0.016506599262356758, 0.022264979779720306, 0.9996158480644226]|[[2827.300073606339, 0.0, 1993.2574097262354], [0.0, 2852.2438974589363, 1443.3722632010733], [0.0, 0.0, 1.0]]
509|509|4|Box|0.15|0.1396126025759637|0.9100000858306885|1939.010498046875;1196.746826171875|43|[-0.03177405893802643, -0.09918811917304993, 0.0]|[0.016506599262356758, 0.022264979779720306, 0.9996158480644226]|[[2827.300073606339, 0.0, 1993.2574097262354], [0.0, 2852.2438974589363, 1443.3722632010733], [0.0, 0.0, 1.0]]
509|509|4|Box|0.15|0.14099268265875195|0.9276493787765503|1940.3997802734375;1202.8239746093748|43|[-0.03177405893802643, -0.09918811917304993, 0.0]|[0.016506599262356758, 0.022264979779720306, 0.9996158480644226]|[[2827.300073606339, 0.0, 1993.2574097262354], [0.0, 2852.2438974589363, 1443.3722632010733], [0.0, 0.0, 1.0]]
509|509|4|Box|0.15|0.13904144873330224|0.8231572508811951|1929.1416015624998;1163.7623291015623|43|[-0.03177405893802643, -0.09918811917304993, 0.0]|[0.016506599262356758, 0.022264979779720306, 0.9996158480644226]|[[2827.300073606339, 0.0, 1993.2574097262354], [0.0, 2852.2438974589363, 1443.3722632010733], [0.0, 0.0, 1.0]]
509|509|4|Box|0.15|0.14022645867402816|0.7591866850852966|1919.4456787109375;1134.9660644531248|43|[-0.03177405893802643, -0.09918811917304993, 0.0]|[0.016506599262356758, 0.022264979779720306, 0.9996158480644226]|[[2827.300073606339, 0.0, 1993.2574097262354], [0.0, 2852.2438974589363, 1443.3722632010733], [0.0, 0.0, 1.0]]
509|509|4|Box|0.15|0.140438189814736|0.7105501890182495|1911.69775390625;1109.342041015625|43|[-0.03177405893802643, -0.09918811917304993, 0.0]|[0.016506599262356758, 0.022264979779720306, 0.9996158480644226]|[[2827.300073606339, 0.0, 1993.2574097262354], [0.0, 2852.2438974589363, 1443.3722632010733], [0.0, 0.0, 1.0]]
509|509|4|Box|0.15|0.14031923741294486|0.5411062240600586|1872.3540039062498;984.5783081054689|43|[-0.03177405893802643, -0.09918811917304993, 0.0]|[0.016506599262356758, 0.022264979779720306, 0.9996158480644226]|[[2827.300073606339, 0.0, 1993.2574097262354], [0.0, 2852.2438974589363, 1443.3722632010733], [0.0, 0.0, 1.0]]
509|509|4|Box|0.15|0.13942020131891247|0.40232187509536743|1815.312255859375;804.1453247070312|43|[-0.03177405893802643, -0.09918811917304993, 0.0]|[0.016506599262356758, 0.022264979779720306, 0.9996158480644226]|[[2827.300073606339, 0.0, 1993.2574097262354], [0.0, 2852.2438974589363, 1443.3722632010733], [0.0, 0.0, 1.0]]
509|509|4|Weasly Fish|0.31|0.2815210476848549|1.0963183641433716|1955.2718505859375;1249.7647705078127|43|[-0.03177405893802643, -0.09918811917304993, 0.0]|[0.016506599262356758, 0.022264979779720306, 0.9996158480644226]|[[2827.300073606339, 0.0, 1993.2574097262354], [0.0, 2852.2438974589363, 1443.3722632010733], [0.0, 0.0, 1.0]]
521|521|2|Box|0.15|0.14717413686222328|0.6378580927848816|1977.2753906249998;1108.9287109374998|44|[-0.03127326816320419, -0.09965863823890686, 0.0]|[0.030340705066919327, 0.03847140446305275, 0.9987989068031311]|[[2855.292793016781, 0.0, 2031.7894533541553], [0.0, 2881.0734769839373, 1447.6913944790074], [0.0, 0.0, 1.0]]
521|521|2|Box|0.15|0.1466581989060804|0.7960470914840698|2006.3402099609375;1197.982666015625|44|[-0.03127326816320419, -0.09965863823890686, 0.0]|[0.030340705066919327, 0.03847140446305275, 0.9987989068031311]|[[2855.292793016781, 0.0, 2031.7894533541553], [0.0, 2881.0734769839373, 1447.6913944790074], [0.0, 0.0, 1.0]]
521|521|2|Box|0.15|0.14672092360972|0.9486935138702393|2022.1201171875002;1256.7518310546875|44|[-0.03127326816320419, -0.09965863823890686, 0.0]|[0.030340705066919327, 0.03847140446305275, 0.9987989068031311]|[[2855.292793016781, 0.0, 2031.7894533541553], [0.0, 2881.0734769839373, 1447.6913944790074], [0.0, 0.0, 1.0]]
521|521|2|Box|0.15|0.1480801536640787|1.0880217552185059|2033.7142333984375;1295.6650390625002|44|[-0.03127326816320419, -0.09965863823890686, 0.0]|[0.030340705066919327, 0.03847140446305275, 0.9987989068031311]|[[2855.292793016781, 0.0, 2031.7894533541553], [0.0, 2881.0734769839373, 1447.6913944790074], [0.0, 0.0, 1.0]]
521|521|2|Box|0.15|0.14898937641223559|1.198068380355835|2042.39208984375;1319.521484375|44|[-0.03127326816320419, -0.09965863823890686, 0.0]|[0.030340705066919327, 0.03847140446305275, 0.9987989068031311]|[[2855.292793016781, 0.0, 2031.7894533541553], [0.0, 2881.0734769839373, 1447.6913944790074], [0.0, 0.0, 1.0]]
521|521|2|Box|0.15|0.14766945050794256|1.322865605354309|2049.514404296875;1342.1002197265625|44|[-0.03127326816320419, -0.09965863823890686, 0.0]|[0.030340705066919327, 0.03847140446305275, 0.9987989068031311]|[[2855.292793016781, 0.0, 2031.7894533541553], [0.0, 2881.0734769839373, 1447.6913944790074], [0.0, 0.0, 1.0]]
521|521|2|Box|0.15|0.14687594387087757|1.4719486236572266|2056.034423828125;1364.197021484375|44|[-0.03127326816320419, -0.09965863823890686, 0.0]|[0.030340705066919327, 0.03847140446305275, 0.9987989068031311]|[[2855.292793016781, 0.0, 2031.7894533541553], [0.0, 2881.0734769839373, 1447.6913944790074], [0.0, 0.0, 1.0]]
521|521|2|Box|0.15|0.14595499463792472|1.5607309341430664|2060.1884765625005;1375.0601806640625|44|[-0.03127326816320419, -0.09965863823890686, 0.0]|[0.030340705066919327, 0.03847140446305275, 0.9987989068031311]|[[2855.292793016781, 0.0, 2031.7894533541553], [0.0, 2881.0734769839373, 1447.6913944790074], [0.0, 0.0, 1.0]]
521|521|2|Box|0.15|0.15028470451951492|1.5163673162460327|2057.9885253906255;1369.849365234375|44|[-0.03127326816320419, -0.09965863823890686, 0.0]|[0.030340705066919327, 0.03847140446305275, 0.9987989068031311]|[[2855.292793016781, 0.0, 2031.7894533541553], [0.0, 2881.0734769839373, 1447.6913944790074], [0.0, 0.0, 1.0]]
521|521|2|Box|0.15|0.14782283830500606|1.6453076601028442|2062.140869140625;1384.8590087890625|44|[-0.03127326816320419, -0.09965863823890686, 0.0]|[0.030340705066919327, 0.03847140446305275, 0.9987989068031311]|[[2855.292793016781, 0.0, 2031.7894533541553], [0.0, 2881.0734769839373, 1447.6913944790074], [0.0, 0.0, 1.0]]
521|521|2|Box|0.15|0.14723173704917164|1.8104599714279175|2066.074462890625;1401.1237792968752|44|[-0.03127326816320419, -0.09965863823890686, 0.0]|[0.030340705066919327, 0.03847140446305275, 0.9987989068031311]|[[2855.292793016781, 0.0, 2031.7894533541553], [0.0, 2881.0734769839373, 1447.6913944790074], [0.0, 0.0, 1.0]]
521|521|2|Box|0.15|0.14711736065686576|1.9591946601867676|2069.8984375000005;1413.155517578125|44|[-0.03127326816320419, -0.09965863823890686, 0.0]|[0.030340705066919327, 0.03847140446305275, 0.9987989068031311]|[[2855.292793016781, 0.0, 2031.7894533541553], [0.0, 2881.0734769839373, 1447.6913944790074], [0.0, 0.0, 1.0]]
521|521|2|Box|0.15|0.14795738562975957|2.2561590671539307|2076.171875;1432.341064453125|44|[-0.03127326816320419, -0.09965863823890686, 0.0]|[0.030340705066919327, 0.03847140446305275, 0.9987989068031311]|[[2855.292793016781, 0.0, 2031.7894533541553], [0.0, 2881.0734769839373, 1447.6913944790074], [0.0, 0.0, 1.0]]
521|521|2|Box|0.15|0.14582648622575878|2.392134189605713|2078.19091796875;1439.6663818359375|44|[-0.03127326816320419, -0.09965863823890686, 0.0]|[0.030340705066919327, 0.03847140446305275, 0.9987989068031311]|[[2855.292793016781, 0.0, 2031.7894533541553], [0.0, 2881.0734769839373, 1447.6913944790074], [0.0, 0.0, 1.0]]
521|521|2|Box|0.15|0.145801262642142|2.5170657634735107|2080.197265625;1445.5858154296875|44|[-0.03127326816320419, -0.09965863823890686, 0.0]|[0.030340705066919327, 0.03847140446305275, 0.9987989068031311]|[[2855.292793016781, 0.0, 2031.7894533541553], [0.0, 2881.0734769839373, 1447.6913944790074], [0.0, 0.0, 1.0]]
521|521|2|Box|0.15|0.14620451638036588|2.6124770641326904|2081.3828125;1449.780517578125|44|[-0.03127326816320419, -0.09965863823890686, 0.0]|[0.030340705066919327, 0.03847140446305275, 0.9987989068031311]|[[2855.292793016781, 0.0, 2031.7894533541553], [0.0, 2881.0734769839373, 1447.6913944790074], [0.0, 0.0, 1.0]]
521|521|2|Box|0.15|0.14370477194532272|2.716437816619873|2082.3681640625;1454.124755859375|44|[-0.03127326816320419, -0.09965863823890686, 0.0]|[0.030340705066919327, 0.03847140446305275, 0.9987989068031311]|[[2855.292793016781, 0.0, 2031.7894533541553], [0.0, 2881.0734769839373, 1447.6913944790074], [0.0, 0.0, 1.0]]
521|521|2|Box|0.15|0.145183483687217|2.8030667304992676|2083.380615234375;1457.3997802734375|44|[-0.03127326816320419, -0.09965863823890686, 0.0]|[0.030340705066919327, 0.03847140446305275, 0.9987989068031311]|[[2855.292793016781, 0.0, 2031.7894533541553], [0.0, 2881.0734769839373, 1447.6913944790074], [0.0, 0.0, 1.0]]
521|521|2|Box|0.15|0.1489115854877736|2.946667432785034|2086.2541503906245;1461.89013671875|44|[-0.03127326816320419, -0.09965863823890686, 0.0]|[0.030340705066919327, 0.03847140446305275, 0.9987989068031311]|[[2855.292793016781, 0.0, 2031.7894533541553], [0.0, 2881.0734769839373, 1447.6913944790074], [0.0, 0.0, 1.0]]
521|521|2|Box|0.15|0.14785519998013388|3.0375990867614746|2086.527099609375;1465.0537109375|44|[-0.03127326816320419, -0.09965863823890686, 0.0]|[0.030340705066919327, 0.03847140446305275, 0.9987989068031311]|[[2855.292793016781, 0.0, 2031.7894533541553], [0.0, 2881.0734769839373, 1447.6913944790074], [0.0, 0.0, 1.0]]
521|521|2|Box|0.15|0.14646485790399974|3.137911081314087|2087.2661132812495;1468.139892578125|44|[-0.03127326816320419, -0.09965863823890686, 0.0]|[0.030340705066919327, 0.03847140446305275, 0.9987989068031311]|[[2855.292793016781, 0.0, 2031.7894533541553], [0.0, 2881.0734769839373, 1447.6913944790074], [0.0, 0.0, 1.0]]
521|521|2|Box|0.15|0.14568384034934637|3.282461166381836|2088.378173828125;1472.2252197265625|44|[-0.03127326816320419, -0.09965863823890686, 0.0]|[0.030340705066919327, 0.03847140446305275, 0.9987989068031311]|[[2855.292793016781, 0.0, 2031.7894533541553], [0.0, 2881.0734769839373, 1447.6913944790074], [0.0, 0.0, 1.0]]
521|521|2|Box|0.15|0.14672819483614907|3.405020236968994|2090.06103515625;1475.10546875|44|[-0.03127326816320419, -0.09965863823890686, 0.0]|[0.030340705066919327, 0.03847140446305275, 0.9987989068031311]|[[2855.292793016781, 0.0, 2031.7894533541553], [0.0, 2881.0734769839373, 1447.6913944790074], [0.0, 0.0, 1.0]]
521|521|2|Box|0.15|0.1455308761572544|3.5327889919281006|2090.4467773437495;1478.4095458984375|44|[-0.03127326816320419, -0.09965863823890686, 0.0]|[0.030340705066919327, 0.03847140446305275, 0.9987989068031311]|[[2855.292793016781, 0.0, 2031.7894533541553], [0.0, 2881.0734769839373, 1447.6913944790074], [0.0, 0.0, 1.0]]
521|521|2|Box|0.15|0.14653154053569586|3.7489004135131836|2092.4743652343745;1482.866943359375|44|[-0.03127326816320419, -0.09965863823890686, 0.0]|[0.030340705066919327, 0.03847140446305275, 0.9987989068031311]|[[2855.292793016781, 0.0, 2031.7894533541553], [0.0, 2881.0734769839373, 1447.6913944790074], [0.0, 0.0, 1.0]]
521|521|2|Box|0.15|0.14721098645557687|3.896592855453491|2094.2900390625005;1485.4073486328125|44|[-0.03127326816320419, -0.09965863823890686, 0.0]|[0.030340705066919327, 0.03847140446305275, 0.9987989068031311]|[[2855.292793016781, 0.0, 2031.7894533541553], [0.0, 2881.0734769839373, 1447.6913944790074], [0.0, 0.0, 1.0]]
521|521|2|Box|0.15|0.14764712464903904|3.944823980331421|2093.1948242187495;1486.8236083984375|44|[-0.03127326816320419, -0.09965863823890686, 0.0]|[0.030340705066919327, 0.03847140446305275, 0.9987989068031311]|[[2855.292793016781, 0.0, 2031.7894533541553], [0.0, 2881.0734769839373, 1447.6913944790074], [0.0, 0.0, 1.0]]
521|521|2|Box|0.15|0.14583886660260445|4.00343656539917|2093.861328125;1487.7630615234375|44|[-0.03127326816320419, -0.09965863823890686, 0.0]|[0.030340705066919327, 0.03847140446305275, 0.9987989068031311]|[[2855.292793016781, 0.0, 2031.7894533541553], [0.0, 2881.0734769839373, 1447.6913944790074], [0.0, 0.0, 1.0]]
521|521|2|Box|0.15|0.14544661083382343|4.061800479888916|2094.147216796875;1488.83984375|44|[-0.03127326816320419, -0.09965863823890686, 0.0]|[0.030340705066919327, 0.03847140446305275, 0.9987989068031311]|[[2855.292793016781, 0.0, 2031.7894533541553], [0.0, 2881.0734769839373, 1447.6913944790074], [0.0, 0.0, 1.0]]
521|521|2|Box|0.15|0.14728706218848397|2.2599480152130127|2075.2697753906245;1432.923583984375|44|[-0.03127326816320419, -0.09965863823890686, 0.0]|[0.030340705066919327, 0.03847140446305275, 0.9987989068031311]|[[2855.292793016781, 0.0, 2031.7894533541553], [0.0, 2881.0734769839373, 1447.6913944790074], [0.0, 0.0, 1.0]]
521|521|2|Box|0.15|0.1470676748919227|2.1248905658721924|2073.51904296875;1424.55517578125|44|[-0.03127326816320419, -0.09965863823890686, 0.0]|[0.030340705066919327, 0.03847140446305275, 0.9987989068031311]|[[2855.292793016781, 0.0, 2031.7894533541553], [0.0, 2881.0734769839373, 1447.6913944790074], [0.0, 0.0, 1.0]]
521|521|2|Box|0.15|0.14653795853220913|1.9624197483062744|2069.363525390625;1413.610107421875|44|[-0.03127326816320419, -0.09965863823890686, 0.0]|[0.030340705066919327, 0.03847140446305275, 0.9987989068031311]|[[2855.292793016781, 0.0, 2031.7894533541553], [0.0, 2881.0734769839373, 1447.6913944790074], [0.0, 0.0, 1.0]]
521|521|2|Box|0.15|0.14862031750236585|1.8095403909683228|2065.826171875;1401.12841796875|44|[-0.03127326816320419, -0.09965863823890686, 0.0]|[0.030340705066919327, 0.03847140446305275, 0.9987989068031311]|[[2855.292793016781, 0.0, 2031.7894533541553], [0.0, 2881.0734769839373, 1447.6913944790074], [0.0, 0.0, 1.0]]
521|521|2|Box|0.15|0.1477700589481602|1.653003454208374|2061.9057617187505;1385.8304443359375|44|[-0.03127326816320419, -0.09965863823890686, 0.0]|[0.030340705066919327, 0.03847140446305275, 0.9987989068031311]|[[2855.292793016781, 0.0, 2031.7894533541553], [0.0, 2881.0734769839373, 1447.6913944790074], [0.0, 0.0, 1.0]]
521|521|2|Box|0.15|0.14854014821038009|1.5008093118667603|2057.19921875;1367.947021484375|44|[-0.03127326816320419, -0.09965863823890686, 0.0]|[0.030340705066919327, 0.03847140446305275, 0.9987989068031311]|[[2855.292793016781, 0.0, 2031.7894533541553], [0.0, 2881.0734769839373, 1447.6913944790074], [0.0, 0.0, 1.0]]
521|521|2|Box|0.15|0.14736804274579524|1.3564339876174927|2050.3381347656255;1347.765869140625|44|[-0.03127326816320419, -0.09965863823890686, 0.0]|[0.030340705066919327, 0.03847140446305275, 0.9987989068031311]|[[2855.292793016781, 0.0, 2031.7894533541553], [0.0, 2881.0734769839373, 1447.6913944790074], [0.0, 0.0, 1.0]]
521|521|2|Box|0.15|0.14815735606571254|1.1879570484161377|2041.6844482421875;1317.50927734375|44|[-0.03127326816320419, -0.09965863823890686, 0.0]|[0.030340705066919327, 0.03847140446305275, 0.9987989068031311]|[[2855.292793016781, 0.0, 2031.7894533541553], [0.0, 2881.0734769839373, 1447.6913944790074], [0.0, 0.0, 1.0]]
521|521|2|Box|0.15|0.1487385587459798|1.0121310949325562|2028.1146240234377;1275.6865234375|44|[-0.03127326816320419, -0.09965863823890686, 0.0]|[0.030340705066919327, 0.03847140446305275, 0.9987989068031311]|[[2855.292793016781, 0.0, 2031.7894533541553], [0.0, 2881.0734769839373, 1447.6913944790074], [0.0, 0.0, 1.0]]
521|521|2|Box|0.15|0.14708660998053186|0.8616189360618591|2012.4228515625002;1226.2237548828125|44|[-0.03127326816320419, -0.09965863823890686, 0.0]|[0.030340705066919327, 0.03847140446305275, 0.9987989068031311]|[[2855.292793016781, 0.0, 2031.7894533541553], [0.0, 2881.0734769839373, 1447.6913944790074], [0.0, 0.0, 1.0]]
521|521|2|Box|0.15|0.14643511677526877|0.7047082781791687|1989.0374755859375;1152.1275634765625|44|[-0.03127326816320419, -0.09965863823890686, 0.0]|[0.030340705066919327, 0.03847140446305275, 0.9987989068031311]|[[2855.292793016781, 0.0, 2031.7894533541553], [0.0, 2881.0734769839373, 1447.6913944790074], [0.0, 0.0, 1.0]]
521|521|2|Box|0.15|0.14634075729712617|0.5582205653190613|1956.5340576171875;1044.9554443359375|44|[-0.03127326816320419, -0.09965863823890686, 0.0]|[0.030340705066919327, 0.03847140446305275, 0.9987989068031311]|[[2855.292793016781, 0.0, 2031.7894533541553], [0.0, 2881.0734769839373, 1447.6913944790074], [0.0, 0.0, 1.0]]
521|521|2|Box|0.15|0.1397266743564809|0.4227710962295532|1905.5753173828125;880.0693359374999|44|[-0.03127326816320419, -0.09965863823890686, 0.0]|[0.030340705066919327, 0.03847140446305275, 0.9987989068031311]|[[2855.292793016781, 0.0, 2031.7894533541553], [0.0, 2881.0734769839373, 1447.6913944790074], [0.0, 0.0, 1.0]]
521|521|2|Box|0.15|0.29282495564484967|0.5951319336891174|1967.5279541015625;1076.5135498046875|44|[-0.03127326816320419, -0.09965863823890686, 0.0]|[0.030340705066919327, 0.03847140446305275, 0.9987989068031311]|[[2855.292793016781, 0.0, 2031.7894533541553], [0.0, 2881.0734769839373, 1447.6913944790074], [0.0, 0.0, 1.0]]
521|521|2|Box|0.15|0.2999499830811703|0.6676052808761597|1983.089599609375;1129.1213378906252|44|[-0.03127326816320419, -0.09965863823890686, 0.0]|[0.030340705066919327, 0.03847140446305275, 0.9987989068031311]|[[2855.292793016781, 0.0, 2031.7894533541553], [0.0, 2881.0734769839373, 1447.6913944790074], [0.0, 0.0, 1.0]]
521|521|2|Box|0.15|0.29883306419157063|0.9839628338813782|2026.982177734375;1267.1105957031252|44|[-0.03127326816320419, -0.09965863823890686, 0.0]|[0.030340705066919327, 0.03847140446305275, 0.9987989068031311]|[[2855.292793016781, 0.0, 2031.7894533541553], [0.0, 2881.0734769839373, 1447.6913944790074], [0.0, 0.0, 1.0]]
521|521|2|Box|0.15|0.30352188100368416|1.4633145332336426|2055.619384765625;1363.0718994140625|44|[-0.03127326816320419, -0.09965863823890686, 0.0]|[0.030340705066919327, 0.03847140446305275, 0.9987989068031311]|[[2855.292793016781, 0.0, 2031.7894533541553], [0.0, 2881.0734769839373, 1447.6913944790074], [0.0, 0.0, 1.0]]
521|521|2|Weasly Fish|0.31|0.2997724968121083|2.283416271209717|2077.4533691406255;1433.5712890625|44|[-0.03127326816320419, -0.09965863823890686, 0.0]|[0.030340705066919327, 0.03847140446305275, 0.9987989068031311]|[[2855.292793016781, 0.0, 2031.7894533541553], [0.0, 2881.0734769839373, 1447.6913944790074], [0.0, 0.0, 1.0]]
495|493|3|Weasly Fish|0.31|0.2910430901789973|0.4176552891731262|1833.4152832031248;840.25634765625|41|[-0.03125511854887009, -0.10032379627227783, 0.0]|[0.007222025655210018, 0.01168202143162489, 0.9999056458473206]|[[2832.88718694667, 0.0, 2027.3101376941806], [0.0, 2857.5529688242154, 1492.5272084030742], [0.0, 0.0, 1.0]]
495|493|3|Weasly Fish|0.31|0.29761192793873215|0.4191906452178955|1835.6527099609375;842.3056640625|41|[-0.03125511854887009, -0.10032379627227783, 0.0]|[0.007222025655210018, 0.01168202143162489, 0.9999056458473206]|[[2832.88718694667, 0.0, 2027.3101376941806], [0.0, 2857.5529688242154, 1492.5272084030742], [0.0, 0.0, 1.0]]
495|493|3|Weasly Fish|0.31|0.29656742820378634|0.4191529154777527|1834.6058349609375;842.5685424804688|41|[-0.03125511854887009, -0.10032379627227783, 0.0]|[0.007222025655210018, 0.01168202143162489, 0.9999056458473206]|[[2832.88718694667, 0.0, 2027.3101376941806], [0.0, 2857.5529688242154, 1492.5272084030742], [0.0, 0.0, 1.0]]
495|493|3|Weasly Fish|0.31|0.3005569530451464|0.40045422315597534|1823.523193359375;811.027099609375|41|[-0.03125511854887009, -0.10032379627227783, 0.0]|[0.007222025655210018, 0.01168202143162489, 0.9999056458473206]|[[2832.88718694667, 0.0, 2027.3101376941806], [0.0, 2857.5529688242154, 1492.5272084030742], [0.0, 0.0, 1.0]]
495|493|3|Weasly Fish|0.31|0.30100102236414217|0.9017617106437683|1947.8992919921873;1208.5382080078127|41|[-0.03125511854887009, -0.10032379627227783, 0.0]|[0.007222025655210018, 0.01168202143162489, 0.9999056458473206]|[[2832.88718694667, 0.0, 2027.3101376941806], [0.0, 2857.5529688242154, 1492.5272084030742], [0.0, 0.0, 1.0]]
495|493|3|Weasly Fish|0.31|0.30288032431731604|1.1997071504592896|1971.7176513671875;1287.6889648437502|41|[-0.03125511854887009, -0.10032379627227783, 0.0]|[0.007222025655210018, 0.01168202143162489, 0.9999056458473206]|[[2832.88718694667, 0.0, 2027.3101376941806], [0.0, 2857.5529688242154, 1492.5272084030742], [0.0, 0.0, 1.0]]
495|493|3|Weasly Fish|0.31|0.3020613190433285|1.4262982606887817|1984.6914062500002;1325.2342529296875|41|[-0.03125511854887009, -0.10032379627227783, 0.0]|[0.007222025655210018, 0.01168202143162489, 0.9999056458473206]|[[2832.88718694667, 0.0, 2027.3101376941806], [0.0, 2857.5529688242154, 1492.5272084030742], [0.0, 0.0, 1.0]]
495|493|3|Weasly Fish|0.31|0.3070802238369791|1.700108289718628|1993.6178309240117;1357.9648707361525|41|[-0.03125511854887009, -0.10032379627227783, 0.0]|[0.007222025655210018, 0.01168202143162489, 0.9999056458473206]|[[2832.88718694667, 0.0, 2027.3101376941806], [0.0, 2857.5529688242154, 1492.5272084030742], [0.0, 0.0, 1.0]]
495|493|3|Weasly Fish|0.31|0.2998515653123681|1.9384467601776123|2003.073974609375;1377.7279052734375|41|[-0.03125511854887009, -0.10032379627227783, 0.0]|[0.007222025655210018, 0.01168202143162489, 0.9999056458473206]|[[2832.88718694667, 0.0, 2027.3101376941806], [0.0, 2857.5529688242154, 1492.5272084030742], [0.0, 0.0, 1.0]]
495|493|3|Weasly Fish|0.31|0.30098870840243136|2.2928950786590576|2007.5491943359375;1401.4046630859375|41|[-0.03125511854887009, -0.10032379627227783, 0.0]|[0.007222025655210018, 0.01168202143162489, 0.9999056458473206]|[[2832.88718694667, 0.0, 2027.3101376941806], [0.0, 2857.5529688242154, 1492.5272084030742], [0.0, 0.0, 1.0]]
495|493|3|Weasly Fish|0.31|0.30307314258048484|2.652458667755127|2015.06494140625;1417.6163330078125|41|[-0.03125511854887009, -0.10032379627227783, 0.0]|[0.007222025655210018, 0.01168202143162489, 0.9999056458473206]|[[2832.88718694667, 0.0, 2027.3101376941806], [0.0, 2857.5529688242154, 1492.5272084030742], [0.0, 0.0, 1.0]]
495|493|3|Weasly Fish|0.31|0.30661927051806803|2.9270501136779785|2016.2774658203123;1428.381591796875|41|[-0.03125511854887009, -0.10032379627227783, 0.0]|[0.007222025655210018, 0.01168202143162489, 0.9999056458473206]|[[2832.88718694667, 0.0, 2027.3101376941806], [0.0, 2857.5529688242154, 1492.5272084030742], [0.0, 0.0, 1.0]]
495|493|3|Weasly Fish|0.31|0.30296412854915356|2.9957401752471924|2018.6754150390623;1430.07275390625|41|[-0.03125511854887009, -0.10032379627227783, 0.0]|[0.007222025655210018, 0.01168202143162489, 0.9999056458473206]|[[2832.88718694667, 0.0, 2027.3101376941806], [0.0, 2857.5529688242154, 1492.5272084030742], [0.0, 0.0, 1.0]]
495|493|3|Weasly Fish|0.31|0.3066960926486423|3.249861001968384|2020.3094482421875;1437.7635498046875|41|[-0.03125511854887009, -0.10032379627227783, 0.0]|[0.007222025655210018, 0.01168202143162489, 0.9999056458473206]|[[2832.88718694667, 0.0, 2027.3101376941806], [0.0, 2857.5529688242154, 1492.5272084030742], [0.0, 0.0, 1.0]]
495|493|3|Weasly Fish|0.31|0.30216680576614907|3.2489447593688965|2021.1191406249998;1437.491943359375|41|[-0.03125511854887009, -0.10032379627227783, 0.0]|[0.007222025655210018, 0.01168202143162489, 0.9999056458473206]|[[2832.88718694667, 0.0, 2027.3101376941806], [0.0, 2857.5529688242154, 1492.5272084030742], [0.0, 0.0, 1.0]]
495|493|3|Weasly Fish|0.31|0.3029556612127861|1.9337462186813354|2001.2956542968752;1377.8829345703125|41|[-0.03125511854887009, -0.10032379627227783, 0.0]|[0.007222025655210018, 0.01168202143162489, 0.9999056458473206]|[[2832.88718694667, 0.0, 2027.3101376941806], [0.0, 2857.5529688242154, 1492.5272084030742], [0.0, 0.0, 1.0]]
495|493|3|Weasly Fish|0.31|0.295097474139752|2.5292162895202637|2014.1638183593752;1412.1356201171875|41|[-0.03125511854887009, -0.10032379627227783, 0.0]|[0.007222025655210018, 0.01168202143162489, 0.9999056458473206]|[[2832.88718694667, 0.0, 2027.3101376941806], [0.0, 2857.5529688242154, 1492.5272084030742], [0.0, 0.0, 1.0]]
495|493|3|Weasly Fish|0.31|0.2990450685276468|3.0755457878112793|2018.8170166015627;1432.7530517578125|41|[-0.03125511854887009, -0.10032379627227783, 0.0]|[0.007222025655210018, 0.01168202143162489, 0.9999056458473206]|[[2832.88718694667, 0.0, 2027.3101376941806], [0.0, 2857.5529688242154, 1492.5272084030742], [0.0, 0.0, 1.0]]
495|493|3|Weasly Fish|0.31|0.2992628014153386|3.4870762825012207|2022.44482421875;1443.6710205078125|41|[-0.03125511854887009, -0.10032379627227783, 0.0]|[0.007222025655210018, 0.01168202143162489, 0.9999056458473206]|[[2832.88718694667, 0.0, 2027.3101376941806], [0.0, 2857.5529688242154, 1492.5272084030742], [0.0, 0.0, 1.0]]
495|493|3|Weasly Fish|0.31|0.29520955886394457|1.1400460004806519|1969.2012939453127;1274.73388671875|41|[-0.03125511854887009, -0.10032379627227783, 0.0]|[0.007222025655210018, 0.01168202143162489, 0.9999056458473206]|[[2832.88718694667, 0.0, 2027.3101376941806], [0.0, 2857.5529688242154, 1492.5272084030742], [0.0, 0.0, 1.0]]
495|493|3|Weasly Fish|0.31|0.29752094448161653|1.3628476858139038|1980.9530029296877;1316.160400390625|41|[-0.03125511854887009, -0.10032379627227783, 0.0]|[0.007222025655210018, 0.01168202143162489, 0.9999056458473206]|[[2832.88718694667, 0.0, 2027.3101376941806], [0.0, 2857.5529688242154, 1492.5272084030742], [0.0, 0.0, 1.0]]
495|493|3|Weasly Fish|0.31|0.29676175375709607|1.6710600852966309|1993.7593994140625;1354.6893310546875|41|[-0.03125511854887009, -0.10032379627227783, 0.0]|[0.007222025655210018, 0.01168202143162489, 0.9999056458473206]|[[2832.88718694667, 0.0, 2027.3101376941806], [0.0, 2857.5529688242154, 1492.5272084030742], [0.0, 0.0, 1.0]]
495|493|3|Weasly Fish|0.31|0.29752674077330943|1.7630786895751953|1996.9256591796875;1363.5067138671875|41|[-0.03125511854887009, -0.10032379627227783, 0.0]|[0.007222025655210018, 0.01168202143162489, 0.9999056458473206]|[[2832.88718694667, 0.0, 2027.3101376941806], [0.0, 2857.5529688242154, 1492.5272084030742], [0.0, 0.0, 1.0]]
495|493|3|Weasly Fish|0.31|0.29540605101977124|2.0836095809936523|2004.13623046875;1388.684326171875|41|[-0.03125511854887009, -0.10032379627227783, 0.0]|[0.007222025655210018, 0.01168202143162489, 0.9999056458473206]|[[2832.88718694667, 0.0, 2027.3101376941806], [0.0, 2857.5529688242154, 1492.5272084030742], [0.0, 0.0, 1.0]]
495|493|3|Weasly Fish|0.31|0.2992479935507355|2.52707839012146|2011.4577636718752;1412.8638916015625|41|[-0.03125511854887009, -0.10032379627227783, 0.0]|[0.007222025655210018, 0.01168202143162489, 0.9999056458473206]|[[2832.88718694667, 0.0, 2027.3101376941806], [0.0, 2857.5529688242154, 1492.5272084030742], [0.0, 0.0, 1.0]]
495|493|3|Weasly Fish|0.31|0.2953447408397533|2.9088735580444336|2017.4825439453123;1427.3045654296875|41|[-0.03125511854887009, -0.10032379627227783, 0.0]|[0.007222025655210018, 0.01168202143162489, 0.9999056458473206]|[[2832.88718694667, 0.0, 2027.3101376941806], [0.0, 2857.5529688242154, 1492.5272084030742], [0.0, 0.0, 1.0]]
495|493|3|Weasly Fish|0.31|0.29540491750074954|3.3495728969573975|2020.4814453125;1440.598388671875|41|[-0.03125511854887009, -0.10032379627227783, 0.0]|[0.007222025655210018, 0.01168202143162489, 0.9999056458473206]|[[2832.88718694667, 0.0, 2027.3101376941806], [0.0, 2857.5529688242154, 1492.5272084030742], [0.0, 0.0, 1.0]]
495|493|3|Weasly Fish|0.31|0.3030908291834887|3.3701508045196533|2020.2548828125002;1441.2497558593752|41|[-0.03125511854887009, -0.10032379627227783, 0.0]|[0.007222025655210018, 0.01168202143162489, 0.9999056458473206]|[[2832.88718694667, 0.0, 2027.3101376941806], [0.0, 2857.5529688242154, 1492.5272084030742], [0.0, 0.0, 1.0]]
103|83|10|Snook|0.455|0.4302820424719551|1.9747673273086548|2046.9019724702987;1370.7521755131818|21|[-0.029473014175891876, -0.09940780699253082, 0.0]|[0.02901473641395569, 0.013735744170844555, 0.9994845986366272]|[[2841.3712142828917, 0.0, 2004.355023481056], [0.0, 2863.7600731700495, 1476.2484742699291], [0.0, 0.0, 1.0]]
103|83|10|Snook|0.455|0.4342506637741566|1.9903590679168701|2045.2318770794716;1372.435944232303|21|[-0.029473014175891876, -0.09940780699253082, 0.0]|[0.02901473641395569, 0.013735744170844555, 0.9994845986366272]|[[2841.3712142828917, 0.0, 2004.355023481056], [0.0, 2863.7600731700495, 1476.2484742699291], [0.0, 0.0, 1.0]]
103|83|10|Snook|0.455|0.42985453437533555|1.9745104312896729|2044.7600529221181;1371.3084634450859|21|[-0.029473014175891876, -0.09940780699253082, 0.0]|[0.02901473641395569, 0.013735744170844555, 0.9994845986366272]|[[2841.3712142828917, 0.0, 2004.355023481056], [0.0, 2863.7600731700495, 1476.2484742699291], [0.0, 0.0, 1.0]]
103|83|10|Snook|0.455|0.4386979365190885|2.0090668201446533|2046.6288985016786;1373.4792450683992|21|[-0.029473014175891876, -0.09940780699253082, 0.0]|[0.02901473641395569, 0.013735744170844555, 0.9994845986366272]|[[2841.3712142828917, 0.0, 2004.355023481056], [0.0, 2863.7600731700495, 1476.2484742699291], [0.0, 0.0, 1.0]]
103|83|10|Snook|0.455|0.43031473936571896|1.9724632501602173|2046.9947011738122;1370.533183218332|21|[-0.029473014175891876, -0.09940780699253082, 0.0]|[0.02901473641395569, 0.013735744170844555, 0.9994845986366272]|[[2841.3712142828917, 0.0, 2004.355023481056], [0.0, 2863.7600731700495, 1476.2484742699291], [0.0, 0.0, 1.0]]
103|83|10|Snook|0.455|0.435453896151045|1.9986625909805298|2046.0741444462728;1372.8253511385237|21|[-0.029473014175891876, -0.09940780699253082, 0.0]|[0.02901473641395569, 0.013735744170844555, 0.9994845986366272]|[[2841.3712142828917, 0.0, 2004.355023481056], [0.0, 2863.7600731700495, 1476.2484742699291], [0.0, 0.0, 1.0]]
103|83|10|Snook|0.455|0.4265746490876484|1.9879965782165527|2045.9861629276907;1372.0303380917294|21|[-0.029473014175891876, -0.09940780699253082, 0.0]|[0.02901473641395569, 0.013735744170844555, 0.9994845986366272]|[[2841.3712142828917, 0.0, 2004.355023481056], [0.0, 2863.7600731700495, 1476.2484742699291], [0.0, 0.0, 1.0]]
103|83|10|Snook|0.455|0.4263782334918789|1.9539556503295898|2043.1749115554321;1370.1411688254168|21|[-0.029473014175891876, -0.09940780699253082, 0.0]|[0.02901473641395569, 0.013735744170844555, 0.9994845986366272]|[[2841.3712142828917, 0.0, 2004.355023481056], [0.0, 2863.7600731700495, 1476.2484742699291], [0.0, 0.0, 1.0]]
103|83|10|Snook|0.455|0.4201141911818097|1.9234601259231567|2044.4673595064705;1367.258168471665|21|[-0.029473014175891876, -0.09940780699253082, 0.0]|[0.02901473641395569, 0.013735744170844555, 0.9994845986366272]|[[2841.3712142828917, 0.0, 2004.355023481056], [0.0, 2863.7600731700495, 1476.2484742699291], [0.0, 0.0, 1.0]]
103|83|10|Snook|0.455|0.4377004364488648|2.0075392723083496|2044.9940425207235;1373.8323635152528|21|[-0.029473014175891876, -0.09940780699253082, 0.0]|[0.02901473641395569, 0.013735744170844555, 0.9994845986366272]|[[2841.3712142828917, 0.0, 2004.355023481056], [0.0, 2863.7600731700495, 1476.2484742699291], [0.0, 0.0, 1.0]]
103|83|10|Snook|0.455|0.43358848532960287|1.988552212715149|2046.5329088687895;1371.9181704748912|21|[-0.029473014175891876, -0.09940780699253082, 0.0]|[0.02901473641395569, 0.013735744170844555, 0.9994845986366272]|[[2841.3712142828917, 0.0, 2004.355023481056], [0.0, 2863.7600731700495, 1476.2484742699291], [0.0, 0.0, 1.0]]
103|83|10|Snook|0.455|0.4344478187924547|1.9865585565567017|2046.1129811867322;1371.8857247992526|21|[-0.029473014175891876, -0.09940780699253082, 0.0]|[0.02901473641395569, 0.013735744170844555, 0.9994845986366272]|[[2841.3712142828917, 0.0, 2004.355023481056], [0.0, 2863.7600731700495, 1476.2484742699291], [0.0, 0.0, 1.0]]
103|83|10|Snook|0.455|0.43584800160657583|2.005121946334839|2045.7810755564963;1373.421837099478|21|[-0.029473014175891876, -0.09940780699253082, 0.0]|[0.02901473641395569, 0.013735744170844555, 0.9994845986366272]|[[2841.3712142828917, 0.0, 2004.355023481056], [0.0, 2863.7600731700495, 1476.2484742699291], [0.0, 0.0, 1.0]]
103|83|10|Snook|0.455|0.42494192555399113|1.9564919471740723|2045.3287746991134;1369.7120226979866|21|[-0.029473014175891876, -0.09940780699253082, 0.0]|[0.02901473641395569, 0.013735744170844555, 0.9994845986366272]|[[2841.3712142828917, 0.0, 2004.355023481056], [0.0, 2863.7600731700495, 1476.2484742699291], [0.0, 0.0, 1.0]]
103|83|10|Snook|0.455|0.4333144926491481|1.9959717988967896|2046.173034002849;1372.5913192932735|21|[-0.029473014175891876, -0.09940780699253082, 0.0]|[0.02901473641395569, 0.013735744170844555, 0.9994845986366272]|[[2841.3712142828917, 0.0, 2004.355023481056], [0.0, 2863.7600731700495, 1476.2484742699291], [0.0, 0.0, 1.0]]
103|83|10|Snook|0.455|0.4260295543850683|1.9550890922546387|2044.6730371831054;1369.7870172695239|21|[-0.029473014175891876, -0.09940780699253082, 0.0]|[0.02901473641395569, 0.013735744170844555, 0.9994845986366272]|[[2841.3712142828917, 0.0, 2004.355023481056], [0.0, 2863.7600731700495, 1476.2484742699291], [0.0, 0.0, 1.0]]
103|83|10|Snook|0.455|0.4361361120222546|2.002323627471924|2049.3866117941498;1372.2621672158125|21|[-0.029473014175891876, -0.09940780699253082, 0.0]|[0.02901473641395569, 0.013735744170844555, 0.9994845986366272]|[[2841.3712142828917, 0.0, 2004.355023481056], [0.0, 2863.7600731700495, 1476.2484742699291], [0.0, 0.0, 1.0]]
103|83|10|Snook|0.455|0.4352251113478386|1.997839331626892|2045.697840699508;1372.871490047562|21|[-0.029473014175891876, -0.09940780699253082, 0.0]|[0.02901473641395569, 0.013735744170844555, 0.9994845986366272]|[[2841.3712142828917, 0.0, 2004.355023481056], [0.0, 2863.7600731700495, 1476.2484742699291], [0.0, 0.0, 1.0]]
103|83|10|Snook|0.455|0.426903392609822|1.9652091264724731|2044.9290947960108;1370.5331043356298|21|[-0.029473014175891876, -0.09940780699253082, 0.0]|[0.02901473641395569, 0.013735744170844555, 0.9994845986366272]|[[2841.3712142828917, 0.0, 2004.355023481056], [0.0, 2863.7600731700495, 1476.2484742699291], [0.0, 0.0, 1.0]]
103|83|10|Snook|0.455|0.42492108328665096|1.9485887289047241|2045.6928298836367;1368.9753593803948|21|[-0.029473014175891876, -0.09940780699253082, 0.0]|[0.02901473641395569, 0.013735744170844555, 0.9994845986366272]|[[2841.3712142828917, 0.0, 2004.355023481056], [0.0, 2863.7600731700495, 1476.2484742699291], [0.0, 0.0, 1.0]]
103|83|10|Snook|0.455|0.4268184764493684|1.9343336820602417|2045.2823091248295;1367.9302908669679|21|[-0.029473014175891876, -0.09940780699253082, 0.0]|[0.02901473641395569, 0.013735744170844555, 0.9994845986366272]|[[2841.3712142828917, 0.0, 2004.355023481056], [0.0, 2863.7600731700495, 1476.2484742699291], [0.0, 0.0, 1.0]]
103|83|10|Snook|0.455|0.4242807018974424|1.9268907308578491|2045.5865604872345;1367.2387524302294|21|[-0.029473014175891876, -0.09940780699253082, 0.0]|[0.02901473641395569, 0.013735744170844555, 0.9994845986366272]|[[2841.3712142828917, 0.0, 2004.355023481056], [0.0, 2863.7600731700495, 1476.2484742699291], [0.0, 0.0, 1.0]]
103|83|10|Snook|0.455|0.43025798741950716|1.9436391592025757|2045.8825667122148;1368.5376878111442|21|[-0.029473014175891876, -0.09940780699253082, 0.0]|[0.02901473641395569, 0.013735744170844555, 0.9994845986366272]|[[2841.3712142828917, 0.0, 2004.355023481056], [0.0, 2863.7600731700495, 1476.2484742699291], [0.0, 0.0, 1.0]]
103|83|10|Snook|0.455|0.41893287663412626|1.9051281213760376|2046.0416077536047;1365.2963765069508|21|[-0.029473014175891876, -0.09940780699253082, 0.0]|[0.02901473641395569, 0.013735744170844555, 0.9994845986366272]|[[2841.3712142828917, 0.0, 2004.355023481056], [0.0, 2863.7600731700495, 1476.2484742699291], [0.0, 0.0, 1.0]]
103|83|10|Snook|0.455|0.41823640728194156|1.8996065855026245|2044.7943410183987;1365.1536728834583|21|[-0.029473014175891876, -0.09940780699253082, 0.0]|[0.02901473641395569, 0.013735744170844555, 0.9994845986366272]|[[2841.3712142828917, 0.0, 2004.355023481056], [0.0, 2863.7600731700495, 1476.2484742699291], [0.0, 0.0, 1.0]]
103|83|10|Snook|0.455|0.427032473220978|1.9353631734848022|2045.34589978112;1367.9961176040738|21|[-0.029473014175891876, -0.09940780699253082, 0.0]|[0.02901473641395569, 0.013735744170844555, 0.9994845986366272]|[[2841.3712142828917, 0.0, 2004.355023481056], [0.0, 2863.7600731700495, 1476.2484742699291], [0.0, 0.0, 1.0]]
103|83|10|Snook|0.455|0.4315396177841473|1.9627685546875|2045.2921439744791;1370.2303599361978|21|[-0.029473014175891876, -0.09940780699253082, 0.0]|[0.02901473641395569, 0.013735744170844555, 0.9994845986366272]|[[2841.3712142828917, 0.0, 2004.355023481056], [0.0, 2863.7600731700495, 1476.2484742699291], [0.0, 0.0, 1.0]]
103|83|10|Snook|0.455|0.4285430135760133|1.95634126663208|2045.2569876945404;1369.7255789746675|21|[-0.029473014175891876, -0.09940780699253082, 0.0]|[0.02901473641395569, 0.013735744170844555, 0.9994845986366272]|[[2841.3712142828917, 0.0, 2004.355023481056], [0.0, 2863.7600731700495, 1476.2484742699291], [0.0, 0.0, 1.0]]
103|83|10|Snook|0.455|0.43458028552001354|1.981270670890808|2045.321512716852;1371.6986825067734|21|[-0.029473014175891876, -0.09940780699253082, 0.0]|[0.02901473641395569, 0.013735744170844555, 0.9994845986366272]|[[2841.3712142828917, 0.0, 2004.355023481056], [0.0, 2863.7600731700495, 1476.2484742699291], [0.0, 0.0, 1.0]]
103|83|10|Snook|0.455|0.41913947453751116|1.9183882474899292|2042.5518555063652;1367.396158395492|21|[-0.029473014175891876, -0.09940780699253082, 0.0]|[0.02901473641395569, 0.013735744170844555, 0.9994845986366272]|[[2841.3712142828917, 0.0, 2004.355023481056], [0.0, 2863.7600731700495, 1476.2484742699291], [0.0, 0.0, 1.0]]
103|83|10|Snook|0.455|0.4255352492565901|1.9377940893173218|2046.4181024496108;1367.9201036085844|21|[-0.029473014175891876, -0.09940780699253082, 0.0]|[0.02901473641395569, 0.013735744170844555, 0.9994845986366272]|[[2841.3712142828917, 0.0, 2004.355023481056], [0.0, 2863.7600731700495, 1476.2484742699291], [0.0, 0.0, 1.0]]
103|83|10|Snook|0.455|0.4484117988425659|2.0336103439331055|2048.998266897747;1374.7105719237434|21|[-0.029473014175891876, -0.09940780699253082, 0.0]|[0.02901473641395569, 0.013735744170844555, 0.9994845986366272]|[[2841.3712142828917, 0.0, 2004.355023481056], [0.0, 2863.7600731700495, 1476.2484742699291], [0.0, 0.0, 1.0]]
103|83|10|Snook|0.455|0.4275085999919009|1.9410145282745361|2044.9161571599536;1368.5752773160093|21|[-0.029473014175891876, -0.09940780699253082, 0.0]|[0.02901473641395569, 0.013735744170844555, 0.9994845986366272]|[[2841.3712142828917, 0.0, 2004.355023481056], [0.0, 2863.7600731700495, 1476.2484742699291], [0.0, 0.0, 1.0]]
103|83|10|Snook|0.455|0.4291558305607289|1.948844075202942|2046.4368257768958;1368.8076842266237|21|[-0.029473014175891876, -0.09940780699253082, 0.0]|[0.02901473641395569, 0.013735744170844555, 0.9994845986366272]|[[2841.3712142828917, 0.0, 2004.355023481056], [0.0, 2863.7600731700495, 1476.2484742699291], [0.0, 0.0, 1.0]]
103|83|10|Snook|0.455|0.4252146596590055|1.9301484823226929|2045.6328070242403;1367.4988723840506|21|[-0.029473014175891876, -0.09940780699253082, 0.0]|[0.02901473641395569, 0.013735744170844555, 0.9994845986366272]|[[2841.3712142828917, 0.0, 2004.355023481056], [0.0, 2863.7600731700495, 1476.2484742699291], [0.0, 0.0, 1.0]]
103|83|10|Snook|0.455|0.42707793907147223|1.943916916847229|2046.2572411646875;1368.4558364261156|21|[-0.029473014175891876, -0.09940780699253082, 0.0]|[0.02901473641395569, 0.013735744170844555, 0.9994845986366272]|[[2841.3712142828917, 0.0, 2004.355023481056], [0.0, 2863.7600731700495, 1476.2484742699291], [0.0, 0.0, 1.0]]
103|83|10|Snook|0.455|0.43159980995851294|1.9697589874267578|2045.8537662449842;1370.6301443621091|21|[-0.029473014175891876, -0.09940780699253082, 0.0]|[0.02901473641395569, 0.013735744170844555, 0.9994845986366272]|[[2841.3712142828917, 0.0, 2004.355023481056], [0.0, 2863.7600731700495, 1476.2484742699291], [0.0, 0.0, 1.0]]
103|83|10|Snook|0.455|0.422541758720896|1.9275710582733154|2045.898550270646;1367.2010388156536|21|[-0.029473014175891876, -0.09940780699253082, 0.0]|[0.02901473641395569, 0.013735744170844555, 0.9994845986366272]|[[2841.3712142828917, 0.0, 2004.355023481056], [0.0, 2863.7600731700495, 1476.2484742699291], [0.0, 0.0, 1.0]]
103|83|10|Snook|0.455|0.4241701566708996|1.9383114576339722|2044.6379871302122;1368.433465831857|21|[-0.029473014175891876, -0.09940780699253082, 0.0]|[0.02901473641395569, 0.013735744170844555, 0.9994845986366272]|[[2841.3712142828917, 0.0, 2004.355023481056], [0.0, 2863.7600731700495, 1476.2484742699291], [0.0, 0.0, 1.0]]
103|83|10|Snook|0.455|0.42991010864994766|1.9518758058547974|2045.9578429203873;1369.1692388988693|21|[-0.029473014175891876, -0.09940780699253082, 0.0]|[0.02901473641395569, 0.013735744170844555, 0.9994845986366272]|[[2841.3712142828917, 0.0, 2004.355023481056], [0.0, 2863.7600731700495, 1476.2484742699291], [0.0, 0.0, 1.0]]
103|83|10|Snook|0.455|0.41437592570798704|1.8925312757492065|2045.3222680113117;1364.4171052654524|21|[-0.029473014175891876, -0.09940780699253082, 0.0]|[0.02901473641395569, 0.013735744170844555, 0.9994845986366272]|[[2841.3712142828917, 0.0, 2004.355023481056], [0.0, 2863.7600731700495, 1476.2484742699291], [0.0, 0.0, 1.0]]
103|83|10|Snook|0.455|0.42369115138077096|1.9366520643234253|2045.6825929280856;1368.008568800183|21|[-0.029473014175891876, -0.09940780699253082, 0.0]|[0.02901473641395569, 0.013735744170844555, 0.9994845986366272]|[[2841.3712142828917, 0.0, 2004.355023481056], [0.0, 2863.7600731700495, 1476.2484742699291], [0.0, 0.0, 1.0]]
103|83|10|Snook|0.455|0.4407202683406894|2.0167949199676514|2049.5574346089943;1373.308498302641|21|[-0.029473014175891876, -0.09940780699253082, 0.0]|[0.02901473641395569, 0.013735744170844555, 0.9994845986366272]|[[2841.3712142828917, 0.0, 2004.355023481056], [0.0, 2863.7600731700495, 1476.2484742699291], [0.0, 0.0, 1.0]]
103|83|10|Snook|0.455|0.42092616098638563|1.9245988130569458|2044.9761557325946;1367.2220644465744|21|[-0.029473014175891876, -0.09940780699253082, 0.0]|[0.02901473641395569, 0.013735744170844555, 0.9994845986366272]|[[2841.3712142828917, 0.0, 2004.355023481056], [0.0, 2863.7600731700495, 1476.2484742699291], [0.0, 0.0, 1.0]]
103|83|10|Snook|0.455|0.41690043173025265|1.9114576578140259|2045.148726759277;1366.0703407070787|21|[-0.029473014175891876, -0.09940780699253082, 0.0]|[0.02901473641395569, 0.013735744170844555, 0.9994845986366272]|[[2841.3712142828917, 0.0, 2004.355023481056], [0.0, 2863.7600731700495, 1476.2484742699291], [0.0, 0.0, 1.0]]
103|83|10|Snook|0.455|0.4160242738019215|1.9027365446090698|2044.6512128523977;1365.4531167861626|21|[-0.029473014175891876, -0.09940780699253082, 0.0]|[0.02901473641395569, 0.013735744170844555, 0.9994845986366272]|[[2841.3712142828917, 0.0, 2004.355023481056], [0.0, 2863.7600731700495, 1476.2484742699291], [0.0, 0.0, 1.0]]
103|83|10|Snook|0.455|0.4186020022282279|1.9056169986724854|2044.1969653028486;1365.836442447307|21|[-0.029473014175891876, -0.09940780699253082, 0.0]|[0.02901473641395569, 0.013735744170844555, 0.9994845986366272]|[[2841.3712142828917, 0.0, 2004.355023481056], [0.0, 2863.7600731700495, 1476.2484742699291], [0.0, 0.0, 1.0]]
103|83|10|Snook|0.455|0.42099921850415345|1.9177688360214233|2044.6547340617014;1366.7357477226212|21|[-0.029473014175891876, -0.09940780699253082, 0.0]|[0.02901473641395569, 0.013735744170844555, 0.9994845986366272]|[[2841.3712142828917, 0.0, 2004.355023481056], [0.0, 2863.7600731700495, 1476.2484742699291], [0.0, 0.0, 1.0]]
103|83|10|Snook|0.455|0.4465866993776275|2.0336103439331055|2048.998266897747;1374.7105719237434|21|[-0.029473014175891876, -0.09940780699253082, 0.0]|[0.02901473641395569, 0.013735744170844555, 0.9994845986366272]|[[2841.3712142828917, 0.0, 2004.355023481056], [0.0, 2863.7600731700495, 1476.2484742699291], [0.0, 0.0, 1.0]]
103|83|10|Snook|0.455|0.4225710757560026|1.9296976327896118|2045.818667222111;1367.4071706011307|21|[-0.029473014175891876, -0.09940780699253082, 0.0]|[0.02901473641395569, 0.013735744170844555, 0.9994845986366272]|[[2841.3712142828917, 0.0, 2004.355023481056], [0.0, 2863.7600731700495, 1476.2484742699291], [0.0, 0.0, 1.0]]
103|83|10|Snook|0.455|0.4138718034322142|1.8951879739761353|2043.4488497111784;1365.1536728834583|21|[-0.029473014175891876, -0.09940780699253082, 0.0]|[0.02901473641395569, 0.013735744170844555, 0.9994845986366272]|[[2841.3712142828917, 0.0, 2004.355023481056], [0.0, 2863.7600731700495, 1476.2484742699291], [0.0, 0.0, 1.0]]
103|83|10|Snook|0.455|0.42062853468003336|1.9204020500183105|2045.6500210719187;1366.6780285896405|21|[-0.029473014175891876, -0.09940780699253082, 0.0]|[0.02901473641395569, 0.013735744170844555, 0.9994845986366272]|[[2841.3712142828917, 0.0, 2004.355023481056], [0.0, 2863.7600731700495, 1476.2484742699291], [0.0, 0.0, 1.0]]
103|83|10|Snook|0.455|0.4202095503854272|1.914392352104187|2044.7277453725426;1366.4302815824092|21|[-0.029473014175891876, -0.09940780699253082, 0.0]|[0.02901473641395569, 0.013735744170844555, 0.9994845986366272]|[[2841.3712142828917, 0.0, 2004.355023481056], [0.0, 2863.7600731700495, 1476.2484742699291], [0.0, 0.0, 1.0]]
103|83|10|Snook|0.455|0.42251423315626074|1.9283432960510254|2045.307248575352;1367.4344013046025|21|[-0.029473014175891876, -0.09940780699253082, 0.0]|[0.02901473641395569, 0.013735744170844555, 0.9994845986366272]|[[2841.3712142828917, 0.0, 2004.355023481056], [0.0, 2863.7600731700495, 1476.2484742699291], [0.0, 0.0, 1.0]]
103|83|10|Snook|0.455|0.4158278068403646|1.9067819118499756|2044.2774089319093;1365.9035039765436|21|[-0.029473014175891876, -0.09940780699253082, 0.0]|[0.02901473641395569, 0.013735744170844555, 0.9994845986366272]|[[2841.3712142828917, 0.0, 2004.355023481056], [0.0, 2863.7600731700495, 1476.2484742699291], [0.0, 0.0, 1.0]]
103|83|10|Snook|0.455|0.4100613310720437|1.9072577953338623|2044.991650578588;1365.753137314085|21|[-0.029473014175891876, -0.09940780699253082, 0.0]|[0.02901473641395569, 0.013735744170844555, 0.9994845986366272]|[[2841.3712142828917, 0.0, 2004.355023481056], [0.0, 2863.7600731700495, 1476.2484742699291], [0.0, 0.0, 1.0]]
103|83|10|Snook|0.455|0.4115245989236095|1.9158141613006592|2046.446082431532;1366.0901293285854|21|[-0.029473014175891876, -0.09940780699253082, 0.0]|[0.02901473641395569, 0.013735744170844555, 0.9994845986366272]|[[2841.3712142828917, 0.0, 2004.355023481056], [0.0, 2863.7600731700495, 1476.2484742699291], [0.0, 0.0, 1.0]]
103|83|10|Snook|0.455|0.40729664058554327|1.8954509496688843|2045.0947614230156;1364.720371502932|21|[-0.029473014175891876, -0.09940780699253082, 0.0]|[0.02901473641395569, 0.013735744170844555, 0.9994845986366272]|[[2841.3712142828917, 0.0, 2004.355023481056], [0.0, 2863.7600731700495, 1476.2484742699291], [0.0, 0.0, 1.0]]
103|83|10|Snook|0.455|0.41044785490586866|1.9118216037750244|2044.2191005788773;1366.358939239198|21|[-0.029473014175891876, -0.09940780699253082, 0.0]|[0.02901473641395569, 0.013735744170844555, 0.9994845986366272]|[[2841.3712142828917, 0.0, 2004.355023481056], [0.0, 2863.7600731700495, 1476.2484742699291], [0.0, 0.0, 1.0]]
103|83|10|Snook|0.455|0.4061830611545052|1.889644742012024|2043.7236815409394;1364.6006216185715|21|[-0.029473014175891876, -0.09940780699253082, 0.0]|[0.02901473641395569, 0.013735744170844555, 0.9994845986366272]|[[2841.3712142828917, 0.0, 2004.355023481056], [0.0, 2863.7600731700495, 1476.2484742699291], [0.0, 0.0, 1.0]]
103|83|10|Snook|0.455|0.4073163452812836|1.8933237791061401|2044.1100292903584;1364.811628412918|21|[-0.029473014175891876, -0.09940780699253082, 0.0]|[0.02901473641395569, 0.013735744170844555, 0.9994845986366272]|[[2841.3712142828917, 0.0, 2004.355023481056], [0.0, 2863.7600731700495, 1476.2484742699291], [0.0, 0.0, 1.0]]
103|83|10|Snook|0.455|0.4109013133187956|1.915414810180664|2043.9638130462686;1366.7390508580543|21|[-0.029473014175891876, -0.09940780699253082, 0.0]|[0.02901473641395569, 0.013735744170844555, 0.9994845986366272]|[[2841.3712142828917, 0.0, 2004.355023481056], [0.0, 2863.7600731700495, 1476.2484742699291], [0.0, 0.0, 1.0]]
103|83|10|Snook|0.455|0.4140984183373167|1.9284039735794067|2043.901430326198;1367.8326751690947|21|[-0.029473014175891876, -0.09940780699253082, 0.0]|[0.02901473641395569, 0.013735744170844555, 0.9994845986366272]|[[2841.3712142828917, 0.0, 2004.355023481056], [0.0, 2863.7600731700495, 1476.2484742699291], [0.0, 0.0, 1.0]]
103|83|10|Snook|0.455|0.4135157507656033|1.9274134635925293|2045.0847220971664;1367.4260818285957|21|[-0.029473014175891876, -0.09940780699253082, 0.0]|[0.02901473641395569, 0.013735744170844555, 0.9994845986366272]|[[2841.3712142828917, 0.0, 2004.355023481056], [0.0, 2863.7600731700495, 1476.2484742699291], [0.0, 0.0, 1.0]]
103|83|10|Snook|0.455|0.4118327282865957|1.9234414100646973|2044.908056271685;1367.1403910387041|21|[-0.029473014175891876, -0.09940780699253082, 0.0]|[0.02901473641395569, 0.013735744170844555, 0.9994845986366272]|[[2841.3712142828917, 0.0, 2004.355023481056], [0.0, 2863.7600731700495, 1476.2484742699291], [0.0, 0.0, 1.0]]
103|83|10|Snook|0.455|0.41756301662998513|1.946987271308899|2045.8028228010671;1368.817634748987|21|[-0.029473014175891876, -0.09940780699253082, 0.0]|[0.02901473641395569, 0.013735744170844555, 0.9994845986366272]|[[2841.3712142828917, 0.0, 2004.355023481056], [0.0, 2863.7600731700495, 1476.2484742699291], [0.0, 0.0, 1.0]]
103|83|10|Snook|0.455|0.41361221089415345|1.9237546920776367|2044.5171635866486;1367.2715503288564|21|[-0.029473014175891876, -0.09940780699253082, 0.0]|[0.02901473641395569, 0.013735744170844555, 0.9994845986366272]|[[2841.3712142828917, 0.0, 2004.355023481056], [0.0, 2863.7600731700495, 1476.2484742699291], [0.0, 0.0, 1.0]]
103|83|10|Snook|0.455|0.4072087041443425|1.8987146615982056|2044.5974380362213;1365.1388952404168|21|[-0.029473014175891876, -0.09940780699253082, 0.0]|[0.02901473641395569, 0.013735744170844555, 0.9994845986366272]|[[2841.3712142828917, 0.0, 2004.355023481056], [0.0, 2863.7600731700495, 1476.2484742699291], [0.0, 0.0, 1.0]]
103|83|10|Snook|0.455|0.4180712978155322|1.9502118825912476|2045.4670866720085;1369.169760573191|21|[-0.029473014175891876, -0.09940780699253082, 0.0]|[0.02901473641395569, 0.013735744170844555, 0.9994845986366272]|[[2841.3712142828917, 0.0, 2004.355023481056], [0.0, 2863.7600731700495, 1476.2484742699291], [0.0, 0.0, 1.0]]
103|83|10|Snook|0.455|0.4118509143381828|1.9207981824874878|2044.295120020152;1367.0924100981913|21|[-0.029473014175891876, -0.09940780699253082, 0.0]|[0.02901473641395569, 0.013735744170844555, 0.9994845986366272]|[[2841.3712142828917, 0.0, 2004.355023481056], [0.0, 2863.7600731700495, 1476.2484742699291], [0.0, 0.0, 1.0]]
103|83|10|Snook|0.455|0.4124519094755551|1.9195408821105957|2044.614315870542;1366.8900235435024|21|[-0.029473014175891876, -0.09940780699253082, 0.0]|[0.02901473641395569, 0.013735744170844555, 0.9994845986366272]|[[2841.3712142828917, 0.0, 2004.355023481056], [0.0, 2863.7600731700495, 1476.2484742699291], [0.0, 0.0, 1.0]]
103|83|10|Snook|0.455|0.411706238165866|1.9216371774673462|2043.6888990388695;1367.3337541018227|21|[-0.029473014175891876, -0.09940780699253082, 0.0]|[0.02901473641395569, 0.013735744170844555, 0.9994845986366272]|[[2841.3712142828917, 0.0, 2004.355023481056], [0.0, 2863.7600731700495, 1476.2484742699291], [0.0, 0.0, 1.0]]
103|83|10|Snook|0.455|0.4100081636396481|1.9171605110168457|2044.167117820683;1366.8214093587576|21|[-0.029473014175891876, -0.09940780699253082, 0.0]|[0.02901473641395569, 0.013735744170844555, 0.9994845986366272]|[[2841.3712142828917, 0.0, 2004.355023481056], [0.0, 2863.7600731700495, 1476.2484742699291], [0.0, 0.0, 1.0]]
103|83|10|Snook|0.455|0.4125994432610522|1.9255154132843018|2045.2103407321736;1367.227645114529|21|[-0.029473014175891876, -0.09940780699253082, 0.0]|[0.02901473641395569, 0.013735744170844555, 0.9994845986366272]|[[2841.3712142828917, 0.0, 2004.355023481056], [0.0, 2863.7600731700495, 1476.2484742699291], [0.0, 0.0, 1.0]]
103|83|10|Snook|0.455|0.40074787513135607|1.9278676509857178|2044.1015925003467;1367.7307718491018|21|[-0.029473014175891876, -0.09940780699253082, 0.0]|[0.02901473641395569, 0.013735744170844555, 0.9994845986366272]|[[2841.3712142828917, 0.0, 2004.355023481056], [0.0, 2863.7600731700495, 1476.2484742699291], [0.0, 0.0, 1.0]]
103|83|10|Snook|0.455|0.3996054903664216|1.926888108253479|2043.2402875538855;1367.8989749669204|21|[-0.029473014175891876, -0.09940780699253082, 0.0]|[0.02901473641395569, 0.013735744170844555, 0.9994845986366272]|[[2841.3712142828917, 0.0, 2004.355023481056], [0.0, 2863.7600731700495, 1476.2484742699291], [0.0, 0.0, 1.0]]
103|83|10|Snook|0.455|0.3926791530071858|1.8978428840637207|2043.7117618772659;1365.3103628076476|21|[-0.029473014175891876, -0.09940780699253082, 0.0]|[0.02901473641395569, 0.013735744170844555, 0.9994845986366272]|[[2841.3712142828917, 0.0, 2004.355023481056], [0.0, 2863.7600731700495, 1476.2484742699291], [0.0, 0.0, 1.0]]
103|83|10|Snook|0.455|0.40150424445423|1.9279015064239502|2043.9353566447116;1367.7845889836874|21|[-0.029473014175891876, -0.09940780699253082, 0.0]|[0.02901473641395569, 0.013735744170844555, 0.9994845986366272]|[[2841.3712142828917, 0.0, 2004.355023481056], [0.0, 2863.7600731700495, 1476.2484742699291], [0.0, 0.0, 1.0]]
103|83|10|Snook|0.455|0.40246761305530737|1.9267356395721436|2043.9820224096852;1367.6615609997245|21|[-0.029473014175891876, -0.09940780699253082, 0.0]|[0.02901473641395569, 0.013735744170844555, 0.9994845986366272]|[[2841.3712142828917, 0.0, 2004.355023481056], [0.0, 2863.7600731700495, 1476.2484742699291], [0.0, 0.0, 1.0]]
103|83|10|Snook|0.455|0.3905271704471218|1.8900184631347656|2041.9253880061576;1365.1619149770015|21|[-0.029473014175891876, -0.09940780699253082, 0.0]|[0.02901473641395569, 0.013735744170844555, 0.9994845986366272]|[[2841.3712142828917, 0.0, 2004.355023481056], [0.0, 2863.7600731700495, 1476.2484742699291], [0.0, 0.0, 1.0]]
103|83|10|Snook|0.455|0.40072478765048614|1.9326833486557007|2044.2954133676437;1368.070811220295|21|[-0.029473014175891876, -0.09940780699253082, 0.0]|[0.02901473641395569, 0.013735744170844555, 0.9994845986366272]|[[2841.3712142828917, 0.0, 2004.355023481056], [0.0, 2863.7600731700495, 1476.2484742699291], [0.0, 0.0, 1.0]]
103|83|10|Snook|0.455|0.3984299397607977|1.9180035591125488|2043.499895590403;1367.083592896227|21|[-0.029473014175891876, -0.09940780699253082, 0.0]|[0.02901473641395569, 0.013735744170844555, 0.9994845986366272]|[[2841.3712142828917, 0.0, 2004.355023481056], [0.0, 2863.7600731700495, 1476.2484742699291], [0.0, 0.0, 1.0]]
103|83|10|Snook|0.455|0.3941329685929535|1.917131781578064|2044.3517565394857;1366.7616160671294|21|[-0.029473014175891876, -0.09940780699253082, 0.0]|[0.02901473641395569, 0.013735744170844555, 0.9994845986366272]|[[2841.3712142828917, 0.0, 2004.355023481056], [0.0, 2863.7600731700495, 1476.2484742699291], [0.0, 0.0, 1.0]]
103|83|10|Snook|0.455|0.3957035423648774|1.919265866279602|2044.3458439159917;1366.9476612930853|21|[-0.029473014175891876, -0.09940780699253082, 0.0]|[0.02901473641395569, 0.013735744170844555, 0.9994845986366272]|[[2841.3712142828917, 0.0, 2004.355023481056], [0.0, 2863.7600731700495, 1476.2484742699291], [0.0, 0.0, 1.0]]
103|83|10|Snook|0.455|0.39597352176784106|1.9232580661773682|2043.3174234215844;1367.574935059246|21|[-0.029473014175891876, -0.09940780699253082, 0.0]|[0.02901473641395569, 0.013735744170844555, 0.9994845986366272]|[[2841.3712142828917, 0.0, 2004.355023481056], [0.0, 2863.7600731700495, 1476.2484742699291], [0.0, 0.0, 1.0]]
103|83|10|Snook|0.455|0.39584083747372883|1.9138306379318237|2045.0307202200058;1366.3072640405499|21|[-0.029473014175891876, -0.09940780699253082, 0.0]|[0.02901473641395569, 0.013735744170844555, 0.9994845986366272]|[[2841.3712142828917, 0.0, 2004.355023481056], [0.0, 2863.7600731700495, 1476.2484742699291], [0.0, 0.0, 1.0]]
103|83|10|Snook|0.455|0.39594517168362364|1.9105055332183838|2042.5096915433696;1366.7479497482277|21|[-0.029473014175891876, -0.09940780699253082, 0.0]|[0.02901473641395569, 0.013735744170844555, 0.9994845986366272]|[[2841.3712142828917, 0.0, 2004.355023481056], [0.0, 2863.7600731700495, 1476.2484742699291], [0.0, 0.0, 1.0]]
103|83|10|Snook|0.455|0.3911843096220564|1.8979548215866089|2044.2337196403907;1365.1760977385786|21|[-0.029473014175891876, -0.09940780699253082, 0.0]|[0.02901473641395569, 0.013735744170844555, 0.9994845986366272]|[[2841.3712142828917, 0.0, 2004.355023481056], [0.0, 2863.7600731700495, 1476.2484742699291], [0.0, 0.0, 1.0]]
103|83|10|Snook|0.455|0.3946503757694641|1.9188123941421509|2043.5775497191337;1367.117792067174|21|[-0.029473014175891876, -0.09940780699253082, 0.0]|[0.02901473641395569, 0.013735744170844555, 0.9994845986366272]|[[2841.3712142828917, 0.0, 2004.355023481056], [0.0, 2863.7600731700495, 1476.2484742699291], [0.0, 0.0, 1.0]]
103|83|10|Snook|0.455|0.39703172463053155|1.9120324850082397|2042.547452703786;1366.8707245143964|21|[-0.029473014175891876, -0.09940780699253082, 0.0]|[0.02901473641395569, 0.013735744170844555, 0.9994845986366272]|[[2841.3712142828917, 0.0, 2004.355023481056], [0.0, 2863.7600731700495, 1476.2484742699291], [0.0, 0.0, 1.0]]
103|83|10|Snook|0.455|0.3925524171620407|1.8893613815307617|2043.463986451241;1364.6512911876|21|[-0.029473014175891876, -0.09940780699253082, 0.0]|[0.02901473641395569, 0.013735744170844555, 0.9994845986366272]|[[2841.3712142828917, 0.0, 2004.355023481056], [0.0, 2863.7600731700495, 1476.2484742699291], [0.0, 0.0, 1.0]]
103|83|10|Snook|0.455|0.39142313083303254|1.8922457695007324|2043.439002303077;1364.9045255136843|21|[-0.029473014175891876, -0.09940780699253082, 0.0]|[0.02901473641395569, 0.013735744170844555, 0.9994845986366272]|[[2841.3712142828917, 0.0, 2004.355023481056], [0.0, 2863.7600731700495, 1476.2484742699291], [0.0, 0.0, 1.0]]
103|83|10|Snook|0.455|0.3939144077892293|1.893484115600586|2043.756864429797;1364.9237294586592|21|[-0.029473014175891876, -0.09940780699253082, 0.0]|[0.02901473641395569, 0.013735744170844555, 0.9994845986366272]|[[2841.3712142828917, 0.0, 2004.355023481056], [0.0, 2863.7600731700495, 1476.2484742699291], [0.0, 0.0, 1.0]]
103|83|10|Snook|0.455|0.39699436523145004|1.9030226469039917|2043.3800159425912;1365.8442607025345|21|[-0.029473014175891876, -0.09940780699253082, 0.0]|[0.02901473641395569, 0.013735744170844555, 0.9994845986366272]|[[2841.3712142828917, 0.0, 2004.355023481056], [0.0, 2863.7600731700495, 1476.2484742699291], [0.0, 0.0, 1.0]]
103|83|10|Snook|0.455|0.39532043425574026|1.9090602397918701|2043.0998905754416;1366.449300487911|21|[-0.029473014175891876, -0.09940780699253082, 0.0]|[0.02901473641395569, 0.013735744170844555, 0.9994845986366272]|[[2841.3712142828917, 0.0, 2004.355023481056], [0.0, 2863.7600731700495, 1476.2484742699291], [0.0, 0.0, 1.0]]
103|83|10|Snook|0.455|0.3828116010175797|1.9074974060058594|2043.0091228480294;1366.3364510753875|21|[-0.029473014175891876, -0.09940780699253082, 0.0]|[0.02901473641395569, 0.013735744170844555, 0.9994845986366272]|[[2841.3712142828917, 0.0, 2004.355023481056], [0.0, 2863.7600731700495, 1476.2484742699291], [0.0, 0.0, 1.0]]
103|83|10|Snook|0.455|0.380321215514417|1.9020476341247559|2042.5664242714577;1366.0020693237857|21|[-0.029473014175891876, -0.09940780699253082, 0.0]|[0.02901473641395569, 0.013735744170844555, 0.9994845986366272]|[[2841.3712142828917, 0.0, 2004.355023481056], [0.0, 2863.7600731700495, 1476.2484742699291], [0.0, 0.0, 1.0]]
103|83|10|Snook|0.455|0.3803319109578139|1.906537413597107|2042.6870031355274;1366.3572864639282|21|[-0.029473014175891876, -0.09940780699253082, 0.0]|[0.02901473641395569, 0.013735744170844555, 0.9994845986366272]|[[2841.3712142828917, 0.0, 2004.355023481056], [0.0, 2863.7600731700495, 1476.2484742699291], [0.0, 0.0, 1.0]]
103|83|10|Snook|0.455|0.38900380891577396|1.9360874891281128|2044.1049251807517;1368.4099967090938|21|[-0.029473014175891876, -0.09940780699253082, 0.0]|[0.02901473641395569, 0.013735744170844555, 0.9994845986366272]|[[2841.3712142828917, 0.0, 2004.355023481056], [0.0, 2863.7600731700495, 1476.2484742699291], [0.0, 0.0, 1.0]]
103|83|10|Snook|0.455|0.37788409205129747|1.9006367921829224|2043.3258698419215;1365.6581711369074|21|[-0.029473014175891876, -0.09940780699253082, 0.0]|[0.02901473641395569, 0.013735744170844555, 0.9994845986366272]|[[2841.3712142828917, 0.0, 2004.355023481056], [0.0, 2863.7600731700495, 1476.2484742699291], [0.0, 0.0, 1.0]]
103|83|10|Snook|0.455|0.38434033905653203|1.9059420824050903|2043.471844695915;1366.0665082457845|21|[-0.029473014175891876, -0.09940780699253082, 0.0]|[0.02901473641395569, 0.013735744170844555, 0.9994845986366272]|[[2841.3712142828917, 0.0, 2004.355023481056], [0.0, 2863.7600731700495, 1476.2484742699291], [0.0, 0.0, 1.0]]
103|83|10|Snook|0.455|0.3793036162579815|1.9113801717758179|2043.6117678624942;1366.4935246998618|21|[-0.029473014175891876, -0.09940780699253082, 0.0]|[0.02901473641395569, 0.013735744170844555, 0.9994845986366272]|[[2841.3712142828917, 0.0, 2004.355023481056], [0.0, 2863.7600731700495, 1476.2484742699291], [0.0, 0.0, 1.0]]
103|83|10|Snook|0.455|0.37436622963985494|1.8915479183197021|2042.2283020900422;1365.205591253259|21|[-0.029473014175891876, -0.09940780699253082, 0.0]|[0.02901473641395569, 0.013735744170844555, 0.9994845986366272]|[[2841.3712142828917, 0.0, 2004.355023481056], [0.0, 2863.7600731700495, 1476.2484742699291], [0.0, 0.0, 1.0]]
103|83|10|Snook|0.455|0.38474969428815126|1.9040031433105469|2042.2961464385319;1366.2509964634032|21|[-0.029473014175891876, -0.09940780699253082, 0.0]|[0.02901473641395569, 0.013735744170844555, 0.9994845986366272]|[[2841.3712142828917, 0.0, 2004.355023481056], [0.0, 2863.7600731700495, 1476.2484742699291], [0.0, 0.0, 1.0]]
103|83|10|Snook|0.455|0.3814054380668297|1.8962033987045288|2042.101595529909;1365.6418378779488|21|[-0.029473014175891876, -0.09940780699253082, 0.0]|[0.02901473641395569, 0.013735744170844555, 0.9994845986366272]|[[2841.3712142828917, 0.0, 2004.355023481056], [0.0, 2863.7600731700495, 1476.2484742699291], [0.0, 0.0, 1.0]]
103|83|10|Snook|0.455|0.3812110637646673|1.8908132314682007|2041.765316765046;1365.2846186819158|21|[-0.029473014175891876, -0.09940780699253082, 0.0]|[0.02901473641395569, 0.013735744170844555, 0.9994845986366272]|[[2841.3712142828917, 0.0, 2004.355023481056], [0.0, 2863.7600731700495, 1476.2484742699291], [0.0, 0.0, 1.0]]
103|83|10|Snook|0.455|0.3836164039841701|1.9198379516601562|2042.295524245254;1367.5896641193149|21|[-0.029473014175891876, -0.09940780699253082, 0.0]|[0.02901473641395569, 0.013735744170844555, 0.9994845986366272]|[[2841.3712142828917, 0.0, 2004.355023481056], [0.0, 2863.7600731700495, 1476.2484742699291], [0.0, 0.0, 1.0]]
103|83|10|Snook|0.455|0.3749131575262245|1.8924978971481323|2043.0100235462376;1365.051031227693|21|[-0.029473014175891876, -0.09940780699253082, 0.0]|[0.02901473641395569, 0.013735744170844555, 0.9994845986366272]|[[2841.3712142828917, 0.0, 2004.355023481056], [0.0, 2863.7600731700495, 1476.2484742699291], [0.0, 0.0, 1.0]]
103|83|10|Snook|0.455|0.37984788841962946|1.9142917394638062|2043.5828922409332;1366.7504820527502|21|[-0.029473014175891876, -0.09940780699253082, 0.0]|[0.02901473641395569, 0.013735744170844555, 0.9994845986366272]|[[2841.3712142828917, 0.0, 2004.355023481056], [0.0, 2863.7600731700495, 1476.2484742699291], [0.0, 0.0, 1.0]]
103|83|10|Snook|0.455|0.3804217704160003|1.9163343906402588|2043.6667843236257;1366.8962343831713|21|[-0.029473014175891876, -0.09940780699253082, 0.0]|[0.02901473641395569, 0.013735744170844555, 0.9994845986366272]|[[2841.3712142828917, 0.0, 2004.355023481056], [0.0, 2863.7600731700495, 1476.2484742699291], [0.0, 0.0, 1.0]]
103|83|10|Snook|0.455|0.38389989945663766|1.9212092161178589|2043.5151256449521;1367.3489896611109|21|[-0.029473014175891876, -0.09940780699253082, 0.0]|[0.02901473641395569, 0.013735744170844555, 0.9994845986366272]|[[2841.3712142828917, 0.0, 2004.355023481056], [0.0, 2863.7600731700495, 1476.2484742699291], [0.0, 0.0, 1.0]]
103|83|10|Snook|0.455|0.38038305393090344|1.901995301246643|2042.6821583225665;1365.9586419069542|21|[-0.029473014175891876, -0.09940780699253082, 0.0]|[0.02901473641395569, 0.013735744170844555, 0.9994845986366272]|[[2841.3712142828917, 0.0, 2004.355023481056], [0.0, 2863.7600731700495, 1476.2484742699291], [0.0, 0.0, 1.0]]
103|83|10|Snook|0.455|0.37084816274856314|1.8675626516342163|2041.8680660992754;1363.1967321816257|21|[-0.029473014175891876, -0.09940780699253082, 0.0]|[0.02901473641395569, 0.013735744170844555, 0.9994845986366272]|[[2841.3712142828917, 0.0, 2004.355023481056], [0.0, 2863.7600731700495, 1476.2484742699291], [0.0, 0.0, 1.0]]
103|83|10|Snook|0.455|0.3824184292275808|1.9143728017807007|2043.4704538143835;1366.7907070997023|21|[-0.029473014175891876, -0.09940780699253082, 0.0]|[0.02901473641395569, 0.013735744170844555, 0.9994845986366272]|[[2841.3712142828917, 0.0, 2004.355023481056], [0.0, 2863.7600731700495, 1476.2484742699291], [0.0, 0.0, 1.0]]
103|83|10|Snook|0.455|0.3688882500691744|1.884746789932251|2041.9939880652807;1364.6751813977678|21|[-0.029473014175891876, -0.09940780699253082, 0.0]|[0.02901473641395569, 0.013735744170844555, 0.9994845986366272]|[[2841.3712142828917, 0.0, 2004.355023481056], [0.0, 2863.7600731700495, 1476.2484742699291], [0.0, 0.0, 1.0]]
103|83|10|Snook|0.455|0.3716997060602222|1.8949800729751587|2041.8599241122745;1365.610860839972|21|[-0.029473014175891876, -0.09940780699253082, 0.0]|[0.02901473641395569, 0.013735744170844555, 0.9994845986366272]|[[2841.3712142828917, 0.0, 2004.355023481056], [0.0, 2863.7600731700495, 1476.2484742699291], [0.0, 0.0, 1.0]]
103|83|10|Snook|0.455|0.36679679004591303|1.883792519569397|2041.601187173445;1364.7272736426514|21|[-0.029473014175891876, -0.09940780699253082, 0.0]|[0.02901473641395569, 0.013735744170844555, 0.9994845986366272]|[[2841.3712142828917, 0.0, 2004.355023481056], [0.0, 2863.7600731700495, 1476.2484742699291], [0.0, 0.0, 1.0]]
103|83|10|Snook|0.455|0.3720137565124916|1.897560954093933|2041.8082681135065;1365.855355479665|21|[-0.029473014175891876, -0.09940780699253082, 0.0]|[0.02901473641395569, 0.013735744170844555, 0.9994845986366272]|[[2841.3712142828917, 0.0, 2004.355023481056], [0.0, 2863.7600731700495, 1476.2484742699291], [0.0, 0.0, 1.0]]
103|83|10|Snook|0.455|0.36509750496215265|1.8875439167022705|2041.8317977628249;1364.9749525240038|21|[-0.029473014175891876, -0.09940780699253082, 0.0]|[0.02901473641395569, 0.013735744170844555, 0.9994845986366272]|[[2841.3712142828917, 0.0, 2004.355023481056], [0.0, 2863.7600731700495, 1476.2484742699291], [0.0, 0.0, 1.0]]
103|83|10|Snook|0.455|0.3719698977079227|1.907178521156311|2042.6946953498823;1366.39903507021|21|[-0.029473014175891876, -0.09940780699253082, 0.0]|[0.02901473641395569, 0.013735744170844555, 0.9994845986366272]|[[2841.3712142828917, 0.0, 2004.355023481056], [0.0, 2863.7600731700495, 1476.2484742699291], [0.0, 0.0, 1.0]]
103|83|10|Snook|0.455|0.37307730815713297|1.906191349029541|2042.066336262849;1366.5078951723522|21|[-0.029473014175891876, -0.09940780699253082, 0.0]|[0.02901473641395569, 0.013735744170844555, 0.9994845986366272]|[[2841.3712142828917, 0.0, 2004.355023481056], [0.0, 2863.7600731700495, 1476.2484742699291], [0.0, 0.0, 1.0]]
103|83|10|Snook|0.455|0.37247016961319873|1.9113140106201172|2042.0354334525568;1366.9671971092553|21|[-0.029473014175891876, -0.09940780699253082, 0.0]|[0.02901473641395569, 0.013735744170844555, 0.9994845986366272]|[[2841.3712142828917, 0.0, 2004.355023481056], [0.0, 2863.7600731700495, 1476.2484742699291], [0.0, 0.0, 1.0]]
103|83|10|Snook|0.455|0.36724882026465816|1.8745050430297852|2042.520349511568;1363.6284120765129|21|[-0.029473014175891876, -0.09940780699253082, 0.0]|[0.02901473641395569, 0.013735744170844555, 0.9994845986366272]|[[2841.3712142828917, 0.0, 2004.355023481056], [0.0, 2863.7600731700495, 1476.2484742699291], [0.0, 0.0, 1.0]]
103|83|10|Snook|0.455|0.36689853591205235|1.890909194946289|2041.4411406859858;1365.3934419196783|21|[-0.029473014175891876, -0.09940780699253082, 0.0]|[0.02901473641395569, 0.013735744170844555, 0.9994845986366272]|[[2841.3712142828917, 0.0, 2004.355023481056], [0.0, 2863.7600731700495, 1476.2484742699291], [0.0, 0.0, 1.0]]
103|83|10|Snook|0.455|0.367784158688311|1.9042285680770874|2042.425429764335;1366.238747397226|21|[-0.029473014175891876, -0.09940780699253082, 0.0]|[0.02901473641395569, 0.013735744170844555, 0.9994845986366272]|[[2841.3712142828917, 0.0, 2004.355023481056], [0.0, 2863.7600731700495, 1476.2484742699291], [0.0, 0.0, 1.0]]
103|83|10|Snook|0.455|0.3651573376455226|1.8820412158966064|2041.973956056415;1364.4398840033693|21|[-0.029473014175891876, -0.09940780699253082, 0.0]|[0.02901473641395569, 0.013735744170844555, 0.9994845986366272]|[[2841.3712142828917, 0.0, 2004.355023481056], [0.0, 2863.7600731700495, 1476.2484742699291], [0.0, 0.0, 1.0]]
103|83|10|Snook|0.455|0.3706766686440657|1.9096735715866089|2041.9217110585855;1366.8506550967702|21|[-0.029473014175891876, -0.09940780699253082, 0.0]|[0.02901473641395569, 0.013735744170844555, 0.9994845986366272]|[[2841.3712142828917, 0.0, 2004.355023481056], [0.0, 2863.7600731700495, 1476.2484742699291], [0.0, 0.0, 1.0]]
103|83|10|Snook|0.455|0.36965649696198083|1.8980525732040405|2042.4116025193173;1365.7099214070593|21|[-0.029473014175891876, -0.09940780699253082, 0.0]|[0.02901473641395569, 0.013735744170844555, 0.9994845986366272]|[[2841.3712142828917, 0.0, 2004.355023481056], [0.0, 2863.7600731700495, 1476.2484742699291], [0.0, 0.0, 1.0]]
103|83|10|Snook|0.455|0.36842857659142375|1.8993183374404907|2042.6251979353235;1365.7595719604224|21|[-0.029473014175891876, -0.09940780699253082, 0.0]|[0.02901473641395569, 0.013735744170844555, 0.9994845986366272]|[[2841.3712142828917, 0.0, 2004.355023481056], [0.0, 2863.7600731700495, 1476.2484742699291], [0.0, 0.0, 1.0]]
103|83|10|Snook|0.455|0.36945409883660285|1.9037542343139648|2041.805991326685;1366.3869799435731|21|[-0.029473014175891876, -0.09940780699253082, 0.0]|[0.02901473641395569, 0.013735744170844555, 0.9994845986366272]|[[2841.3712142828917, 0.0, 2004.355023481056], [0.0, 2863.7600731700495, 1476.2484742699291], [0.0, 0.0, 1.0]]
103|83|10|Snook|0.455|0.36489692385885175|1.8848910331726074|2042.467714990196;1364.5524788573014|21|[-0.029473014175891876, -0.09940780699253082, 0.0]|[0.02901473641395569, 0.013735744170844555, 0.9994845986366272]|[[2841.3712142828917, 0.0, 2004.355023481056], [0.0, 2863.7600731700495, 1476.2484742699291], [0.0, 0.0, 1.0]]
103|83|10|Snook|0.455|0.37263874849549683|1.9084835052490234|2041.9126428171248;1366.7636252618597|21|[-0.029473014175891876, -0.09940780699253082, 0.0]|[0.02901473641395569, 0.013735744170844555, 0.9994845986366272]|[[2841.3712142828917, 0.0, 2004.355023481056], [0.0, 2863.7600731700495, 1476.2484742699291], [0.0, 0.0, 1.0]]
103|83|10|Snook|0.455|0.36284181147349837|1.8650091886520386|2042.4372452060736;1362.8017132508974|21|[-0.029473014175891876, -0.09940780699253082, 0.0]|[0.02901473641395569, 0.013735744170844555, 0.9994845986366272]|[[2841.3712142828917, 0.0, 2004.355023481056], [0.0, 2863.7600731700495, 1476.2484742699291], [0.0, 0.0, 1.0]]
103|83|10|Snook|0.455|0.3794750170278867|1.9384344816207886|2043.813554760008;1368.6915201626803|21|[-0.029473014175891876, -0.09940780699253082, 0.0]|[0.02901473641395569, 0.013735744170844555, 0.9994845986366272]|[[2841.3712142828917, 0.0, 2004.355023481056], [0.0, 2863.7600731700495, 1476.2484742699291], [0.0, 0.0, 1.0]]
103|83|10|Snook|0.455|0.3458534376480692|1.879011631011963|2043.0847418837227;1363.8583948060048|21|[-0.029473014175891876, -0.09940780699253082, 0.0]|[0.02901473641395569, 0.013735744170844555, 0.9994845986366272]|[[2841.3712142828917, 0.0, 2004.355023481056], [0.0, 2863.7600731700495, 1476.2484742699291], [0.0, 0.0, 1.0]]
103|83|10|Snook|0.455|0.34868192677327114|1.8978393077850342|2041.5427024020585;1365.9637335803727|21|[-0.029473014175891876, -0.09940780699253082, 0.0]|[0.02901473641395569, 0.013735744170844555, 0.9994845986366272]|[[2841.3712142828917, 0.0, 2004.355023481056], [0.0, 2863.7600731700495, 1476.2484742699291], [0.0, 0.0, 1.0]]
103|83|10|Snook|0.455|0.3407703485933368|1.8650999069213867|2041.5856184682088;1363.069401035255|21|[-0.029473014175891876, -0.09940780699253082, 0.0]|[0.02901473641395569, 0.013735744170844555, 0.9994845986366272]|[[2841.3712142828917, 0.0, 2004.355023481056], [0.0, 2863.7600731700495, 1476.2484742699291], [0.0, 0.0, 1.0]]
103|83|10|Snook|0.455|0.3434181114206729|1.870922565460205|2041.9392121464457;1363.4803497709738|21|[-0.029473014175891876, -0.09940780699253082, 0.0]|[0.02901473641395569, 0.013735744170844555, 0.9994845986366272]|[[2841.3712142828917, 0.0, 2004.355023481056], [0.0, 2863.7600731700495, 1476.2484742699291], [0.0, 0.0, 1.0]]
103|83|10|Snook|0.455|0.3453161834930085|1.8901203870773315|2041.6815607967808;1365.2459706405393|21|[-0.029473014175891876, -0.09940780699253082, 0.0]|[0.02901473641395569, 0.013735744170844555, 0.9994845986366272]|[[2841.3712142828917, 0.0, 2004.355023481056], [0.0, 2863.7600731700495, 1476.2484742699291], [0.0, 0.0, 1.0]]
103|83|10|Snook|0.455|0.34912168635177304|1.9126243591308594|2043.471728450873;1366.6346482767397|21|[-0.029473014175891876, -0.09940780699253082, 0.0]|[0.02901473641395569, 0.013735744170844555, 0.9994845986366272]|[[2841.3712142828917, 0.0, 2004.355023481056], [0.0, 2863.7600731700495, 1476.2484742699291], [0.0, 0.0, 1.0]]
103|83|10|Snook|0.455|0.3444611461432333|1.8815251588821411|2041.5147866965744;1364.5390754602413|21|[-0.029473014175891876, -0.09940780699253082, 0.0]|[0.02901473641395569, 0.013735744170844555, 0.9994845986366272]|[[2841.3712142828917, 0.0, 2004.355023481056], [0.0, 2863.7600731700495, 1476.2484742699291], [0.0, 0.0, 1.0]]
103|83|10|Snook|0.455|0.34457887190972897|1.8817164897918701|2041.5551807368338;1364.5490623511848|21|[-0.029473014175891876, -0.09940780699253082, 0.0]|[0.02901473641395569, 0.013735744170844555, 0.9994845986366272]|[[2841.3712142828917, 0.0, 2004.355023481056], [0.0, 2863.7600731700495, 1476.2484742699291], [0.0, 0.0, 1.0]]
103|83|10|Snook|0.455|0.34018153056988715|1.8731133937835693|2041.7024084171703;1363.7519474692092|21|[-0.029473014175891876, -0.09940780699253082, 0.0]|[0.02901473641395569, 0.013735744170844555, 0.9994845986366272]|[[2841.3712142828917, 0.0, 2004.355023481056], [0.0, 2863.7600731700495, 1476.2484742699291], [0.0, 0.0, 1.0]]
103|83|10|Snook|0.455|0.34585549473449795|1.9065592288970947|2041.0362689308688;1366.8655679151723|21|[-0.029473014175891876, -0.09940780699253082, 0.0]|[0.02901473641395569, 0.013735744170844555, 0.9994845986366272]|[[2841.3712142828917, 0.0, 2004.355023481056], [0.0, 2863.7600731700495, 1476.2484742699291], [0.0, 0.0, 1.0]]
103|83|10|Snook|0.455|0.3441601193866789|1.9106791019439697|2041.3027494168964;1367.1426910811983|21|[-0.029473014175891876, -0.09940780699253082, 0.0]|[0.02901473641395569, 0.013735744170844555, 0.9994845986366272]|[[2841.3712142828917, 0.0, 2004.355023481056], [0.0, 2863.7600731700495, 1476.2484742699291], [0.0, 0.0, 1.0]]
103|83|10|Snook|0.455|0.3437571986767475|1.8973444700241089|2042.3853986542783;1365.6543991751003|21|[-0.029473014175891876, -0.09940780699253082, 0.0]|[0.02901473641395569, 0.013735744170844555, 0.9994845986366272]|[[2841.3712142828917, 0.0, 2004.355023481056], [0.0, 2863.7600731700495, 1476.2484742699291], [0.0, 0.0, 1.0]]
103|83|10|Snook|0.455|0.33792918253384535|1.8852547407150269|2042.101595529909;1364.689609368771|21|[-0.029473014175891876, -0.09940780699253082, 0.0]|[0.02901473641395569, 0.013735744170844555, 0.9994845986366272]|[[2841.3712142828917, 0.0, 2004.355023481056], [0.0, 2863.7600731700495, 1476.2484742699291], [0.0, 0.0, 1.0]]
103|83|10|Snook|0.455|0.34211076035842364|1.902248501777649|2041.7169294340856;1366.2800008383847|21|[-0.029473014175891876, -0.09940780699253082, 0.0]|[0.02901473641395569, 0.013735744170844555, 0.9994845986366272]|[[2841.3712142828917, 0.0, 2004.355023481056], [0.0, 2863.7600731700495, 1476.2484742699291], [0.0, 0.0, 1.0]]
103|83|10|Snook|0.455|0.34226210705779603|1.8909177780151367|2041.9529934950501;1365.2320832698967|21|[-0.029473014175891876, -0.09940780699253082, 0.0]|[0.02901473641395569, 0.013735744170844555, 0.9994845986366272]|[[2841.3712142828917, 0.0, 2004.355023481056], [0.0, 2863.7600731700495, 1476.2484742699291], [0.0, 0.0, 1.0]]
103|83|10|Snook|0.455|0.3459484655607695|1.9152040481567383|2042.1487699935726;1367.2570586336572|21|[-0.029473014175891876, -0.09940780699253082, 0.0]|[0.02901473641395569, 0.013735744170844555, 0.9994845986366272]|[[2841.3712142828917, 0.0, 2004.355023481056], [0.0, 2863.7600731700495, 1476.2484742699291], [0.0, 0.0, 1.0]]
103|83|10|Snook|0.455|0.3399393274998379|1.8927181959152222|2041.5757041294237;1365.4966134537015|21|[-0.029473014175891876, -0.09940780699253082, 0.0]|[0.02901473641395569, 0.013735744170844555, 0.9994845986366272]|[[2841.3712142828917, 0.0, 2004.355023481056], [0.0, 2863.7600731700495, 1476.2484742699291], [0.0, 0.0, 1.0]]
103|83|10|Snook|0.455|0.3430547630675029|1.902087926864624|2041.1518000327171;1366.4574353588919|21|[-0.029473014175891876, -0.09940780699253082, 0.0]|[0.02901473641395569, 0.013735744170844555, 0.9994845986366272]|[[2841.3712142828917, 0.0, 2004.355023481056], [0.0, 2863.7600731700495, 1476.2484742699291], [0.0, 0.0, 1.0]]
103|83|10|Snook|0.455|0.3461590779630479|1.918295979499817|2042.4276608494108;1367.4214845885429|21|[-0.029473014175891876, -0.09940780699253082, 0.0]|[0.02901473641395569, 0.013735744170844555, 0.9994845986366272]|[[2841.3712142828917, 0.0, 2004.355023481056], [0.0, 2863.7600731700495, 1476.2484742699291], [0.0, 0.0, 1.0]]
103|83|10|Snook|0.455|0.3412785305424943|1.9029244184494019|2041.4863820635535;1366.4164292155388|21|[-0.029473014175891876, -0.09940780699253082, 0.0]|[0.02901473641395569, 0.013735744170844555, 0.9994845986366272]|[[2841.3712142828917, 0.0, 2004.355023481056], [0.0, 2863.7600731700495, 1476.2484742699291], [0.0, 0.0, 1.0]]
103|83|10|Snook|0.455|0.3375704484560499|1.8839775323867798|2040.907712573451;1364.9588630836042|21|[-0.029473014175891876, -0.09940780699253082, 0.0]|[0.02901473641395569, 0.013735744170844555, 0.9994845986366272]|[[2841.3712142828917, 0.0, 2004.355023481056], [0.0, 2863.7600731700495, 1476.2484742699291], [0.0, 0.0, 1.0]]
103|83|10|Snook|0.455|0.3300415426988256|1.8867391347885132|2042.4978265891812;1364.701200813379|21|[-0.029473014175891876, -0.09940780699253082, 0.0]|[0.02901473641395569, 0.013735744170844555, 0.9994845986366272]|[[2841.3712142828917, 0.0, 2004.355023481056], [0.0, 2863.7600731700495, 1476.2484742699291], [0.0, 0.0, 1.0]]
103|83|10|Snook|0.455|0.32905957266311375|1.884415626525879|2042.6891522284657;1364.4428044353936|21|[-0.029473014175891876, -0.09940780699253082, 0.0]|[0.02901473641395569, 0.013735744170844555, 0.9994845986366272]|[[2841.3712142828917, 0.0, 2004.355023481056], [0.0, 2863.7600731700495, 1476.2484742699291], [0.0, 0.0, 1.0]]
103|83|10|Snook|0.455|0.33509555938990365|1.901145577430725|2042.6130142021477;1365.9079634647787|21|[-0.029473014175891876, -0.09940780699253082, 0.0]|[0.02901473641395569, 0.013735744170844555, 0.9994845986366272]|[[2841.3712142828917, 0.0, 2004.355023481056], [0.0, 2863.7600731700495, 1476.2484742699291], [0.0, 0.0, 1.0]]
103|83|10|Snook|0.455|0.3315388476214997|1.8886085748672485|2043.0470020441962;1364.698824483375|21|[-0.029473014175891876, -0.09940780699253082, 0.0]|[0.02901473641395569, 0.013735744170844555, 0.9994845986366272]|[[2841.3712142828917, 0.0, 2004.355023481056], [0.0, 2863.7600731700495, 1476.2484742699291], [0.0, 0.0, 1.0]]
103|83|10|Snook|0.455|0.33226843255694566|1.8960531949996948|2042.531706278824;1365.5056544549493|21|[-0.029473014175891876, -0.09940780699253082, 0.0]|[0.02901473641395569, 0.013735744170844555, 0.9994845986366272]|[[2841.3712142828917, 0.0, 2004.355023481056], [0.0, 2863.7600731700495, 1476.2484742699291], [0.0, 0.0, 1.0]]
103|83|10|Snook|0.455|0.33229701316467836|1.8814347982406616|2042.6352516002526;1364.1965506849003|21|[-0.029473014175891876, -0.09940780699253082, 0.0]|[0.02901473641395569, 0.013735744170844555, 0.9994845986366272]|[[2841.3712142828917, 0.0, 2004.355023481056], [0.0, 2863.7600731700495, 1476.2484742699291], [0.0, 0.0, 1.0]]
103|83|10|Snook|0.455|0.33217093369523387|1.9062179327011108|2042.717932074953;1366.3225805183315|21|[-0.029473014175891876, -0.09940780699253082, 0.0]|[0.02901473641395569, 0.013735744170844555, 0.9994845986366272]|[[2841.3712142828917, 0.0, 2004.355023481056], [0.0, 2863.7600731700495, 1476.2484742699291], [0.0, 0.0, 1.0]]
103|83|10|Snook|0.455|0.33514399577095344|1.9146596193313599|2043.0003526087721;1366.9476612930853|21|[-0.029473014175891876, -0.09940780699253082, 0.0]|[0.02901473641395569, 0.013735744170844555, 0.9994845986366272]|[[2841.3712142828917, 0.0, 2004.355023481056], [0.0, 2863.7600731700495, 1476.2484742699291], [0.0, 0.0, 1.0]]
103|83|10|Snook|0.455|0.33284952833046594|1.9025856256484985|2042.1187561834558;1366.1892520975234|21|[-0.029473014175891876, -0.09940780699253082, 0.0]|[0.02901473641395569, 0.013735744170844555, 0.9994845986366272]|[[2841.3712142828917, 0.0, 2004.355023481056], [0.0, 2863.7600731700495, 1476.2484742699291], [0.0, 0.0, 1.0]]
103|83|10|Snook|0.455|0.3368822062572224|1.9173566102981567|2042.7246322709998;1367.26568257345|21|[-0.029473014175891876, -0.09940780699253082, 0.0]|[0.02901473641395569, 0.013735744170844555, 0.9994845986366272]|[[2841.3712142828917, 0.0, 2004.355023481056], [0.0, 2863.7600731700495, 1476.2484742699291], [0.0, 0.0, 1.0]]
103|83|10|Snook|0.455|0.3282980315165589|1.8769291639328003|2041.5565199127616;1364.1258254841057|21|[-0.029473014175891876, -0.09940780699253082, 0.0]|[0.02901473641395569, 0.013735744170844555, 0.9994845986366272]|[[2841.3712142828917, 0.0, 2004.355023481056], [0.0, 2863.7600731700495, 1476.2484742699291], [0.0, 0.0, 1.0]]
103|83|10|Snook|0.455|0.332394397848488|1.8943711519241333|2042.4131751564464;1365.3888707354788|21|[-0.029473014175891876, -0.09940780699253082, 0.0]|[0.02901473641395569, 0.013735744170844555, 0.9994845986366272]|[[2841.3712142828917, 0.0, 2004.355023481056], [0.0, 2863.7600731700495, 1476.2484742699291], [0.0, 0.0, 1.0]]
103|83|10|Snook|0.455|0.3378454374696796|1.920907735824585|2041.4018498547414;1367.9775982039603|21|[-0.029473014175891876, -0.09940780699253082, 0.0]|[0.02901473641395569, 0.013735744170844555, 0.9994845986366272]|[[2841.3712142828917, 0.0, 2004.355023481056], [0.0, 2863.7600731700495, 1476.2484742699291], [0.0, 0.0, 1.0]]
103|83|10|Snook|0.455|0.33263868870024194|1.9025135040283203|2041.5560172786566;1366.3582649347566|21|[-0.029473014175891876, -0.09940780699253082, 0.0]|[0.02901473641395569, 0.013735744170844555, 0.9994845986366272]|[[2841.3712142828917, 0.0, 2004.355023481056], [0.0, 2863.7600731700495, 1476.2484742699291], [0.0, 0.0, 1.0]]
103|83|10|Snook|0.455|0.32185462652895735|1.8454875946044922|2041.208314615221;1361.421490914876|21|[-0.029473014175891876, -0.09940780699253082, 0.0]|[0.02901473641395569, 0.013735744170844555, 0.9994845986366272]|[[2841.3712142828917, 0.0, 2004.355023481056], [0.0, 2863.7600731700495, 1476.2484742699291], [0.0, 0.0, 1.0]]
103|83|10|Snook|0.455|0.33737069329947433|1.9162461757659912|2041.4790844844065;1367.5492049012848|21|[-0.029473014175891876, -0.09940780699253082, 0.0]|[0.02901473641395569, 0.013735744170844555, 0.9994845986366272]|[[2841.3712142828917, 0.0, 2004.355023481056], [0.0, 2863.7600731700495, 1476.2484742699291], [0.0, 0.0, 1.0]]
103|83|10|Snook|0.455|0.326348491560517|1.8728712797164917|2041.7826471038477;1363.7103731389218|21|[-0.029473014175891876, -0.09940780699253082, 0.0]|[0.02901473641395569, 0.013735744170844555, 0.9994845986366272]|[[2841.3712142828917, 0.0, 2004.355023481056], [0.0, 2863.7600731700495, 1476.2484742699291], [0.0, 0.0, 1.0]]
103|83|10|Snook|0.455|0.32747444793711555|1.8863481283187866|2043.1288551243922;1364.48661087683|21|[-0.029473014175891876, -0.09940780699253082, 0.0]|[0.02901473641395569, 0.013735744170844555, 0.9994845986366272]|[[2841.3712142828917, 0.0, 2004.355023481056], [0.0, 2863.7600731700495, 1476.2484742699291], [0.0, 0.0, 1.0]]
103|83|10|Snook|0.455|0.3349657730016137|1.9130096435546875|2042.2469183752619;1367.0368647430037|21|[-0.029473014175891876, -0.09940780699253082, 0.0]|[0.02901473641395569, 0.013735744170844555, 0.9994845986366272]|[[2841.3712142828917, 0.0, 2004.355023481056], [0.0, 2863.7600731700495, 1476.2484742699291], [0.0, 0.0, 1.0]]
103|83|10|Snook|0.455|0.33071653100130144|1.8791961669921875|2041.505835709302;1364.350139348382|21|[-0.029473014175891876, -0.09940780699253082, 0.0]|[0.02901473641395569, 0.013735744170844555, 0.9994845986366272]|[[2841.3712142828917, 0.0, 2004.355023481056], [0.0, 2863.7600731700495, 1476.2484742699291], [0.0, 0.0, 1.0]]
103|83|10|Snook|0.455|0.33327048575345414|1.9011433124542236|2041.9016588496645;1366.1354519787387|21|[-0.029473014175891876, -0.09940780699253082, 0.0]|[0.02901473641395569, 0.013735744170844555, 0.9994845986366272]|[[2841.3712142828917, 0.0, 2004.355023481056], [0.0, 2863.7600731700495, 1476.2484742699291], [0.0, 0.0, 1.0]]
103|83|10|Snook|0.455|0.3312221845636507|1.8975913524627686|2041.9840402049065;1365.7997646933845|21|[-0.029473014175891876, -0.09940780699253082, 0.0]|[0.02901473641395569, 0.013735744170844555, 0.9994845986366272]|[[2841.3712142828917, 0.0, 2004.355023481056], [0.0, 2863.7600731700495, 1476.2484742699291], [0.0, 0.0, 1.0]]
103|83|10|Snook|0.455|0.3381093764527684|1.9212340116500854|2042.2778872550482;1367.719470156297|21|[-0.029473014175891876, -0.09940780699253082, 0.0]|[0.02901473641395569, 0.013735744170844555, 0.9994845986366272]|[[2841.3712142828917, 0.0, 2004.355023481056], [0.0, 2863.7600731700495, 1476.2484742699291], [0.0, 0.0, 1.0]]
103|83|10|Snook|0.455|0.2892159617376036|1.8798718452453613|2041.7381497270069;1364.3246544087706|21|[-0.029473014175891876, -0.09940780699253082, 0.0]|[0.02901473641395569, 0.013735744170844555, 0.9994845986366272]|[[2841.3712142828917, 0.0, 2004.355023481056], [0.0, 2863.7600731700495, 1476.2484742699291], [0.0, 0.0, 1.0]]
103|83|10|Snook|0.455|0.2906643927782441|1.8831886053085327|2041.4098298534132;1364.7335977385135|21|[-0.029473014175891876, -0.09940780699253082, 0.0]|[0.02901473641395569, 0.013735744170844555, 0.9994845986366272]|[[2841.3712142828917, 0.0, 2004.355023481056], [0.0, 2863.7600731700495, 1476.2484742699291], [0.0, 0.0, 1.0]]
103|83|10|Snook|0.455|0.29389062960480716|1.9261810779571533|2042.678123619242;1368.0076043815745|21|[-0.029473014175891876, -0.09940780699253082, 0.0]|[0.02901473641395569, 0.013735744170844555, 0.9994845986366272]|[[2841.3712142828917, 0.0, 2004.355023481056], [0.0, 2863.7600731700495, 1476.2484742699291], [0.0, 0.0, 1.0]]
103|83|10|Snook|0.455|0.2868503831426909|1.8739498853683472|2041.570386872314;1363.8665086244062|21|[-0.029473014175891876, -0.09940780699253082, 0.0]|[0.02901473641395569, 0.013735744170844555, 0.9994845986366272]|[[2841.3712142828917, 0.0, 2004.355023481056], [0.0, 2863.7600731700495, 1476.2484742699291], [0.0, 0.0, 1.0]]
103|83|10|Snook|0.455|0.28867041254579334|1.8776007890701294|2040.4360541728283;1364.5466349100993|21|[-0.029473014175891876, -0.09940780699253082, 0.0]|[0.02901473641395569, 0.013735744170844555, 0.9994845986366272]|[[2841.3712142828917, 0.0, 2004.355023481056], [0.0, 2863.7600731700495, 1476.2484742699291], [0.0, 0.0, 1.0]]
103|83|10|Snook|0.455|0.2883992633676143|1.8741732835769653|2041.5985294391166;1363.8706606928306|21|[-0.029473014175891876, -0.09940780699253082, 0.0]|[0.02901473641395569, 0.013735744170844555, 0.9994845986366272]|[[2841.3712142828917, 0.0, 2004.355023481056], [0.0, 2863.7600731700495, 1476.2484742699291], [0.0, 0.0, 1.0]]
103|83|10|Snook|0.455|0.29439451164713704|1.909387469291687|2041.1067070148088;1367.087420771923|21|[-0.029473014175891876, -0.09940780699253082, 0.0]|[0.02901473641395569, 0.013735744170844555, 0.9994845986366272]|[[2841.3712142828917, 0.0, 2004.355023481056], [0.0, 2863.7600731700495, 1476.2484742699291], [0.0, 0.0, 1.0]]
103|83|10|Snook|0.455|0.28678700014913433|1.8815370798110962|2041.131011157045;1364.6731371932065|21|[-0.029473014175891876, -0.09940780699253082, 0.0]|[0.02901473641395569, 0.013735744170844555, 0.9994845986366272]|[[2841.3712142828917, 0.0, 2004.355023481056], [0.0, 2863.7600731700495, 1476.2484742699291], [0.0, 0.0, 1.0]]
103|83|10|Snook|0.455|0.2845852022056442|1.8863639831542969|2041.7863891003371;1364.8959528140645|21|[-0.029473014175891876, -0.09940780699253082, 0.0]|[0.02901473641395569, 0.013735744170844555, 0.9994845986366272]|[[2841.3712142828917, 0.0, 2004.355023481056], [0.0, 2863.7600731700495, 1476.2484742699291], [0.0, 0.0, 1.0]]
103|83|10|Snook|0.455|0.2895495638810447|1.9101223945617676|2041.798943408045;1366.9352396296035|21|[-0.029473014175891876, -0.09940780699253082, 0.0]|[0.02901473641395569, 0.013735744170844555, 0.9994845986366272]|[[2841.3712142828917, 0.0, 2004.355023481056], [0.0, 2863.7600731700495, 1476.2484742699291], [0.0, 0.0, 1.0]]
103|83|10|Snook|0.455|0.2859126939894433|1.894269585609436|2041.7318909209293;1365.5832236047795|21|[-0.029473014175891876, -0.09940780699253082, 0.0]|[0.02901473641395569, 0.013735744170844555, 0.9994845986366272]|[[2841.3712142828917, 0.0, 2004.355023481056], [0.0, 2863.7600731700495, 1476.2484742699291], [0.0, 0.0, 1.0]]
103|83|10|Snook|0.455|0.28891019771110427|1.913752794265747|2042.0964921254151;1367.144692584415|21|[-0.029473014175891876, -0.09940780699253082, 0.0]|[0.02901473641395569, 0.013735744170844555, 0.9994845986366272]|[[2841.3712142828917, 0.0, 2004.355023481056], [0.0, 2863.7600731700495, 1476.2484742699291], [0.0, 0.0, 1.0]]
103|83|10|Snook|0.455|0.2905226285483389|1.9152997732162476|2042.01403157848;1367.3094225694574|21|[-0.029473014175891876, -0.09940780699253082, 0.0]|[0.02901473641395569, 0.013735744170844555, 0.9994845986366272]|[[2841.3712142828917, 0.0, 2004.355023481056], [0.0, 2863.7600731700495, 1476.2484742699291], [0.0, 0.0, 1.0]]
103|83|10|Snook|0.455|0.2966861132446826|1.9281831979751587|2041.2324225566115;1368.6413145012639|21|[-0.029473014175891876, -0.09940780699253082, 0.0]|[0.02901473641395569, 0.013735744170844555, 0.9994845986366272]|[[2841.3712142828917, 0.0, 2004.355023481056], [0.0, 2863.7600731700495, 1476.2484742699291], [0.0, 0.0, 1.0]]
103|83|10|Snook|0.455|0.28644323700907887|1.8812295198440552|2041.1701328784566;1364.629767009014|21|[-0.029473014175891876, -0.09940780699253082, 0.0]|[0.02901473641395569, 0.013735744170844555, 0.9994845986366272]|[[2841.3712142828917, 0.0, 2004.355023481056], [0.0, 2863.7600731700495, 1476.2484742699291], [0.0, 0.0, 1.0]]
103|83|10|Snook|0.455|0.2919477702458713|1.9114081859588623|2043.3376172915423;1366.5801539576078|21|[-0.029473014175891876, -0.09940780699253082, 0.0]|[0.02901473641395569, 0.013735744170844555, 0.9994845986366272]|[[2841.3712142828917, 0.0, 2004.355023481056], [0.0, 2863.7600731700495, 1476.2484742699291], [0.0, 0.0, 1.0]]
103|83|10|Snook|0.455|0.29191951001173144|1.8968967199325562|2041.2565793878543;1365.9738975623222|21|[-0.029473014175891876, -0.09940780699253082, 0.0]|[0.02901473641395569, 0.013735744170844555, 0.9994845986366272]|[[2841.3712142828917, 0.0, 2004.355023481056], [0.0, 2863.7600731700495, 1476.2484742699291], [0.0, 0.0, 1.0]]
103|83|10|Snook|0.455|0.28786102444430667|1.8972852230072021|2042.2709209224663;1365.6873810188524|21|[-0.029473014175891876, -0.09940780699253082, 0.0]|[0.02901473641395569, 0.013735744170844555, 0.9994845986366272]|[[2841.3712142828917, 0.0, 2004.355023481056], [0.0, 2863.7600731700495, 1476.2484742699291], [0.0, 0.0, 1.0]]
103|83|10|Snook|0.455|0.2917943116162316|1.8899600505828857|2041.4392522010633;1365.3133392447655|21|[-0.029473014175891876, -0.09940780699253082, 0.0]|[0.02901473641395569, 0.013735744170844555, 0.9994845986366272]|[[2841.3712142828917, 0.0, 2004.355023481056], [0.0, 2863.7600731700495, 1476.2484742699291], [0.0, 0.0, 1.0]]
500|499|5|Box|0.15|0.14708973030957015|0.3636912405490875|1811.37255859375;690.69580078125|49|[-0.030926775187253952, -0.09943436086177826, 0.0]|[0.016378050670027733, 0.022053876891732216, 0.999622642993927]|[[2833.277965760987, 0.0, 2009.7572163743287], [0.0, 2858.7736950651392, 1407.9866181636053], [0.0, 0.0, 1.0]]
500|499|5|Box|0.15|0.14771478372883406|0.5107627511024475|1880.343994140625;915.8966674804688|49|[-0.030926775187253952, -0.09943436086177826, 0.0]|[0.016378050670027733, 0.022053876891732216, 0.999622642993927]|[[2833.277965760987, 0.0, 2009.7572163743287], [0.0, 2858.7736950651392, 1407.9866181636053], [0.0, 0.0, 1.0]]
500|499|5|Box|0.15|0.149560446398586|0.6933076977729797|1927.42529296875;1061.8085937499998|49|[-0.030926775187253952, -0.09943436086177826, 0.0]|[0.016378050670027733, 0.022053876891732216, 0.999622642993927]|[[2833.277965760987, 0.0, 2009.7572163743287], [0.0, 2858.7736950651392, 1407.9866181636053], [0.0, 0.0, 1.0]]
500|499|5|Box|0.15|0.14887581675377984|0.9204949736595154|1958.4952392578125;1163.0468749999998|49|[-0.030926775187253952, -0.09943436086177826, 0.0]|[0.016378050670027733, 0.022053876891732216, 0.999622642993927]|[[2833.277965760987, 0.0, 2009.7572163743287], [0.0, 2858.7736950651392, 1407.9866181636053], [0.0, 0.0, 1.0]]
500|499|5|Box|0.15|0.14845266700723322|1.076877236366272|1972.0045166015625;1208.0031738281248|49|[-0.030926775187253952, -0.09943436086177826, 0.0]|[0.016378050670027733, 0.022053876891732216, 0.999622642993927]|[[2833.277965760987, 0.0, 2009.7572163743287], [0.0, 2858.7736950651392, 1407.9866181636053], [0.0, 0.0, 1.0]]
500|499|5|Box|0.15|0.14682945766726427|1.2534717321395874|1981.540632330801;1245.8745461580659|49|[-0.030926775187253952, -0.09943436086177826, 0.0]|[0.016378050670027733, 0.022053876891732216, 0.999622642993927]|[[2833.277965760987, 0.0, 2009.7572163743287], [0.0, 2858.7736950651392, 1407.9866181636053], [0.0, 0.0, 1.0]]
500|499|5|Box|0.15|0.14577720538791433|1.4329432249069214|1992.4658203125;1273.524169921875|49|[-0.030926775187253952, -0.09943436086177826, 0.0]|[0.016378050670027733, 0.022053876891732216, 0.999622642993927]|[[2833.277965760987, 0.0, 2009.7572163743287], [0.0, 2858.7736950651392, 1407.9866181636053], [0.0, 0.0, 1.0]]
500|499|5|Box|0.15|0.15107974538193036|1.6378226280212402|2000.3437499999998;1298.2593994140625|49|[-0.030926775187253952, -0.09943436086177826, 0.0]|[0.016378050670027733, 0.022053876891732216, 0.999622642993927]|[[2833.277965760987, 0.0, 2009.7572163743287], [0.0, 2858.7736950651392, 1407.9866181636053], [0.0, 0.0, 1.0]]
500|499|5|Box|0.15|0.14720972285686862|1.8362975120544434|2005.9918212890625;1317.0699462890627|49|[-0.030926775187253952, -0.09943436086177826, 0.0]|[0.016378050670027733, 0.022053876891732216, 0.999622642993927]|[[2833.277965760987, 0.0, 2009.7572163743287], [0.0, 2858.7736950651392, 1407.9866181636053], [0.0, 0.0, 1.0]]
500|499|5|Box|0.15|0.15034815848341726|2.0136077404022217|2009.6654052734373;1330.904296875|49|[-0.030926775187253952, -0.09943436086177826, 0.0]|[0.016378050670027733, 0.022053876891732216, 0.999622642993927]|[[2833.277965760987, 0.0, 2009.7572163743287], [0.0, 2858.7736950651392, 1407.9866181636053], [0.0, 0.0, 1.0]]
500|499|5|Box|0.15|0.15013310167559157|2.21591854095459|2014.2236328125;1343.5791015625|49|[-0.030926775187253952, -0.09943436086177826, 0.0]|[0.016378050670027733, 0.022053876891732216, 0.999622642993927]|[[2833.277965760987, 0.0, 2009.7572163743287], [0.0, 2858.7736950651392, 1407.9866181636053], [0.0, 0.0, 1.0]]
500|499|5|Box|0.15|0.15017602557672796|2.403986930847168|2017.6055908203125;1353.5189208984375|49|[-0.030926775187253952, -0.09943436086177826, 0.0]|[0.016378050670027733, 0.022053876891732216, 0.999622642993927]|[[2833.277965760987, 0.0, 2009.7572163743287], [0.0, 2858.7736950651392, 1407.9866181636053], [0.0, 0.0, 1.0]]
500|499|5|Box|0.15|0.14975761529355727|2.627729892730713|2019.2200927734375;1364.1527099609375|49|[-0.030926775187253952, -0.09943436086177826, 0.0]|[0.016378050670027733, 0.022053876891732216, 0.999622642993927]|[[2833.277965760987, 0.0, 2009.7572163743287], [0.0, 2858.7736950651392, 1407.9866181636053], [0.0, 0.0, 1.0]]
500|499|5|Box|0.15|0.14730166047841117|2.6872975826263428|2021.1773681640623;1366.0950927734375|49|[-0.030926775187253952, -0.09943436086177826, 0.0]|[0.016378050670027733, 0.022053876891732216, 0.999622642993927]|[[2833.277965760987, 0.0, 2009.7572163743287], [0.0, 2858.7736950651392, 1407.9866181636053], [0.0, 0.0, 1.0]]
500|499|5|Box|0.15|0.14644257434305585|2.8924760818481445|2022.7254722611665;1373.8797981127727|49|[-0.030926775187253952, -0.09943436086177826, 0.0]|[0.016378050670027733, 0.022053876891732216, 0.999622642993927]|[[2833.277965760987, 0.0, 2009.7572163743287], [0.0, 2858.7736950651392, 1407.9866181636053], [0.0, 0.0, 1.0]]
500|499|5|Box|0.15|0.14640637032107726|3.0375540256500244|2025.2039794921875;1378.1807861328125|49|[-0.030926775187253952, -0.09943436086177826, 0.0]|[0.016378050670027733, 0.022053876891732216, 0.999622642993927]|[[2833.277965760987, 0.0, 2009.7572163743287], [0.0, 2858.7736950651392, 1407.9866181636053], [0.0, 0.0, 1.0]]
500|499|5|Box|0.15|0.15009741495407805|3.28605318069458|2025.548828125;1385.9930419921875|49|[-0.030926775187253952, -0.09943436086177826, 0.0]|[0.016378050670027733, 0.022053876891732216, 0.999622642993927]|[[2833.277965760987, 0.0, 2009.7572163743287], [0.0, 2858.7736950651392, 1407.9866181636053], [0.0, 0.0, 1.0]]
500|499|5|Box|0.15|0.15072214518295476|3.209350109100342|2025.1809082031252;1383.82080078125|49|[-0.030926775187253952, -0.09943436086177826, 0.0]|[0.016378050670027733, 0.022053876891732216, 0.999622642993927]|[[2833.277965760987, 0.0, 2009.7572163743287], [0.0, 2858.7736950651392, 1407.9866181636053], [0.0, 0.0, 1.0]]
500|499|5|Box|0.15|0.14925824898954215|3.345463275909424|2025.9610595703125;1387.572021484375|49|[-0.030926775187253952, -0.09943436086177826, 0.0]|[0.016378050670027733, 0.022053876891732216, 0.999622642993927]|[[2833.277965760987, 0.0, 2009.7572163743287], [0.0, 2858.7736950651392, 1407.9866181636053], [0.0, 0.0, 1.0]]
500|499|5|Box|0.15|0.14950394087887278|3.5949063301086426|2028.258544921875;1393.2803955078125|49|[-0.030926775187253952, -0.09943436086177826, 0.0]|[0.016378050670027733, 0.022053876891732216, 0.999622642993927]|[[2833.277965760987, 0.0, 2009.7572163743287], [0.0, 2858.7736950651392, 1407.9866181636053], [0.0, 0.0, 1.0]]
500|499|5|Box|0.15|0.14391658984865102|3.6323039531707764|2029.4970703125002;1393.6856689453125|49|[-0.030926775187253952, -0.09943436086177826, 0.0]|[0.016378050670027733, 0.022053876891732216, 0.999622642993927]|[[2833.277965760987, 0.0, 2009.7572163743287], [0.0, 2858.7736950651392, 1407.9866181636053], [0.0, 0.0, 1.0]]
500|499|5|Box|0.15|0.1460920010632033|3.8454012870788574|2030.8187255859373;1398.0340576171875|49|[-0.030926775187253952, -0.09943436086177826, 0.0]|[0.016378050670027733, 0.022053876891732216, 0.999622642993927]|[[2833.277965760987, 0.0, 2009.7572163743287], [0.0, 2858.7736950651392, 1407.9866181636053], [0.0, 0.0, 1.0]]
500|499|5|Box|0.15|0.14620254123917673|4.045928955078125|2031.9088134765625;1401.7119140625|49|[-0.030926775187253952, -0.09943436086177826, 0.0]|[0.016378050670027733, 0.022053876891732216, 0.999622642993927]|[[2833.277965760987, 0.0, 2009.7572163743287], [0.0, 2858.7736950651392, 1407.9866181636053], [0.0, 0.0, 1.0]]
500|499|5|Box|0.15|0.1451536808166202|4.262033462524414|2032.3870849609375;1405.542236328125|49|[-0.030926775187253952, -0.09943436086177826, 0.0]|[0.016378050670027733, 0.022053876891732216, 0.999622642993927]|[[2833.277965760987, 0.0, 2009.7572163743287], [0.0, 2858.7736950651392, 1407.9866181636053], [0.0, 0.0, 1.0]]
500|499|5|Box|0.15|0.1474630437438909|4.5719122886657715|2034.0091552734375;1409.981689453125|49|[-0.030926775187253952, -0.09943436086177826, 0.0]|[0.016378050670027733, 0.022053876891732216, 0.999622642993927]|[[2833.277965760987, 0.0, 2009.7572163743287], [0.0, 2858.7736950651392, 1407.9866181636053], [0.0, 0.0, 1.0]]
500|499|5|Box|0.15|0.1490717361837531|4.710712432861328|2034.482666015625;1411.8551025390625|49|[-0.030926775187253952, -0.09943436086177826, 0.0]|[0.016378050670027733, 0.022053876891732216, 0.999622642993927]|[[2833.277965760987, 0.0, 2009.7572163743287], [0.0, 2858.7736950651392, 1407.9866181636053], [0.0, 0.0, 1.0]]
500|499|5|Box|0.15|0.14559643741671457|3.878488063812256|2029.1143798828125;1399.482177734375|49|[-0.030926775187253952, -0.09943436086177826, 0.0]|[0.016378050670027733, 0.022053876891732216, 0.999622642993927]|[[2833.277965760987, 0.0, 2009.7572163743287], [0.0, 2858.7736950651392, 1407.9866181636053], [0.0, 0.0, 1.0]]
500|499|5|Box|0.15|0.14955099069102484|3.8618686199188232|2028.9035644531248;1399.2291259765627|49|[-0.030926775187253952, -0.09943436086177826, 0.0]|[0.016378050670027733, 0.022053876891732216, 0.999622642993927]|[[2833.277965760987, 0.0, 2009.7572163743287], [0.0, 2858.7736950651392, 1407.9866181636053], [0.0, 0.0, 1.0]]
500|499|5|Box|0.15|0.1500324949940827|3.7361526489257812|2029.12841796875;1396.2840576171875|49|[-0.030926775187253952, -0.09943436086177826, 0.0]|[0.016378050670027733, 0.022053876891732216, 0.999622642993927]|[[2833.277965760987, 0.0, 2009.7572163743287], [0.0, 2858.7736950651392, 1407.9866181636053], [0.0, 0.0, 1.0]]
500|499|5|Box|0.15|0.14891657051538812|3.5660367012023926|2028.5710449218748;1392.4215087890625|49|[-0.030926775187253952, -0.09943436086177826, 0.0]|[0.016378050670027733, 0.022053876891732216, 0.999622642993927]|[[2833.277965760987, 0.0, 2009.7572163743287], [0.0, 2858.7736950651392, 1407.9866181636053], [0.0, 0.0, 1.0]]
500|499|5|Box|0.15|0.14935829102979795|3.388671875|2026.535888671875;1388.5506591796875|49|[-0.030926775187253952, -0.09943436086177826, 0.0]|[0.016378050670027733, 0.022053876891732216, 0.999622642993927]|[[2833.277965760987, 0.0, 2009.7572163743287], [0.0, 2858.7736950651392, 1407.9866181636053], [0.0, 0.0, 1.0]]
500|499|5|Box|0.15|0.14885603671380018|3.211109161376953|2025.3457031249998;1383.803955078125|49|[-0.030926775187253952, -0.09943436086177826, 0.0]|[0.016378050670027733, 0.022053876891732216, 0.999622642993927]|[[2833.277965760987, 0.0, 2009.7572163743287], [0.0, 2858.7736950651392, 1407.9866181636053], [0.0, 0.0, 1.0]]
500|499|5|Box|0.15|0.14825785181194107|3.0176820755004883|2022.976318359375;1378.361083984375|49|[-0.030926775187253952, -0.09943436086177826, 0.0]|[0.016378050670027733, 0.022053876891732216, 0.999622642993927]|[[2833.277965760987, 0.0, 2009.7572163743287], [0.0, 2858.7736950651392, 1407.9866181636053], [0.0, 0.0, 1.0]]
500|499|5|Box|0.15|0.14909749774755754|2.8769724369049072|2022.843017578125;1373.2451171875|49|[-0.030926775187253952, -0.09943436086177826, 0.0]|[0.016378050670027733, 0.022053876891732216, 0.999622642993927]|[[2833.277965760987, 0.0, 2009.7572163743287], [0.0, 2858.7736950651392, 1407.9866181636053], [0.0, 0.0, 1.0]]
500|499|5|Box|0.15|0.14465169937950603|2.6136250495910645|2019.9541015625;1363.2078857421875|49|[-0.030926775187253952, -0.09943436086177826, 0.0]|[0.016378050670027733, 0.022053876891732216, 0.999622642993927]|[[2833.277965760987, 0.0, 2009.7572163743287], [0.0, 2858.7736950651392, 1407.9866181636053], [0.0, 0.0, 1.0]]
500|499|5|Box|0.15|0.14452943065893134|2.4619829654693604|2016.674072265625;1356.9818115234375|49|[-0.030926775187253952, -0.09943436086177826, 0.0]|[0.016378050670027733, 0.022053876891732216, 0.999622642993927]|[[2833.277965760987, 0.0, 2009.7572163743287], [0.0, 2858.7736950651392, 1407.9866181636053], [0.0, 0.0, 1.0]]
500|499|5|Box|0.15|0.14855639059788794|2.3763251304626465|2016.3206787109373;1352.4444580078125|49|[-0.030926775187253952, -0.09943436086177826, 0.0]|[0.016378050670027733, 0.022053876891732216, 0.999622642993927]|[[2833.277965760987, 0.0, 2009.7572163743287], [0.0, 2858.7736950651392, 1407.9866181636053], [0.0, 0.0, 1.0]]
500|499|5|Box|0.15|0.149217912163125|2.20233154296875|2012.3890380859375;1343.3729248046875|49|[-0.030926775187253952, -0.09943436086177826, 0.0]|[0.016378050670027733, 0.022053876891732216, 0.999622642993927]|[[2833.277965760987, 0.0, 2009.7572163743287], [0.0, 2858.7736950651392, 1407.9866181636053], [0.0, 0.0, 1.0]]
500|499|5|Box|0.15|0.1496391624193626|2.094562292098999|2011.4708251953125;1336.30859375|49|[-0.030926775187253952, -0.09943436086177826, 0.0]|[0.016378050670027733, 0.022053876891732216, 0.999622642993927]|[[2833.277965760987, 0.0, 2009.7572163743287], [0.0, 2858.7736950651392, 1407.9866181636053], [0.0, 0.0, 1.0]]
500|499|5|Box|0.15|0.15167292580587227|2.1080336570739746|2012.2264404296875;1337.0009765625|49|[-0.030926775187253952, -0.09943436086177826, 0.0]|[0.016378050670027733, 0.022053876891732216, 0.999622642993927]|[[2833.277965760987, 0.0, 2009.7572163743287], [0.0, 2858.7736950651392, 1407.9866181636053], [0.0, 0.0, 1.0]]
500|499|5|Box|0.15|0.14891598887965804|1.7991039752960205|2003.9541015625;1314.2426757812498|49|[-0.030926775187253952, -0.09943436086177826, 0.0]|[0.016378050670027733, 0.022053876891732216, 0.999622642993927]|[[2833.277965760987, 0.0, 2009.7572163743287], [0.0, 2858.7736950651392, 1407.9866181636053], [0.0, 0.0, 1.0]]
500|499|5|Box|0.15|0.14750946020885713|1.6210052967071533|1999.4461669921875;1296.580322265625|49|[-0.030926775187253952, -0.09943436086177826, 0.0]|[0.016378050670027733, 0.022053876891732216, 0.999622642993927]|[[2833.277965760987, 0.0, 2009.7572163743287], [0.0, 2858.7736950651392, 1407.9866181636053], [0.0, 0.0, 1.0]]
500|499|5|Box|0.15|0.14753907139146083|1.360987901687622|1988.402587890625;1263.318603515625|49|[-0.030926775187253952, -0.09943436086177826, 0.0]|[0.016378050670027733, 0.022053876891732216, 0.999622642993927]|[[2833.277965760987, 0.0, 2009.7572163743287], [0.0, 2858.7736950651392, 1407.9866181636053], [0.0, 0.0, 1.0]]
500|499|5|Box|0.15|0.14524551696848498|1.3191184997558594|1985.4034423828123;1257.0247802734377|49|[-0.030926775187253952, -0.09943436086177826, 0.0]|[0.016378050670027733, 0.022053876891732216, 0.999622642993927]|[[2833.277965760987, 0.0, 2009.7572163743287], [0.0, 2858.7736950651392, 1407.9866181636053], [0.0, 0.0, 1.0]]
500|499|5|Box|0.15|0.14663226293369028|1.1514184474945068|1976.39990234375;1225.396728515625|49|[-0.030926775187253952, -0.09943436086177826, 0.0]|[0.016378050670027733, 0.022053876891732216, 0.999622642993927]|[[2833.277965760987, 0.0, 2009.7572163743287], [0.0, 2858.7736950651392, 1407.9866181636053], [0.0, 0.0, 1.0]]
500|499|5|Box|0.15|0.14733509375164494|0.9711023569107056|1962.708740234375;1179.3936767578125|49|[-0.030926775187253952, -0.09943436086177826, 0.0]|[0.016378050670027733, 0.022053876891732216, 0.999622642993927]|[[2833.277965760987, 0.0, 2009.7572163743287], [0.0, 2858.7736950651392, 1407.9866181636053], [0.0, 0.0, 1.0]]
500|499|5|Box|0.15|0.14756922188740923|0.7706204652786255|1938.24658203125;1103.5594482421875|49|[-0.030926775187253952, -0.09943436086177826, 0.0]|[0.016378050670027733, 0.022053876891732216, 0.999622642993927]|[[2833.277965760987, 0.0, 2009.7572163743287], [0.0, 2858.7736950651392, 1407.9866181636053], [0.0, 0.0, 1.0]]
500|499|5|Box|0.15|0.14703504222972744|0.5883165001869202|1904.7635498046875;988.6685791015625|49|[-0.030926775187253952, -0.09943436086177826, 0.0]|[0.016378050670027733, 0.022053876891732216, 0.999622642993927]|[[2833.277965760987, 0.0, 2009.7572163743287], [0.0, 2858.7736950651392, 1407.9866181636053], [0.0, 0.0, 1.0]]
500|499|5|Box|0.15|0.1471490101179215|0.38793304562568665|1826.3753662109375;739.5578002929688|49|[-0.030926775187253952, -0.09943436086177826, 0.0]|[0.016378050670027733, 0.022053876891732216, 0.999622642993927]|[[2833.277965760987, 0.0, 2009.7572163743287], [0.0, 2858.7736950651392, 1407.9866181636053], [0.0, 0.0, 1.0]]
500|499|5|Box|0.15|0.1471376429257551|0.4162154793739319|1844.106201171875;788.5802001953125|49|[-0.030926775187253952, -0.09943436086177826, 0.0]|[0.016378050670027733, 0.022053876891732216, 0.999622642993927]|[[2833.277965760987, 0.0, 2009.7572163743287], [0.0, 2858.7736950651392, 1407.9866181636053], [0.0, 0.0, 1.0]]
505|505|10|Weasly Fish|0.31|0.30272997580936767|4.414262294769287|2041.4697265625002;1362.22314453125|50|[-0.03050488978624344, -0.09927742183208466, 0.0]|[0.019755514338612556, -0.017258234322071075, 0.9996559023857117]|[[2841.3712142828917, 0.0, 2004.355023481056], [0.0, 2863.7600731700495, 1476.2484742699291], [0.0, 0.0, 1.0]]
505|505|10|Weasly Fish|0.31|0.3046292590263908|4.592181205749512|2041.6308652346206;1364.8906135620682|50|[-0.03050488978624344, -0.09927742183208466, 0.0]|[0.019755514338612556, -0.017258234322071075, 0.9996559023857117]|[[2841.3712142828917, 0.0, 2004.355023481056], [0.0, 2863.7600731700495, 1476.2484742699291], [0.0, 0.0, 1.0]]
506|505|10|Box|0.15|0.1471124133605223|0.3151587247848511|1778.9062661204673;526.7937490517374|50|[-0.03050488978624344, -0.09927742183208466, 0.0]|[0.019755514338612556, -0.017258234322071075, 0.9996559023857117]|[[2841.3712142828917, 0.0, 2004.355023481056], [0.0, 2863.7600731700495, 1476.2484742699291], [0.0, 0.0, 1.0]]
506|505|10|Box|0.15|0.1496343905613319|0.44944894313812256|1863.8428955078125;795.447998046875|50|[-0.03050488978624344, -0.09927742183208466, 0.0]|[0.019755514338612556, -0.017258234322071075, 0.9996559023857117]|[[2841.3712142828917, 0.0, 2004.355023481056], [0.0, 2863.7600731700495, 1476.2484742699291], [0.0, 0.0, 1.0]]
506|505|10|Box|0.15|0.14739551827701486|0.6097561717033386|1913.8419189453125;961.9910278320312|50|[-0.03050488978624344, -0.09927742183208466, 0.0]|[0.019755514338612556, -0.017258234322071075, 0.9996559023857117]|[[2841.3712142828917, 0.0, 2004.355023481056], [0.0, 2863.7600731700495, 1476.2484742699291], [0.0, 0.0, 1.0]]
506|505|10|Box|0.15|0.1479049478594613|0.8666858673095703|1957.7432861328125;1099.6494140625|50|[-0.03050488978624344, -0.09927742183208466, 0.0]|[0.019755514338612556, -0.017258234322071075, 0.9996559023857117]|[[2841.3712142828917, 0.0, 2004.355023481056], [0.0, 2863.7600731700495, 1476.2484742699291], [0.0, 0.0, 1.0]]
506|505|10|Box|0.15|0.14790705820536257|1.155819058418274|1982.6280517578125;1181.76123046875|50|[-0.03050488978624344, -0.09927742183208466, 0.0]|[0.019755514338612556, -0.017258234322071075, 0.9996559023857117]|[[2841.3712142828917, 0.0, 2004.355023481056], [0.0, 2863.7600731700495, 1476.2484742699291], [0.0, 0.0, 1.0]]
506|505|10|Box|0.15|0.14922407355418368|1.5112274885177612|1999.4061279296875;1239.914306640625|50|[-0.03050488978624344, -0.09927742183208466, 0.0]|[0.019755514338612556, -0.017258234322071075, 0.9996559023857117]|[[2841.3712142828917, 0.0, 2004.355023481056], [0.0, 2863.7600731700495, 1476.2484742699291], [0.0, 0.0, 1.0]]
506|505|10|Box|0.15|0.14821805986572545|1.7056987285614014|2007.3563232421875;1260.8903808593748|50|[-0.03050488978624344, -0.09927742183208466, 0.0]|[0.019755514338612556, -0.017258234322071075, 0.9996559023857117]|[[2841.3712142828917, 0.0, 2004.355023481056], [0.0, 2863.7600731700495, 1476.2484742699291], [0.0, 0.0, 1.0]]
506|505|10|Box|0.15|0.147819699480261|2.066150665283203|2016.92333984375;1289.7329101562502|50|[-0.03050488978624344, -0.09927742183208466, 0.0]|[0.019755514338612556, -0.017258234322071075, 0.9996559023857117]|[[2841.3712142828917, 0.0, 2004.355023481056], [0.0, 2863.7600731700495, 1476.2484742699291], [0.0, 0.0, 1.0]]
506|505|10|Box|0.15|0.14793806922523667|2.3593387603759766|2021.4117431640627;1307.0871582031248|50|[-0.03050488978624344, -0.09927742183208466, 0.0]|[0.019755514338612556, -0.017258234322071075, 0.9996559023857117]|[[2841.3712142828917, 0.0, 2004.355023481056], [0.0, 2863.7600731700495, 1476.2484742699291], [0.0, 0.0, 1.0]]
506|505|10|Box|0.15|0.15348507092561509|2.6724250316619873|2024.2463378906252;1321.7496337890625|50|[-0.03050488978624344, -0.09927742183208466, 0.0]|[0.019755514338612556, -0.017258234322071075, 0.9996559023857117]|[[2841.3712142828917, 0.0, 2004.355023481056], [0.0, 2863.7600731700495, 1476.2484742699291], [0.0, 0.0, 1.0]]
506|505|10|Box|0.15|0.14999937218202292|1.2531837224960327|1985.9862060546875;1201.7403564453123|50|[-0.03050488978624344, -0.09927742183208466, 0.0]|[0.019755514338612556, -0.017258234322071075, 0.9996559023857117]|[[2841.3712142828917, 0.0, 2004.355023481056], [0.0, 2863.7600731700495, 1476.2484742699291], [0.0, 0.0, 1.0]]
506|505|10|Box|0.15|0.15091781368566265|1.6792148351669312|2003.8607177734373;1259.2198486328125|50|[-0.03050488978624344, -0.09927742183208466, 0.0]|[0.019755514338612556, -0.017258234322071075, 0.9996559023857117]|[[2841.3712142828917, 0.0, 2004.355023481056], [0.0, 2863.7600731700495, 1476.2484742699291], [0.0, 0.0, 1.0]]
506|505|10|Box|0.15|0.15028732814240012|2.0301029682159424|2014.3234863281252;1287.9342041015627|50|[-0.03050488978624344, -0.09927742183208466, 0.0]|[0.019755514338612556, -0.017258234322071075, 0.9996559023857117]|[[2841.3712142828917, 0.0, 2004.355023481056], [0.0, 2863.7600731700495, 1476.2484742699291], [0.0, 0.0, 1.0]]
506|505|10|Box|0.15|0.1527998955795697|2.4157135486602783|2021.1009521484375;1310.3204345703125|50|[-0.03050488978624344, -0.09927742183208466, 0.0]|[0.019755514338612556, -0.017258234322071075, 0.9996559023857117]|[[2841.3712142828917, 0.0, 2004.355023481056], [0.0, 2863.7600731700495, 1476.2484742699291], [0.0, 0.0, 1.0]]
506|505|10|Box|0.15|0.15116342657690035|2.5542118549346924|2023.4599609375;1316.5587158203125|50|[-0.03050488978624344, -0.09927742183208466, 0.0]|[0.019755514338612556, -0.017258234322071075, 0.9996559023857117]|[[2841.3712142828917, 0.0, 2004.355023481056], [0.0, 2863.7600731700495, 1476.2484742699291], [0.0, 0.0, 1.0]]
506|505|10|Box|0.15|0.15291303696802985|2.9186136722564697|2027.07958984375;1330.6993408203125|50|[-0.03050488978624344, -0.09927742183208466, 0.0]|[0.019755514338612556, -0.017258234322071075, 0.9996559023857117]|[[2841.3712142828917, 0.0, 2004.355023481056], [0.0, 2863.7600731700495, 1476.2484742699291], [0.0, 0.0, 1.0]]
506|505|10|Box|0.15|0.1495813188247447|3.1875407695770264|2031.1907958984375;1338.3134765625|50|[-0.03050488978624344, -0.09927742183208466, 0.0]|[0.019755514338612556, -0.017258234322071075, 0.9996559023857117]|[[2841.3712142828917, 0.0, 2004.355023481056], [0.0, 2863.7600731700495, 1476.2484742699291], [0.0, 0.0, 1.0]]
506|505|10|Box|0.15|0.15313688976864112|3.5834126472473145|2033.1190185546875;1348.6036376953125|50|[-0.03050488978624344, -0.09927742183208466, 0.0]|[0.019755514338612556, -0.017258234322071075, 0.9996559023857117]|[[2841.3712142828917, 0.0, 2004.355023481056], [0.0, 2863.7600731700495, 1476.2484742699291], [0.0, 0.0, 1.0]]
506|505|10|Box|0.15|0.15250514684045963|3.9222218990325928|2035.3873291015625;1355.406494140625|50|[-0.03050488978624344, -0.09927742183208466, 0.0]|[0.019755514338612556, -0.017258234322071075, 0.9996559023857117]|[[2841.3712142828917, 0.0, 2004.355023481056], [0.0, 2863.7600731700495, 1476.2484742699291], [0.0, 0.0, 1.0]]
506|505|10|Box|0.15|0.14674199815767508|4.0250325202941895|2036.4593505859375;1357.051513671875|50|[-0.03050488978624344, -0.09927742183208466, 0.0]|[0.019755514338612556, -0.017258234322071075, 0.9996559023857117]|[[2841.3712142828917, 0.0, 2004.355023481056], [0.0, 2863.7600731700495, 1476.2484742699291], [0.0, 0.0, 1.0]]
506|505|10|Box|0.15|0.15415524563135702|4.4544453620910645|2037.1225585937498;1364.50146484375|50|[-0.03050488978624344, -0.09927742183208466, 0.0]|[0.019755514338612556, -0.017258234322071075, 0.9996559023857117]|[[2841.3712142828917, 0.0, 2004.355023481056], [0.0, 2863.7600731700495, 1476.2484742699291], [0.0, 0.0, 1.0]]
506|505|10|Box|0.15|0.1533861958320123|4.707767009735107|2039.1154127035254;1367.4740520537055|50|[-0.03050488978624344, -0.09927742183208466, 0.0]|[0.019755514338612556, -0.017258234322071075, 0.9996559023857117]|[[2841.3712142828917, 0.0, 2004.355023481056], [0.0, 2863.7600731700495, 1476.2484742699291], [0.0, 0.0, 1.0]]
506|505|10|Box|0.15|0.1541260911771647|4.7535080909729|2038.224853515625;1368.5688476562502|50|[-0.03050488978624344, -0.09927742183208466, 0.0]|[0.019755514338612556, -0.017258234322071075, 0.9996559023857117]|[[2841.3712142828917, 0.0, 2004.355023481056], [0.0, 2863.7600731700495, 1476.2484742699291], [0.0, 0.0, 1.0]]
506|505|10|Box|0.15|0.15336497205307006|3.809037446975708|2034.2152099609377;1353.44384765625|50|[-0.03050488978624344, -0.09927742183208466, 0.0]|[0.019755514338612556, -0.017258234322071075, 0.9996559023857117]|[[2841.3712142828917, 0.0, 2004.355023481056], [0.0, 2863.7600731700495, 1476.2484742699291], [0.0, 0.0, 1.0]]
506|505|10|Box|0.15|0.15354704229701324|3.6834230422973633|2033.3376464843752;1350.9464111328125|50|[-0.03050488978624344, -0.09927742183208466, 0.0]|[0.019755514338612556, -0.017258234322071075, 0.9996559023857117]|[[2841.3712142828917, 0.0, 2004.355023481056], [0.0, 2863.7600731700495, 1476.2484742699291], [0.0, 0.0, 1.0]]
506|505|10|Box|0.15|0.1545207432234368|3.6008756160736084|2033.5107421875002;1348.8792724609375|50|[-0.03050488978624344, -0.09927742183208466, 0.0]|[0.019755514338612556, -0.017258234322071075, 0.9996559023857117]|[[2841.3712142828917, 0.0, 2004.355023481056], [0.0, 2863.7600731700495, 1476.2484742699291], [0.0, 0.0, 1.0]]
506|505|10|Box|0.15|0.1526458584028961|3.474400520324707|2031.5313720703127;1346.47119140625|50|[-0.03050488978624344, -0.09927742183208466, 0.0]|[0.019755514338612556, -0.017258234322071075, 0.9996559023857117]|[[2841.3712142828917, 0.0, 2004.355023481056], [0.0, 2863.7600731700495, 1476.2484742699291], [0.0, 0.0, 1.0]]
506|505|10|Box|0.15|0.144556963455944|3.212127208709717|2030.4355468750002;1339.3824462890625|50|[-0.03050488978624344, -0.09927742183208466, 0.0]|[0.019755514338612556, -0.017258234322071075, 0.9996559023857117]|[[2841.3712142828917, 0.0, 2004.355023481056], [0.0, 2863.7600731700495, 1476.2484742699291], [0.0, 0.0, 1.0]]
506|505|10|Box|0.15|0.1508825761521162|3.234508991241455|2029.0836181640625;1340.609619140625|50|[-0.03050488978624344, -0.09927742183208466, 0.0]|[0.019755514338612556, -0.017258234322071075, 0.9996559023857117]|[[2841.3712142828917, 0.0, 2004.355023481056], [0.0, 2863.7600731700495, 1476.2484742699291], [0.0, 0.0, 1.0]]
506|505|10|Box|0.15|0.1514391592557997|3.065739393234253|2028.0076904296877;1335.6123046875|50|[-0.03050488978624344, -0.09927742183208466, 0.0]|[0.019755514338612556, -0.017258234322071075, 0.9996559023857117]|[[2841.3712142828917, 0.0, 2004.355023481056], [0.0, 2863.7600731700495, 1476.2484742699291], [0.0, 0.0, 1.0]]
506|505|10|Box|0.15|0.15136328818290434|2.865393877029419|2026.36962890625;1328.951416015625|50|[-0.03050488978624344, -0.09927742183208466, 0.0]|[0.019755514338612556, -0.017258234322071075, 0.9996559023857117]|[[2841.3712142828917, 0.0, 2004.355023481056], [0.0, 2863.7600731700495, 1476.2484742699291], [0.0, 0.0, 1.0]]
506|505|10|Box|0.15|0.14512794260214162|2.582742929458618|2024.0935058593748;1317.6986083984375|50|[-0.03050488978624344, -0.09927742183208466, 0.0]|[0.019755514338612556, -0.017258234322071075, 0.9996559023857117]|[[2841.3712142828917, 0.0, 2004.355023481056], [0.0, 2863.7600731700495, 1476.2484742699291], [0.0, 0.0, 1.0]]
506|505|10|Box|0.15|0.15305240840792908|2.2927703857421875|2020.4399414062502;1303.5472412109375|50|[-0.03050488978624344, -0.09927742183208466, 0.0]|[0.019755514338612556, -0.017258234322071075, 0.9996559023857117]|[[2841.3712142828917, 0.0, 2004.355023481056], [0.0, 2863.7600731700495, 1476.2484742699291], [0.0, 0.0, 1.0]]
506|505|10|Box|0.15|0.148645409610559|2.033510208129883|2013.6865234375002;1288.447265625|50|[-0.03050488978624344, -0.09927742183208466, 0.0]|[0.019755514338612556, -0.017258234322071075, 0.9996559023857117]|[[2841.3712142828917, 0.0, 2004.355023481056], [0.0, 2863.7600731700495, 1476.2484742699291], [0.0, 0.0, 1.0]]
506|505|10|Box|0.15|0.15212623339624545|1.8738497495651245|2009.3970947265623;1276.7603759765627|50|[-0.03050488978624344, -0.09927742183208466, 0.0]|[0.019755514338612556, -0.017258234322071075, 0.9996559023857117]|[[2841.3712142828917, 0.0, 2004.355023481056], [0.0, 2863.7600731700495, 1476.2484742699291], [0.0, 0.0, 1.0]]
506|505|10|Box|0.15|0.1514489909905956|1.7837731838226318|2006.4425048828125;1269.3212890625|50|[-0.03050488978624344, -0.09927742183208466, 0.0]|[0.019755514338612556, -0.017258234322071075, 0.9996559023857117]|[[2841.3712142828917, 0.0, 2004.355023481056], [0.0, 2863.7600731700495, 1476.2484742699291], [0.0, 0.0, 1.0]]
506|505|10|Box|0.15|0.1503433392595826|1.5851993560791016|2001.2935791015625;1248.9949951171877|50|[-0.03050488978624344, -0.09927742183208466, 0.0]|[0.019755514338612556, -0.017258234322071075, 0.9996559023857117]|[[2841.3712142828917, 0.0, 2004.355023481056], [0.0, 2863.7600731700495, 1476.2484742699291], [0.0, 0.0, 1.0]]
506|505|10|Box|0.15|0.1495433561782726|1.3997632265090942|1994.580322265625;1225.026611328125|50|[-0.03050488978624344, -0.09927742183208466, 0.0]|[0.019755514338612556, -0.017258234322071075, 0.9996559023857117]|[[2841.3712142828917, 0.0, 2004.355023481056], [0.0, 2863.7600731700495, 1476.2484742699291], [0.0, 0.0, 1.0]]
506|505|10|Box|0.15|0.14905035902688554|1.126807689666748|1978.546630859375;1176.1688232421877|50|[-0.03050488978624344, -0.09927742183208466, 0.0]|[0.019755514338612556, -0.017258234322071075, 0.9996559023857117]|[[2841.3712142828917, 0.0, 2004.355023481056], [0.0, 2863.7600731700495, 1476.2484742699291], [0.0, 0.0, 1.0]]
506|505|10|Box|0.15|0.14815184902583267|0.7979634404182434|1946.819580078125;1072.1684570312498|50|[-0.03050488978624344, -0.09927742183208466, 0.0]|[0.019755514338612556, -0.017258234322071075, 0.9996559023857117]|[[2841.3712142828917, 0.0, 2004.355023481056], [0.0, 2863.7600731700495, 1476.2484742699291], [0.0, 0.0, 1.0]]
506|505|10|Box|0.15|0.14725779849972273|0.6538138389587402|1922.5467529296875;993.70703125|50|[-0.03050488978624344, -0.09927742183208466, 0.0]|[0.019755514338612556, -0.017258234322071075, 0.9996559023857117]|[[2841.3712142828917, 0.0, 2004.355023481056], [0.0, 2863.7600731700495, 1476.2484742699291], [0.0, 0.0, 1.0]]
506|505|10|Box|0.15|0.14723764580023568|0.5718320608139038|1902.6444091796877;931.6619873046875|50|[-0.03050488978624344, -0.09927742183208466, 0.0]|[0.019755514338612556, -0.017258234322071075, 0.9996559023857117]|[[2841.3712142828917, 0.0, 2004.355023481056], [0.0, 2863.7600731700495, 1476.2484742699291], [0.0, 0.0, 1.0]]
506|505|10|Box|0.15|0.14621884116717068|0.6474102139472961|1920.489990234375;989.661865234375|50|[-0.03050488978624344, -0.09927742183208466, 0.0]|[0.019755514338612556, -0.017258234322071075, 0.9996559023857117]|[[2841.3712142828917, 0.0, 2004.355023481056], [0.0, 2863.7600731700495, 1476.2484742699291], [0.0, 0.0, 1.0]]
506|505|10|Box|0.15|0.14446568742006757|0.3071708381175995|1772.2571992110459;503.17001972386583|50|[-0.03050488978624344, -0.09927742183208466, 0.0]|[0.019755514338612556, -0.017258234322071075, 0.9996559023857117]|[[2841.3712142828917, 0.0, 2004.355023481056], [0.0, 2863.7600731700495, 1476.2484742699291], [0.0, 0.0, 1.0]]
506|505|10|Box|0.15|0.1473951862131248|0.7301499247550964|1936.5628662109375;1039.1240234375|50|[-0.03050488978624344, -0.09927742183208466, 0.0]|[0.019755514338612556, -0.017258234322071075, 0.9996559023857117]|[[2841.3712142828917, 0.0, 2004.355023481056], [0.0, 2863.7600731700495, 1476.2484742699291], [0.0, 0.0, 1.0]]
506|505|10|Box|0.15|0.15014650864627738|1.405798077583313|1994.5830078124998;1225.9906005859377|50|[-0.03050488978624344, -0.09927742183208466, 0.0]|[0.019755514338612556, -0.017258234322071075, 0.9996559023857117]|[[2841.3712142828917, 0.0, 2004.355023481056], [0.0, 2863.7600731700495, 1476.2484742699291], [0.0, 0.0, 1.0]]
506|505|10|Box|0.15|0.152844413036936|1.979493498802185|2012.0625000000002;1284.790771484375|50|[-0.03050488978624344, -0.09927742183208466, 0.0]|[0.019755514338612556, -0.017258234322071075, 0.9996559023857117]|[[2841.3712142828917, 0.0, 2004.355023481056], [0.0, 2863.7600731700495, 1476.2484742699291], [0.0, 0.0, 1.0]]
506|505|10|Box|0.15|0.14990117285388546|2.348780632019043|2019.0694580078125;1307.3601074218752|50|[-0.03050488978624344, -0.09927742183208466, 0.0]|[0.019755514338612556, -0.017258234322071075, 0.9996559023857117]|[[2841.3712142828917, 0.0, 2004.355023481056], [0.0, 2863.7600731700495, 1476.2484742699291], [0.0, 0.0, 1.0]]
506|505|10|Box|0.15|0.15167618384303158|2.833195447921753|2024.9772949218752;1328.2644042968748|50|[-0.03050488978624344, -0.09927742183208466, 0.0]|[0.019755514338612556, -0.017258234322071075, 0.9996559023857117]|[[2841.3712142828917, 0.0, 2004.355023481056], [0.0, 2863.7600731700495, 1476.2484742699291], [0.0, 0.0, 1.0]]
507|505|10|Weasly Fish|0.31|0.28368953490601423|0.3108641803264618|1775.6674829595984;514.1489646050617|50|[-0.03050488978624344, -0.09927742183208466, 0.0]|[0.019755514338612556, -0.017258234322071075, 0.9996559023857117]|[[2841.3712142828917, 0.0, 2004.355023481056], [0.0, 2863.7600731700495, 1476.2484742699291], [0.0, 0.0, 1.0]]
507|505|10|Weasly Fish|0.31|0.28829489902656663|0.30191850662231445|1765.844748389883;487.55758835141734|50|[-0.03050488978624344, -0.09927742183208466, 0.0]|[0.019755514338612556, -0.017258234322071075, 0.9996559023857117]|[[2841.3712142828917, 0.0, 2004.355023481056], [0.0, 2863.7600731700495, 1476.2484742699291], [0.0, 0.0, 1.0]]
507|505|10|Weasly Fish|0.31|0.2891426087219727|0.40787237882614136|1843.2264404296877;731.2752075195312|50|[-0.03050488978624344, -0.09927742183208466, 0.0]|[0.019755514338612556, -0.017258234322071075, 0.9996559023857117]|[[2841.3712142828917, 0.0, 2004.355023481056], [0.0, 2863.7600731700495, 1476.2484742699291], [0.0, 0.0, 1.0]]
507|505|10|Weasly Fish|0.31|0.2883902097334514|0.4876255393028259|1879.04833984375;844.9412841796875|50|[-0.03050488978624344, -0.09927742183208466, 0.0]|[0.019755514338612556, -0.017258234322071075, 0.9996559023857117]|[[2841.3712142828917, 0.0, 2004.355023481056], [0.0, 2863.7600731700495, 1476.2484742699291], [0.0, 0.0, 1.0]]
507|505|10|Weasly Fish|0.31|0.2978793607821751|0.6947670578956604|1933.4466552734375;1018.3245849609375|50|[-0.03050488978624344, -0.09927742183208466, 0.0]|[0.019755514338612556, -0.017258234322071075, 0.9996559023857117]|[[2841.3712142828917, 0.0, 2004.355023481056], [0.0, 2863.7600731700495, 1476.2484742699291], [0.0, 0.0, 1.0]]
507|505|10|Weasly Fish|0.31|0.30171831912426783|0.9799833297729492|1971.6456298828125;1136.822265625|50|[-0.03050488978624344, -0.09927742183208466, 0.0]|[0.019755514338612556, -0.017258234322071075, 0.9996559023857117]|[[2841.3712142828917, 0.0, 2004.355023481056], [0.0, 2863.7600731700495, 1476.2484742699291], [0.0, 0.0, 1.0]]
507|505|10|Weasly Fish|0.31|0.2982590924478356|1.1534442901611328|1983.90625;1180.7784423828125|50|[-0.03050488978624344, -0.09927742183208466, 0.0]|[0.019755514338612556, -0.017258234322071075, 0.9996559023857117]|[[2841.3712142828917, 0.0, 2004.355023481056], [0.0, 2863.7600731700495, 1476.2484742699291], [0.0, 0.0, 1.0]]
507|505|10|Weasly Fish|0.31|0.3057675526178178|1.3952059745788574|1996.8912353515625;1223.5103759765625|50|[-0.03050488978624344, -0.09927742183208466, 0.0]|[0.019755514338612556, -0.017258234322071075, 0.9996559023857117]|[[2841.3712142828917, 0.0, 2004.355023481056], [0.0, 2863.7600731700495, 1476.2484742699291], [0.0, 0.0, 1.0]]
507|505|10|Weasly Fish|0.31|0.2995601703971807|1.5787169933319092|2004.1959228515627;1247.1621093749998|50|[-0.03050488978624344, -0.09927742183208466, 0.0]|[0.019755514338612556, -0.017258234322071075, 0.9996559023857117]|[[2841.3712142828917, 0.0, 2004.355023481056], [0.0, 2863.7600731700495, 1476.2484742699291], [0.0, 0.0, 1.0]]
507|505|10|Weasly Fish|0.31|0.30338920679181597|1.6279174089431763|2005.8748779296877;1252.6005859375|50|[-0.03050488978624344, -0.09927742183208466, 0.0]|[0.019755514338612556, -0.017258234322071075, 0.9996559023857117]|[[2841.3712142828917, 0.0, 2004.355023481056], [0.0, 2863.7600731700495, 1476.2484742699291], [0.0, 0.0, 1.0]]
507|505|10|Weasly Fish|0.31|0.30132916529822595|1.794340968132019|2010.5104980468752;1268.9063720703125|50|[-0.03050488978624344, -0.09927742183208466, 0.0]|[0.019755514338612556, -0.017258234322071075, 0.9996559023857117]|[[2841.3712142828917, 0.0, 2004.355023481056], [0.0, 2863.7600731700495, 1476.2484742699291], [0.0, 0.0, 1.0]]
507|505|10|Weasly Fish|0.31|0.31174221431640414|1.9159704446792603|2013.6888427734375;1278.91796875|50|[-0.03050488978624344, -0.09927742183208466, 0.0]|[0.019755514338612556, -0.017258234322071075, 0.9996559023857117]|[[2841.3712142828917, 0.0, 2004.355023481056], [0.0, 2863.7600731700495, 1476.2484742699291], [0.0, 0.0, 1.0]]
507|505|10|Weasly Fish|0.31|0.30459577245082287|2.072463035583496|2016.5983886718748;1290.3046875|50|[-0.03050488978624344, -0.09927742183208466, 0.0]|[0.019755514338612556, -0.017258234322071075, 0.9996559023857117]|[[2841.3712142828917, 0.0, 2004.355023481056], [0.0, 2863.7600731700495, 1476.2484742699291], [0.0, 0.0, 1.0]]
507|505|10|Weasly Fish|0.31|0.3072385842094743|2.3682782649993896|2023.2680664062498;1306.9627685546875|50|[-0.03050488978624344, -0.09927742183208466, 0.0]|[0.019755514338612556, -0.017258234322071075, 0.9996559023857117]|[[2841.3712142828917, 0.0, 2004.355023481056], [0.0, 2863.7600731700495, 1476.2484742699291], [0.0, 0.0, 1.0]]
507|505|10|Weasly Fish|0.31|0.3063360416569115|2.3958580493927|2021.8609619140625;1308.9564208984377|50|[-0.03050488978624344, -0.09927742183208466, 0.0]|[0.019755514338612556, -0.017258234322071075, 0.9996559023857117]|[[2841.3712142828917, 0.0, 2004.355023481056], [0.0, 2863.7600731700495, 1476.2484742699291], [0.0, 0.0, 1.0]]
507|505|10|Weasly Fish|0.31|0.3005724634836557|2.697812557220459|2026.3243408203127;1322.0855712890625|50|[-0.03050488978624344, -0.09927742183208466, 0.0]|[0.019755514338612556, -0.017258234322071075, 0.9996559023857117]|[[2841.3712142828917, 0.0, 2004.355023481056], [0.0, 2863.7600731700495, 1476.2484742699291], [0.0, 0.0, 1.0]]
507|505|10|Weasly Fish|0.31|0.3091746781351033|2.9436144828796387|2030.37548828125;1330.4527587890625|50|[-0.03050488978624344, -0.09927742183208466, 0.0]|[0.019755514338612556, -0.017258234322071075, 0.9996559023857117]|[[2841.3712142828917, 0.0, 2004.355023481056], [0.0, 2863.7600731700495, 1476.2484742699291], [0.0, 0.0, 1.0]]
507|505|10|Weasly Fish|0.31|0.3051071293663516|3.050178050994873|2030.6990966796875;1334.0491943359375|50|[-0.03050488978624344, -0.09927742183208466, 0.0]|[0.019755514338612556, -0.017258234322071075, 0.9996559023857117]|[[2841.3712142828917, 0.0, 2004.355023481056], [0.0, 2863.7600731700495, 1476.2484742699291], [0.0, 0.0, 1.0]]
507|505|10|Weasly Fish|0.31|0.30067816219542176|3.0340447425842285|2030.8994140625002;1333.436279296875|50|[-0.03050488978624344, -0.09927742183208466, 0.0]|[0.019755514338612556, -0.017258234322071075, 0.9996559023857117]|[[2841.3712142828917, 0.0, 2004.355023481056], [0.0, 2863.7600731700495, 1476.2484742699291], [0.0, 0.0, 1.0]]
507|505|10|Weasly Fish|0.31|0.2995725251000677|1.9133496284484863|2013.5106201171875;1278.7578124999998|50|[-0.03050488978624344, -0.09927742183208466, 0.0]|[0.019755514338612556, -0.017258234322071075, 0.9996559023857117]|[[2841.3712142828917, 0.0, 2004.355023481056], [0.0, 2863.7600731700495, 1476.2484742699291], [0.0, 0.0, 1.0]]
507|505|10|Weasly Fish|0.31|0.30165762697566095|2.001199245452881|2015.1204833984377;1285.411865234375|50|[-0.03050488978624344, -0.09927742183208466, 0.0]|[0.019755514338612556, -0.017258234322071075, 0.9996559023857117]|[[2841.3712142828917, 0.0, 2004.355023481056], [0.0, 2863.7600731700495, 1476.2484742699291], [0.0, 0.0, 1.0]]
507|505|10|Weasly Fish|0.31|0.3041381870621238|2.1494383811950684|2018.8615722656248;1294.9512939453125|50|[-0.03050488978624344, -0.09927742183208466, 0.0]|[0.019755514338612556, -0.017258234322071075, 0.9996559023857117]|[[2841.3712142828917, 0.0, 2004.355023481056], [0.0, 2863.7600731700495, 1476.2484742699291], [0.0, 0.0, 1.0]]
507|505|10|Weasly Fish|0.31|0.30615053492418287|2.5755257606506348|2025.40087890625;1316.8966064453125|50|[-0.03050488978624344, -0.09927742183208466, 0.0]|[0.019755514338612556, -0.017258234322071075, 0.9996559023857117]|[[2841.3712142828917, 0.0, 2004.355023481056], [0.0, 2863.7600731700495, 1476.2484742699291], [0.0, 0.0, 1.0]]
507|505|10|Weasly Fish|0.31|0.296569645893069|2.747025728225708|2028.0264892578127;1323.610107421875|50|[-0.03050488978624344, -0.09927742183208466, 0.0]|[0.019755514338612556, -0.017258234322071075, 0.9996559023857117]|[[2841.3712142828917, 0.0, 2004.355023481056], [0.0, 2863.7600731700495, 1476.2484742699291], [0.0, 0.0, 1.0]]
507|505|10|Weasly Fish|0.31|0.30195983794090275|2.880467414855957|2028.5140380859375;1328.7373046875|50|[-0.03050488978624344, -0.09927742183208466, 0.0]|[0.019755514338612556, -0.017258234322071075, 0.9996559023857117]|[[2841.3712142828917, 0.0, 2004.355023481056], [0.0, 2863.7600731700495, 1476.2484742699291], [0.0, 0.0, 1.0]]
507|505|10|Weasly Fish|0.31|0.3012670109217153|1.164680004119873|1981.6641845703127;1184.16162109375|50|[-0.03050488978624344, -0.09927742183208466, 0.0]|[0.019755514338612556, -0.017258234322071075, 0.9996559023857117]|[[2841.3712142828917, 0.0, 2004.355023481056], [0.0, 2863.7600731700495, 1476.2484742699291], [0.0, 0.0, 1.0]]
507|505|10|Weasly Fish|0.31|0.3040457782785719|1.2257760763168335|1985.4991455078125;1196.2863769531248|50|[-0.03050488978624344, -0.09927742183208466, 0.0]|[0.019755514338612556, -0.017258234322071075, 0.9996559023857117]|[[2841.3712142828917, 0.0, 2004.355023481056], [0.0, 2863.7600731700495, 1476.2484742699291], [0.0, 0.0, 1.0]]
507|505|10|Weasly Fish|0.31|0.3125915729184918|1.836822509765625|2013.09912109375;1272.0933837890627|50|[-0.03050488978624344, -0.09927742183208466, 0.0]|[0.019755514338612556, -0.017258234322071075, 0.9996559023857117]|[[2841.3712142828917, 0.0, 2004.355023481056], [0.0, 2863.7600731700495, 1476.2484742699291], [0.0, 0.0, 1.0]]
507|505|10|Weasly Fish|0.31|0.3056460865739523|2.524338722229004|2023.466796875;1315.0947265624998|50|[-0.03050488978624344, -0.09927742183208466, 0.0]|[0.019755514338612556, -0.017258234322071075, 0.9996559023857117]|[[2841.3712142828917, 0.0, 2004.355023481056], [0.0, 2863.7600731700495, 1476.2484742699291], [0.0, 0.0, 1.0]]
507|505|10|Weasly Fish|0.31|0.30161345920181387|2.9390344619750977|2029.0777587890625;1330.7122802734375|50|[-0.03050488978624344, -0.09927742183208466, 0.0]|[0.019755514338612556, -0.017258234322071075, 0.9996559023857117]|[[2841.3712142828917, 0.0, 2004.355023481056], [0.0, 2863.7600731700495, 1476.2484742699291], [0.0, 0.0, 1.0]]
507|505|10|Weasly Fish|0.31|0.2967844243704422|3.426748752593994|2033.2374267578125;1344.4853515625|50|[-0.03050488978624344, -0.09927742183208466, 0.0]|[0.019755514338612556, -0.017258234322071075, 0.9996559023857117]|[[2841.3712142828917, 0.0, 2004.355023481056], [0.0, 2863.7600731700495, 1476.2484742699291], [0.0, 0.0, 1.0]]
507|505|10|Weasly Fish|0.31|0.2917609592336997|0.7838650345802307|1945.5494384765625;1065.525146484375|50|[-0.03050488978624344, -0.09927742183208466, 0.0]|[0.019755514338612556, -0.017258234322071075, 0.9996559023857117]|[[2841.3712142828917, 0.0, 2004.355023481056], [0.0, 2863.7600731700495, 1476.2484742699291], [0.0, 0.0, 1.0]]
507|505|10|Weasly Fish|0.31|0.30195072614642615|1.0258029699325562|1972.072998046875;1150.941162109375|50|[-0.03050488978624344, -0.09927742183208466, 0.0]|[0.019755514338612556, -0.017258234322071075, 0.9996559023857117]|[[2841.3712142828917, 0.0, 2004.355023481056], [0.0, 2863.7600731700495, 1476.2484742699291], [0.0, 0.0, 1.0]]
507|505|10|Weasly Fish|0.31|0.3132373259940254|1.4297972917556763|1997.7322998046875;1228.6619873046875|50|[-0.03050488978624344, -0.09927742183208466, 0.0]|[0.019755514338612556, -0.017258234322071075, 0.9996559023857117]|[[2841.3712142828917, 0.0, 2004.355023481056], [0.0, 2863.7600731700495, 1476.2484742699291], [0.0, 0.0, 1.0]]
507|505|10|Weasly Fish|0.31|0.31063252595593227|1.6520276069641113|2006.8398315623717;1255.0980773405252|50|[-0.03050488978624344, -0.09927742183208466, 0.0]|[0.019755514338612556, -0.017258234322071075, 0.9996559023857117]|[[2841.3712142828917, 0.0, 2004.355023481056], [0.0, 2863.7600731700495, 1476.2484742699291], [0.0, 0.0, 1.0]]
507|505|10|Weasly Fish|0.31|0.30157383595586973|1.509981393814087|1999.0952422489129;1239.858022251085|50|[-0.03050488978624344, -0.09927742183208466, 0.0]|[0.019755514338612556, -0.017258234322071075, 0.9996559023857117]|[[2841.3712142828917, 0.0, 2004.355023481056], [0.0, 2863.7600731700495, 1476.2484742699291], [0.0, 0.0, 1.0]]
507|505|10|Weasly Fish|0.31|0.3042400033150842|2.0361173152923584|2014.0438232421873;1288.5064697265625|50|[-0.03050488978624344, -0.09927742183208466, 0.0]|[0.019755514338612556, -0.017258234322071075, 0.9996559023857117]|[[2841.3712142828917, 0.0, 2004.355023481056], [0.0, 2863.7600731700495, 1476.2484742699291], [0.0, 0.0, 1.0]]
507|505|10|Weasly Fish|0.31|0.30499254527022557|2.4654479026794434|2024.158447265625;1311.8553466796875|50|[-0.03050488978624344, -0.09927742183208466, 0.0]|[0.019755514338612556, -0.017258234322071075, 0.9996559023857117]|[[2841.3712142828917, 0.0, 2004.355023481056], [0.0, 2863.7600731700495, 1476.2484742699291], [0.0, 0.0, 1.0]]
507|505|10|Weasly Fish|0.31|0.31434016247835506|2.556339979171753|2024.379150390625;1316.3294677734375|50|[-0.03050488978624344, -0.09927742183208466, 0.0]|[0.019755514338612556, -0.017258234322071075, 0.9996559023857117]|[[2841.3712142828917, 0.0, 2004.355023481056], [0.0, 2863.7600731700495, 1476.2484742699291], [0.0, 0.0, 1.0]]
507|505|10|Weasly Fish|0.31|0.30732440457974236|2.533008575439453|2024.5625;1315.1356201171875|50|[-0.03050488978624344, -0.09927742183208466, 0.0]|[0.019755514338612556, -0.017258234322071075, 0.9996559023857117]|[[2841.3712142828917, 0.0, 2004.355023481056], [0.0, 2863.7600731700495, 1476.2484742699291], [0.0, 0.0, 1.0]]
519|518|10|Box|0.15|0.1474016201242237|0.650996744632721|1944.3558349609375;1078.3275146484375|51|[-0.0309316236525774, -0.09875629842281342, 0.0]|[0.027625275775790215, 0.012346621602773666, 0.9995420575141907]|[[2841.3712142828917, 0.0, 2004.355023481056], [0.0, 2863.7600731700495, 1476.2484742699291], [0.0, 0.0, 1.0]]
519|518|10|Box|0.15|0.14795483944348822|0.7571244835853577|1964.4439697265625;1138.842529296875|51|[-0.0309316236525774, -0.09875629842281342, 0.0]|[0.027625275775790215, 0.012346621602773666, 0.9995420575141907]|[[2841.3712142828917, 0.0, 2004.355023481056], [0.0, 2863.7600731700495, 1476.2484742699291], [0.0, 0.0, 1.0]]
519|518|10|Box|0.15|0.1475805571510496|0.8215227127075195|1973.1524658203125;1168.2608642578125|51|[-0.0309316236525774, -0.09875629842281342, 0.0]|[0.027625275775790215, 0.012346621602773666, 0.9995420575141907]|[[2841.3712142828917, 0.0, 2004.355023481056], [0.0, 2863.7600731700495, 1476.2484742699291], [0.0, 0.0, 1.0]]
519|518|10|Box|0.15|0.14837811749017663|0.8949258923530579|1981.9326171875;1196.4930419921875|51|[-0.0309316236525774, -0.09875629842281342, 0.0]|[0.027625275775790215, 0.012346621602773666, 0.9995420575141907]|[[2841.3712142828917, 0.0, 2004.355023481056], [0.0, 2863.7600731700495, 1476.2484742699291], [0.0, 0.0, 1.0]]
519|518|10|Box|0.15|0.14937694229002715|0.965395450592041|1989.8947753906252;1219.2979736328123|51|[-0.0309316236525774, -0.09875629842281342, 0.0]|[0.027625275775790215, 0.012346621602773666, 0.9995420575141907]|[[2841.3712142828917, 0.0, 2004.355023481056], [0.0, 2863.7600731700495, 1476.2484742699291], [0.0, 0.0, 1.0]]
519|518|10|Box|0.15|0.14850671711549346|1.0473089218139648|1996.9375;1242.2333984375|51|[-0.0309316236525774, -0.09875629842281342, 0.0]|[0.027625275775790215, 0.012346621602773666, 0.9995420575141907]|[[2841.3712142828917, 0.0, 2004.355023481056], [0.0, 2863.7600731700495, 1476.2484742699291], [0.0, 0.0, 1.0]]
519|518|10|Box|0.15|0.14956660058181442|1.1624716520309448|2006.140625;1268.70068359375|51|[-0.0309316236525774, -0.09875629842281342, 0.0]|[0.027625275775790215, 0.012346621602773666, 0.9995420575141907]|[[2841.3712142828917, 0.0, 2004.355023481056], [0.0, 2863.7600731700495, 1476.2484742699291], [0.0, 0.0, 1.0]]
519|518|10|Box|0.15|0.14909909525118087|1.2712510824203491|2012.6414794921875;1289.51025390625|51|[-0.0309316236525774, -0.09875629842281342, 0.0]|[0.027625275775790215, 0.012346621602773666, 0.9995420575141907]|[[2841.3712142828917, 0.0, 2004.355023481056], [0.0, 2863.7600731700495, 1476.2484742699291], [0.0, 0.0, 1.0]]
519|518|10|Box|0.15|0.14891041221922233|1.365976333618164|2017.508056640625;1304.9127197265625|51|[-0.0309316236525774, -0.09875629842281342, 0.0]|[0.027625275775790215, 0.012346621602773666, 0.9995420575141907]|[[2841.3712142828917, 0.0, 2004.355023481056], [0.0, 2863.7600731700495, 1476.2484742699291], [0.0, 0.0, 1.0]]
519|518|10|Box|0.15|0.1497796992401833|1.4439010620117188|2021.5631103515625;1315.89990234375|51|[-0.0309316236525774, -0.09875629842281342, 0.0]|[0.027625275775790215, 0.012346621602773666, 0.9995420575141907]|[[2841.3712142828917, 0.0, 2004.355023481056], [0.0, 2863.7600731700495, 1476.2484742699291], [0.0, 0.0, 1.0]]
519|518|10|Box|0.15|0.15019532221538562|1.534527063369751|2023.6422119140623;1327.9720458984375|51|[-0.0309316236525774, -0.09875629842281342, 0.0]|[0.027625275775790215, 0.012346621602773666, 0.9995420575141907]|[[2841.3712142828917, 0.0, 2004.355023481056], [0.0, 2863.7600731700495, 1476.2484742699291], [0.0, 0.0, 1.0]]
519|518|10|Box|0.15|0.14947499309914428|1.6051244735717773|2027.6329345703125;1335.5799560546875|51|[-0.0309316236525774, -0.09875629842281342, 0.0]|[0.027625275775790215, 0.012346621602773666, 0.9995420575141907]|[[2841.3712142828917, 0.0, 2004.355023481056], [0.0, 2863.7600731700495, 1476.2484742699291], [0.0, 0.0, 1.0]]
519|518|10|Box|0.15|0.14891144446268248|1.6697697639465332|2029.3807373046877;1342.5302734375|51|[-0.0309316236525774, -0.09875629842281342, 0.0]|[0.027625275775790215, 0.012346621602773666, 0.9995420575141907]|[[2841.3712142828917, 0.0, 2004.355023481056], [0.0, 2863.7600731700495, 1476.2484742699291], [0.0, 0.0, 1.0]]
519|518|10|Box|0.15|0.14942212178431263|1.7696056365966797|2031.814453125;1352.26123046875|51|[-0.0309316236525774, -0.09875629842281342, 0.0]|[0.027625275775790215, 0.012346621602773666, 0.9995420575141907]|[[2841.3712142828917, 0.0, 2004.355023481056], [0.0, 2863.7600731700495, 1476.2484742699291], [0.0, 0.0, 1.0]]
519|518|10|Box|0.15|0.14860889557817694|1.8265035152435303|2033.654541015625;1357.142578125|51|[-0.0309316236525774, -0.09875629842281342, 0.0]|[0.027625275775790215, 0.012346621602773666, 0.9995420575141907]|[[2841.3712142828917, 0.0, 2004.355023481056], [0.0, 2863.7600731700495, 1476.2484742699291], [0.0, 0.0, 1.0]]
519|518|10|Box|0.15|0.14898951790068496|1.9548866748809814|2036.7628173828123;1367.333984375|51|[-0.0309316236525774, -0.09875629842281342, 0.0]|[0.027625275775790215, 0.012346621602773666, 0.9995420575141907]|[[2841.3712142828917, 0.0, 2004.355023481056], [0.0, 2863.7600731700495, 1476.2484742699291], [0.0, 0.0, 1.0]]
519|518|10|Box|0.15|0.1484634544770893|2.03283953666687|2039.0960693359377;1372.66357421875|51|[-0.0309316236525774, -0.09875629842281342, 0.0]|[0.027625275775790215, 0.012346621602773666, 0.9995420575141907]|[[2841.3712142828917, 0.0, 2004.355023481056], [0.0, 2863.7600731700495, 1476.2484742699291], [0.0, 0.0, 1.0]]
519|518|10|Box|0.15|0.14818552710409053|2.088252544403076|2040.265869140625;1376.361083984375|51|[-0.0309316236525774, -0.09875629842281342, 0.0]|[0.027625275775790215, 0.012346621602773666, 0.9995420575141907]|[[2841.3712142828917, 0.0, 2004.355023481056], [0.0, 2863.7600731700495, 1476.2484742699291], [0.0, 0.0, 1.0]]
519|518|10|Box|0.15|0.14649756591219126|2.1505134105682373|2042.0084228515627;1380.1199951171877|51|[-0.0309316236525774, -0.09875629842281342, 0.0]|[0.027625275775790215, 0.012346621602773666, 0.9995420575141907]|[[2841.3712142828917, 0.0, 2004.355023481056], [0.0, 2863.7600731700495, 1476.2484742699291], [0.0, 0.0, 1.0]]
519|518|10|Box|0.15|0.142740167397811|2.221484899520874|2044.0943603515625;1384.075439453125|51|[-0.0309316236525774, -0.09875629842281342, 0.0]|[0.027625275775790215, 0.012346621602773666, 0.9995420575141907]|[[2841.3712142828917, 0.0, 2004.355023481056], [0.0, 2863.7600731700495, 1476.2484742699291], [0.0, 0.0, 1.0]]
519|518|10|Box|0.15|0.1474122720542818|2.389509677886963|2045.7338867187502;1393.373291015625|51|[-0.0309316236525774, -0.09875629842281342, 0.0]|[0.027625275775790215, 0.012346621602773666, 0.9995420575141907]|[[2841.3712142828917, 0.0, 2004.355023481056], [0.0, 2863.7600731700495, 1476.2484742699291], [0.0, 0.0, 1.0]]
519|518|10|Box|0.15|0.1494691688362846|2.472839832305908|2047.0333251953125;1397.3502197265625|51|[-0.0309316236525774, -0.09875629842281342, 0.0]|[0.027625275775790215, 0.012346621602773666, 0.9995420575141907]|[[2841.3712142828917, 0.0, 2004.355023481056], [0.0, 2863.7600731700495, 1476.2484742699291], [0.0, 0.0, 1.0]]
519|518|10|Box|0.15|0.1491683812977596|2.2701668739318848|2042.3731689453125;1387.6431884765625|51|[-0.0309316236525774, -0.09875629842281342, 0.0]|[0.027625275775790215, 0.012346621602773666, 0.9995420575141907]|[[2841.3712142828917, 0.0, 2004.355023481056], [0.0, 2863.7600731700495, 1476.2484742699291], [0.0, 0.0, 1.0]]
519|518|10|Box|0.15|0.14615195544631274|2.6651296615600586|2048.52783203125;1405.953369140625|51|[-0.0309316236525774, -0.09875629842281342, 0.0]|[0.027625275775790215, 0.012346621602773666, 0.9995420575141907]|[[2841.3712142828917, 0.0, 2004.355023481056], [0.0, 2863.7600731700495, 1476.2484742699291], [0.0, 0.0, 1.0]]
519|518|10|Box|0.15|0.14766524692120708|2.658766269683838|2047.79931640625;1405.919189453125|51|[-0.0309316236525774, -0.09875629842281342, 0.0]|[0.027625275775790215, 0.012346621602773666, 0.9995420575141907]|[[2841.3712142828917, 0.0, 2004.355023481056], [0.0, 2863.7600731700495, 1476.2484742699291], [0.0, 0.0, 1.0]]
519|518|10|Box|0.15|0.148335974273898|2.646451950073242|2047.1254882812502;1405.6376953125002|51|[-0.0309316236525774, -0.09875629842281342, 0.0]|[0.027625275775790215, 0.012346621602773666, 0.9995420575141907]|[[2841.3712142828917, 0.0, 2004.355023481056], [0.0, 2863.7600731700495, 1476.2484742699291], [0.0, 0.0, 1.0]]
519|518|10|Box|0.15|0.1480370502761639|2.617377281188965|2046.8067626953125;1404.4156494140625|51|[-0.0309316236525774, -0.09875629842281342, 0.0]|[0.027625275775790215, 0.012346621602773666, 0.9995420575141907]|[[2841.3712142828917, 0.0, 2004.355023481056], [0.0, 2863.7600731700495, 1476.2484742699291], [0.0, 0.0, 1.0]]
519|518|10|Box|0.15|0.14785817974794352|2.527721643447876|2045.6024169921875;1400.6009521484375|51|[-0.0309316236525774, -0.09875629842281342, 0.0]|[0.027625275775790215, 0.012346621602773666, 0.9995420575141907]|[[2841.3712142828917, 0.0, 2004.355023481056], [0.0, 2863.7600731700495, 1476.2484742699291], [0.0, 0.0, 1.0]]
519|518|10|Box|0.15|0.148531986190926|2.4960074424743652|2045.2272949218748;1399.13818359375|51|[-0.0309316236525774, -0.09875629842281342, 0.0]|[0.027625275775790215, 0.012346621602773666, 0.9995420575141907]|[[2841.3712142828917, 0.0, 2004.355023481056], [0.0, 2863.7600731700495, 1476.2484742699291], [0.0, 0.0, 1.0]]
519|518|10|Box|0.15|0.1475104171993902|2.4306273460388184|2043.7835693359373;1396.2752685546875|51|[-0.0309316236525774, -0.09875629842281342, 0.0]|[0.027625275775790215, 0.012346621602773666, 0.9995420575141907]|[[2841.3712142828917, 0.0, 2004.355023481056], [0.0, 2863.7600731700495, 1476.2484742699291], [0.0, 0.0, 1.0]]
519|518|10|Box|0.15|0.14756228792092396|2.410142421722412|2043.8101806640625;1395.162841796875|51|[-0.0309316236525774, -0.09875629842281342, 0.0]|[0.027625275775790215, 0.012346621602773666, 0.9995420575141907]|[[2841.3712142828917, 0.0, 2004.355023481056], [0.0, 2863.7600731700495, 1476.2484742699291], [0.0, 0.0, 1.0]]
519|518|10|Box|0.15|0.14822805676885006|1.9639370441436768|2036.6391601562498;1368.0999755859375|51|[-0.0309316236525774, -0.09875629842281342, 0.0]|[0.027625275775790215, 0.012346621602773666, 0.9995420575141907]|[[2841.3712142828917, 0.0, 2004.355023481056], [0.0, 2863.7600731700495, 1476.2484742699291], [0.0, 0.0, 1.0]]
519|518|10|Box|0.15|0.14898273619935054|1.9655932188034058|2036.1828613281252;1368.3981933593748|51|[-0.0309316236525774, -0.09875629842281342, 0.0]|[0.027625275775790215, 0.012346621602773666, 0.9995420575141907]|[[2841.3712142828917, 0.0, 2004.355023481056], [0.0, 2863.7600731700495, 1476.2484742699291], [0.0, 0.0, 1.0]]
519|518|10|Box|0.15|0.1474501217323209|1.8973259925842285|2034.3248291015625;1363.30224609375|51|[-0.0309316236525774, -0.09875629842281342, 0.0]|[0.027625275775790215, 0.012346621602773666, 0.9995420575141907]|[[2841.3712142828917, 0.0, 2004.355023481056], [0.0, 2863.7600731700495, 1476.2484742699291], [0.0, 0.0, 1.0]]
519|518|10|Box|0.15|0.14727938169015004|1.8469576835632324|2032.4715576171875;1359.4439697265625|51|[-0.0309316236525774, -0.09875629842281342, 0.0]|[0.027625275775790215, 0.012346621602773666, 0.9995420575141907]|[[2841.3712142828917, 0.0, 2004.355023481056], [0.0, 2863.7600731700495, 1476.2484742699291], [0.0, 0.0, 1.0]]
519|518|10|Box|0.15|0.14803138031107935|1.8048158884048462|2031.3448486328125;1355.8779296875|51|[-0.0309316236525774, -0.09875629842281342, 0.0]|[0.027625275775790215, 0.012346621602773666, 0.9995420575141907]|[[2841.3712142828917, 0.0, 2004.355023481056], [0.0, 2863.7600731700495, 1476.2484742699291], [0.0, 0.0, 1.0]]
519|518|10|Box|0.15|0.1486222814558217|1.7401634454727173|2030.898193359375;1349.586669921875|51|[-0.0309316236525774, -0.09875629842281342, 0.0]|[0.027625275775790215, 0.012346621602773666, 0.9995420575141907]|[[2841.3712142828917, 0.0, 2004.355023481056], [0.0, 2863.7600731700495, 1476.2484742699291], [0.0, 0.0, 1.0]]
519|518|10|Box|0.15|0.14839428447358383|1.4169543981552124|2017.4761962890627;1313.1473388671875|51|[-0.0309316236525774, -0.09875629842281342, 0.0]|[0.027625275775790215, 0.012346621602773666, 0.9995420575141907]|[[2841.3712142828917, 0.0, 2004.355023481056], [0.0, 2863.7600731700495, 1476.2484742699291], [0.0, 0.0, 1.0]]
519|518|10|Box|0.15|0.14773553017098498|1.39778733253479|2017.0770263671875;1310.26171875|51|[-0.0309316236525774, -0.09875629842281342, 0.0]|[0.027625275775790215, 0.012346621602773666, 0.9995420575141907]|[[2841.3712142828917, 0.0, 2004.355023481056], [0.0, 2863.7600731700495, 1476.2484742699291], [0.0, 0.0, 1.0]]
519|518|10|Box|0.15|0.14827563064309188|1.3208497762680054|2013.2789306640625;1298.5224609375|51|[-0.0309316236525774, -0.09875629842281342, 0.0]|[0.027625275775790215, 0.012346621602773666, 0.9995420575141907]|[[2841.3712142828917, 0.0, 2004.355023481056], [0.0, 2863.7600731700495, 1476.2484742699291], [0.0, 0.0, 1.0]]
519|518|10|Box|0.15|0.14892753903929776|1.2589987516403198|2009.979736328125;1288.0074462890625|51|[-0.0309316236525774, -0.09875629842281342, 0.0]|[0.027625275775790215, 0.012346621602773666, 0.9995420575141907]|[[2841.3712142828917, 0.0, 2004.355023481056], [0.0, 2863.7600731700495, 1476.2484742699291], [0.0, 0.0, 1.0]]
519|518|10|Box|0.15|0.1481048697398985|1.1213780641555786|2000.11376953125;1260.8884277343748|51|[-0.0309316236525774, -0.09875629842281342, 0.0]|[0.027625275775790215, 0.012346621602773666, 0.9995420575141907]|[[2841.3712142828917, 0.0, 2004.355023481056], [0.0, 2863.7600731700495, 1476.2484742699291], [0.0, 0.0, 1.0]]
519|518|10|Box|0.15|0.14830343792374528|1.00527822971344|1991.57373046875;1231.58056640625|51|[-0.0309316236525774, -0.09875629842281342, 0.0]|[0.027625275775790215, 0.012346621602773666, 0.9995420575141907]|[[2841.3712142828917, 0.0, 2004.355023481056], [0.0, 2863.7600731700495, 1476.2484742699291], [0.0, 0.0, 1.0]]
519|518|10|Box|0.15|0.14803762842691828|0.8936126232147217|1981.2049560546875;1196.2286376953125|51|[-0.0309316236525774, -0.09875629842281342, 0.0]|[0.027625275775790215, 0.012346621602773666, 0.9995420575141907]|[[2841.3712142828917, 0.0, 2004.355023481056], [0.0, 2863.7600731700495, 1476.2484742699291], [0.0, 0.0, 1.0]]
519|518|10|Box|0.15|0.14679680963520322|0.8145663142204285|1970.89013671875;1165.773681640625|51|[-0.0309316236525774, -0.09875629842281342, 0.0]|[0.027625275775790215, 0.012346621602773666, 0.9995420575141907]|[[2841.3712142828917, 0.0, 2004.355023481056], [0.0, 2863.7600731700495, 1476.2484742699291], [0.0, 0.0, 1.0]]
519|518|10|Box|0.15|0.1456023653240668|0.7416362762451172|1959.4539794921875;1131.9072265625|51|[-0.0309316236525774, -0.09875629842281342, 0.0]|[0.027625275775790215, 0.012346621602773666, 0.9995420575141907]|[[2841.3712142828917, 0.0, 2004.355023481056], [0.0, 2863.7600731700495, 1476.2484742699291], [0.0, 0.0, 1.0]]
519|518|10|Box|0.15|0.14800914116857297|0.6038755774497986|1933.3311767578125;1044.5963134765625|51|[-0.0309316236525774, -0.09875629842281342, 0.0]|[0.027625275775790215, 0.012346621602773666, 0.9995420575141907]|[[2841.3712142828917, 0.0, 2004.355023481056], [0.0, 2863.7600731700495, 1476.2484742699291], [0.0, 0.0, 1.0]]
519|518|10|Box|0.15|0.14650952803741676|0.5114668607711792|1906.1148681640625;960.2784423828125|51|[-0.0309316236525774, -0.09875629842281342, 0.0]|[0.027625275775790215, 0.012346621602773666, 0.9995420575141907]|[[2841.3712142828917, 0.0, 2004.355023481056], [0.0, 2863.7600731700495, 1476.2484742699291], [0.0, 0.0, 1.0]]
519|518|10|Box|0.15|0.14531332361227733|0.44385799765586853|1879.1678466796875;876.3045043945312|51|[-0.0309316236525774, -0.09875629842281342, 0.0]|[0.027625275775790215, 0.012346621602773666, 0.9995420575141907]|[[2841.3712142828917, 0.0, 2004.355023481056], [0.0, 2863.7600731700495, 1476.2484742699291], [0.0, 0.0, 1.0]]
519|518|10|Box|0.15|0.14299843825401484|0.36892497539520264|1840.5906982421877;746.3364868164062|51|[-0.0309316236525774, -0.09875629842281342, 0.0]|[0.027625275775790215, 0.012346621602773666, 0.9995420575141907]|[[2841.3712142828917, 0.0, 2004.355023481056], [0.0, 2863.7600731700495, 1476.2484742699291], [0.0, 0.0, 1.0]]
519|518|10|Box|0.15|0.1414216176511534|0.2916184067726135|1776.7990530633033;543.3216347450298|51|[-0.0309316236525774, -0.09875629842281342, 0.0]|[0.027625275775790215, 0.012346621602773666, 0.9995420575141907]|[[2841.3712142828917, 0.0, 2004.355023481056], [0.0, 2863.7600731700495, 1476.2484742699291], [0.0, 0.0, 1.0]]
520|518|10|Weasly Fish|0.31|0.28765924002101373|0.43496179580688477|1875.857421875;863.0238037109376|51|[-0.0309316236525774, -0.09875629842281342, 0.0]|[0.027625275775790215, 0.012346621602773666, 0.9995420575141907]|[[2841.3712142828917, 0.0, 2004.355023481056], [0.0, 2863.7600731700495, 1476.2484742699291], [0.0, 0.0, 1.0]]
520|518|10|Weasly Fish|0.31|0.2975497196783031|0.7168599367141724|1957.716552734375;1117.9320068359375|51|[-0.0309316236525774, -0.09875629842281342, 0.0]|[0.027625275775790215, 0.012346621602773666, 0.9995420575141907]|[[2841.3712142828917, 0.0, 2004.355023481056], [0.0, 2863.7600731700495, 1476.2484742699291], [0.0, 0.0, 1.0]]
520|518|10|Weasly Fish|0.31|0.2968180181482557|0.8598340153694153|1977.3546142578125;1183.7919921875|51|[-0.0309316236525774, -0.09875629842281342, 0.0]|[0.027625275775790215, 0.012346621602773666, 0.9995420575141907]|[[2841.3712142828917, 0.0, 2004.355023481056], [0.0, 2863.7600731700495, 1476.2484742699291], [0.0, 0.0, 1.0]]
520|518|10|Weasly Fish|0.31|0.29722973390393603|0.98084956407547|1989.8284912109377;1224.417236328125|51|[-0.0309316236525774, -0.09875629842281342, 0.0]|[0.027625275775790215, 0.012346621602773666, 0.9995420575141907]|[[2841.3712142828917, 0.0, 2004.355023481056], [0.0, 2863.7600731700495, 1476.2484742699291], [0.0, 0.0, 1.0]]
520|518|10|Weasly Fish|0.31|0.29958437759139145|1.0468231439590454|1995.331787109375;1242.651611328125|51|[-0.0309316236525774, -0.09875629842281342, 0.0]|[0.027625275775790215, 0.012346621602773666, 0.9995420575141907]|[[2841.3712142828917, 0.0, 2004.355023481056], [0.0, 2863.7600731700495, 1476.2484742699291], [0.0, 0.0, 1.0]]
520|518|10|Weasly Fish|0.31|0.29843015981966764|1.1660349369049072|2003.1544189453125;1270.5397949218752|51|[-0.0309316236525774, -0.09875629842281342, 0.0]|[0.027625275775790215, 0.012346621602773666, 0.9995420575141907]|[[2841.3712142828917, 0.0, 2004.355023481056], [0.0, 2863.7600731700495, 1476.2484742699291], [0.0, 0.0, 1.0]]
520|518|10|Weasly Fish|0.31|0.29722826638106165|1.2824026346206665|2009.5421142578127;1292.718017578125|51|[-0.0309316236525774, -0.09875629842281342, 0.0]|[0.027625275775790215, 0.012346621602773666, 0.9995420575141907]|[[2841.3712142828917, 0.0, 2004.355023481056], [0.0, 2863.7600731700495, 1476.2484742699291], [0.0, 0.0, 1.0]]
520|518|10|Weasly Fish|0.31|0.2992095647128326|1.3929005861282349|2015.4349365234373;1310.061767578125|51|[-0.0309316236525774, -0.09875629842281342, 0.0]|[0.027625275775790215, 0.012346621602773666, 0.9995420575141907]|[[2841.3712142828917, 0.0, 2004.355023481056], [0.0, 2863.7600731700495, 1476.2484742699291], [0.0, 0.0, 1.0]]
520|518|10|Weasly Fish|0.31|0.2974218912707758|1.5115712881088257|2020.91796875;1325.8114013671875|51|[-0.0309316236525774, -0.09875629842281342, 0.0]|[0.027625275775790215, 0.012346621602773666, 0.9995420575141907]|[[2841.3712142828917, 0.0, 2004.355023481056], [0.0, 2863.7600731700495, 1476.2484742699291], [0.0, 0.0, 1.0]]
520|518|10|Weasly Fish|0.31|0.2963203938856749|1.5545438528060913|2022.5052490234375;1330.9906005859375|51|[-0.0309316236525774, -0.09875629842281342, 0.0]|[0.027625275775790215, 0.012346621602773666, 0.9995420575141907]|[[2841.3712142828917, 0.0, 2004.355023481056], [0.0, 2863.7600731700495, 1476.2484742699291], [0.0, 0.0, 1.0]]
520|518|10|Weasly Fish|0.31|0.2974031641720044|1.6392465829849243|2025.135498046875;1340.5048828125|51|[-0.0309316236525774, -0.09875629842281342, 0.0]|[0.027625275775790215, 0.012346621602773666, 0.9995420575141907]|[[2841.3712142828917, 0.0, 2004.355023481056], [0.0, 2863.7600731700495, 1476.2484742699291], [0.0, 0.0, 1.0]]
520|518|10|Weasly Fish|0.31|0.29695456030271183|1.7184653282165527|2027.848388671875;1348.3780517578125|51|[-0.0309316236525774, -0.09875629842281342, 0.0]|[0.027625275775790215, 0.012346621602773666, 0.9995420575141907]|[[2841.3712142828917, 0.0, 2004.355023481056], [0.0, 2863.7600731700495, 1476.2484742699291], [0.0, 0.0, 1.0]]
520|518|10|Weasly Fish|0.31|0.29683732052307077|1.7934372425079346|2030.4150390625;1355.0997314453125|51|[-0.0309316236525774, -0.09875629842281342, 0.0]|[0.027625275775790215, 0.012346621602773666, 0.9995420575141907]|[[2841.3712142828917, 0.0, 2004.355023481056], [0.0, 2863.7600731700495, 1476.2484742699291], [0.0, 0.0, 1.0]]
520|518|10|Weasly Fish|0.31|0.29745754575968997|1.8516614437103271|2032.3685302734375;1359.9166259765625|51|[-0.0309316236525774, -0.09875629842281342, 0.0]|[0.027625275775790215, 0.012346621602773666, 0.9995420575141907]|[[2841.3712142828917, 0.0, 2004.355023481056], [0.0, 2863.7600731700495, 1476.2484742699291], [0.0, 0.0, 1.0]]
520|518|10|Weasly Fish|0.31|0.29655341758438625|1.9269049167633057|2034.3692626953127;1365.8271484375|51|[-0.0309316236525774, -0.09875629842281342, 0.0]|[0.027625275775790215, 0.012346621602773666, 0.9995420575141907]|[[2841.3712142828917, 0.0, 2004.355023481056], [0.0, 2863.7600731700495, 1476.2484742699291], [0.0, 0.0, 1.0]]
520|518|10|Weasly Fish|0.31|0.293233147271773|2.0253751277923584|2036.1326904296875;1373.133056640625|51|[-0.0309316236525774, -0.09875629842281342, 0.0]|[0.027625275775790215, 0.012346621602773666, 0.9995420575141907]|[[2841.3712142828917, 0.0, 2004.355023481056], [0.0, 2863.7600731700495, 1476.2484742699291], [0.0, 0.0, 1.0]]
520|518|10|Weasly Fish|0.31|0.294557981862364|2.1268701553344727|2038.5167236328125;1379.6923828125|51|[-0.0309316236525774, -0.09875629842281342, 0.0]|[0.027625275775790215, 0.012346621602773666, 0.9995420575141907]|[[2841.3712142828917, 0.0, 2004.355023481056], [0.0, 2863.7600731700495, 1476.2484742699291], [0.0, 0.0, 1.0]]
520|518|10|Weasly Fish|0.31|0.29340323135132795|2.158116340637207|2039.1773681640625;1381.5863037109375|51|[-0.0309316236525774, -0.09875629842281342, 0.0]|[0.027625275775790215, 0.012346621602773666, 0.9995420575141907]|[[2841.3712142828917, 0.0, 2004.355023481056], [0.0, 2863.7600731700495, 1476.2484742699291], [0.0, 0.0, 1.0]]
520|518|10|Weasly Fish|0.31|0.2961906254663597|2.264033794403076|2041.616943359375;1387.5306396484375|51|[-0.0309316236525774, -0.09875629842281342, 0.0]|[0.027625275775790215, 0.012346621602773666, 0.9995420575141907]|[[2841.3712142828917, 0.0, 2004.355023481056], [0.0, 2863.7600731700495, 1476.2484742699291], [0.0, 0.0, 1.0]]
520|518|10|Weasly Fish|0.31|0.29717685633580765|2.3519275188446045|2042.5093994140625;1392.4012451171875|51|[-0.0309316236525774, -0.09875629842281342, 0.0]|[0.027625275775790215, 0.012346621602773666, 0.9995420575141907]|[[2841.3712142828917, 0.0, 2004.355023481056], [0.0, 2863.7600731700495, 1476.2484742699291], [0.0, 0.0, 1.0]]
520|518|10|Weasly Fish|0.31|0.2938102553908475|2.4236559867858887|2043.8968505859377;1395.866455078125|51|[-0.0309316236525774, -0.09875629842281342, 0.0]|[0.027625275775790215, 0.012346621602773666, 0.9995420575141907]|[[2841.3712142828917, 0.0, 2004.355023481056], [0.0, 2863.7600731700495, 1476.2484742699291], [0.0, 0.0, 1.0]]
520|518|10|Weasly Fish|0.31|0.29366675693956856|2.530427932739258|2046.06298828125;1400.5426025390625|51|[-0.0309316236525774, -0.09875629842281342, 0.0]|[0.027625275775790215, 0.012346621602773666, 0.9995420575141907]|[[2841.3712142828917, 0.0, 2004.355023481056], [0.0, 2863.7600731700495, 1476.2484742699291], [0.0, 0.0, 1.0]]
520|518|10|Weasly Fish|0.31|0.2937993599290048|2.6138358116149902|2046.6429443359375;1404.320068359375|51|[-0.0309316236525774, -0.09875629842281342, 0.0]|[0.027625275775790215, 0.012346621602773666, 0.9995420575141907]|[[2841.3712142828917, 0.0, 2004.355023481056], [0.0, 2863.7600731700495, 1476.2484742699291], [0.0, 0.0, 1.0]]
520|518|10|Weasly Fish|0.31|0.294287200406277|2.7205111980438232|2048.03662109375;1408.5274658203125|51|[-0.0309316236525774, -0.09875629842281342, 0.0]|[0.027625275775790215, 0.012346621602773666, 0.9995420575141907]|[[2841.3712142828917, 0.0, 2004.355023481056], [0.0, 2863.7600731700495, 1476.2484742699291], [0.0, 0.0, 1.0]]
520|518|10|Weasly Fish|0.31|0.29369910195945437|2.795581102371216|2048.607666015625;1411.429443359375|51|[-0.0309316236525774, -0.09875629842281342, 0.0]|[0.027625275775790215, 0.012346621602773666, 0.9995420575141907]|[[2841.3712142828917, 0.0, 2004.355023481056], [0.0, 2863.7600731700495, 1476.2484742699291], [0.0, 0.0, 1.0]]
520|518|10|Weasly Fish|0.31|0.29791517707298304|2.1467578411102295|2036.864013671875;1381.7042236328125|51|[-0.0309316236525774, -0.09875629842281342, 0.0]|[0.027625275775790215, 0.012346621602773666, 0.9995420575141907]|[[2841.3712142828917, 0.0, 2004.355023481056], [0.0, 2863.7600731700495, 1476.2484742699291], [0.0, 0.0, 1.0]]
520|518|10|Weasly Fish|0.31|0.3003322534186358|2.1658787727355957|2037.490712684044;1382.753791383852|51|[-0.0309316236525774, -0.09875629842281342, 0.0]|[0.027625275775790215, 0.012346621602773666, 0.9995420575141907]|[[2841.3712142828917, 0.0, 2004.355023481056], [0.0, 2863.7600731700495, 1476.2484742699291], [0.0, 0.0, 1.0]]
520|518|10|Weasly Fish|0.31|0.2947793187271294|1.5864275693893433|2024.4891357421877;1334.3485107421875|51|[-0.0309316236525774, -0.09875629842281342, 0.0]|[0.027625275775790215, 0.012346621602773666, 0.9995420575141907]|[[2841.3712142828917, 0.0, 2004.355023481056], [0.0, 2863.7600731700495, 1476.2484742699291], [0.0, 0.0, 1.0]]
520|518|10|Weasly Fish|0.31|0.2972820854751375|1.4099255800247192|2016.6787109375;1312.336669921875|51|[-0.0309316236525774, -0.09875629842281342, 0.0]|[0.027625275775790215, 0.012346621602773666, 0.9995420575141907]|[[2841.3712142828917, 0.0, 2004.355023481056], [0.0, 2863.7600731700495, 1476.2484742699291], [0.0, 0.0, 1.0]]
520|518|10|Weasly Fish|0.31|0.30013833446468224|1.2974863052368164|2009.59912109375;1295.5595703125|51|[-0.0309316236525774, -0.09875629842281342, 0.0]|[0.027625275775790215, 0.012346621602773666, 0.9995420575141907]|[[2841.3712142828917, 0.0, 2004.355023481056], [0.0, 2863.7600731700495, 1476.2484742699291], [0.0, 0.0, 1.0]]
520|518|10|Weasly Fish|0.31|0.29718534955562576|1.1490263938903809|2000.566650390625;1267.4810791015625|51|[-0.0309316236525774, -0.09875629842281342, 0.0]|[0.027625275775790215, 0.012346621602773666, 0.9995420575141907]|[[2841.3712142828917, 0.0, 2004.355023481056], [0.0, 2863.7600731700495, 1476.2484742699291], [0.0, 0.0, 1.0]]
520|518|10|Weasly Fish|0.31|0.29591330664661436|1.1196925640106201|1999.2520751953125;1260.7740478515625|51|[-0.0309316236525774, -0.09875629842281342, 0.0]|[0.027625275775790215, 0.012346621602773666, 0.9995420575141907]|[[2841.3712142828917, 0.0, 2004.355023481056], [0.0, 2863.7600731700495, 1476.2484742699291], [0.0, 0.0, 1.0]]
520|518|10|Weasly Fish|0.31|0.2973256023764558|1.0130411386489868|1992.2286376953125;1233.7396240234375|51|[-0.0309316236525774, -0.09875629842281342, 0.0]|[0.027625275775790215, 0.012346621602773666, 0.9995420575141907]|[[2841.3712142828917, 0.0, 2004.355023481056], [0.0, 2863.7600731700495, 1476.2484742699291], [0.0, 0.0, 1.0]]
520|518|10|Weasly Fish|0.31|0.29733828641594007|0.9616042971611023|1987.1341552734375;1218.953857421875|51|[-0.0309316236525774, -0.09875629842281342, 0.0]|[0.027625275775790215, 0.012346621602773666, 0.9995420575141907]|[[2841.3712142828917, 0.0, 2004.355023481056], [0.0, 2863.7600731700495, 1476.2484742699291], [0.0, 0.0, 1.0]]
520|518|10|Weasly Fish|0.31|0.2967666523322039|0.8381649851799011|1974.387451171875;1175.3909912109373|51|[-0.0309316236525774, -0.09875629842281342, 0.0]|[0.027625275775790215, 0.012346621602773666, 0.9995420575141907]|[[2841.3712142828917, 0.0, 2004.355023481056], [0.0, 2863.7600731700495, 1476.2484742699291], [0.0, 0.0, 1.0]]
520|518|10|Weasly Fish|0.31|0.29376866822906106|0.6933743357658386|1953.0111083984377;1104.7513427734375|51|[-0.0309316236525774, -0.09875629842281342, 0.0]|[0.027625275775790215, 0.012346621602773666, 0.9995420575141907]|[[2841.3712142828917, 0.0, 2004.355023481056], [0.0, 2863.7600731700495, 1476.2484742699291], [0.0, 0.0, 1.0]]
520|518|10|Weasly Fish|0.31|0.29353124350823767|0.5829313397407532|1928.771728515625;1027.54345703125|51|[-0.0309316236525774, -0.09875629842281342, 0.0]|[0.027625275775790215, 0.012346621602773666, 0.9995420575141907]|[[2841.3712142828917, 0.0, 2004.355023481056], [0.0, 2863.7600731700495, 1476.2484742699291], [0.0, 0.0, 1.0]]
520|518|10|Weasly Fish|0.31|0.28780679799255776|0.5130710005760193|1907.416259765625;961.756103515625|51|[-0.0309316236525774, -0.09875629842281342, 0.0]|[0.027625275775790215, 0.012346621602773666, 0.9995420575141907]|[[2841.3712142828917, 0.0, 2004.355023481056], [0.0, 2863.7600731700495, 1476.2484742699291], [0.0, 0.0, 1.0]]
520|518|10|Weasly Fish|0.31|0.2918424986185252|0.505765438079834|1903.686767578125;954.2100830078125|51|[-0.0309316236525774, -0.09875629842281342, 0.0]|[0.027625275775790215, 0.012346621602773666, 0.9995420575141907]|[[2841.3712142828917, 0.0, 2004.355023481056], [0.0, 2863.7600731700495, 1476.2484742699291], [0.0, 0.0, 1.0]]
520|518|10|Weasly Fish|0.31|0.2875301134148649|0.39351895451545715|1855.039794921875;794.3914794921875|51|[-0.0309316236525774, -0.09875629842281342, 0.0]|[0.027625275775790215, 0.012346621602773666, 0.9995420575141907]|[[2841.3712142828917, 0.0, 2004.355023481056], [0.0, 2863.7600731700495, 1476.2484742699291], [0.0, 0.0, 1.0]]
522|522|3|Box|0.15|0.14418651756894213|0.4128900170326233|1795.5167236328123;865.3934326171875|52|[-0.030175399035215378, -0.09840492904186249, 0.0]|[-0.007203483488410711, 0.01838204264640808, 0.9998050928115845]|[[2832.88718694667, 0.0, 2027.3101376941806], [0.0, 2857.5529688242154, 1492.5272084030742], [0.0, 0.0, 1.0]]
522|522|3|Box|0.15|0.14439533312513164|0.4675966501235962|1822.4018554687502;944.2222900390625|52|[-0.030175399035215378, -0.09840492904186249, 0.0]|[-0.007203483488410711, 0.01838204264640808, 0.9998050928115845]|[[2832.88718694667, 0.0, 2027.3101376941806], [0.0, 2857.5529688242154, 1492.5272084030742], [0.0, 0.0, 1.0]]
522|522|3|Box|0.15|0.14550703343207555|0.5118669867515564|1838.343994140625;996.1947021484375|52|[-0.030175399035215378, -0.09840492904186249, 0.0]|[-0.007203483488410711, 0.01838204264640808, 0.9998050928115845]|[[2832.88718694667, 0.0, 2027.3101376941806], [0.0, 2857.5529688242154, 1492.5272084030742], [0.0, 0.0, 1.0]]
522|522|3|Box|0.15|0.14466488891712312|0.5550798773765564|1851.9161376953125;1038.783447265625|52|[-0.030175399035215378, -0.09840492904186249, 0.0]|[-0.007203483488410711, 0.01838204264640808, 0.9998050928115845]|[[2832.88718694667, 0.0, 2027.3101376941806], [0.0, 2857.5529688242154, 1492.5272084030742], [0.0, 0.0, 1.0]]
522|522|3|Box|0.15|0.14787940181942183|0.8070356845855713|1899.9239501953125;1196.9589843749998|52|[-0.030175399035215378, -0.09840492904186249, 0.0]|[-0.007203483488410711, 0.01838204264640808, 0.9998050928115845]|[[2832.88718694667, 0.0, 2027.3101376941806], [0.0, 2857.5529688242154, 1492.5272084030742], [0.0, 0.0, 1.0]]
522|522|3|Box|0.15|0.14750802632447466|0.851847231388092|1906.240234375;1215.0607910156248|52|[-0.030175399035215378, -0.09840492904186249, 0.0]|[-0.007203483488410711, 0.01838204264640808, 0.9998050928115845]|[[2832.88718694667, 0.0, 2027.3101376941806], [0.0, 2857.5529688242154, 1492.5272084030742], [0.0, 0.0, 1.0]]
522|522|3|Box|0.15|0.14897984187743718|0.8989845514297485|1911.3404541015625;1232.4145507812502|52|[-0.030175399035215378, -0.09840492904186249, 0.0]|[-0.007203483488410711, 0.01838204264640808, 0.9998050928115845]|[[2832.88718694667, 0.0, 2027.3101376941806], [0.0, 2857.5529688242154, 1492.5272084030742], [0.0, 0.0, 1.0]]
522|522|3|Box|0.15|0.1475354830357469|0.9470854997634888|1915.442626953125;1248.533935546875|52|[-0.030175399035215378, -0.09840492904186249, 0.0]|[-0.007203483488410711, 0.01838204264640808, 0.9998050928115845]|[[2832.88718694667, 0.0, 2027.3101376941806], [0.0, 2857.5529688242154, 1492.5272084030742], [0.0, 0.0, 1.0]]
522|522|3|Box|0.15|0.1485948626103108|1.0096877813339233|1920.5015869140625;1267.114990234375|52|[-0.030175399035215378, -0.09840492904186249, 0.0]|[-0.007203483488410711, 0.01838204264640808, 0.9998050928115845]|[[2832.88718694667, 0.0, 2027.3101376941806], [0.0, 2857.5529688242154, 1492.5272084030742], [0.0, 0.0, 1.0]]
522|522|3|Box|0.15|0.1484689091549072|1.0600440502166748|1925.4964599609375;1280.0350341796877|52|[-0.030175399035215378, -0.09840492904186249, 0.0]|[-0.007203483488410711, 0.01838204264640808, 0.9998050928115845]|[[2832.88718694667, 0.0, 2027.3101376941806], [0.0, 2857.5529688242154, 1492.5272084030742], [0.0, 0.0, 1.0]]
522|522|3|Box|0.15|0.14788473089096396|1.1185106039047241|1928.447998046875;1294.30224609375|52|[-0.030175399035215378, -0.09840492904186249, 0.0]|[-0.007203483488410711, 0.01838204264640808, 0.9998050928115845]|[[2832.88718694667, 0.0, 2027.3101376941806], [0.0, 2857.5529688242154, 1492.5272084030742], [0.0, 0.0, 1.0]]
522|522|3|Box|0.15|0.14759339911547523|1.17448890209198|1933.2178955078125;1305.9216308593748|52|[-0.030175399035215378, -0.09840492904186249, 0.0]|[-0.007203483488410711, 0.01838204264640808, 0.9998050928115845]|[[2832.88718694667, 0.0, 2027.3101376941806], [0.0, 2857.5529688242154, 1492.5272084030742], [0.0, 0.0, 1.0]]
522|522|3|Box|0.15|0.14801586600053643|1.2399717569351196|1936.9688720703127;1318.598388671875|52|[-0.030175399035215378, -0.09840492904186249, 0.0]|[-0.007203483488410711, 0.01838204264640808, 0.9998050928115845]|[[2832.88718694667, 0.0, 2027.3101376941806], [0.0, 2857.5529688242154, 1492.5272084030742], [0.0, 0.0, 1.0]]
522|522|3|Box|0.15|0.14780999365972097|1.2975876331329346|1940.349853515625;1328.5679931640625|52|[-0.030175399035215378, -0.09840492904186249, 0.0]|[-0.007203483488410711, 0.01838204264640808, 0.9998050928115845]|[[2832.88718694667, 0.0, 2027.3101376941806], [0.0, 2857.5529688242154, 1492.5272084030742], [0.0, 0.0, 1.0]]
522|522|3|Box|0.15|0.14808903411350527|1.352374792098999|1942.50341796875;1337.5084228515625|52|[-0.030175399035215378, -0.09840492904186249, 0.0]|[-0.007203483488410711, 0.01838204264640808, 0.9998050928115845]|[[2832.88718694667, 0.0, 2027.3101376941806], [0.0, 2857.5529688242154, 1492.5272084030742], [0.0, 0.0, 1.0]]
522|522|3|Box|0.15|0.14749537708467303|1.3871359825134277|1944.3378906250002;1342.641357421875|52|[-0.030175399035215378, -0.09840492904186249, 0.0]|[-0.007203483488410711, 0.01838204264640808, 0.9998050928115845]|[[2832.88718694667, 0.0, 2027.3101376941806], [0.0, 2857.5529688242154, 1492.5272084030742], [0.0, 0.0, 1.0]]
522|522|3|Box|0.15|0.14829893892093726|1.3530412912368774|1942.120849609375;1337.75|52|[-0.030175399035215378, -0.09840492904186249, 0.0]|[-0.007203483488410711, 0.01838204264640808, 0.9998050928115845]|[[2832.88718694667, 0.0, 2027.3101376941806], [0.0, 2857.5529688242154, 1492.5272084030742], [0.0, 0.0, 1.0]]
522|522|3|Box|0.15|0.1472758082344252|1.4097551107406616|1945.3736572265625;1345.87744140625|52|[-0.030175399035215378, -0.09840492904186249, 0.0]|[-0.007203483488410711, 0.01838204264640808, 0.9998050928115845]|[[2832.88718694667, 0.0, 2027.3101376941806], [0.0, 2857.5529688242154, 1492.5272084030742], [0.0, 0.0, 1.0]]
522|522|3|Box|0.15|0.14825421129987118|1.4713975191116333|1947.5291748046875;1354.3616943359375|52|[-0.030175399035215378, -0.09840492904186249, 0.0]|[-0.007203483488410711, 0.01838204264640808, 0.9998050928115845]|[[2832.88718694667, 0.0, 2027.3101376941806], [0.0, 2857.5529688242154, 1492.5272084030742], [0.0, 0.0, 1.0]]
522|522|3|Box|0.15|0.14527212745931736|1.5263800621032715|1949.9934082031248;1361.1209716796875|52|[-0.030175399035215378, -0.09840492904186249, 0.0]|[-0.007203483488410711, 0.01838204264640808, 0.9998050928115845]|[[2832.88718694667, 0.0, 2027.3101376941806], [0.0, 2857.5529688242154, 1492.5272084030742], [0.0, 0.0, 1.0]]
522|522|3|Box|0.15|0.14832101170397843|1.664053201675415|1953.961669921875;1376.5859374999998|52|[-0.030175399035215378, -0.09840492904186249, 0.0]|[-0.007203483488410711, 0.01838204264640808, 0.9998050928115845]|[[2832.88718694667, 0.0, 2027.3101376941806], [0.0, 2857.5529688242154, 1492.5272084030742], [0.0, 0.0, 1.0]]
522|522|3|Box|0.15|0.14695111687555618|1.7063230276107788|1955.0068359375002;1380.8477783203125|52|[-0.030175399035215378, -0.09840492904186249, 0.0]|[-0.007203483488410711, 0.01838204264640808, 0.9998050928115845]|[[2832.88718694667, 0.0, 2027.3101376941806], [0.0, 2857.5529688242154, 1492.5272084030742], [0.0, 0.0, 1.0]]
522|522|3|Box|0.15|0.14796489508454405|1.7724378108978271|1957.84375;1386.6717529296875|52|[-0.030175399035215378, -0.09840492904186249, 0.0]|[-0.007203483488410711, 0.01838204264640808, 0.9998050928115845]|[[2832.88718694667, 0.0, 2027.3101376941806], [0.0, 2857.5529688242154, 1492.5272084030742], [0.0, 0.0, 1.0]]
522|522|3|Box|0.15|0.14870231643709506|1.8384469747543335|1959.1029052734375;1392.5233154296875|52|[-0.030175399035215378, -0.09840492904186249, 0.0]|[-0.007203483488410711, 0.01838204264640808, 0.9998050928115845]|[[2832.88718694667, 0.0, 2027.3101376941806], [0.0, 2857.5529688242154, 1492.5272084030742], [0.0, 0.0, 1.0]]
522|522|3|Box|0.15|0.14765886931529304|1.9025168418884277|1961.7867431640625;1397.3206787109375|52|[-0.030175399035215378, -0.09840492904186249, 0.0]|[-0.007203483488410711, 0.01838204264640808, 0.9998050928115845]|[[2832.88718694667, 0.0, 2027.3101376941806], [0.0, 2857.5529688242154, 1492.5272084030742], [0.0, 0.0, 1.0]]
522|522|3|Box|0.15|0.1483225059846536|1.9699409008026123|1962.2772216796875;1402.7218017578125|52|[-0.030175399035215378, -0.09840492904186249, 0.0]|[-0.007203483488410711, 0.01838204264640808, 0.9998050928115845]|[[2832.88718694667, 0.0, 2027.3101376941806], [0.0, 2857.5529688242154, 1492.5272084030742], [0.0, 0.0, 1.0]]
522|522|3|Box|0.15|0.14854848197773687|2.0436947345733643|1965.0023193359375;1407.4930419921875|52|[-0.030175399035215378, -0.09840492904186249, 0.0]|[-0.007203483488410711, 0.01838204264640808, 0.9998050928115845]|[[2832.88718694667, 0.0, 2027.3101376941806], [0.0, 2857.5529688242154, 1492.5272084030742], [0.0, 0.0, 1.0]]
522|522|3|Box|0.15|0.14877724343410453|2.114569664001465|1966.42822265625;1412.0870361328125|52|[-0.030175399035215378, -0.09840492904186249, 0.0]|[-0.007203483488410711, 0.01838204264640808, 0.9998050928115845]|[[2832.88718694667, 0.0, 2027.3101376941806], [0.0, 2857.5529688242154, 1492.5272084030742], [0.0, 0.0, 1.0]]
522|522|3|Box|0.15|0.1476153208936137|2.1828014850616455|1967.4539794921875;1416.32470703125|52|[-0.030175399035215378, -0.09840492904186249, 0.0]|[-0.007203483488410711, 0.01838204264640808, 0.9998050928115845]|[[2832.88718694667, 0.0, 2027.3101376941806], [0.0, 2857.5529688242154, 1492.5272084030742], [0.0, 0.0, 1.0]]
522|522|3|Box|0.15|0.14749732645937208|2.260319948196411|1967.9501953125;1421.0238037109375|52|[-0.030175399035215378, -0.09840492904186249, 0.0]|[-0.007203483488410711, 0.01838204264640808, 0.9998050928115845]|[[2832.88718694667, 0.0, 2027.3101376941806], [0.0, 2857.5529688242154, 1492.5272084030742], [0.0, 0.0, 1.0]]
522|522|3|Box|0.15|0.1495216720847084|2.3349995613098145|1969.5281982421875;1424.873046875|52|[-0.030175399035215378, -0.09840492904186249, 0.0]|[-0.007203483488410711, 0.01838204264640808, 0.9998050928115845]|[[2832.88718694667, 0.0, 2027.3101376941806], [0.0, 2857.5529688242154, 1492.5272084030742], [0.0, 0.0, 1.0]]
522|522|3|Box|0.15|0.14907142449601907|2.4040071964263916|1970.346923828125;1428.4171142578125|52|[-0.030175399035215378, -0.09840492904186249, 0.0]|[-0.007203483488410711, 0.01838204264640808, 0.9998050928115845]|[[2832.88718694667, 0.0, 2027.3101376941806], [0.0, 2857.5529688242154, 1492.5272084030742], [0.0, 0.0, 1.0]]
522|522|3|Box|0.15|0.14726788755012427|2.429877996444702|1971.1112060546875;1429.5313720703125|52|[-0.030175399035215378, -0.09840492904186249, 0.0]|[-0.007203483488410711, 0.01838204264640808, 0.9998050928115845]|[[2832.88718694667, 0.0, 2027.3101376941806], [0.0, 2857.5529688242154, 1492.5272084030742], [0.0, 0.0, 1.0]]
522|522|3|Box|0.15|0.1493647779050027|2.5387279987335205|1972.3198242187498;1434.5916748046875|52|[-0.030175399035215378, -0.09840492904186249, 0.0]|[-0.007203483488410711, 0.01838204264640808, 0.9998050928115845]|[[2832.88718694667, 0.0, 2027.3101376941806], [0.0, 2857.5529688242154, 1492.5272084030742], [0.0, 0.0, 1.0]]
522|522|3|Box|0.15|0.14618328751746726|2.5614242553710938|1973.0003662109375;1435.448486328125|52|[-0.030175399035215378, -0.09840492904186249, 0.0]|[-0.007203483488410711, 0.01838204264640808, 0.9998050928115845]|[[2832.88718694667, 0.0, 2027.3101376941806], [0.0, 2857.5529688242154, 1492.5272084030742], [0.0, 0.0, 1.0]]
522|522|3|Box|0.15|0.14955495747588138|2.679229259490967|1973.152587890625;1440.7113037109375|52|[-0.030175399035215378, -0.09840492904186249, 0.0]|[-0.007203483488410711, 0.01838204264640808, 0.9998050928115845]|[[2832.88718694667, 0.0, 2027.3101376941806], [0.0, 2857.5529688242154, 1492.5272084030742], [0.0, 0.0, 1.0]]
522|522|3|Box|0.15|0.14953913939212485|2.728184938430786|1974.0234375;1442.5028076171875|52|[-0.030175399035215378, -0.09840492904186249, 0.0]|[-0.007203483488410711, 0.01838204264640808, 0.9998050928115845]|[[2832.88718694667, 0.0, 2027.3101376941806], [0.0, 2857.5529688242154, 1492.5272084030742], [0.0, 0.0, 1.0]]
522|522|3|Box|0.15|0.1511795643734293|2.8164570331573486|1975.494873046875;1445.5540771484375|52|[-0.030175399035215378, -0.09840492904186249, 0.0]|[-0.007203483488410711, 0.01838204264640808, 0.9998050928115845]|[[2832.88718694667, 0.0, 2027.3101376941806], [0.0, 2857.5529688242154, 1492.5272084030742], [0.0, 0.0, 1.0]]
522|522|3|Box|0.15|0.14909834096044716|2.8522098064422607|1975.233642578125;1447.0364990234375|52|[-0.030175399035215378, -0.09840492904186249, 0.0]|[-0.007203483488410711, 0.01838204264640808, 0.9998050928115845]|[[2832.88718694667, 0.0, 2027.3101376941806], [0.0, 2857.5529688242154, 1492.5272084030742], [0.0, 0.0, 1.0]]
522|522|3|Box|0.15|0.1490307078269628|2.971776247024536|1976.097412109375;1451.125|52|[-0.030175399035215378, -0.09840492904186249, 0.0]|[-0.007203483488410711, 0.01838204264640808, 0.9998050928115845]|[[2832.88718694667, 0.0, 2027.3101376941806], [0.0, 2857.5529688242154, 1492.5272084030742], [0.0, 0.0, 1.0]]
522|522|3|Box|0.15|0.14879228710875994|2.5719716548919678|1971.1021728515627;1436.591796875|52|[-0.030175399035215378, -0.09840492904186249, 0.0]|[-0.007203483488410711, 0.01838204264640808, 0.9998050928115845]|[[2832.88718694667, 0.0, 2027.3101376941806], [0.0, 2857.5529688242154, 1492.5272084030742], [0.0, 0.0, 1.0]]
522|522|3|Box|0.15|0.1487543569817173|2.563795328140259|1971.4176025390627;1436.083251953125|52|[-0.030175399035215378, -0.09840492904186249, 0.0]|[-0.007203483488410711, 0.01838204264640808, 0.9998050928115845]|[[2832.88718694667, 0.0, 2027.3101376941806], [0.0, 2857.5529688242154, 1492.5272084030742], [0.0, 0.0, 1.0]]
522|522|3|Box|0.15|0.14754660663954933|2.56310772895813|1973.1168212890625;1435.4935302734375|52|[-0.030175399035215378, -0.09840492904186249, 0.0]|[-0.007203483488410711, 0.01838204264640808, 0.9998050928115845]|[[2832.88718694667, 0.0, 2027.3101376941806], [0.0, 2857.5529688242154, 1492.5272084030742], [0.0, 0.0, 1.0]]
522|522|3|Box|0.15|0.14934980241142484|2.5987706184387207|1972.0472412109375;1437.5107421875|52|[-0.030175399035215378, -0.09840492904186249, 0.0]|[-0.007203483488410711, 0.01838204264640808, 0.9998050928115845]|[[2832.88718694667, 0.0, 2027.3101376941806], [0.0, 2857.5529688242154, 1492.5272084030742], [0.0, 0.0, 1.0]]
522|522|3|Box|0.15|0.14841106459973014|2.6157565116882324|1972.1439208984375;1438.2496337890625|52|[-0.030175399035215378, -0.09840492904186249, 0.0]|[-0.007203483488410711, 0.01838204264640808, 0.9998050928115845]|[[2832.88718694667, 0.0, 2027.3101376941806], [0.0, 2857.5529688242154, 1492.5272084030742], [0.0, 0.0, 1.0]]
522|522|3|Box|0.15|0.14836787139904156|2.6518635749816895|1973.2446289062498;1439.478271484375|52|[-0.030175399035215378, -0.09840492904186249, 0.0]|[-0.007203483488410711, 0.01838204264640808, 0.9998050928115845]|[[2832.88718694667, 0.0, 2027.3101376941806], [0.0, 2857.5529688242154, 1492.5272084030742], [0.0, 0.0, 1.0]]
522|522|3|Box|0.15|0.1481461501636306|2.7206947803497314|1973.9010009765625;1442.2320556640625|52|[-0.030175399035215378, -0.09840492904186249, 0.0]|[-0.007203483488410711, 0.01838204264640808, 0.9998050928115845]|[[2832.88718694667, 0.0, 2027.3101376941806], [0.0, 2857.5529688242154, 1492.5272084030742], [0.0, 0.0, 1.0]]
522|522|3|Box|0.15|0.15019374972718685|2.823733329772949|1975.139892578125;1445.9688720703125|52|[-0.030175399035215378, -0.09840492904186249, 0.0]|[-0.007203483488410711, 0.01838204264640808, 0.9998050928115845]|[[2832.88718694667, 0.0, 2027.3101376941806], [0.0, 2857.5529688242154, 1492.5272084030742], [0.0, 0.0, 1.0]]
522|522|3|Box|0.15|0.14673549083383347|2.8782401084899902|1976.2191162109377;1447.6741943359377|52|[-0.030175399035215378, -0.09840492904186249, 0.0]|[-0.007203483488410711, 0.01838204264640808, 0.9998050928115845]|[[2832.88718694667, 0.0, 2027.3101376941806], [0.0, 2857.5529688242154, 1492.5272084030742], [0.0, 0.0, 1.0]]
522|522|3|Box|0.15|0.1448751358396977|2.9062302112579346|1975.1885986328125;1449.07861328125|52|[-0.030175399035215378, -0.09840492904186249, 0.0]|[-0.007203483488410711, 0.01838204264640808, 0.9998050928115845]|[[2832.88718694667, 0.0, 2027.3101376941806], [0.0, 2857.5529688242154, 1492.5272084030742], [0.0, 0.0, 1.0]]
522|522|3|Box|0.15|0.14701923936257583|2.962270736694336|1976.1065673828125;1450.7857666015625|52|[-0.030175399035215378, -0.09840492904186249, 0.0]|[-0.007203483488410711, 0.01838204264640808, 0.9998050928115845]|[[2832.88718694667, 0.0, 2027.3101376941806], [0.0, 2857.5529688242154, 1492.5272084030742], [0.0, 0.0, 1.0]]
522|522|3|Box|0.15|0.14983584060140512|3.0592539310455322|1977.150390625;1453.7508544921877|52|[-0.030175399035215378, -0.09840492904186249, 0.0]|[-0.007203483488410711, 0.01838204264640808, 0.9998050928115845]|[[2832.88718694667, 0.0, 2027.3101376941806], [0.0, 2857.5529688242154, 1492.5272084030742], [0.0, 0.0, 1.0]]
522|522|3|Box|0.15|0.14754183162870896|3.049469470977783|1976.42626953125;1453.6827392578125|52|[-0.030175399035215378, -0.09840492904186249, 0.0]|[-0.007203483488410711, 0.01838204264640808, 0.9998050928115845]|[[2832.88718694667, 0.0, 2027.3101376941806], [0.0, 2857.5529688242154, 1492.5272084030742], [0.0, 0.0, 1.0]]
522|522|3|Box|0.15|0.14834081984882047|2.421360969543457|1969.3685302734375;1429.6766357421875|52|[-0.030175399035215378, -0.09840492904186249, 0.0]|[-0.007203483488410711, 0.01838204264640808, 0.9998050928115845]|[[2832.88718694667, 0.0, 2027.3101376941806], [0.0, 2857.5529688242154, 1492.5272084030742], [0.0, 0.0, 1.0]]
522|522|3|Box|0.15|0.14767544251231318|2.402366876602173|1968.3327636718748;1429.01708984375|52|[-0.030175399035215378, -0.09840492904186249, 0.0]|[-0.007203483488410711, 0.01838204264640808, 0.9998050928115845]|[[2832.88718694667, 0.0, 2027.3101376941806], [0.0, 2857.5529688242154, 1492.5272084030742], [0.0, 0.0, 1.0]]
522|522|3|Box|0.15|0.1473675106582931|2.3297858238220215|1967.81640625;1425.1534423828125|52|[-0.030175399035215378, -0.09840492904186249, 0.0]|[-0.007203483488410711, 0.01838204264640808, 0.9998050928115845]|[[2832.88718694667, 0.0, 2027.3101376941806], [0.0, 2857.5529688242154, 1492.5272084030742], [0.0, 0.0, 1.0]]
522|522|3|Box|0.15|0.1479135197893538|2.276812791824341|1966.966064453125;1422.3450927734375|52|[-0.030175399035215378, -0.09840492904186249, 0.0]|[-0.007203483488410711, 0.01838204264640808, 0.9998050928115845]|[[2832.88718694667, 0.0, 2027.3101376941806], [0.0, 2857.5529688242154, 1492.5272084030742], [0.0, 0.0, 1.0]]
522|522|3|Box|0.15|0.14753818883232844|2.2210798263549805|1966.410400390625;1419.116455078125|52|[-0.030175399035215378, -0.09840492904186249, 0.0]|[-0.007203483488410711, 0.01838204264640808, 0.9998050928115845]|[[2832.88718694667, 0.0, 2027.3101376941806], [0.0, 2857.5529688242154, 1492.5272084030742], [0.0, 0.0, 1.0]]
522|522|3|Box|0.15|0.15024528704419007|2.1767938137054443|1965.8192138671875;1416.4759521484375|52|[-0.030175399035215378, -0.09840492904186249, 0.0]|[-0.007203483488410711, 0.01838204264640808, 0.9998050928115845]|[[2832.88718694667, 0.0, 2027.3101376941806], [0.0, 2857.5529688242154, 1492.5272084030742], [0.0, 0.0, 1.0]]
522|522|3|Box|0.15|0.14816048965070844|2.0789499282836914|1963.7030029296875;1410.4873046875|52|[-0.030175399035215378, -0.09840492904186249, 0.0]|[-0.007203483488410711, 0.01838204264640808, 0.9998050928115845]|[[2832.88718694667, 0.0, 2027.3101376941806], [0.0, 2857.5529688242154, 1492.5272084030742], [0.0, 0.0, 1.0]]
522|522|3|Box|0.15|0.14719711220995846|2.0134775638580322|1962.011474609375;1406.1998291015625|52|[-0.030175399035215378, -0.09840492904186249, 0.0]|[-0.007203483488410711, 0.01838204264640808, 0.9998050928115845]|[[2832.88718694667, 0.0, 2027.3101376941806], [0.0, 2857.5529688242154, 1492.5272084030742], [0.0, 0.0, 1.0]]
522|522|3|Box|0.15|0.14797212496610784|1.9520572423934937|1960.513671875;1401.871826171875|52|[-0.030175399035215378, -0.09840492904186249, 0.0]|[-0.007203483488410711, 0.01838204264640808, 0.9998050928115845]|[[2832.88718694667, 0.0, 2027.3101376941806], [0.0, 2857.5529688242154, 1492.5272084030742], [0.0, 0.0, 1.0]]
522|522|3|Box|0.15|0.14827942929447505|1.8967571258544922|1960.6455078125;1397.186279296875|52|[-0.030175399035215378, -0.09840492904186249, 0.0]|[-0.007203483488410711, 0.01838204264640808, 0.9998050928115845]|[[2832.88718694667, 0.0, 2027.3101376941806], [0.0, 2857.5529688242154, 1492.5272084030742], [0.0, 0.0, 1.0]]
522|522|3|Box|0.15|0.14936032657067047|1.2676106691360474|1937.995849609375;1323.6981201171875|52|[-0.030175399035215378, -0.09840492904186249, 0.0]|[-0.007203483488410711, 0.01838204264640808, 0.9998050928115845]|[[2832.88718694667, 0.0, 2027.3101376941806], [0.0, 2857.5529688242154, 1492.5272084030742], [0.0, 0.0, 1.0]]
522|522|3|Box|0.15|0.14932315383599307|1.2540112733840942|1936.3560791015625;1321.5841064453125|52|[-0.030175399035215378, -0.09840492904186249, 0.0]|[-0.007203483488410711, 0.01838204264640808, 0.9998050928115845]|[[2832.88718694667, 0.0, 2027.3101376941806], [0.0, 2857.5529688242154, 1492.5272084030742], [0.0, 0.0, 1.0]]
522|522|3|Box|0.15|0.14675868849688947|1.2110645771026611|1934.7086181640625;1313.3896484375|52|[-0.030175399035215378, -0.09840492904186249, 0.0]|[-0.007203483488410711, 0.01838204264640808, 0.9998050928115845]|[[2832.88718694667, 0.0, 2027.3101376941806], [0.0, 2857.5529688242154, 1492.5272084030742], [0.0, 0.0, 1.0]]
522|522|3|Box|0.15|0.14683450673083354|1.1917223930358887|1932.6199951171875;1309.9229736328125|52|[-0.030175399035215378, -0.09840492904186249, 0.0]|[-0.007203483488410711, 0.01838204264640808, 0.9998050928115845]|[[2832.88718694667, 0.0, 2027.3101376941806], [0.0, 2857.5529688242154, 1492.5272084030742], [0.0, 0.0, 1.0]]
522|522|3|Box|0.15|0.14604734628251542|1.1686047315597534|1931.6663818359373;1305.101318359375|52|[-0.030175399035215378, -0.09840492904186249, 0.0]|[-0.007203483488410711, 0.01838204264640808, 0.9998050928115845]|[[2832.88718694667, 0.0, 2027.3101376941806], [0.0, 2857.5529688242154, 1492.5272084030742], [0.0, 0.0, 1.0]]
522|522|3|Box|0.15|0.14724906841066732|1.1430116891860962|1929.355224609375;1299.9404296875|52|[-0.030175399035215378, -0.09840492904186249, 0.0]|[-0.007203483488410711, 0.01838204264640808, 0.9998050928115845]|[[2832.88718694667, 0.0, 2027.3101376941806], [0.0, 2857.5529688242154, 1492.5272084030742], [0.0, 0.0, 1.0]]
522|522|3|Box|0.15|0.147314432694093|1.1019210815429688|1927.0072021484375;1290.6162109375|52|[-0.030175399035215378, -0.09840492904186249, 0.0]|[-0.007203483488410711, 0.01838204264640808, 0.9998050928115845]|[[2832.88718694667, 0.0, 2027.3101376941806], [0.0, 2857.5529688242154, 1492.5272084030742], [0.0, 0.0, 1.0]]
522|522|3|Box|0.15|0.14582070309755069|1.0491580963134766|1924.3873291015625;1277.3697509765625|52|[-0.030175399035215378, -0.09840492904186249, 0.0]|[-0.007203483488410711, 0.01838204264640808, 0.9998050928115845]|[[2832.88718694667, 0.0, 2027.3101376941806], [0.0, 2857.5529688242154, 1492.5272084030742], [0.0, 0.0, 1.0]]
522|522|3|Box|0.15|0.14700074231276428|1.005790114402771|1919.270751953125;1266.3275146484373|52|[-0.030175399035215378, -0.09840492904186249, 0.0]|[-0.007203483488410711, 0.01838204264640808, 0.9998050928115845]|[[2832.88718694667, 0.0, 2027.3101376941806], [0.0, 2857.5529688242154, 1492.5272084030742], [0.0, 0.0, 1.0]]
522|522|3|Box|0.15|0.14541914731534666|0.9525860548019409|1915.435302734375;1250.4207763671875|52|[-0.030175399035215378, -0.09840492904186249, 0.0]|[-0.007203483488410711, 0.01838204264640808, 0.9998050928115845]|[[2832.88718694667, 0.0, 2027.3101376941806], [0.0, 2857.5529688242154, 1492.5272084030742], [0.0, 0.0, 1.0]]
522|522|3|Box|0.15|0.14605352612811118|0.8990921974182129|1909.6971435546875;1232.9836425781252|52|[-0.030175399035215378, -0.09840492904186249, 0.0]|[-0.007203483488410711, 0.01838204264640808, 0.9998050928115845]|[[2832.88718694667, 0.0, 2027.3101376941806], [0.0, 2857.5529688242154, 1492.5272084030742], [0.0, 0.0, 1.0]]
522|522|3|Box|0.15|0.14659957970294674|0.8511597514152527|1905.5136718750002;1214.9909667968748|52|[-0.030175399035215378, -0.09840492904186249, 0.0]|[-0.007203483488410711, 0.01838204264640808, 0.9998050928115845]|[[2832.88718694667, 0.0, 2027.3101376941806], [0.0, 2857.5529688242154, 1492.5272084030742], [0.0, 0.0, 1.0]]
522|522|3|Box|0.15|0.14629290005725998|0.817383348941803|1899.9830322265623;1201.7832031250002|52|[-0.030175399035215378, -0.09840492904186249, 0.0]|[-0.007203483488410711, 0.01838204264640808, 0.9998050928115845]|[[2832.88718694667, 0.0, 2027.3101376941806], [0.0, 2857.5529688242154, 1492.5272084030742], [0.0, 0.0, 1.0]]
522|522|3|Box|0.15|0.1464449782771105|0.7790052890777588|1895.0899658203127;1184.7525634765625|52|[-0.030175399035215378, -0.09840492904186249, 0.0]|[-0.007203483488410711, 0.01838204264640808, 0.9998050928115845]|[[2832.88718694667, 0.0, 2027.3101376941806], [0.0, 2857.5529688242154, 1492.5272084030742], [0.0, 0.0, 1.0]]
522|522|3|Box|0.15|0.1462609335407262|0.7271439433097839|1888.0889892578125;1158.7398681640625|52|[-0.030175399035215378, -0.09840492904186249, 0.0]|[-0.007203483488410711, 0.01838204264640808, 0.9998050928115845]|[[2832.88718694667, 0.0, 2027.3101376941806], [0.0, 2857.5529688242154, 1492.5272084030742], [0.0, 0.0, 1.0]]
522|522|3|Box|0.15|0.14494429845411175|0.6680072546005249|1876.36962890625;1124.9250488281248|52|[-0.030175399035215378, -0.09840492904186249, 0.0]|[-0.007203483488410711, 0.01838204264640808, 0.9998050928115845]|[[2832.88718694667, 0.0, 2027.3101376941806], [0.0, 2857.5529688242154, 1492.5272084030742], [0.0, 0.0, 1.0]]
522|522|3|Box|0.15|0.14387940580080272|0.626583456993103|1868.1810302734373;1097.00732421875|52|[-0.030175399035215378, -0.09840492904186249, 0.0]|[-0.007203483488410711, 0.01838204264640808, 0.9998050928115845]|[[2832.88718694667, 0.0, 2027.3101376941806], [0.0, 2857.5529688242154, 1492.5272084030742], [0.0, 0.0, 1.0]]
522|522|3|Box|0.15|0.14500600589355633|0.5834318399429321|1859.1689453125;1063.4704589843752|52|[-0.030175399035215378, -0.09840492904186249, 0.0]|[-0.007203483488410711, 0.01838204264640808, 0.9998050928115845]|[[2832.88718694667, 0.0, 2027.3101376941806], [0.0, 2857.5529688242154, 1492.5272084030742], [0.0, 0.0, 1.0]]
522|522|3|Box|0.15|0.14382001008681153|0.4764629304409027|1824.6346435546875;955.7859497070312|52|[-0.030175399035215378, -0.09840492904186249, 0.0]|[-0.007203483488410711, 0.01838204264640808, 0.9998050928115845]|[[2832.88718694667, 0.0, 2027.3101376941806], [0.0, 2857.5529688242154, 1492.5272084030742], [0.0, 0.0, 1.0]]
522|522|3|Box|0.15|0.14193484381478616|0.4297182559967041|1804.899169921875;891.6554565429688|52|[-0.030175399035215378, -0.09840492904186249, 0.0]|[-0.007203483488410711, 0.01838204264640808, 0.9998050928115845]|[[2832.88718694667, 0.0, 2027.3101376941806], [0.0, 2857.5529688242154, 1492.5272084030742], [0.0, 0.0, 1.0]]
522|522|3|Box|0.15|0.14283570771361837|0.3889791965484619|1781.0311279296875;824.1000366210939|52|[-0.030175399035215378, -0.09840492904186249, 0.0]|[-0.007203483488410711, 0.01838204264640808, 0.9998050928115845]|[[2832.88718694667, 0.0, 2027.3101376941806], [0.0, 2857.5529688242154, 1492.5272084030742], [0.0, 0.0, 1.0]]
522|522|3|Weasly Fish|0.31|0.2851615651331012|0.5562986731529236|1851.7113037109375;1040.062255859375|52|[-0.030175399035215378, -0.09840492904186249, 0.0]|[-0.007203483488410711, 0.01838204264640808, 0.9998050928115845]|[[2832.88718694667, 0.0, 2027.3101376941806], [0.0, 2857.5529688242154, 1492.5272084030742], [0.0, 0.0, 1.0]]
522|522|3|Weasly Fish|0.31|0.28690025501684213|0.46960705518722534|1819.264404296875;948.0637817382812|52|[-0.030175399035215378, -0.09840492904186249, 0.0]|[-0.007203483488410711, 0.01838204264640808, 0.9998050928115845]|[[2832.88718694667, 0.0, 2027.3101376941806], [0.0, 2857.5529688242154, 1492.5272084030742], [0.0, 0.0, 1.0]]
522|522|3|Weasly Fish|0.31|0.2900366831026752|0.5160163044929504|1838.0274658203125;1001.140625|52|[-0.030175399035215378, -0.09840492904186249, 0.0]|[-0.007203483488410711, 0.01838204264640808, 0.9998050928115845]|[[2832.88718694667, 0.0, 2027.3101376941806], [0.0, 2857.5529688242154, 1492.5272084030742], [0.0, 0.0, 1.0]]
522|522|3|Weasly Fish|0.31|0.2895311634146039|0.6123676300048828|1862.2384033203125;1087.4969482421875|52|[-0.030175399035215378, -0.09840492904186249, 0.0]|[-0.007203483488410711, 0.01838204264640808, 0.9998050928115845]|[[2832.88718694667, 0.0, 2027.3101376941806], [0.0, 2857.5529688242154, 1492.5272084030742], [0.0, 0.0, 1.0]]
522|522|3|Weasly Fish|0.31|0.2906755008561351|0.688399076461792|1878.8116455078125;1137.8380126953125|52|[-0.030175399035215378, -0.09840492904186249, 0.0]|[-0.007203483488410711, 0.01838204264640808, 0.9998050928115845]|[[2832.88718694667, 0.0, 2027.3101376941806], [0.0, 2857.5529688242154, 1492.5272084030742], [0.0, 0.0, 1.0]]
522|522|3|Weasly Fish|0.31|0.292126405017568|0.7495429515838623|1889.2934570312502;1171.0439453125|52|[-0.030175399035215378, -0.09840492904186249, 0.0]|[-0.007203483488410711, 0.01838204264640808, 0.9998050928115845]|[[2832.88718694667, 0.0, 2027.3101376941806], [0.0, 2857.5529688242154, 1492.5272084030742], [0.0, 0.0, 1.0]]
522|522|3|Weasly Fish|0.31|0.2914450762183117|0.807222306728363|1899.6265869140627;1197.1469726562498|52|[-0.030175399035215378, -0.09840492904186249, 0.0]|[-0.007203483488410711, 0.01838204264640808, 0.9998050928115845]|[[2832.88718694667, 0.0, 2027.3101376941806], [0.0, 2857.5529688242154, 1492.5272084030742], [0.0, 0.0, 1.0]]
522|522|3|Weasly Fish|0.31|0.2927522139041083|0.8626882433891296|1904.7159423828125;1220.0977783203125|52|[-0.030175399035215378, -0.09840492904186249, 0.0]|[-0.007203483488410711, 0.01838204264640808, 0.9998050928115845]|[[2832.88718694667, 0.0, 2027.3101376941806], [0.0, 2857.5529688242154, 1492.5272084030742], [0.0, 0.0, 1.0]]
522|522|3|Weasly Fish|0.31|0.29254432378389444|0.9338307976722717|1912.21044921875;1244.9554443359375|52|[-0.030175399035215378, -0.09840492904186249, 0.0]|[-0.007203483488410711, 0.01838204264640808, 0.9998050928115845]|[[2832.88718694667, 0.0, 2027.3101376941806], [0.0, 2857.5529688242154, 1492.5272084030742], [0.0, 0.0, 1.0]]
522|522|3|Weasly Fish|0.31|0.29308829987403134|1.021225094795227|1920.0465087890625;1270.7246093749998|52|[-0.030175399035215378, -0.09840492904186249, 0.0]|[-0.007203483488410711, 0.01838204264640808, 0.9998050928115845]|[[2832.88718694667, 0.0, 2027.3101376941806], [0.0, 2857.5529688242154, 1492.5272084030742], [0.0, 0.0, 1.0]]
522|522|3|Weasly Fish|0.31|0.29330778232084365|1.0768499374389648|1924.0855712890625;1285.0450439453125|52|[-0.030175399035215378, -0.09840492904186249, 0.0]|[-0.007203483488410711, 0.01838204264640808, 0.9998050928115845]|[[2832.88718694667, 0.0, 2027.3101376941806], [0.0, 2857.5529688242154, 1492.5272084030742], [0.0, 0.0, 1.0]]
522|522|3|Weasly Fish|0.31|0.2941070699047739|1.1319941282272339|1928.1025390625;1297.72119140625|52|[-0.030175399035215378, -0.09840492904186249, 0.0]|[-0.007203483488410711, 0.01838204264640808, 0.9998050928115845]|[[2832.88718694667, 0.0, 2027.3101376941806], [0.0, 2857.5529688242154, 1492.5272084030742], [0.0, 0.0, 1.0]]
522|522|3|Weasly Fish|0.31|0.29083727460792524|1.190622329711914|1933.2421875000002;1309.4804687500002|52|[-0.030175399035215378, -0.09840492904186249, 0.0]|[-0.007203483488410711, 0.01838204264640808, 0.9998050928115845]|[[2832.88718694667, 0.0, 2027.3101376941806], [0.0, 2857.5529688242154, 1492.5272084030742], [0.0, 0.0, 1.0]]
522|522|3|Weasly Fish|0.31|0.2925295314336749|1.2499324083328247|1935.0296630859375;1321.2314453125|52|[-0.030175399035215378, -0.09840492904186249, 0.0]|[-0.007203483488410711, 0.01838204264640808, 0.9998050928115845]|[[2832.88718694667, 0.0, 2027.3101376941806], [0.0, 2857.5529688242154, 1492.5272084030742], [0.0, 0.0, 1.0]]
522|522|3|Weasly Fish|0.31|0.29192519597014316|1.2965015172958374|1937.6033935546875;1329.2685546875|52|[-0.030175399035215378, -0.09840492904186249, 0.0]|[-0.007203483488410711, 0.01838204264640808, 0.9998050928115845]|[[2832.88718694667, 0.0, 2027.3101376941806], [0.0, 2857.5529688242154, 1492.5272084030742], [0.0, 0.0, 1.0]]
522|522|3|Weasly Fish|0.31|0.29172830022324364|1.3419777154922485|1940.49169921875;1336.404052734375|52|[-0.030175399035215378, -0.09840492904186249, 0.0]|[-0.007203483488410711, 0.01838204264640808, 0.9998050928115845]|[[2832.88718694667, 0.0, 2027.3101376941806], [0.0, 2857.5529688242154, 1492.5272084030742], [0.0, 0.0, 1.0]]
522|522|3|Weasly Fish|0.31|0.2920028305963988|1.3840162754058838|1943.5487060546873;1342.390380859375|52|[-0.030175399035215378, -0.09840492904186249, 0.0]|[-0.007203483488410711, 0.01838204264640808, 0.9998050928115845]|[[2832.88718694667, 0.0, 2027.3101376941806], [0.0, 2857.5529688242154, 1492.5272084030742], [0.0, 0.0, 1.0]]
522|522|3|Weasly Fish|0.31|0.2932591301683732|1.4197057485580444|1943.9438476562498;1347.88671875|52|[-0.030175399035215378, -0.09840492904186249, 0.0]|[-0.007203483488410711, 0.01838204264640808, 0.9998050928115845]|[[2832.88718694667, 0.0, 2027.3101376941806], [0.0, 2857.5529688242154, 1492.5272084030742], [0.0, 0.0, 1.0]]
522|522|3|Weasly Fish|0.31|0.29265060683222915|1.5013399124145508|1947.3837890625;1358.6025390625|52|[-0.030175399035215378, -0.09840492904186249, 0.0]|[-0.007203483488410711, 0.01838204264640808, 0.9998050928115845]|[[2832.88718694667, 0.0, 2027.3101376941806], [0.0, 2857.5529688242154, 1492.5272084030742], [0.0, 0.0, 1.0]]
522|522|3|Weasly Fish|0.31|0.2912425082590882|1.5469573736190796|1948.0758056640625;1364.4635009765625|52|[-0.030175399035215378, -0.09840492904186249, 0.0]|[-0.007203483488410711, 0.01838204264640808, 0.9998050928115845]|[[2832.88718694667, 0.0, 2027.3101376941806], [0.0, 2857.5529688242154, 1492.5272084030742], [0.0, 0.0, 1.0]]
522|522|3|Weasly Fish|0.31|0.28987143863314924|1.6147557497024536|1950.5820312499998;1372.03662109375|52|[-0.030175399035215378, -0.09840492904186249, 0.0]|[-0.007203483488410711, 0.01838204264640808, 0.9998050928115845]|[[2832.88718694667, 0.0, 2027.3101376941806], [0.0, 2857.5529688242154, 1492.5272084030742], [0.0, 0.0, 1.0]]
522|522|3|Weasly Fish|0.31|0.29423109646236284|1.6790986061096191|1953.5203857421875;1378.3983154296875|52|[-0.030175399035215378, -0.09840492904186249, 0.0]|[-0.007203483488410711, 0.01838204264640808, 0.9998050928115845]|[[2832.88718694667, 0.0, 2027.3101376941806], [0.0, 2857.5529688242154, 1492.5272084030742], [0.0, 0.0, 1.0]]
522|522|3|Weasly Fish|0.31|0.29150578456218046|1.7528107166290283|1955.4378662109375;1385.518798828125|52|[-0.030175399035215378, -0.09840492904186249, 0.0]|[-0.007203483488410711, 0.01838204264640808, 0.9998050928115845]|[[2832.88718694667, 0.0, 2027.3101376941806], [0.0, 2857.5529688242154, 1492.5272084030742], [0.0, 0.0, 1.0]]
522|522|3|Weasly Fish|0.31|0.2908671859650664|1.8465006351470947|1958.896484375;1393.333251953125|52|[-0.030175399035215378, -0.09840492904186249, 0.0]|[-0.007203483488410711, 0.01838204264640808, 0.9998050928115845]|[[2832.88718694667, 0.0, 2027.3101376941806], [0.0, 2857.5529688242154, 1492.5272084030742], [0.0, 0.0, 1.0]]
522|522|3|Weasly Fish|0.31|0.2911223815441291|1.8874218463897705|1959.2489013671875;1396.8504638671875|52|[-0.030175399035215378, -0.09840492904186249, 0.0]|[-0.007203483488410711, 0.01838204264640808, 0.9998050928115845]|[[2832.88718694667, 0.0, 2027.3101376941806], [0.0, 2857.5529688242154, 1492.5272084030742], [0.0, 0.0, 1.0]]
522|522|3|Weasly Fish|0.31|0.2886310290607159|1.9315904378890991|1961.1057128906248;1399.97900390625|52|[-0.030175399035215378, -0.09840492904186249, 0.0]|[-0.007203483488410711, 0.01838204264640808, 0.9998050928115845]|[[2832.88718694667, 0.0, 2027.3101376941806], [0.0, 2857.5529688242154, 1492.5272084030742], [0.0, 0.0, 1.0]]
522|522|3|Weasly Fish|0.31|0.29436384158824896|1.9981708526611328|1962.454345703125;1404.8857421875|52|[-0.030175399035215378, -0.09840492904186249, 0.0]|[-0.007203483488410711, 0.01838204264640808, 0.9998050928115845]|[[2832.88718694667, 0.0, 2027.3101376941806], [0.0, 2857.5529688242154, 1492.5272084030742], [0.0, 0.0, 1.0]]
522|522|3|Weasly Fish|0.31|0.29118088747991333|2.0686986446380615|1963.3623046875;1409.852783203125|52|[-0.030175399035215378, -0.09840492904186249, 0.0]|[-0.007203483488410711, 0.01838204264640808, 0.9998050928115845]|[[2832.88718694667, 0.0, 2027.3101376941806], [0.0, 2857.5529688242154, 1492.5272084030742], [0.0, 0.0, 1.0]]
522|522|3|Weasly Fish|0.31|0.2888362124540158|2.141801357269287|1964.5888671875;1414.572509765625|52|[-0.030175399035215378, -0.09840492904186249, 0.0]|[-0.007203483488410711, 0.01838204264640808, 0.9998050928115845]|[[2832.88718694667, 0.0, 2027.3101376941806], [0.0, 2857.5529688242154, 1492.5272084030742], [0.0, 0.0, 1.0]]
522|522|3|Weasly Fish|0.31|0.284204456080135|2.1795554161071777|1965.8428955078125;1416.64501953125|52|[-0.030175399035215378, -0.09840492904186249, 0.0]|[-0.007203483488410711, 0.01838204264640808, 0.9998050928115845]|[[2832.88718694667, 0.0, 2027.3101376941806], [0.0, 2857.5529688242154, 1492.5272084030742], [0.0, 0.0, 1.0]]
522|522|3|Weasly Fish|0.31|0.289290251735644|2.2637832164764404|1967.070068359375;1421.526611328125|52|[-0.030175399035215378, -0.09840492904186249, 0.0]|[-0.007203483488410711, 0.01838204264640808, 0.9998050928115845]|[[2832.88718694667, 0.0, 2027.3101376941806], [0.0, 2857.5529688242154, 1492.5272084030742], [0.0, 0.0, 1.0]]
522|522|3|Weasly Fish|0.31|0.28971224899917847|2.3495569229125977|1967.93994140625;1426.2410888671875|52|[-0.030175399035215378, -0.09840492904186249, 0.0]|[-0.007203483488410711, 0.01838204264640808, 0.9998050928115845]|[[2832.88718694667, 0.0, 2027.3101376941806], [0.0, 2857.5529688242154, 1492.5272084030742], [0.0, 0.0, 1.0]]
522|522|3|Weasly Fish|0.31|0.2902157626912989|2.4273107051849365|1969.4400634765625;1429.9658203124998|52|[-0.030175399035215378, -0.09840492904186249, 0.0]|[-0.007203483488410711, 0.01838204264640808, 0.9998050928115845]|[[2832.88718694667, 0.0, 2027.3101376941806], [0.0, 2857.5529688242154, 1492.5272084030742], [0.0, 0.0, 1.0]]
522|522|3|Weasly Fish|0.31|0.2885790482823346|2.4897220134735107|1969.7913818359373;1433.0601806640625|52|[-0.030175399035215378, -0.09840492904186249, 0.0]|[-0.007203483488410711, 0.01838204264640808, 0.9998050928115845]|[[2832.88718694667, 0.0, 2027.3101376941806], [0.0, 2857.5529688242154, 1492.5272084030742], [0.0, 0.0, 1.0]]
522|522|3|Weasly Fish|0.31|0.2828520885565786|2.479719638824463|1972.3720703125;1431.69384765625|52|[-0.030175399035215378, -0.09840492904186249, 0.0]|[-0.007203483488410711, 0.01838204264640808, 0.9998050928115845]|[[2832.88718694667, 0.0, 2027.3101376941806], [0.0, 2857.5529688242154, 1492.5272084030742], [0.0, 0.0, 1.0]]
522|522|3|Weasly Fish|0.31|0.2891646133686983|2.609367847442627|1972.0945276947664;1437.9728036714016|52|[-0.030175399035215378, -0.09840492904186249, 0.0]|[-0.007203483488410711, 0.01838204264640808, 0.9998050928115845]|[[2832.88718694667, 0.0, 2027.3101376941806], [0.0, 2857.5529688242154, 1492.5272084030742], [0.0, 0.0, 1.0]]
522|522|3|Weasly Fish|0.31|0.2909931085560435|1.9379717111587524|1959.26171875;1401.155517578125|52|[-0.030175399035215378, -0.09840492904186249, 0.0]|[-0.007203483488410711, 0.01838204264640808, 0.9998050928115845]|[[2832.88718694667, 0.0, 2027.3101376941806], [0.0, 2857.5529688242154, 1492.5272084030742], [0.0, 0.0, 1.0]]
522|522|3|Weasly Fish|0.31|0.29046750642178965|2.0209689140319824|1961.0631103515625;1407.1204833984375|52|[-0.030175399035215378, -0.09840492904186249, 0.0]|[-0.007203483488410711, 0.01838204264640808, 0.9998050928115845]|[[2832.88718694667, 0.0, 2027.3101376941806], [0.0, 2857.5529688242154, 1492.5272084030742], [0.0, 0.0, 1.0]]
522|522|3|Weasly Fish|0.31|0.2904559648863158|2.1024043560028076|1962.5479736328123;1412.5723876953125|52|[-0.030175399035215378, -0.09840492904186249, 0.0]|[-0.007203483488410711, 0.01838204264640808, 0.9998050928115845]|[[2832.88718694667, 0.0, 2027.3101376941806], [0.0, 2857.5529688242154, 1492.5272084030742], [0.0, 0.0, 1.0]]
522|522|3|Weasly Fish|0.31|0.2806555689093815|2.0992984771728516|1964.8765869140625;1411.5386962890625|52|[-0.030175399035215378, -0.09840492904186249, 0.0]|[-0.007203483488410711, 0.01838204264640808, 0.9998050928115845]|[[2832.88718694667, 0.0, 2027.3101376941806], [0.0, 2857.5529688242154, 1492.5272084030742], [0.0, 0.0, 1.0]]
522|522|3|Weasly Fish|0.31|0.2799920013653148|2.1525392532348633|1965.1322021484375;1415.10498046875|52|[-0.030175399035215378, -0.09840492904186249, 0.0]|[-0.007203483488410711, 0.01838204264640808, 0.9998050928115845]|[[2832.88718694667, 0.0, 2027.3101376941806], [0.0, 2857.5529688242154, 1492.5272084030742], [0.0, 0.0, 1.0]]
522|522|3|Weasly Fish|0.31|0.2803981392760501|2.205702781677246|1966.3358154296875;1418.1650390625|52|[-0.030175399035215378, -0.09840492904186249, 0.0]|[-0.007203483488410711, 0.01838204264640808, 0.9998050928115845]|[[2832.88718694667, 0.0, 2027.3101376941806], [0.0, 2857.5529688242154, 1492.5272084030742], [0.0, 0.0, 1.0]]
522|522|3|Weasly Fish|0.31|0.290281768852399|2.3318936824798584|1967.3260498046875;1425.4521484375002|52|[-0.030175399035215378, -0.09840492904186249, 0.0]|[-0.007203483488410711, 0.01838204264640808, 0.9998050928115845]|[[2832.88718694667, 0.0, 2027.3101376941806], [0.0, 2857.5529688242154, 1492.5272084030742], [0.0, 0.0, 1.0]]
522|522|3|Weasly Fish|0.31|0.2791825590970971|2.3065788745880127|1968.4234619140623;1423.61181640625|52|[-0.030175399035215378, -0.09840492904186249, 0.0]|[-0.007203483488410711, 0.01838204264640808, 0.9998050928115845]|[[2832.88718694667, 0.0, 2027.3101376941806], [0.0, 2857.5529688242154, 1492.5272084030742], [0.0, 0.0, 1.0]]
522|522|3|Weasly Fish|0.31|0.28794315379818247|2.4422378540039062|1969.088623046875;1430.8751220703125|52|[-0.030175399035215378, -0.09840492904186249, 0.0]|[-0.007203483488410711, 0.01838204264640808, 0.9998050928115845]|[[2832.88718694667, 0.0, 2027.3101376941806], [0.0, 2857.5529688242154, 1492.5272084030742], [0.0, 0.0, 1.0]]
522|522|3|Weasly Fish|0.31|0.28337782440638665|2.452731132507324|1970.427001953125;1430.942626953125|52|[-0.030175399035215378, -0.09840492904186249, 0.0]|[-0.007203483488410711, 0.01838204264640808, 0.9998050928115845]|[[2832.88718694667, 0.0, 2027.3101376941806], [0.0, 2857.5529688242154, 1492.5272084030742], [0.0, 0.0, 1.0]]
522|522|3|Weasly Fish|0.31|0.28270787496286315|2.4916067123413086|1969.790283203125;1433.1485595703125|52|[-0.030175399035215378, -0.09840492904186249, 0.0]|[-0.007203483488410711, 0.01838204264640808, 0.9998050928115845]|[[2832.88718694667, 0.0, 2027.3101376941806], [0.0, 2857.5529688242154, 1492.5272084030742], [0.0, 0.0, 1.0]]
522|522|3|Weasly Fish|0.31|0.29286300111470603|2.5857481956481934|1971.1434326171875;1437.22119140625|52|[-0.030175399035215378, -0.09840492904186249, 0.0]|[-0.007203483488410711, 0.01838204264640808, 0.9998050928115845]|[[2832.88718694667, 0.0, 2027.3101376941806], [0.0, 2857.5529688242154, 1492.5272084030742], [0.0, 0.0, 1.0]]
522|522|3|Weasly Fish|0.31|0.29422090373627807|1.5845685005187988|1949.496826171875;1368.745361328125|52|[-0.030175399035215378, -0.09840492904186249, 0.0]|[-0.007203483488410711, 0.01838204264640808, 0.9998050928115845]|[[2832.88718694667, 0.0, 2027.3101376941806], [0.0, 2857.5529688242154, 1492.5272084030742], [0.0, 0.0, 1.0]]
522|522|3|Weasly Fish|0.31|0.2925914316243995|1.5305076837539673|1947.48388671875;1362.5184326171875|52|[-0.030175399035215378, -0.09840492904186249, 0.0]|[-0.007203483488410711, 0.01838204264640808, 0.9998050928115845]|[[2832.88718694667, 0.0, 2027.3101376941806], [0.0, 2857.5529688242154, 1492.5272084030742], [0.0, 0.0, 1.0]]
522|522|3|Weasly Fish|0.31|0.294203770091874|1.4846765995025635|1946.9106445312502;1356.4532470703125|52|[-0.030175399035215378, -0.09840492904186249, 0.0]|[-0.007203483488410711, 0.01838204264640808, 0.9998050928115845]|[[2832.88718694667, 0.0, 2027.3101376941806], [0.0, 2857.5529688242154, 1492.5272084030742], [0.0, 0.0, 1.0]]
522|522|3|Weasly Fish|0.31|0.290761938030921|1.4117900133132935|1944.6412353515625;1346.4254150390625|52|[-0.030175399035215378, -0.09840492904186249, 0.0]|[-0.007203483488410711, 0.01838204264640808, 0.9998050928115845]|[[2832.88718694667, 0.0, 2027.3101376941806], [0.0, 2857.5529688242154, 1492.5272084030742], [0.0, 0.0, 1.0]]
522|522|3|Weasly Fish|0.31|0.2935270980934845|1.3557695150375366|1942.4779052734375;1338.088134765625|52|[-0.030175399035215378, -0.09840492904186249, 0.0]|[-0.007203483488410711, 0.01838204264640808, 0.9998050928115845]|[[2832.88718694667, 0.0, 2027.3101376941806], [0.0, 2857.5529688242154, 1492.5272084030742], [0.0, 0.0, 1.0]]
522|522|3|Weasly Fish|0.31|0.29505488764359883|1.309558391571045|1940.81591796875;1330.593017578125|52|[-0.030175399035215378, -0.09840492904186249, 0.0]|[-0.007203483488410711, 0.01838204264640808, 0.9998050928115845]|[[2832.88718694667, 0.0, 2027.3101376941806], [0.0, 2857.5529688242154, 1492.5272084030742], [0.0, 0.0, 1.0]]
522|522|3|Weasly Fish|0.31|0.2927000612242651|1.0162256956100464|1919.0338134765625;1269.576904296875|52|[-0.030175399035215378, -0.09840492904186249, 0.0]|[-0.007203483488410711, 0.01838204264640808, 0.9998050928115845]|[[2832.88718694667, 0.0, 2027.3101376941806], [0.0, 2857.5529688242154, 1492.5272084030742], [0.0, 0.0, 1.0]]
522|522|3|Weasly Fish|0.31|0.2943286184418503|1.0005594491958618|1918.1617431640625;1265.0888671874998|52|[-0.030175399035215378, -0.09840492904186249, 0.0]|[-0.007203483488410711, 0.01838204264640808, 0.9998050928115845]|[[2832.88718694667, 0.0, 2027.3101376941806], [0.0, 2857.5529688242154, 1492.5272084030742], [0.0, 0.0, 1.0]]
522|522|3|Weasly Fish|0.31|0.2924906166939452|0.9593852162361145|1914.2578125;1253.107666015625|52|[-0.030175399035215378, -0.09840492904186249, 0.0]|[-0.007203483488410711, 0.01838204264640808, 0.9998050928115845]|[[2832.88718694667, 0.0, 2027.3101376941806], [0.0, 2857.5529688242154, 1492.5272084030742], [0.0, 0.0, 1.0]]
522|522|3|Weasly Fish|0.31|0.29335349445060627|0.9274255037307739|1911.77099609375;1242.810546875|52|[-0.030175399035215378, -0.09840492904186249, 0.0]|[-0.007203483488410711, 0.01838204264640808, 0.9998050928115845]|[[2832.88718694667, 0.0, 2027.3101376941806], [0.0, 2857.5529688242154, 1492.5272084030742], [0.0, 0.0, 1.0]]
522|522|3|Weasly Fish|0.31|0.29236799476119313|0.898532509803772|1909.451904296875;1232.8460693359375|52|[-0.030175399035215378, -0.09840492904186249, 0.0]|[-0.007203483488410711, 0.01838204264640808, 0.9998050928115845]|[[2832.88718694667, 0.0, 2027.3101376941806], [0.0, 2857.5529688242154, 1492.5272084030742], [0.0, 0.0, 1.0]]
522|522|3|Weasly Fish|0.31|0.29236486854860155|0.8696213364601135|1906.7174072265625;1222.3046875|52|[-0.030175399035215378, -0.09840492904186249, 0.0]|[-0.007203483488410711, 0.01838204264640808, 0.9998050928115845]|[[2832.88718694667, 0.0, 2027.3101376941806], [0.0, 2857.5529688242154, 1492.5272084030742], [0.0, 0.0, 1.0]]
522|522|3|Weasly Fish|0.31|0.2923512067878142|0.83890700340271|1903.4686279296875;1210.3486328125|52|[-0.030175399035215378, -0.09840492904186249, 0.0]|[-0.007203483488410711, 0.01838204264640808, 0.9998050928115845]|[[2832.88718694667, 0.0, 2027.3101376941806], [0.0, 2857.5529688242154, 1492.5272084030742], [0.0, 0.0, 1.0]]
522|522|3|Weasly Fish|0.31|0.2915241896928135|0.7989675402641296|1898.3386230468752;1193.6092529296873|52|[-0.030175399035215378, -0.09840492904186249, 0.0]|[-0.007203483488410711, 0.01838204264640808, 0.9998050928115845]|[[2832.88718694667, 0.0, 2027.3101376941806], [0.0, 2857.5529688242154, 1492.5272084030742], [0.0, 0.0, 1.0]]
522|522|3|Weasly Fish|0.31|0.29130314602815377|0.7621206641197205|1892.8763427734375;1176.6876220703127|52|[-0.030175399035215378, -0.09840492904186249, 0.0]|[-0.007203483488410711, 0.01838204264640808, 0.9998050928115845]|[[2832.88718694667, 0.0, 2027.3101376941806], [0.0, 2857.5529688242154, 1492.5272084030742], [0.0, 0.0, 1.0]]
522|522|3|Weasly Fish|0.31|0.2913411449660578|0.7295021414756775|1889.3892822265625;1159.7025146484375|52|[-0.030175399035215378, -0.09840492904186249, 0.0]|[-0.007203483488410711, 0.01838204264640808, 0.9998050928115845]|[[2832.88718694667, 0.0, 2027.3101376941806], [0.0, 2857.5529688242154, 1492.5272084030742], [0.0, 0.0, 1.0]]
522|522|3|Weasly Fish|0.31|0.29015410837487426|0.684375524520874|1879.2783203125;1135.0421142578125|52|[-0.030175399035215378, -0.09840492904186249, 0.0]|[-0.007203483488410711, 0.01838204264640808, 0.9998050928115845]|[[2832.88718694667, 0.0, 2027.3101376941806], [0.0, 2857.5529688242154, 1492.5272084030742], [0.0, 0.0, 1.0]]
522|522|3|Weasly Fish|0.31|0.28993983386601635|0.6430239081382751|1872.072509765625;1108.3549804687502|52|[-0.030175399035215378, -0.09840492904186249, 0.0]|[-0.007203483488410711, 0.01838204264640808, 0.9998050928115845]|[[2832.88718694667, 0.0, 2027.3101376941806], [0.0, 2857.5529688242154, 1492.5272084030742], [0.0, 0.0, 1.0]]
522|522|3|Weasly Fish|0.31|0.29012299557841226|0.6063421368598938|1864.9999999999998;1081.5902099609375|52|[-0.030175399035215378, -0.09840492904186249, 0.0]|[-0.007203483488410711, 0.01838204264640808, 0.9998050928115845]|[[2832.88718694667, 0.0, 2027.3101376941806], [0.0, 2857.5529688242154, 1492.5272084030742], [0.0, 0.0, 1.0]]
522|522|3|Weasly Fish|0.31|0.28787203296105296|0.5711092948913574|1855.177490234375;1053.3367919921873|52|[-0.030175399035215378, -0.09840492904186249, 0.0]|[-0.007203483488410711, 0.01838204264640808, 0.9998050928115845]|[[2832.88718694667, 0.0, 2027.3101376941806], [0.0, 2857.5529688242154, 1492.5272084030742], [0.0, 0.0, 1.0]]
522|522|3|Weasly Fish|0.31|0.289657743576565|0.5219594240188599|1840.8087158203123;1007.0579223632811|52|[-0.030175399035215378, -0.09840492904186249, 0.0]|[-0.007203483488410711, 0.01838204264640808, 0.9998050928115845]|[[2832.88718694667, 0.0, 2027.3101376941806], [0.0, 2857.5529688242154, 1492.5272084030742], [0.0, 0.0, 1.0]]
522|522|3|Weasly Fish|0.31|0.2869441330227655|0.47258856892585754|1823.8157958984375;950.7418823242188|52|[-0.030175399035215378, -0.09840492904186249, 0.0]|[-0.007203483488410711, 0.01838204264640808, 0.9998050928115845]|[[2832.88718694667, 0.0, 2027.3101376941806], [0.0, 2857.5529688242154, 1492.5272084030742], [0.0, 0.0, 1.0]]
522|522|3|Weasly Fish|0.31|0.2873428927046629|0.43001505732536316|1802.5343017578123;892.9197998046875|52|[-0.030175399035215378, -0.09840492904186249, 0.0]|[-0.007203483488410711, 0.01838204264640808, 0.9998050928115845]|[[2832.88718694667, 0.0, 2027.3101376941806], [0.0, 2857.5529688242154, 1492.5272084030742], [0.0, 0.0, 1.0]]
522|522|3|Weasly Fish|0.31|0.2802400494050664|0.3890312612056732|1782.8885498046875;823.6034545898438|52|[-0.030175399035215378, -0.09840492904186249, 0.0]|[-0.007203483488410711, 0.01838204264640808, 0.9998050928115845]|[[2832.88718694667, 0.0, 2027.3101376941806], [0.0, 2857.5529688242154, 1492.5272084030742], [0.0, 0.0, 1.0]]
522|522|3|Weasly Fish|0.31|0.28034235485803805|0.35815462470054626|1762.53076171875;761.7442626953125|52|[-0.030175399035215378, -0.09840492904186249, 0.0]|[-0.007203483488410711, 0.01838204264640808, 0.9998050928115845]|[[2832.88718694667, 0.0, 2027.3101376941806], [0.0, 2857.5529688242154, 1492.5272084030742], [0.0, 0.0, 1.0]]
