66|470|10|Grouper|0.36|0.3049862521605992|2.198831558227539|2259.1511612260306|1428.5673088066605|1866.1927380167651|1398.238302988496|[[2841.3712142828917, 0.0, 2004.355023481056], [0.0, 2863.7600731700495, 1476.2484742699291], [0.0, 0.0, 1.0]]|[-0.12522768463073414, -0.03655398418155435, -0.0016834701843602728, 0.00031500872322268533, 0.033920993967001614]
66|471|10|Grouper|0.36|0.3046287541977297|2.212307929992676|2239.134541550382|1418.2704566534644|1850.1320756217472|1376.0735789934088|[[2841.3712142828917, 0.0, 2004.355023481056], [0.0, 2863.7600731700495, 1476.2484742699291], [0.0, 0.0, 1.0]]|[-0.12522768463073414, -0.03655398418155435, -0.0016834701843602728, 0.00031500872322268533, 0.033920993967001614]
66|472|10|Grouper|0.36|0.3164271480302645|2.2647945880889893|2241.2623060111564|1410.721365255139|1846.1737519584751|1371.668966459174|[[2841.3712142828917, 0.0, 2004.355023481056], [0.0, 2863.7600731700495, 1476.2484742699291], [0.0, 0.0, 1.0]]|[-0.12522768463073414, -0.03655398418155435, -0.0016834701843602728, 0.00031500872322268533, 0.033920993967001614]
66|473|10|Grouper|0.36|0.30367747068423806|2.214240312576294|2244.604200204085|1401.356613577507|1857.9815507854937|1352.199747960209|[[2841.3712142828917, 0.0, 2004.355023481056], [0.0, 2863.7600731700495, 1476.2484742699291], [0.0, 0.0, 1.0]]|[-0.12522768463073414, -0.03655398418155435, -0.0016834701843602728, 0.00031500872322268533, 0.033920993967001614]
66|474|10|Shark|0.605|0.6028819290070336|1.3332633972167969|1393.8493814798692|1324.831100534348|2673.5356291423905|1440.5428509927808|[[2841.3712142828917, 0.0, 2004.355023481056], [0.0, 2863.7600731700495, 1476.2484742699291], [0.0, 0.0, 1.0]]|[-0.12522768463073414, -0.03655398418155435, -0.0016834701843602728, 0.00031500872322268533, 0.033920993967001614]
66|475|10|Shark|0.605|0.6013915219204907|1.3344919681549072|1417.5711577334148|1284.8635882264798|2695.543157240996|1365.433251508648|[[2841.3712142828917, 0.0, 2004.355023481056], [0.0, 2863.7600731700495, 1476.2484742699291], [0.0, 0.0, 1.0]]|[-0.12522768463073414, -0.03655398418155435, -0.0016834701843602728, 0.00031500872322268533, 0.033920993967001614]
66|476|10|Shark|0.605|0.5951196649419139|1.560592770576477|1453.1549744181552|1266.565656015098|2532.4719858167578|1362.8272831770994|[[2841.3712142828917, 0.0, 2004.355023481056], [0.0, 2863.7600731700495, 1476.2484742699291], [0.0, 0.0, 1.0]]|[-0.12522768463073414, -0.03655398418155435, -0.0016834701843602728, 0.00031500872322268533, 0.033920993967001614]
66|477|10|Shark|0.605|0.597605900521701|1.5122737884521484|1483.139407983735|1253.227753942155|2602.54345315939|1341.5115339215515|[[2841.3712142828917, 0.0, 2004.355023481056], [0.0, 2863.7600731700495, 1476.2484742699291], [0.0, 0.0, 1.0]]|[-0.12522768463073414, -0.03655398418155435, -0.0016834701843602728, 0.00031500872322268533, 0.033920993967001614]
66|478|10|Shark|0.605|0.5997940778799594|1.537984848022461|1468.1529750572956|1250.3040997486905|2572.418816519751|1343.1051703702458|[[2841.3712142828917, 0.0, 2004.355023481056], [0.0, 2863.7600731700495, 1476.2484742699291], [0.0, 0.0, 1.0]]|[-0.12522768463073414, -0.03655398418155435, -0.0016834701843602728, 0.00031500872322268533, 0.033920993967001614]
66|479|10|Shark|0.605|0.5984507661756732|1.5506017208099365|1462.1603816362694|1243.1561623344578|2554.106025892268|1345.098138412236|[[2841.3712142828917, 0.0, 2004.355023481056], [0.0, 2863.7600731700495, 1476.2484742699291], [0.0, 0.0, 1.0]]|[-0.12522768463073414, -0.03655398418155435, -0.0016834701843602728, 0.00031500872322268533, 0.033920993967001614]
66|480|10|Shark|0.605|0.5941947098027545|1.5795669555664062|1456.8554744299413|1309.9928514144055|2521.9901506683827|1399.7928923889942|[[2841.3712142828917, 0.0, 2004.355023481056], [0.0, 2863.7600731700495, 1476.2484742699291], [0.0, 0.0, 1.0]]|[-0.12522768463073414, -0.03655398418155435, -0.0016834701843602728, 0.00031500872322268533, 0.033920993967001614]
66|481|10|Shark|0.605|0.5974067842603665|1.6063196659088135|1462.3341447155058|1309.5868048078275|2516.0856846545717|1389.5642448994633|[[2841.3712142828917, 0.0, 2004.355023481056], [0.0, 2863.7600731700495, 1476.2484742699291], [0.0, 0.0, 1.0]]|[-0.12522768463073414, -0.03655398418155435, -0.0016834701843602728, 0.00031500872322268533, 0.033920993967001614]
66|482|10|Shark|0.605|0.60414764012131|1.6512272357940674|1511.5976433536396|1287.662575397437|2548.7684944932203|1359.1741108549822|[[2841.3712142828917, 0.0, 2004.355023481056], [0.0, 2863.7600731700495, 1476.2484742699291], [0.0, 0.0, 1.0]]|[-0.12522768463073414, -0.03655398418155435, -0.0016834701843602728, 0.00031500872322268533, 0.033920993967001614]
66|483|10|Shark|0.605|0.58867037195385|2.413271427154541|1722.5689601505915|1377.7543683293986|2414.0061908114885|1426.0709456455463|[[2841.3712142828917, 0.0, 2004.355023481056], [0.0, 2863.7600731700495, 1476.2484742699291], [0.0, 0.0, 1.0]]|[-0.12522768463073414, -0.03655398418155435, -0.0016834701843602728, 0.00031500872322268533, 0.033920993967001614]
66|484|10|Shark|0.605|0.5853996930393571|2.4956820011138916|1711.0753306886452|1369.7556401336424|2373.1842345240057|1446.616331023346|[[2841.3712142828917, 0.0, 2004.355023481056], [0.0, 2863.7600731700495, 1476.2484742699291], [0.0, 0.0, 1.0]]|[-0.12522768463073414, -0.03655398418155435, -0.0016834701843602728, 0.00031500872322268533, 0.033920993967001614]
66|485|10|Shark|0.605|0.5831759917585385|2.487372875213623|1700.0045036441688|1365.35728835787|2362.061654061271|1439.8728544920286|[[2841.3712142828917, 0.0, 2004.355023481056], [0.0, 2863.7600731700495, 1476.2484742699291], [0.0, 0.0, 1.0]]|[-0.12522768463073414, -0.03655398418155435, -0.0016834701843602728, 0.00031500872322268533, 0.033920993967001614]
66|486|10|Shark|0.605|0.5882838251755056|2.5119619369506836|1705.0543079741058|1368.7174180582267|2365.9057073999693|1447.2490865998654|[[2841.3712142828917, 0.0, 2004.355023481056], [0.0, 2863.7600731700495, 1476.2484742699291], [0.0, 0.0, 1.0]]|[-0.12522768463073414, -0.03655398418155435, -0.0016834701843602728, 0.00031500872322268533, 0.033920993967001614]
66|487|10|Purple Angel|0.192|0.18583302293150905|1.3485617637634277|1788.8425584371496|1290.7764474663609|2177.7544829869175|1336.4542346395644|[[2841.3712142828917, 0.0, 2004.355023481056], [0.0, 2863.7600731700495, 1476.2484742699291], [0.0, 0.0, 1.0]]|[-0.12522768463073414, -0.03655398418155435, -0.0016834701843602728, 0.00031500872322268533, 0.033920993967001614]
66|488|10|Purple Angel|0.192|0.18259034231816731|1.3243893384933472|1798.8171703912406|1219.9185514915569|2187.750612637995|1267.0347169489185|[[2841.3712142828917, 0.0, 2004.355023481056], [0.0, 2863.7600731700495, 1476.2484742699291], [0.0, 0.0, 1.0]]|[-0.12522768463073414, -0.03655398418155435, -0.0016834701843602728, 0.00031500872322268533, 0.033920993967001614]
66|489|10|Purple Angel|0.192|0.18621867310068274|1.3441377878189087|1796.7961565449682|1237.9473279127728|2186.812970494278|1291.7077730085166|[[2841.3712142828917, 0.0, 2004.355023481056], [0.0, 2863.7600731700495, 1476.2484742699291], [0.0, 0.0, 1.0]]|[-0.12522768463073414, -0.03655398418155435, -0.0016834701843602728, 0.00031500872322268533, 0.033920993967001614]
66|490|10|Purple Angel|0.192|0.17846061917343728|2.4217333793640137|1950.4397668200857|1395.1125601950728|2159.16137876655|1411.888315921611|[[2841.3712142828917, 0.0, 2004.355023481056], [0.0, 2863.7600731700495, 1476.2484742699291], [0.0, 0.0, 1.0]]|[-0.12522768463073414, -0.03655398418155435, -0.0016834701843602728, 0.00031500872322268533, 0.033920993967001614]
66|491|10|Purple Angel|0.192|0.1990307171748578|3.1314473152160645|1949.1774669927931|1385.8748980852095|2129.262104851454|1399.5345687586992|[[2841.3712142828917, 0.0, 2004.355023481056], [0.0, 2863.7600731700495, 1476.2484742699291], [0.0, 0.0, 1.0]]|[-0.12522768463073414, -0.03655398418155435, -0.0016834701843602728, 0.00031500872322268533, 0.033920993967001614]
66|492|10|Purple Angel|0.192|0.1788986184085381|2.8112964630126953|1939.466546992154|1388.6182698898328|2119.864640561748|1400.946300248376|[[2841.3712142828917, 0.0, 2004.355023481056], [0.0, 2863.7600731700495, 1476.2484742699291], [0.0, 0.0, 1.0]]|[-0.12522768463073414, -0.03655398418155435, -0.0016834701843602728, 0.00031500872322268533, 0.033920993967001614]
66|493|10|Purple Angel|0.192|0.1782544875936144|2.7684166431427|1995.774476177637|1404.8359276096544|2178.3223150581543|1417.0886522037745|[[2841.3712142828917, 0.0, 2004.355023481056], [0.0, 2863.7600731700495, 1476.2484742699291], [0.0, 0.0, 1.0]]|[-0.12522768463073414, -0.03655398418155435, -0.0016834701843602728, 0.00031500872322268533, 0.033920993967001614]
66|494|10|Purple Angel|0.192|0.1799861545326396|2.889155387878418|1968.5655931677604|1400.3224105769168|2145.2745007117114|1410.7147825082607|[[2841.3712142828917, 0.0, 2004.355023481056], [0.0, 2863.7600731700495, 1476.2484742699291], [0.0, 0.0, 1.0]]|[-0.12522768463073414, -0.03655398418155435, -0.0016834701843602728, 0.00031500872322268533, 0.033920993967001614]
66|495|10|Snook|0.455|0.42247349787641614|1.9587785005569458|2370.923661910187|1386.1723934285442|1765.6615238963402|1289.3836423345062|[[2841.3712142828917, 0.0, 2004.355023481056], [0.0, 2863.7600731700495, 1476.2484742699291], [0.0, 0.0, 1.0]]|[-0.12522768463073414, -0.03655398418155435, -0.0016834701843602728, 0.00031500872322268533, 0.033920993967001614]
66|496|10|Snook|0.455|0.4106612551747665|1.868316650390625|2353.8764151436308|1435.7391289393283|1751.269662032918|1270.3823953915185|[[2841.3712142828917, 0.0, 2004.355023481056], [0.0, 2863.7600731700495, 1476.2484742699291], [0.0, 0.0, 1.0]]|[-0.12522768463073414, -0.03655398418155435, -0.0016834701843602728, 0.00031500872322268533, 0.033920993967001614]
66|497|10|Snook|0.455|0.41726333892379414|1.8242197036743164|2405.6858966972663|1332.8991722265514|1755.9629781291922|1316.6936121329366|[[2841.3712142828917, 0.0, 2004.355023481056], [0.0, 2863.7600731700495, 1476.2484742699291], [0.0, 0.0, 1.0]]|[-0.12522768463073414, -0.03655398418155435, -0.0016834701843602728, 0.00031500872322268533, 0.033920993967001614]
66|498|10|Snook|0.455|0.41753219883623477|1.8148372173309326|2391.016028757088|1403.7091529677884|1745.365715183537|1300.615427881192|[[2841.3712142828917, 0.0, 2004.355023481056], [0.0, 2863.7600731700495, 1476.2484742699291], [0.0, 0.0, 1.0]]|[-0.12522768463073414, -0.03655398418155435, -0.0016834701843602728, 0.00031500872322268533, 0.033920993967001614]
66|499|10|Snook|0.455|0.42087012918601274|1.8131123781204224|2372.5812689069294|1474.3633192836933|1740.2643222912566|1285.2984515248543|[[2841.3712142828917, 0.0, 2004.355023481056], [0.0, 2863.7600731700495, 1476.2484742699291], [0.0, 0.0, 1.0]]|[-0.12522768463073414, -0.03655398418155435, -0.0016834701843602728, 0.00031500872322268533, 0.033920993967001614]
66|500|10|Snook|0.455|0.412817567366683|1.830470323562622|2386.364988100563|1325.5305565515473|1745.5669008541317|1323.4554599748874|[[2841.3712142828917, 0.0, 2004.355023481056], [0.0, 2863.7600731700495, 1476.2484742699291], [0.0, 0.0, 1.0]]|[-0.12522768463073414, -0.03655398418155435, -0.0016834701843602728, 0.00031500872322268533, 0.033920993967001614]
66|501|10|Snook|0.455|0.42982125426715934|1.6611964702606201|2420.688856990356|1446.1533805917213|1741.53276303858|1162.4406547362714|[[2841.3712142828917, 0.0, 2004.355023481056], [0.0, 2863.7600731700495, 1476.2484742699291], [0.0, 0.0, 1.0]]|[-0.12522768463073414, -0.03655398418155435, -0.0016834701843602728, 0.00031500872322268533, 0.033920993967001614]
66|502|10|Snook|0.455|0.4375562397206184|1.647630214691162|2416.7814829851923|1289.3142592783645|1662.7721972686604|1318.7436344491973|[[2841.3712142828917, 0.0, 2004.355023481056], [0.0, 2863.7600731700495, 1476.2484742699291], [0.0, 0.0, 1.0]]|[-0.12522768463073414, -0.03655398418155435, -0.0016834701843602728, 0.00031500872322268533, 0.033920993967001614]
66|503|10|Snook|0.455|0.4378712219294786|1.6511561870574951|2442.777552819525|1394.8513406420493|1693.2126863812457|1317.2862666897054|[[2841.3712142828917, 0.0, 2004.355023481056], [0.0, 2863.7600731700495, 1476.2484742699291], [0.0, 0.0, 1.0]]|[-0.12522768463073414, -0.03655398418155435, -0.0016834701843602728, 0.00031500872322268533, 0.033920993967001614]
66|504|10|Snook|0.455|0.4070727739218568|1.7384110689163208|2398.0535363599765|1276.1301452635682|1732.9791969055004|1295.290565317272|[[2841.3712142828917, 0.0, 2004.355023481056], [0.0, 2863.7600731700495, 1476.2484742699291], [0.0, 0.0, 1.0]]|[-0.12522768463073414, -0.03655398418155435, -0.0016834701843602728, 0.00031500872322268533, 0.033920993967001614]
66|505|10|Snook|0.455|0.33392214034912543|1.7174961566925049|2350.216515420495|1311.5616644555525|1797.7869780070496|1310.7813967473412|[[2841.3712142828917, 0.0, 2004.355023481056], [0.0, 2863.7600731700495, 1476.2484742699291], [0.0, 0.0, 1.0]]|[-0.12522768463073414, -0.03655398418155435, -0.0016834701843602728, 0.00031500872322268533, 0.033920993967001614]
66|506|10|Snook|0.455|0.3159260205019322|1.7157938480377197|2336.110114612252|1329.4829324014465|1812.940616256721|1332.2138693801855|[[2841.3712142828917, 0.0, 2004.355023481056], [0.0, 2863.7600731700495, 1476.2484742699291], [0.0, 0.0, 1.0]]|[-0.12522768463073414, -0.03655398418155435, -0.0016834701843602728, 0.00031500872322268533, 0.033920993967001614]
66|507|10|Snook|0.455|0.3644653551199609|1.7787203788757324|2301.4100495001976|1397.5214485624786|1735.1157551177698|1261.2747025902358|[[2841.3712142828917, 0.0, 2004.355023481056], [0.0, 2863.7600731700495, 1476.2484742699291], [0.0, 0.0, 1.0]]|[-0.12522768463073414, -0.03655398418155435, -0.0016834701843602728, 0.00031500872322268533, 0.033920993967001614]
66|508|10|Snook|0.455|0.3498868528429898|1.792510747909546|2338.04557239995|1372.8467672096567|1807.287970582067|1210.6525187038194|[[2841.3712142828917, 0.0, 2004.355023481056], [0.0, 2863.7600731700495, 1476.2484742699291], [0.0, 0.0, 1.0]]|[-0.12522768463073414, -0.03655398418155435, -0.0016834701843602728, 0.00031500872322268533, 0.033920993967001614]
66|509|10|Snook|0.455|0.3541063765413306|1.7830054759979248|2306.8716985890524|1387.9469905774542|1762.4849206294746|1238.195611193866|[[2841.3712142828917, 0.0, 2004.355023481056], [0.0, 2863.7600731700495, 1476.2484742699291], [0.0, 0.0, 1.0]]|[-0.12522768463073414, -0.03655398418155435, -0.0016834701843602728, 0.00031500872322268533, 0.033920993967001614]
66|510|10|Snook|0.455|0.33078809542437515|1.080966830253601|1524.982437457597|1086.4914591939264|2386.257213774561|1206.6843910271216|[[2841.3712142828917, 0.0, 2004.355023481056], [0.0, 2863.7600731700495, 1476.2484742699291], [0.0, 0.0, 1.0]]|[-0.12522768463073414, -0.03655398418155435, -0.0016834701843602728, 0.00031500872322268533, 0.033920993967001614]
59|601|1|Shark|0.605|0.6209204098971791|1.3586183786392212|1299.5143860311891|1244.9757551161022|2562.8743195281186|1529.9467837375796|[[2832.6628438838216, 0.0, 1968.0272553880557], [0.0, 2855.8825480621545, 1452.810040656435], [0.0, 0.0, 1.0]]|[-0.12100428903752407, -0.054716493247621914, -0.0033433024221579243, -6.011803399688542e-06, 0.045781926585394796]
59|602|1|Shark|0.605|0.6165849702713315|1.3297557830810547|1334.1061787228568|1223.0439084297248|2615.5340427982337|1513.700405553687|[[2832.6628438838216, 0.0, 1968.0272553880557], [0.0, 2855.8825480621545, 1452.810040656435], [0.0, 0.0, 1.0]]|[-0.12100428903752407, -0.054716493247621914, -0.0033433024221579243, -6.011803399688542e-06, 0.045781926585394796]
59|603|1|Shark|0.605|0.6129197906263839|1.3136996030807495|1330.7319046605037|1259.4358406436797|2623.7131558862816|1535.2575310898508|[[2832.6628438838216, 0.0, 1968.0272553880557], [0.0, 2855.8825480621545, 1452.810040656435], [0.0, 0.0, 1.0]]|[-0.12100428903752407, -0.054716493247621914, -0.0033433024221579243, -6.011803399688542e-06, 0.045781926585394796]
59|604|1|Shark|0.605|0.612958706223398|1.292947769165039|1291.1943291149455|1224.948701435196|2605.240883591154|1504.1189670328233|[[2832.6628438838216, 0.0, 1968.0272553880557], [0.0, 2855.8825480621545, 1452.810040656435], [0.0, 0.0, 1.0]]|[-0.12100428903752407, -0.054716493247621914, -0.0033433024221579243, -6.011803399688542e-06, 0.045781926585394796]
59|605|1|Shark|0.605|0.6118348294039523|1.292711853981018|1298.1848232548118|1239.513687455396|2610.216016135919|1517.481850200759|[[2832.6628438838216, 0.0, 1968.0272553880557], [0.0, 2855.8825480621545, 1452.810040656435], [0.0, 0.0, 1.0]]|[-0.12100428903752407, -0.054716493247621914, -0.0033433024221579243, -6.011803399688542e-06, 0.045781926585394796]
59|606|1|Shark|0.605|0.608563152093008|1.2828024625778198|1278.0758868401506|1217.7885147504987|2593.9653636790554|1492.57453231231|[[2832.6628438838216, 0.0, 1968.0272553880557], [0.0, 2855.8825480621545, 1452.810040656435], [0.0, 0.0, 1.0]]|[-0.12100428903752407, -0.054716493247621914, -0.0033433024221579243, -6.011803399688542e-06, 0.045781926585394796]
59|607|1|Shark|0.605|0.6175691663629307|1.3136961460113525|1310.4798638150255|1265.3231285263716|2614.5798415506183|1536.9350501757526|[[2832.6628438838216, 0.0, 1968.0272553880557], [0.0, 2855.8825480621545, 1452.810040656435], [0.0, 0.0, 1.0]]|[-0.12100428903752407, -0.054716493247621914, -0.0033433024221579243, -6.011803399688542e-06, 0.045781926585394796]
59|608|1|Shark|0.605|0.610298981187439|2.3366968631744385|1607.173985593292|1388.1444477391713|2337.968616499515|1504.3976570360692|[[2832.6628438838216, 0.0, 1968.0272553880557], [0.0, 2855.8825480621545, 1452.810040656435], [0.0, 0.0, 1.0]]|[-0.12100428903752407, -0.054716493247621914, -0.0033433024221579243, -6.011803399688542e-06, 0.045781926585394796]
59|609|1|Shark|0.605|0.6311706150877782|2.44895076751709|1615.7834032996207|1392.8285906223846|2336.756617694472|1508.6307711637921|[[2832.6628438838216, 0.0, 1968.0272553880557], [0.0, 2855.8825480621545, 1452.810040656435], [0.0, 0.0, 1.0]]|[-0.12100428903752407, -0.054716493247621914, -0.0033433024221579243, -6.011803399688542e-06, 0.045781926585394796]
59|610|1|Shark|0.605|0.6175337957050009|2.4337685108184814|1623.3176092474696|1391.6168723573783|2332.431564189285|1509.8606651391176|[[2832.6628438838216, 0.0, 1968.0272553880557], [0.0, 2855.8825480621545, 1452.810040656435], [0.0, 0.0, 1.0]]|[-0.12100428903752407, -0.054716493247621914, -0.0033433024221579243, -6.011803399688542e-06, 0.045781926585394796]
59|611|1|Shark|0.605|0.6143619085519185|2.466489315032959|1635.714300097203|1397.6012248926336|2330.87618509427|1519.3330351605596|[[2832.6628438838216, 0.0, 1968.0272553880557], [0.0, 2855.8825480621545, 1452.810040656435], [0.0, 0.0, 1.0]]|[-0.12100428903752407, -0.054716493247621914, -0.0033433024221579243, -6.011803399688542e-06, 0.045781926585394796]
59|612|1|Shark|0.605|0.6340140280692137|2.756769895553589|1631.930659893997|1399.1525853372527|2276.2851327860553|1495.9502303681222|[[2832.6628438838216, 0.0, 1968.0272553880557], [0.0, 2855.8825480621545, 1452.810040656435], [0.0, 0.0, 1.0]]|[-0.12100428903752407, -0.054716493247621914, -0.0033433024221579243, -6.011803399688542e-06, 0.045781926585394796]
59|613|1|Shark|0.605|0.6309580684218816|2.721863269805908|1636.0779052367961|1383.7133127392826|2284.849157667577|1485.9122250845612|[[2832.6628438838216, 0.0, 1968.0272553880557], [0.0, 2855.8825480621545, 1452.810040656435], [0.0, 0.0, 1.0]]|[-0.12100428903752407, -0.054716493247621914, -0.0033433024221579243, -6.011803399688542e-06, 0.045781926585394796]
59|614|1|Shark|0.605|0.6239516232560953|2.74080491065979|1630.806148499577|1404.413228831804|2269.462150220416|1494.4040799754284|[[2832.6628438838216, 0.0, 1968.0272553880557], [0.0, 2855.8825480621545, 1452.810040656435], [0.0, 0.0, 1.0]]|[-0.12100428903752407, -0.054716493247621914, -0.0033433024221579243, -6.011803399688542e-06, 0.045781926585394796]
59|615|1|Shark|0.605|0.6059778676095837|2.6264772415161133|1631.8680440927992|1385.9617282818208|2277.4195880747916|1488.7240896056383|[[2832.6628438838216, 0.0, 1968.0272553880557], [0.0, 2855.8825480621545, 1452.810040656435], [0.0, 0.0, 1.0]]|[-0.12100428903752407, -0.054716493247621914, -0.0033433024221579243, -6.011803399688542e-06, 0.045781926585394796]
59|616|1|Shark|0.605|0.6089145620872553|2.7050466537475586|1627.134456826031|1407.51960872156|2259.1632253231137|1492.6272353845225|[[2832.6628438838216, 0.0, 1968.0272553880557], [0.0, 2855.8825480621545, 1452.810040656435], [0.0, 0.0, 1.0]]|[-0.12100428903752407, -0.054716493247621914, -0.0033433024221579243, -6.011803399688542e-06, 0.045781926585394796]
59|617|1|Shark|0.605|0.6297685966347787|2.784973382949829|1634.3941001364042|1400.8027039531964|2270.0182097346337|1480.758797098098|[[2832.6628438838216, 0.0, 1968.0272553880557], [0.0, 2855.8825480621545, 1452.810040656435], [0.0, 0.0, 1.0]]|[-0.12100428903752407, -0.054716493247621914, -0.0033433024221579243, -6.011803399688542e-06, 0.045781926585394796]
59|618|1|Grouper|0.36|0.35522850655989463|1.6429475545883179|2192.8812703429203|1402.9105212081658|1600.1347291761488|1247.5013440283064|[[2832.6628438838216, 0.0, 1968.0272553880557], [0.0, 2855.8825480621545, 1452.810040656435], [0.0, 0.0, 1.0]]|[-0.12100428903752407, -0.054716493247621914, -0.0033433024221579243, -6.011803399688542e-06, 0.045781926585394796]
59|619|1|Grouper|0.36|0.35470186536197956|1.6431807279586792|2191.675570059123|1419.3130390996196|1598.6637651625276|1268.9969255323913|[[2832.6628438838216, 0.0, 1968.0272553880557], [0.0, 2855.8825480621545, 1452.810040656435], [0.0, 0.0, 1.0]]|[-0.12100428903752407, -0.054716493247621914, -0.0033433024221579243, -6.011803399688542e-06, 0.045781926585394796]
59|620|1|Grouper|0.36|0.3525296225708938|1.6128841638565063|2202.1215061036633|1415.5070146991952|1605.3914745667926|1249.0937004332136|[[2832.6628438838216, 0.0, 1968.0272553880557], [0.0, 2855.8825480621545, 1452.810040656435], [0.0, 0.0, 1.0]]|[-0.12100428903752407, -0.054716493247621914, -0.0033433024221579243, -6.011803399688542e-06, 0.045781926585394796]
59|621|1|Grouper|0.36|0.3511606306344865|1.5794833898544312|2221.3499338288952|1448.1134001428666|1611.8328301876631|1288.3656872929885|[[2832.6628438838216, 0.0, 1968.0272553880557], [0.0, 2855.8825480621545, 1452.810040656435], [0.0, 0.0, 1.0]]|[-0.12100428903752407, -0.054716493247621914, -0.0033433024221579243, -6.011803399688542e-06, 0.045781926585394796]
59|622|1|Grouper|0.36|0.35150461047572673|1.5982246398925781|2221.038184104106|1451.540301005222|1619.7737298351929|1287.0767885140192|[[2832.6628438838216, 0.0, 1968.0272553880557], [0.0, 2855.8825480621545, 1452.810040656435], [0.0, 0.0, 1.0]]|[-0.12100428903752407, -0.054716493247621914, -0.0033433024221579243, -6.011803399688542e-06, 0.045781926585394796]
59|623|1|Grouper|0.36|0.34570498301956565|1.4392658472061157|2243.3570675938226|1393.2449593158103|1586.6230200438254|1213.9266779544341|[[2832.6628438838216, 0.0, 1968.0272553880557], [0.0, 2855.8825480621545, 1452.810040656435], [0.0, 0.0, 1.0]]|[-0.12100428903752407, -0.054716493247621914, -0.0033433024221579243, -6.011803399688542e-06, 0.045781926585394796]
59|624|1|Grouper|0.36|0.3500939317353681|1.4445370435714722|2214.016995071125|1384.6952322503378|1554.9839951959823|1190.8169194963712|[[2832.6628438838216, 0.0, 1968.0272553880557], [0.0, 2855.8825480621545, 1452.810040656435], [0.0, 0.0, 1.0]]|[-0.12100428903752407, -0.054716493247621914, -0.0033433024221579243, -6.011803399688542e-06, 0.045781926585394796]
59|625|1|Grouper|0.36|0.34638284553169063|1.439164638519287|2245.310104225777|1384.6766696839984|1583.9192045299721|1217.8552573721333|[[2832.6628438838216, 0.0, 1968.0272553880557], [0.0, 2855.8825480621545, 1452.810040656435], [0.0, 0.0, 1.0]]|[-0.12100428903752407, -0.054716493247621914, -0.0033433024221579243, -6.011803399688542e-06, 0.045781926585394796]
59|626|1|Grouper|0.36|0.33675788876273927|1.4309660196304321|2243.6787146031083|1376.9182655878394|1597.6141637416085|1211.2758031863057|[[2832.6628438838216, 0.0, 1968.0272553880557], [0.0, 2855.8825480621545, 1452.810040656435], [0.0, 0.0, 1.0]]|[-0.12100428903752407, -0.054716493247621914, -0.0033433024221579243, -6.011803399688542e-06, 0.045781926585394796]
59|627|1|Grouper|0.36|0.32826025458927144|1.441017746925354|2259.171713448547|1379.4829627450617|1629.3403959677617|1238.008973505317|[[2832.6628438838216, 0.0, 1968.0272553880557], [0.0, 2855.8825480621545, 1452.810040656435], [0.0, 0.0, 1.0]]|[-0.12100428903752407, -0.054716493247621914, -0.0033433024221579243, -6.011803399688542e-06, 0.045781926585394796]
59|628|1|Grouper|0.36|0.3156905166791478|1.4473788738250732|2244.5839998237407|1351.049332836958|1633.4833362437787|1259.31447295024|[[2832.6628438838216, 0.0, 1968.0272553880557], [0.0, 2855.8825480621545, 1452.810040656435], [0.0, 0.0, 1.0]]|[-0.12100428903752407, -0.054716493247621914, -0.0033433024221579243, -6.011803399688542e-06, 0.045781926585394796]
59|629|1|Grouper|0.36|0.3605327047051573|2.1267237663269043|2154.1888477544608|1448.7212496414459|1680.8917057826259|1366.886993234751|[[2832.6628438838216, 0.0, 1968.0272553880557], [0.0, 2855.8825480621545, 1452.810040656435], [0.0, 0.0, 1.0]]|[-0.12100428903752407, -0.054716493247621914, -0.0033433024221579243, -6.011803399688542e-06, 0.045781926585394796]
59|630|1|Grouper|0.36|0.3610486152104037|2.1281747817993164|2123.5180313938845|1432.5149967923726|1644.0497815618726|1399.7812942296948|[[2832.6628438838216, 0.0, 1968.0272553880557], [0.0, 2855.8825480621545, 1452.810040656435], [0.0, 0.0, 1.0]]|[-0.12100428903752407, -0.054716493247621914, -0.0033433024221579243, -6.011803399688542e-06, 0.045781926585394796]
59|631|1|Grouper|0.36|0.35988305338400556|2.138327121734619|2143.647239930065|1408.1075760160466|1667.1840513169218|1391.7138938309674|[[2832.6628438838216, 0.0, 1968.0272553880557], [0.0, 2855.8825480621545, 1452.810040656435], [0.0, 0.0, 1.0]]|[-0.12100428903752407, -0.054716493247621914, -0.0033433024221579243, -6.011803399688542e-06, 0.045781926585394796]
59|632|1|Grouper|0.36|0.3646481284087374|2.184995412826538|2083.3310518281123|1569.6494306053062|1763.2461511731901|1218.911832281773|[[2832.6628438838216, 0.0, 1968.0272553880557], [0.0, 2855.8825480621545, 1452.810040656435], [0.0, 0.0, 1.0]]|[-0.12100428903752407, -0.054716493247621914, -0.0033433024221579243, -6.011803399688542e-06, 0.045781926585394796]
59|633|1|Grouper|0.36|0.360155511668187|2.1429431438446045|2151.505801055816|1507.127564860977|1707.454344160472|1334.0682357386222|[[2832.6628438838216, 0.0, 1968.0272553880557], [0.0, 2855.8825480621545, 1452.810040656435], [0.0, 0.0, 1.0]]|[-0.12100428903752407, -0.054716493247621914, -0.0033433024221579243, -6.011803399688542e-06, 0.045781926585394796]
59|634|1|Grouper|0.36|0.36015730671215757|2.1308436393737793|2109.140241061543|1457.1797237300636|1653.2831865206424|1309.6097531606135|[[2832.6628438838216, 0.0, 1968.0272553880557], [0.0, 2855.8825480621545, 1452.810040656435], [0.0, 0.0, 1.0]]|[-0.12100428903752407, -0.054716493247621914, -0.0033433024221579243, -6.011803399688542e-06, 0.045781926585394796]
59|635|1|Grouper|0.36|0.36212499141407384|2.1934056282043457|2099.62549824146|1581.3840942717966|1780.8207000039693|1236.4191648879032|[[2832.6628438838216, 0.0, 1968.0272553880557], [0.0, 2855.8825480621545, 1452.810040656435], [0.0, 0.0, 1.0]]|[-0.12100428903752407, -0.054716493247621914, -0.0033433024221579243, -6.011803399688542e-06, 0.045781926585394796]
59|636|1|Grouper|0.36|0.3567566773687199|2.1477909088134766|2161.6037351165833|1554.6758884264166|1747.7923165903308|1328.906980597991|[[2832.6628438838216, 0.0, 1968.0272553880557], [0.0, 2855.8825480621545, 1452.810040656435], [0.0, 0.0, 1.0]]|[-0.12100428903752407, -0.054716493247621914, -0.0033433024221579243, -6.011803399688542e-06, 0.045781926585394796]
59|637|1|Grouper|0.36|0.35836668565833874|2.1707985401153564|2124.008319321022|1588.5014409359562|1777.9865206388138|1271.3639150568622|[[2832.6628438838216, 0.0, 1968.0272553880557], [0.0, 2855.8825480621545, 1452.810040656435], [0.0, 0.0, 1.0]]|[-0.12100428903752407, -0.054716493247621914, -0.0033433024221579243, -6.011803399688542e-06, 0.045781926585394796]
59|638|1|Grouper|0.36|0.3256727101317345|2.13260817527771|2161.651254506488|1436.427713927351|1734.5086331480288|1367.504488400296|[[2832.6628438838216, 0.0, 1968.0272553880557], [0.0, 2855.8825480621545, 1452.810040656435], [0.0, 0.0, 1.0]]|[-0.12100428903752407, -0.054716493247621914, -0.0033433024221579243, -6.011803399688542e-06, 0.045781926585394796]
59|639|1|Grouper|0.36|0.34462055414439396|2.2544620037078857|2140.7448854144936|1424.590867951479|1709.9747258703999|1380.293045876904|[[2832.6628438838216, 0.0, 1968.0272553880557], [0.0, 2855.8825480621545, 1452.810040656435], [0.0, 0.0, 1.0]]|[-0.12100428903752407, -0.054716493247621914, -0.0033433024221579243, -6.011803399688542e-06, 0.045781926585394796]
59|640|1|Grouper|0.36|0.33574176200143657|2.1515986919403076|2118.4313753552337|1435.426626504522|1677.1971633525795|1408.917693609501|[[2832.6628438838216, 0.0, 1968.0272553880557], [0.0, 2855.8825480621545, 1452.810040656435], [0.0, 0.0, 1.0]]|[-0.12100428903752407, -0.054716493247621914, -0.0033433024221579243, -6.011803399688542e-06, 0.045781926585394796]
59|641|1|Grouper|0.36|0.3258595560454979|2.089184045791626|2138.876376791919|1471.670686589001|1706.362208504732|1380.7139229107404|[[2832.6628438838216, 0.0, 1968.0272553880557], [0.0, 2855.8825480621545, 1452.810040656435], [0.0, 0.0, 1.0]]|[-0.12100428903752407, -0.054716493247621914, -0.0033433024221579243, -6.011803399688542e-06, 0.045781926585394796]
59|642|1|Grouper|0.36|0.3240076027881237|2.0717809200286865|2096.9849541091203|1508.507915200369|1674.3314112553835|1374.6971003777771|[[2832.6628438838216, 0.0, 1968.0272553880557], [0.0, 2855.8825480621545, 1452.810040656435], [0.0, 0.0, 1.0]]|[-0.12100428903752407, -0.054716493247621914, -0.0033433024221579243, -6.011803399688542e-06, 0.045781926585394796]
59|644|1|Snook|0.455|0.4350152591909786|0.9681005477905273|2460.4380931115325|1473.835882549961|1314.2954114100703|915.6579211789664|[[2832.6628438838216, 0.0, 1968.0272553880557], [0.0, 2855.8825480621545, 1452.810040656435], [0.0, 0.0, 1.0]]|[-0.12100428903752407, -0.054716493247621914, -0.0033433024221579243, -6.011803399688542e-06, 0.045781926585394796]
59|645|1|Snook|0.455|0.44268089881762956|0.9753754138946533|2488.4194907048172|1447.6371574318387|1287.0695320773211|986.0782675371721|[[2832.6628438838216, 0.0, 1968.0272553880557], [0.0, 2855.8825480621545, 1452.810040656435], [0.0, 0.0, 1.0]]|[-0.12100428903752407, -0.054716493247621914, -0.0033433024221579243, -6.011803399688542e-06, 0.045781926585394796]
59|646|1|Snook|0.455|0.44398968611485623|0.972173273563385|2432.7872141256084|1498.339495802761|1291.7405434115528|883.7529075471043|[[2832.6628438838216, 0.0, 1968.0272553880557], [0.0, 2855.8825480621545, 1452.810040656435], [0.0, 0.0, 1.0]]|[-0.12100428903752407, -0.054716493247621914, -0.0033433024221579243, -6.011803399688542e-06, 0.045781926585394796]
59|647|1|Snook|0.455|0.41952960589409705|0.8932755589485168|2556.1857024983933|1219.270132843771|1237.3533853063925|1043.017121249256|[[2832.6628438838216, 0.0, 1968.0272553880557], [0.0, 2855.8825480621545, 1452.810040656435], [0.0, 0.0, 1.0]]|[-0.12100428903752407, -0.054716493247621914, -0.0033433024221579243, -6.011803399688542e-06, 0.045781926585394796]
59|648|1|Snook|0.455|0.42892189620605653|0.9130697846412659|2513.129543981666|1337.1658489310853|1222.6509721331304|1009.9483013186601|[[2832.6628438838216, 0.0, 1968.0272553880557], [0.0, 2855.8825480621545, 1452.810040656435], [0.0, 0.0, 1.0]]|[-0.12100428903752407, -0.054716493247621914, -0.0033433024221579243, -6.011803399688542e-06, 0.045781926585394796]
59|649|1|Snook|0.455|0.43580405064174205|0.932100236415863|2591.2278664731493|1291.8387853075808|1293.7814000223284|1023.7579546723232|[[2832.6628438838216, 0.0, 1968.0272553880557], [0.0, 2855.8825480621545, 1452.810040656435], [0.0, 0.0, 1.0]]|[-0.12100428903752407, -0.054716493247621914, -0.0033433024221579243, -6.011803399688542e-06, 0.045781926585394796]
59|650|1|Snook|0.455|0.41572529840741695|0.8896326422691345|2557.0846694892693|1286.197232933417|1238.0990888089248|1173.6252007454416|[[2832.6628438838216, 0.0, 1968.0272553880557], [0.0, 2855.8825480621545, 1452.810040656435], [0.0, 0.0, 1.0]]|[-0.12100428903752407, -0.054716493247621914, -0.0033433024221579243, -6.011803399688542e-06, 0.045781926585394796]
59|651|1|Snook|0.455|0.4524510648380065|2.25532865524292|2192.141471171255|1437.41531645993|1631.9122010821438|1341.3606810710885|[[2832.6628438838216, 0.0, 1968.0272553880557], [0.0, 2855.8825480621545, 1452.810040656435], [0.0, 0.0, 1.0]]|[-0.12100428903752407, -0.054716493247621914, -0.0033433024221579243, -6.011803399688542e-06, 0.045781926585394796]
59|652|1|Snook|0.455|0.45477834405042733|2.2660634517669678|2201.726519724791|1420.2398973944812|1641.5509114431597|1322.5754077812453|[[2832.6628438838216, 0.0, 1968.0272553880557], [0.0, 2855.8825480621545, 1452.810040656435], [0.0, 0.0, 1.0]]|[-0.12100428903752407, -0.054716493247621914, -0.0033433024221579243, -6.011803399688542e-06, 0.045781926585394796]
59|653|1|Snook|0.455|0.45073481658652703|2.2427353858947754|2207.8417150985465|1455.9795501536087|1649.971345762505|1341.5673440417654|[[2832.6628438838216, 0.0, 1968.0272553880557], [0.0, 2855.8825480621545, 1452.810040656435], [0.0, 0.0, 1.0]]|[-0.12100428903752407, -0.054716493247621914, -0.0033433024221579243, -6.011803399688542e-06, 0.045781926585394796]
59|654|1|Snook|0.455|0.45558647543197994|2.2782793045043945|2196.679493120774|1413.2492499286745|1638.4254678232928|1316.4732712254192|[[2832.6628438838216, 0.0, 1968.0272553880557], [0.0, 2855.8825480621545, 1452.810040656435], [0.0, 0.0, 1.0]]|[-0.12100428903752407, -0.054716493247621914, -0.0033433024221579243, -6.011803399688542e-06, 0.045781926585394796]
59|655|1|Snook|0.455|0.44441404301588844|2.2205259799957275|2141.9089995777827|1533.2042018947843|1671.5800576537606|1214.0710367537558|[[2832.6628438838216, 0.0, 1968.0272553880557], [0.0, 2855.8825480621545, 1452.810040656435], [0.0, 0.0, 1.0]]|[-0.12100428903752407, -0.054716493247621914, -0.0033433024221579243, -6.011803399688542e-06, 0.045781926585394796]
59|656|1|Snook|0.455|0.4373319439364938|2.1917777061462402|2132.260597985787|1540.6091875780962|1702.5483089507263|1170.435348228616|[[2832.6628438838216, 0.0, 1968.0272553880557], [0.0, 2855.8825480621545, 1452.810040656435], [0.0, 0.0, 1.0]]|[-0.12100428903752407, -0.054716493247621914, -0.0033433024221579243, -6.011803399688542e-06, 0.045781926585394796]
59|657|1|Snook|0.455|0.4432071543041697|2.22304105758667|2122.2356236768396|1544.3593133726272|1702.35986225582|1163.5812949179374|[[2832.6628438838216, 0.0, 1968.0272553880557], [0.0, 2855.8825480621545, 1452.810040656435], [0.0, 0.0, 1.0]]|[-0.12100428903752407, -0.054716493247621914, -0.0033433024221579243, -6.011803399688542e-06, 0.045781926585394796]
59|658|1|Snook|0.455|0.44206642543296004|2.225972890853882|2115.2004374806634|1539.6077809836256|1679.9054327563626|1180.3403284543226|[[2832.6628438838216, 0.0, 1968.0272553880557], [0.0, 2855.8825480621545, 1452.810040656435], [0.0, 0.0, 1.0]]|[-0.12100428903752407, -0.054716493247621914, -0.0033433024221579243, -6.011803399688542e-06, 0.045781926585394796]
59|659|1|Snook|0.455|0.4414621131026961|2.210994005203247|2135.97425556074|1547.5285919908956|1684.3647753124308|1204.2387287763138|[[2832.6628438838216, 0.0, 1968.0272553880557], [0.0, 2855.8825480621545, 1452.810040656435], [0.0, 0.0, 1.0]]|[-0.12100428903752407, -0.054716493247621914, -0.0033433024221579243, -6.011803399688542e-06, 0.045781926585394796]
59|660|1|Snook|0.455|0.44382767600702705|2.2288622856140137|2107.8120056601033|1563.56639754255|1697.6461833790297|1173.1859396015652|[[2832.6628438838216, 0.0, 1968.0272553880557], [0.0, 2855.8825480621545, 1452.810040656435], [0.0, 0.0, 1.0]]|[-0.12100428903752407, -0.054716493247621914, -0.0033433024221579243, -6.011803399688542e-06, 0.045781926585394796]
59|661|1|Snook|0.455|0.44662451956722665|2.255138635635376|2088.166930077577|1560.0617562560512|1692.0088931094135|1159.5882722620913|[[2832.6628438838216, 0.0, 1968.0272553880557], [0.0, 2855.8825480621545, 1452.810040656435], [0.0, 0.0, 1.0]]|[-0.12100428903752407, -0.054716493247621914, -0.0033433024221579243, -6.011803399688542e-06, 0.045781926585394796]
59|662|1|Snook|0.455|0.40873827738207447|2.185542583465576|2152.9596951489398|1540.2968766804986|1721.8014761317318|1229.9577190362443|[[2832.6628438838216, 0.0, 1968.0272553880557], [0.0, 2855.8825480621545, 1452.810040656435], [0.0, 0.0, 1.0]]|[-0.12100428903752407, -0.054716493247621914, -0.0033433024221579243, -6.011803399688542e-06, 0.045781926585394796]
59|663|1|Snook|0.455|0.4295881090723905|2.2477269172668457|2154.349409278887|1542.3973286142154|1721.8042380057182|1214.1538298466337|[[2832.6628438838216, 0.0, 1968.0272553880557], [0.0, 2855.8825480621545, 1452.810040656435], [0.0, 0.0, 1.0]]|[-0.12100428903752407, -0.054716493247621914, -0.0033433024221579243, -6.011803399688542e-06, 0.045781926585394796]
59|664|1|Snook|0.455|0.43937793570400613|2.278963804244995|2167.0813476688363|1547.6989314829632|1739.2717028902625|1205.451215660104|[[2832.6628438838216, 0.0, 1968.0272553880557], [0.0, 2855.8825480621545, 1452.810040656435], [0.0, 0.0, 1.0]]|[-0.12100428903752407, -0.054716493247621914, -0.0033433024221579243, -6.011803399688542e-06, 0.045781926585394796]
59|665|1|Snook|0.455|0.41626060249041436|2.273832321166992|2167.6200966115343|1538.9066539277326|1738.9165756409814|1244.7597125318787|[[2832.6628438838216, 0.0, 1968.0272553880557], [0.0, 2855.8825480621545, 1452.810040656435], [0.0, 0.0, 1.0]]|[-0.12100428903752407, -0.054716493247621914, -0.0033433024221579243, -6.011803399688542e-06, 0.045781926585394796]
59|666|1|Snook|0.455|0.41014378343426056|2.2638092041015625|2168.261610847749|1545.4351429736062|1742.0164253073408|1257.26938373502|[[2832.6628438838216, 0.0, 1968.0272553880557], [0.0, 2855.8825480621545, 1452.810040656435], [0.0, 0.0, 1.0]]|[-0.12100428903752407, -0.054716493247621914, -0.0033433024221579243, -6.011803399688542e-06, 0.045781926585394796]
59|667|1|Purple Angel|0.192|0.19018057218046486|1.2439992427825928|1702.317730517908|1268.9963937214434|2118.214927025683|1390.6684458912712|[[2832.6628438838216, 0.0, 1968.0272553880557], [0.0, 2855.8825480621545, 1452.810040656435], [0.0, 0.0, 1.0]]|[-0.12100428903752407, -0.054716493247621914, -0.0033433024221579243, -6.011803399688542e-06, 0.045781926585394796]
59|668|1|Purple Angel|0.192|0.18990567558187227|1.2431910037994385|1689.9338089233643|1270.0609990445325|2104.6704034762242|1394.48197741039|[[2832.6628438838216, 0.0, 1968.0272553880557], [0.0, 2855.8825480621545, 1452.810040656435], [0.0, 0.0, 1.0]]|[-0.12100428903752407, -0.054716493247621914, -0.0033433024221579243, -6.011803399688542e-06, 0.045781926585394796]
59|669|1|Purple Angel|0.192|0.19101620428006647|1.2441617250442505|1681.8739205660895|1241.1059119211395|2097.9918854432062|1368.5654687303465|[[2832.6628438838216, 0.0, 1968.0272553880557], [0.0, 2855.8825480621545, 1452.810040656435], [0.0, 0.0, 1.0]]|[-0.12100428903752407, -0.054716493247621914, -0.0033433024221579243, -6.011803399688542e-06, 0.045781926585394796]
59|670|1|Purple Angel|0.192|0.1908474947907275|1.2424360513687134|1697.3903027365452|1209.4271182066984|2115.2274711930418|1331.8303378005492|[[2832.6628438838216, 0.0, 1968.0272553880557], [0.0, 2855.8825480621545, 1452.810040656435], [0.0, 0.0, 1.0]]|[-0.12100428903752407, -0.054716493247621914, -0.0033433024221579243, -6.011803399688542e-06, 0.045781926585394796]
59|671|1|Purple Angel|0.192|0.19053166481792572|1.180629014968872|1664.8702205391091|1266.8416961980881|2106.0908854811732|1387.4078081299315|[[2832.6628438838216, 0.0, 1968.0272553880557], [0.0, 2855.8825480621545, 1452.810040656435], [0.0, 0.0, 1.0]]|[-0.12100428903752407, -0.054716493247621914, -0.0033433024221579243, -6.011803399688542e-06, 0.045781926585394796]
59|672|1|Purple Angel|0.192|0.19063704843453008|1.1543256044387817|1676.0417428264188|1242.4766576009963|2126.7424225906566|1368.8820706876784|[[2832.6628438838216, 0.0, 1968.0272553880557], [0.0, 2855.8825480621545, 1452.810040656435], [0.0, 0.0, 1.0]]|[-0.12100428903752407, -0.054716493247621914, -0.0033433024221579243, -6.011803399688542e-06, 0.045781926585394796]
59|673|1|Purple Angel|0.192|0.19032190675459626|1.1638033390045166|1662.2915321131313|1255.3107005142674|2108.4190963157275|1381.070939805946|[[2832.6628438838216, 0.0, 1968.0272553880557], [0.0, 2855.8825480621545, 1452.810040656435], [0.0, 0.0, 1.0]]|[-0.12100428903752407, -0.054716493247621914, -0.0033433024221579243, -6.011803399688542e-06, 0.045781926585394796]
59|674|1|Purple Angel|0.192|0.1979962742064311|1.1866589784622192|1670.7779311795173|1239.3578221101723|2123.783212379218|1375.2594064700822|[[2832.6628438838216, 0.0, 1968.0272553880557], [0.0, 2855.8825480621545, 1452.810040656435], [0.0, 0.0, 1.0]]|[-0.12100428903752407, -0.054716493247621914, -0.0033433024221579243, -6.011803399688542e-06, 0.045781926585394796]
59|675|1|Purple Angel|0.192|0.18977131273780204|1.1212607622146606|1670.7701241788122|1213.5485189434094|2129.8617090712078|1352.815630823877|[[2832.6628438838216, 0.0, 1968.0272553880557], [0.0, 2855.8825480621545, 1452.810040656435], [0.0, 0.0, 1.0]]|[-0.12100428903752407, -0.054716493247621914, -0.0033433024221579243, -6.011803399688542e-06, 0.045781926585394796]
59|676|1|Purple Angel|0.192|0.19075465477700762|1.1010303497314453|1689.211211196518|1225.6182293693182|2161.7853799463383|1359.0694065910277|[[2832.6628438838216, 0.0, 1968.0272553880557], [0.0, 2855.8825480621545, 1452.810040656435], [0.0, 0.0, 1.0]]|[-0.12100428903752407, -0.054716493247621914, -0.0033433024221579243, -6.011803399688542e-06, 0.045781926585394796]
59|677|1|Purple Angel|0.192|0.1918483512043884|1.1249971389770508|1671.595586467201|1227.8694190494916|2134.593162128269|1366.768691747812|[[2832.6628438838216, 0.0, 1968.0272553880557], [0.0, 2855.8825480621545, 1452.810040656435], [0.0, 0.0, 1.0]]|[-0.12100428903752407, -0.054716493247621914, -0.0033433024221579243, -6.011803399688542e-06, 0.045781926585394796]
59|678|1|Purple Angel|0.192|0.19282083663882812|2.0707266330718994|1813.575419633212|1343.5816331051144|2071.1930944377955|1400.6847048469085|[[2832.6628438838216, 0.0, 1968.0272553880557], [0.0, 2855.8825480621545, 1452.810040656435], [0.0, 0.0, 1.0]]|[-0.12100428903752407, -0.054716493247621914, -0.0033433024221579243, -6.011803399688542e-06, 0.045781926585394796]
59|679|1|Purple Angel|0.192|0.1973078542760444|2.072347402572632|1816.9011997674293|1353.3733282375103|2081.6195667562088|1405.379945468934|[[2832.6628438838216, 0.0, 1968.0272553880557], [0.0, 2855.8825480621545, 1452.810040656435], [0.0, 0.0, 1.0]]|[-0.12100428903752407, -0.054716493247621914, -0.0033433024221579243, -6.011803399688542e-06, 0.045781926585394796]
59|680|1|Purple Angel|0.192|0.19216339454161818|1.9071383476257324|1782.6096015904277|1356.3920364346839|2063.250819674065|1408.8250042261107|[[2832.6628438838216, 0.0, 1968.0272553880557], [0.0, 2855.8825480621545, 1452.810040656435], [0.0, 0.0, 1.0]]|[-0.12100428903752407, -0.054716493247621914, -0.0033433024221579243, -6.011803399688542e-06, 0.045781926585394796]
59|681|1|Purple Angel|0.192|0.19163094934562935|2.301151752471924|1778.7445669203862|1373.4067278540224|2010.313386981607|1418.7350926319639|[[2832.6628438838216, 0.0, 1968.0272553880557], [0.0, 2855.8825480621545, 1452.810040656435], [0.0, 0.0, 1.0]]|[-0.12100428903752407, -0.054716493247621914, -0.0033433024221579243, -6.011803399688542e-06, 0.045781926585394796]
59|682|1|Purple Angel|0.192|0.1910902344185472|2.273580312728882|1744.124033089397|1319.7882371723608|1977.4871298464227|1367.3313644887135|[[2832.6628438838216, 0.0, 1968.0272553880557], [0.0, 2855.8825480621545, 1452.810040656435], [0.0, 0.0, 1.0]]|[-0.12100428903752407, -0.054716493247621914, -0.0033433024221579243, -6.011803399688542e-06, 0.045781926585394796]
59|683|1|Purple Angel|0.192|0.1942294315515249|2.3318886756896973|1779.9825740763783|1371.826378424661|2011.5472986483653|1417.4255964482543|[[2832.6628438838216, 0.0, 1968.0272553880557], [0.0, 2855.8825480621545, 1452.810040656435], [0.0, 0.0, 1.0]]|[-0.12100428903752407, -0.054716493247621914, -0.0033433024221579243, -6.011803399688542e-06, 0.045781926585394796]
59|684|1|Purple Angel|0.192|0.18792744512911816|2.2037127017974854|1757.2659038151278|1311.1750981444989|1993.282649091923|1363.0627490145116|[[2832.6628438838216, 0.0, 1968.0272553880557], [0.0, 2855.8825480621545, 1452.810040656435], [0.0, 0.0, 1.0]]|[-0.12100428903752407, -0.054716493247621914, -0.0033433024221579243, -6.011803399688542e-06, 0.045781926585394796]
58|685|2|Grouper|0.36|0.3654926036114996|1.2653939723968506|2439.0190549303757|1376.5044305903148|1621.417292115686|1267.4515638846785|[[2855.292793016781, 0.0, 2031.7894533541553], [0.0, 2881.0734769839373, 1447.6913944790074], [0.0, 0.0, 1.0]]|[-0.11559555406536047, -0.08204727579183725, -0.0014575310792852196, -9.091755738331913e-05, 0.09918960513471031]
58|686|2|Grouper|0.36|0.36459743720754245|1.2636668682098389|2470.161128812016|1340.801642033304|1647.289459898146|1300.9531350641096|[[2855.292793016781, 0.0, 2031.7894533541553], [0.0, 2881.0734769839373, 1447.6913944790074], [0.0, 0.0, 1.0]]|[-0.11559555406536047, -0.08204727579183725, -0.0014575310792852196, -9.091755738331913e-05, 0.09918960513471031]
58|687|2|Grouper|0.36|0.3632356320534927|1.528298020362854|2255.181450918097|1552.4417602086482|1772.7188722287121|1070.8860660656721|[[2855.292793016781, 0.0, 2031.7894533541553], [0.0, 2881.0734769839373, 1447.6913944790074], [0.0, 0.0, 1.0]]|[-0.11559555406536047, -0.08204727579183725, -0.0014575310792852196, -9.091755738331913e-05, 0.09918960513471031]
58|688|2|Grouper|0.36|0.3617095488178243|1.4831700325012207|2284.527312991739|1506.9734883130745|1708.6102817949459|1112.025268352121|[[2855.292793016781, 0.0, 2031.7894533541553], [0.0, 2881.0734769839373, 1447.6913944790074], [0.0, 0.0, 1.0]]|[-0.11559555406536047, -0.08204727579183725, -0.0014575310792852196, -9.091755738331913e-05, 0.09918960513471031]
58|689|2|Grouper|0.36|0.36575497011242525|1.5735011100769043|2238.3513442180874|1602.8011701640755|1809.3949537668113|1091.7717282628184|[[2855.292793016781, 0.0, 2031.7894533541553], [0.0, 2881.0734769839373, 1447.6913944790074], [0.0, 0.0, 1.0]]|[-0.11559555406536047, -0.08204727579183725, -0.0014575310792852196, -9.091755738331913e-05, 0.09918960513471031]
58|690|2|Grouper|0.36|0.3685983771388443|1.86250901222229|2270.4878402833565|1513.3581582916634|1718.5761503536144|1391.0092372377194|[[2855.292793016781, 0.0, 2031.7894533541553], [0.0, 2881.0734769839373, 1447.6913944790074], [0.0, 0.0, 1.0]]|[-0.11559555406536047, -0.08204727579183725, -0.0014575310792852196, -9.091755738331913e-05, 0.09918960513471031]
58|691|2|Grouper|0.36|0.36385661530726077|1.8602747917175293|2299.1347166174596|1467.861182190848|1745.0819792430923|1397.08515773659|[[2855.292793016781, 0.0, 2031.7894533541553], [0.0, 2881.0734769839373, 1447.6913944790074], [0.0, 0.0, 1.0]]|[-0.11559555406536047, -0.08204727579183725, -0.0014575310792852196, -9.091755738331913e-05, 0.09918960513471031]
58|692|2|Grouper|0.36|0.3562232414718988|1.8587162494659424|2294.7572821900694|1438.7224111502053|1748.8127852520809|1401.0867024742472|[[2855.292793016781, 0.0, 2031.7894533541553], [0.0, 2881.0734769839373, 1447.6913944790074], [0.0, 0.0, 1.0]]|[-0.11559555406536047, -0.08204727579183725, -0.0014575310792852196, -9.091755738331913e-05, 0.09918960513471031]
58|693|2|Grouper|0.36|0.35097160732954735|1.8752206563949585|2301.3133993065835|1421.1946945001255|1766.9491204227368|1414.56746127637|[[2855.292793016781, 0.0, 2031.7894533541553], [0.0, 2881.0734769839373, 1447.6913944790074], [0.0, 0.0, 1.0]]|[-0.11559555406536047, -0.08204727579183725, -0.0014575310792852196, -9.091755738331913e-05, 0.09918960513471031]
58|694|2|Shark|0.605|0.6245815936599836|1.3912490606307983|2743.2919329644856|1403.8701696578107|1462.3175111623125|1356.2587309713583|[[2855.292793016781, 0.0, 2031.7894533541553], [0.0, 2881.0734769839373, 1447.6913944790074], [0.0, 0.0, 1.0]]|[-0.11559555406536047, -0.08204727579183725, -0.0014575310792852196, -9.091755738331913e-05, 0.09918960513471031]
58|695|2|Shark|0.605|0.6305193868932951|1.3824542760849|2755.6484003453706|1408.248841770642|1454.4413843128216|1355.372938292288|[[2855.292793016781, 0.0, 2031.7894533541553], [0.0, 2881.0734769839373, 1447.6913944790074], [0.0, 0.0, 1.0]]|[-0.11559555406536047, -0.08204727579183725, -0.0014575310792852196, -9.091755738331913e-05, 0.09918960513471031]
58|696|2|Shark|0.605|0.624521214385951|1.4854989051818848|2700.4749106469303|1421.732468611371|1500.3581680724901|1395.4880150075564|[[2855.292793016781, 0.0, 2031.7894533541553], [0.0, 2881.0734769839373, 1447.6913944790074], [0.0, 0.0, 1.0]]|[-0.11559555406536047, -0.08204727579183725, -0.0014575310792852196, -9.091755738331913e-05, 0.09918960513471031]
58|697|2|Shark|0.605|0.6300027818040079|1.5048789978027344|2726.907423009107|1410.7050719085764|1532.5254500828635|1362.4209824653644|[[2855.292793016781, 0.0, 2031.7894533541553], [0.0, 2881.0734769839373, 1447.6913944790074], [0.0, 0.0, 1.0]]|[-0.11559555406536047, -0.08204727579183725, -0.0014575310792852196, -9.091755738331913e-05, 0.09918960513471031]
58|698|2|Shark|0.605|0.6292986162802392|2.199448347091675|2536.0402436187646|1522.2760104999322|1721.936962342721|1453.5620660220482|[[2855.292793016781, 0.0, 2031.7894533541553], [0.0, 2881.0734769839373, 1447.6913944790074], [0.0, 0.0, 1.0]]|[-0.11559555406536047, -0.08204727579183725, -0.0014575310792852196, -9.091755738331913e-05, 0.09918960513471031]
58|699|2|Shark|0.605|0.6272098189822727|2.3377816677093506|2516.3062865668853|1527.2158165538501|1752.430457091934|1468.9659245345274|[[2855.292793016781, 0.0, 2031.7894533541553], [0.0, 2881.0734769839373, 1447.6913944790074], [0.0, 0.0, 1.0]]|[-0.11559555406536047, -0.08204727579183725, -0.0014575310792852196, -9.091755738331913e-05, 0.09918960513471031]
58|700|2|Shark|0.605|0.6262355393709188|2.272308588027954|2527.5481851215845|1543.4528594157905|1743.5491778417081|1475.302363916445|[[2855.292793016781, 0.0, 2031.7894533541553], [0.0, 2881.0734769839373, 1447.6913944790074], [0.0, 0.0, 1.0]]|[-0.11559555406536047, -0.08204727579183725, -0.0014575310792852196, -9.091755738331913e-05, 0.09918960513471031]
58|701|2|Shark|0.605|0.6343356022929032|2.695801019668579|2454.4117168825765|1488.5528835889938|1782.5658872354823|1483.4550118784127|[[2855.292793016781, 0.0, 2031.7894533541553], [0.0, 2881.0734769839373, 1447.6913944790074], [0.0, 0.0, 1.0]]|[-0.11559555406536047, -0.08204727579183725, -0.0014575310792852196, -9.091755738331913e-05, 0.09918960513471031]
58|702|2|Shark|0.605|0.6362258683327812|2.6695621013641357|2466.3261201507435|1490.4073431344905|1786.4310193816784|1461.698276132797|[[2855.292793016781, 0.0, 2031.7894533541553], [0.0, 2881.0734769839373, 1447.6913944790074], [0.0, 0.0, 1.0]]|[-0.11559555406536047, -0.08204727579183725, -0.0014575310792852196, -9.091755738331913e-05, 0.09918960513471031]
58|703|2|Shark|0.605|0.6164688165141263|2.6261775493621826|2443.5535979076963|1461.2176521911979|1773.3186107314204|1456.52248590625|[[2855.292793016781, 0.0, 2031.7894533541553], [0.0, 2881.0734769839373, 1447.6913944790074], [0.0, 0.0, 1.0]]|[-0.11559555406536047, -0.08204727579183725, -0.0014575310792852196, -9.091755738331913e-05, 0.09918960513471031]
58|704|2|Shark|0.605|0.634169546764895|2.6705751419067383|2458.682199219847|1478.260615361102|1781.2018797873734|1450.6247845090047|[[2855.292793016781, 0.0, 2031.7894533541553], [0.0, 2881.0734769839373, 1447.6913944790074], [0.0, 0.0, 1.0]]|[-0.11559555406536047, -0.08204727579183725, -0.0014575310792852196, -9.091755738331913e-05, 0.09918960513471031]
58|705|2|Shark|0.605|0.628340440032473|2.715808391571045|2487.5120329155325|1490.0441057018577|1826.9002550355103|1489.4090547257656|[[2855.292793016781, 0.0, 2031.7894533541553], [0.0, 2881.0734769839373, 1447.6913944790074], [0.0, 0.0, 1.0]]|[-0.11559555406536047, -0.08204727579183725, -0.0014575310792852196, -9.091755738331913e-05, 0.09918960513471031]
58|706|2|Purple Angel|0.192|0.17451631800842005|1.4083747863769531|1826.9999778946888|1375.9896126382207|2180.68495099405|1385.4212119208705|[[2855.292793016781, 0.0, 2031.7894533541553], [0.0, 2881.0734769839373, 1447.6913944790074], [0.0, 0.0, 1.0]]|[-0.11559555406536047, -0.08204727579183725, -0.0014575310792852196, -9.091755738331913e-05, 0.09918960513471031]
58|707|2|Purple Angel|0.192|0.17466436005033073|1.4582663774490356|1855.7281872034232|1367.0207335111274|2197.505766208439|1379.2818125785718|[[2855.292793016781, 0.0, 2031.7894533541553], [0.0, 2881.0734769839373, 1447.6913944790074], [0.0, 0.0, 1.0]]|[-0.11559555406536047, -0.08204727579183725, -0.0014575310792852196, -9.091755738331913e-05, 0.09918960513471031]
58|708|2|Purple Angel|0.192|0.17082393577338706|1.4936301708221436|1865.2718452216081|1364.84966073171|2191.0526784314734|1387.5217743919252|[[2855.292793016781, 0.0, 2031.7894533541553], [0.0, 2881.0734769839373, 1447.6913944790074], [0.0, 0.0, 1.0]]|[-0.11559555406536047, -0.08204727579183725, -0.0014575310792852196, -9.091755738331913e-05, 0.09918960513471031]
61|788|6|Purple Angel|0.192|0.19172208027138296|1.6612091064453125|1900.3703310944213|1395.9087954787851|2226.077480532973|1380.7442925697026|[[2825.1480807147805, 0.0, 2061.852601572974], [0.0, 2850.606508156248, 1458.5627645450384], [0.0, 0.0, 1.0]]|[-0.09747574682920097, -0.13276029739730982, -0.0029275610442781445, 0.0005606131205602907, 0.13559718374741433]
61|789|6|Purple Angel|0.192|0.19088061581170543|1.65793776512146|1897.1040281833361|1396.8564841714945|2222.0855286532515|1383.2017992778003|[[2825.1480807147805, 0.0, 2061.852601572974], [0.0, 2850.606508156248, 1458.5627645450384], [0.0, 0.0, 1.0]]|[-0.09747574682920097, -0.13276029739730982, -0.0029275610442781445, 0.0005606131205602907, 0.13559718374741433]
61|790|6|Purple Angel|0.192|0.1911134995421567|1.673270344734192|1905.7808685693005|1395.8744766516784|2228.343539143762|1387.2525184759456|[[2825.1480807147805, 0.0, 2061.852601572974], [0.0, 2850.606508156248, 1458.5627645450384], [0.0, 0.0, 1.0]]|[-0.09747574682920097, -0.13276029739730982, -0.0029275610442781445, 0.0005606131205602907, 0.13559718374741433]
61|791|6|Purple Angel|0.192|0.187747307260415|1.649930715560913|1901.2760802823336|1372.5840551195508|2222.697609333537|1366.5841865772618|[[2825.1480807147805, 0.0, 2061.852601572974], [0.0, 2850.606508156248, 1458.5627645450384], [0.0, 0.0, 1.0]]|[-0.09747574682920097, -0.13276029739730982, -0.0029275610442781445, 0.0005606131205602907, 0.13559718374741433]
61|792|6|Purple Angel|0.192|0.19085715688350743|1.6722187995910645|1883.1761137674462|1397.459465406048|2205.4266772586234|1386.1455836369869|[[2825.1480807147805, 0.0, 2061.852601572974], [0.0, 2850.606508156248, 1458.5627645450384], [0.0, 0.0, 1.0]]|[-0.09747574682920097, -0.13276029739730982, -0.0029275610442781445, 0.0005606131205602907, 0.13559718374741433]
61|793|6|Purple Angel|0.192|0.19027577328908724|1.6690582036972046|1902.1561257696812|1378.65111229962|2223.9073179276033|1364.1459356039759|[[2825.1480807147805, 0.0, 2061.852601572974], [0.0, 2850.606508156248, 1458.5627645450384], [0.0, 0.0, 1.0]]|[-0.09747574682920097, -0.13276029739730982, -0.0029275610442781445, 0.0005606131205602907, 0.13559718374741433]
61|794|6|Purple Angel|0.192|0.19102680377509504|1.6732137203216553|1892.2448011036063|1391.5752344934672|2214.6553194749663|1382.34466750533|[[2825.1480807147805, 0.0, 2061.852601572974], [0.0, 2850.606508156248, 1458.5627645450384], [0.0, 0.0, 1.0]]|[-0.09747574682920097, -0.13276029739730982, -0.0029275610442781445, 0.0005606131205602907, 0.13559718374741433]
61|795|6|Purple Angel|0.192|0.1922414645469892|1.6782548427581787|1883.965622056602|1366.2406930432219|2207.542640651737|1361.16895293985|[[2825.1480807147805, 0.0, 2061.852601572974], [0.0, 2850.606508156248, 1458.5627645450384], [0.0, 0.0, 1.0]]|[-0.09747574682920097, -0.13276029739730982, -0.0029275610442781445, 0.0005606131205602907, 0.13559718374741433]
61|796|6|Purple Angel|0.192|0.18983921810351098|1.674118995666504|1906.5355826173538|1396.3542700327184|2226.445342983898|1379.1883804520749|[[2825.1480807147805, 0.0, 2061.852601572974], [0.0, 2850.606508156248, 1458.5627645450384], [0.0, 0.0, 1.0]]|[-0.09747574682920097, -0.13276029739730982, -0.0029275610442781445, 0.0005606131205602907, 0.13559718374741433]
61|797|6|Purple Angel|0.192|0.18911309357580566|1.6765172481536865|1946.4085738509896|1366.7212539139168|2264.913852342753|1356.0705996968356|[[2825.1480807147805, 0.0, 2061.852601572974], [0.0, 2850.606508156248, 1458.5627645450384], [0.0, 0.0, 1.0]]|[-0.09747574682920097, -0.13276029739730982, -0.0029275610442781445, 0.0005606131205602907, 0.13559718374741433]
61|798|6|Purple Angel|0.192|0.1890722682291466|1.6760601997375488|1910.3863110465254|1376.098388343326|2228.3844155279517|1354.7970799091636|[[2825.1480807147805, 0.0, 2061.852601572974], [0.0, 2850.606508156248, 1458.5627645450384], [0.0, 0.0, 1.0]]|[-0.09747574682920097, -0.13276029739730982, -0.0029275610442781445, 0.0005606131205602907, 0.13559718374741433]
61|799|6|Purple Angel|0.192|0.19015232297153847|1.6858711242675781|1901.2819707952115|1375.1691702523613|2219.6311957453327|1361.1243515045614|[[2825.1480807147805, 0.0, 2061.852601572974], [0.0, 2850.606508156248, 1458.5627645450384], [0.0, 0.0, 1.0]]|[-0.09747574682920097, -0.13276029739730982, -0.0029275610442781445, 0.0005606131205602907, 0.13559718374741433]
61|800|6|Purple Angel|0.192|0.19135923609119104|2.342663288116455|1932.72311323885|1400.1904023847862|2162.5119533070138|1378.7330404089817|[[2825.1480807147805, 0.0, 2061.852601572974], [0.0, 2850.606508156248, 1458.5627645450384], [0.0, 0.0, 1.0]]|[-0.09747574682920097, -0.13276029739730982, -0.0029275610442781445, 0.0005606131205602907, 0.13559718374741433]
61|801|6|Purple Angel|0.192|0.19046149358659284|2.256357431411743|1923.4874745106097|1402.9482585994588|2161.0789916608837|1382.271164331865|[[2825.1480807147805, 0.0, 2061.852601572974], [0.0, 2850.606508156248, 1458.5627645450384], [0.0, 0.0, 1.0]]|[-0.09747574682920097, -0.13276029739730982, -0.0029275610442781445, 0.0005606131205602907, 0.13559718374741433]
61|802|6|Purple Angel|0.192|0.19421570889510742|2.2481272220611572|1920.8520131442647|1371.7802432795572|2164.295538106122|1354.2242198448082|[[2825.1480807147805, 0.0, 2061.852601572974], [0.0, 2850.606508156248, 1458.5627645450384], [0.0, 0.0, 1.0]]|[-0.09747574682920097, -0.13276029739730982, -0.0029275610442781445, 0.0005606131205602907, 0.13559718374741433]
61|803|6|Purple Angel|0.192|0.19032603222285982|2.4590635299682617|1931.2284731161562|1409.9244405323418|2149.3132975611534|1393.9289525140148|[[2825.1480807147805, 0.0, 2061.852601572974], [0.0, 2850.606508156248, 1458.5627645450384], [0.0, 0.0, 1.0]]|[-0.09747574682920097, -0.13276029739730982, -0.0029275610442781445, 0.0005606131205602907, 0.13559718374741433]
61|804|6|Purple Angel|0.192|0.1893299649540438|2.385788679122925|1919.7586651639583|1418.5867141206863|2143.3353738629025|1401.7809480976784|[[2825.1480807147805, 0.0, 2061.852601572974], [0.0, 2850.606508156248, 1458.5627645450384], [0.0, 0.0, 1.0]]|[-0.09747574682920097, -0.13276029739730982, -0.0029275610442781445, 0.0005606131205602907, 0.13559718374741433]
61|805|6|Grouper|0.36|0.3557567901687662|1.2369213104248047|2484.22822774335|1329.9106955256354|1671.6746023019098|1330.7678196031054|[[2825.1480807147805, 0.0, 2061.852601572974], [0.0, 2850.606508156248, 1458.5627645450384], [0.0, 0.0, 1.0]]|[-0.09747574682920097, -0.13276029739730982, -0.0029275610442781445, 0.0005606131205602907, 0.13559718374741433]
61|806|6|Grouper|0.36|0.3514175982216453|1.2683755159378052|2461.9942903122924|1374.6355216002894|1679.4400075822973|1391.7780031496868|[[2825.1480807147805, 0.0, 2061.852601572974], [0.0, 2850.606508156248, 1458.5627645450384], [0.0, 0.0, 1.0]]|[-0.09747574682920097, -0.13276029739730982, -0.0029275610442781445, 0.0005606131205602907, 0.13559718374741433]
61|807|6|Grouper|0.36|0.35211919633736133|1.2893716096878052|2420.690938862599|1343.333315017137|1649.938595353151|1378.2776043293704|[[2825.1480807147805, 0.0, 2061.852601572974], [0.0, 2850.606508156248, 1458.5627645450384], [0.0, 0.0, 1.0]]|[-0.09747574682920097, -0.13276029739730982, -0.0029275610442781445, 0.0005606131205602907, 0.13559718374741433]
61|808|6|Grouper|0.36|0.3532648657881582|1.2527464628219604|2491.5494833288462|1344.7208039915888|1694.9755425469332|1357.1976516623563|[[2825.1480807147805, 0.0, 2061.852601572974], [0.0, 2850.606508156248, 1458.5627645450384], [0.0, 0.0, 1.0]]|[-0.09747574682920097, -0.13276029739730982, -0.0029275610442781445, 0.0005606131205602907, 0.13559718374741433]
61|809|6|Grouper|0.36|0.3518685737179744|1.2128413915634155|2464.32246986219|1300.0702773073192|1644.7412732758569|1309.0733662482164|[[2825.1480807147805, 0.0, 2061.852601572974], [0.0, 2850.606508156248, 1458.5627645450384], [0.0, 0.0, 1.0]]|[-0.09747574682920097, -0.13276029739730982, -0.0029275610442781445, 0.0005606131205602907, 0.13559718374741433]
61|810|6|Grouper|0.36|0.35249172997872175|1.2070871591567993|2414.888346800243|1275.2711193741989|1590.0668907534398|1292.3539035184651|[[2825.1480807147805, 0.0, 2061.852601572974], [0.0, 2850.606508156248, 1458.5627645450384], [0.0, 0.0, 1.0]]|[-0.09747574682920097, -0.13276029739730982, -0.0029275610442781445, 0.0005606131205602907, 0.13559718374741433]
61|811|6|Grouper|0.36|0.3551600459504567|1.215161681175232|2441.00831234143|1257.8075635681741|1615.7251594258632|1284.8168303908656|[[2825.1480807147805, 0.0, 2061.852601572974], [0.0, 2850.606508156248, 1458.5627645450384], [0.0, 0.0, 1.0]]|[-0.09747574682920097, -0.13276029739730982, -0.0029275610442781445, 0.0005606131205602907, 0.13559718374741433]
61|812|6|Grouper|0.36|0.35555070423417423|1.2388808727264404|2444.0820625511883|1283.69936206446|1633.770146235438|1312.0503892423098|[[2825.1480807147805, 0.0, 2061.852601572974], [0.0, 2850.606508156248, 1458.5627645450384], [0.0, 0.0, 1.0]]|[-0.09747574682920097, -0.13276029739730982, -0.0029275610442781445, 0.0005606131205602907, 0.13559718374741433]
61|813|6|Grouper|0.36|0.3574292774121939|1.2315272092819214|2431.1749455671716|1289.5887229840262|1611.7643275059727|1319.5880656954716|[[2825.1480807147805, 0.0, 2061.852601572974], [0.0, 2850.606508156248, 1458.5627645450384], [0.0, 0.0, 1.0]]|[-0.09747574682920097, -0.13276029739730982, -0.0029275610442781445, 0.0005606131205602907, 0.13559718374741433]
61|814|6|Grouper|0.36|0.3578160926753251|1.2450666427612305|2461.2353317932193|1268.9888356685558|1652.29278530538|1338.9788490950898|[[2825.1480807147805, 0.0, 2061.852601572974], [0.0, 2850.606508156248, 1458.5627645450384], [0.0, 0.0, 1.0]]|[-0.09747574682920097, -0.13276029739730982, -0.0029275610442781445, 0.0005606131205602907, 0.13559718374741433]
61|815|6|Grouper|0.36|0.3541473438160127|1.949466347694397|2313.0504207860386|1368.4225071250992|1800.774660048994|1399.933318418239|[[2825.1480807147805, 0.0, 2061.852601572974], [0.0, 2850.606508156248, 1458.5627645450384], [0.0, 0.0, 1.0]]|[-0.09747574682920097, -0.13276029739730982, -0.0029275610442781445, 0.0005606131205602907, 0.13559718374741433]
61|816|6|Grouper|0.36|0.3598864956021213|1.930733561515808|2333.232064346603|1373.6094806617396|1806.9414951582273|1391.9457718047|[[2825.1480807147805, 0.0, 2061.852601572974], [0.0, 2850.606508156248, 1458.5627645450384], [0.0, 0.0, 1.0]]|[-0.09747574682920097, -0.13276029739730982, -0.0029275610442781445, 0.0005606131205602907, 0.13559718374741433]
61|817|6|Grouper|0.36|0.35722840674474304|1.8973053693771362|2340.114568259565|1385.5478034176808|1808.3621251137133|1399.202488311375|[[2825.1480807147805, 0.0, 2061.852601572974], [0.0, 2850.606508156248, 1458.5627645450384], [0.0, 0.0, 1.0]]|[-0.09747574682920097, -0.13276029739730982, -0.0029275610442781445, 0.0005606131205602907, 0.13559718374741433]
61|818|6|Grouper|0.36|0.35658063594609224|1.9475067853927612|2312.1125482850553|1363.8064579498264|1795.809405761782|1395.7584206010704|[[2825.1480807147805, 0.0, 2061.852601572974], [0.0, 2850.606508156248, 1458.5627645450384], [0.0, 0.0, 1.0]]|[-0.09747574682920097, -0.13276029739730982, -0.0029275610442781445, 0.0005606131205602907, 0.13559718374741433]
61|819|6|Grouper|0.36|0.3506548227757726|1.906355619430542|2311.850332467034|1381.901395229304|1793.0113198920756|1411.3174878288617|[[2825.1480807147805, 0.0, 2061.852601572974], [0.0, 2850.606508156248, 1458.5627645450384], [0.0, 0.0, 1.0]]|[-0.09747574682920097, -0.13276029739730982, -0.0029275610442781445, 0.0005606131205602907, 0.13559718374741433]
61|820|6|Grouper|0.36|0.35661341335561464|1.8036634922027588|2298.870730079854|1361.4517104588906|1742.368975497255|1409.9933349882642|[[2825.1480807147805, 0.0, 2061.852601572974], [0.0, 2850.606508156248, 1458.5627645450384], [0.0, 0.0, 1.0]]|[-0.09747574682920097, -0.13276029739730982, -0.0029275610442781445, 0.0005606131205602907, 0.13559718374741433]
61|821|6|Grouper|0.36|0.35677149722600376|1.8759665489196777|2354.4900857400057|1312.2119601638137|1817.9385280280299|1340.568059081767|[[2825.1480807147805, 0.0, 2061.852601572974], [0.0, 2850.606508156248, 1458.5627645450384], [0.0, 0.0, 1.0]]|[-0.09747574682920097, -0.13276029739730982, -0.0029275610442781445, 0.0005606131205602907, 0.13559718374741433]
61|822|6|Grouper|0.36|0.35577412640479295|1.8072385787963867|2332.3838500548004|1354.3159338435391|1778.0036433708267|1399.1813270656762|[[2825.1480807147805, 0.0, 2061.852601572974], [0.0, 2850.606508156248, 1458.5627645450384], [0.0, 0.0, 1.0]]|[-0.09747574682920097, -0.13276029739730982, -0.0029275610442781445, 0.0005606131205602907, 0.13559718374741433]
61|823|6|Grouper|0.36|0.3588638143957399|1.8422605991363525|2300.6714596484903|1317.0802304017875|1751.2521858193847|1348.937314346501|[[2825.1480807147805, 0.0, 2061.852601572974], [0.0, 2850.606508156248, 1458.5627645450384], [0.0, 0.0, 1.0]]|[-0.09747574682920097, -0.13276029739730982, -0.0029275610442781445, 0.0005606131205602907, 0.13559718374741433]
61|824|6|Grouper|0.36|0.35561200026848117|1.8166489601135254|2277.1505459229165|1307.7390697380781|1725.5612968106213|1347.952867007418|[[2825.1480807147805, 0.0, 2061.852601572974], [0.0, 2850.606508156248, 1458.5627645450384], [0.0, 0.0, 1.0]]|[-0.09747574682920097, -0.13276029739730982, -0.0029275610442781445, 0.0005606131205602907, 0.13559718374741433]
61|825|6|Grouper|0.36|0.35540466019406775|1.773027777671814|2329.7400647379245|1365.8973883604967|1765.762565242955|1417.6291374148914|[[2825.1480807147805, 0.0, 2061.852601572974], [0.0, 2850.606508156248, 1458.5627645450384], [0.0, 0.0, 1.0]]|[-0.09747574682920097, -0.13276029739730982, -0.0029275610442781445, 0.0005606131205602907, 0.13559718374741433]
61|826|6|Grouper|0.36|0.3505222579867574|1.7500079870224|2314.8864532538664|1333.1016771544475|1750.9089537588961|1379.76168610547|[[2825.1480807147805, 0.0, 2061.852601572974], [0.0, 2850.606508156248, 1458.5627645450384], [0.0, 0.0, 1.0]]|[-0.09747574682920097, -0.13276029739730982, -0.0029275610442781445, 0.0005606131205602907, 0.13559718374741433]
61|827|6|Grouper|0.36|0.35241014170201146|1.768044114112854|2304.662333500116|1348.99193025621|1743.7006379519123|1398.6243436483348|[[2825.1480807147805, 0.0, 2061.852601572974], [0.0, 2850.606508156248, 1458.5627645450384], [0.0, 0.0, 1.0]]|[-0.09747574682920097, -0.13276029739730982, -0.0029275610442781445, 0.0005606131205602907, 0.13559718374741433]
61|828|6|Grouper|0.36|0.35787302429901074|1.7866650819778442|2317.5116495973157|1364.2927459692353|1753.9182818971572|1415.6103529323486|[[2825.1480807147805, 0.0, 2061.852601572974], [0.0, 2850.606508156248, 1458.5627645450384], [0.0, 0.0, 1.0]]|[-0.09747574682920097, -0.13276029739730982, -0.0029275610442781445, 0.0005606131205602907, 0.13559718374741433]
61|829|6|Grouper|0.36|0.3563686655252612|1.7804728746414185|2313.7559932003574|1342.6846229186413|1751.0629343942885|1399.1039802815967|[[2825.1480807147805, 0.0, 2061.852601572974], [0.0, 2850.606508156248, 1458.5627645450384], [0.0, 0.0, 1.0]]|[-0.09747574682920097, -0.13276029739730982, -0.0029275610442781445, 0.0005606131205602907, 0.13559718374741433]
61|830|6|Grouper|0.36|0.35583373021309905|1.775072693824768|2331.2565492232843|1372.393365279767|1766.7328623325664|1418.0390262101157|[[2825.1480807147805, 0.0, 2061.852601572974], [0.0, 2850.606508156248, 1458.5627645450384], [0.0, 0.0, 1.0]]|[-0.09747574682920097, -0.13276029739730982, -0.0029275610442781445, 0.0005606131205602907, 0.13559718374741433]
61|831|6|Snook|0.455|0.43951077121529647|1.2214300632476807|2550.931836744221|1294.3932462219436|1535.570751097951|1244.1485647581937|[[2825.1480807147805, 0.0, 2061.852601572974], [0.0, 2850.606508156248, 1458.5627645450384], [0.0, 0.0, 1.0]]|[-0.09747574682920097, -0.13276029739730982, -0.0029275610442781445, 0.0005606131205602907, 0.13559718374741433]
61|832|6|Snook|0.455|0.44081792880768333|1.2191201448440552|2541.4713100658673|1297.9523785458346|1522.0515492880888|1231.6296233478924|[[2825.1480807147805, 0.0, 2061.852601572974], [0.0, 2850.606508156248, 1458.5627645450384], [0.0, 0.0, 1.0]]|[-0.09747574682920097, -0.13276029739730982, -0.0029275610442781445, 0.0005606131205602907, 0.13559718374741433]
61|833|6|Snook|0.455|0.45368266320428635|1.2493915557861328|2541.6787905539813|1315.8232513748094|1517.187289672831|1262.0628062790659|[[2825.1480807147805, 0.0, 2061.852601572974], [0.0, 2850.606508156248, 1458.5627645450384], [0.0, 0.0, 1.0]]|[-0.09747574682920097, -0.13276029739730982, -0.0029275610442781445, 0.0005606131205602907, 0.13559718374741433]
61|834|6|Snook|0.455|0.44831578256899846|1.7983726263046265|2425.96351848209|1367.3712504687091|1722.513166144389|1332.883417765779|[[2825.1480807147805, 0.0, 2061.852601572974], [0.0, 2850.606508156248, 1458.5627645450384], [0.0, 0.0, 1.0]]|[-0.09747574682920097, -0.13276029739730982, -0.0029275610442781445, 0.0005606131205602907, 0.13559718374741433]
61|835|6|Snook|0.455|0.44487697366818174|1.7946803569793701|2418.080151782242|1378.6077116190881|1719.1943655375758|1333.4692246990774|[[2825.1480807147805, 0.0, 2061.852601572974], [0.0, 2850.606508156248, 1458.5627645450384], [0.0, 0.0, 1.0]]|[-0.09747574682920097, -0.13276029739730982, -0.0029275610442781445, 0.0005606131205602907, 0.13559718374741433]
61|836|6|Snook|0.455|0.4496709923522829|1.7624714374542236|2431.739114233129|1359.5636568438172|1712.6897842266612|1308.9202205718668|[[2825.1480807147805, 0.0, 2061.852601572974], [0.0, 2850.606508156248, 1458.5627645450384], [0.0, 0.0, 1.0]]|[-0.09747574682920097, -0.13276029739730982, -0.0029275610442781445, 0.0005606131205602907, 0.13559718374741433]
61|837|6|Snook|0.455|0.44913265605431274|1.7450484037399292|2439.2895875802496|1350.4029909395308|1714.4208866521546|1292.663180531911|[[2825.1480807147805, 0.0, 2061.852601572974], [0.0, 2850.606508156248, 1458.5627645450384], [0.0, 0.0, 1.0]]|[-0.09747574682920097, -0.13276029739730982, -0.0029275610442781445, 0.0005606131205602907, 0.13559718374741433]
61|838|6|Snook|0.455|0.4479368847370368|1.8315011262893677|2409.070627787257|1382.3958196466226|1719.7341178792353|1334.679448259868|[[2825.1480807147805, 0.0, 2061.852601572974], [0.0, 2850.606508156248, 1458.5627645450384], [0.0, 0.0, 1.0]]|[-0.09747574682920097, -0.13276029739730982, -0.0029275610442781445, 0.0005606131205602907, 0.13559718374741433]
61|839|6|Snook|0.455|0.4351889795368809|1.9486693143844604|2410.6134387385423|1409.835688624899|1784.2535359720955|1333.3538478660487|[[2825.1480807147805, 0.0, 2061.852601572974], [0.0, 2850.606508156248, 1458.5627645450384], [0.0, 0.0, 1.0]]|[-0.09747574682920097, -0.13276029739730982, -0.0029275610442781445, 0.0005606131205602907, 0.13559718374741433]
61|840|6|Snook|0.455|0.44903981295704287|2.005463123321533|2406.5109557801034|1402.3179791712816|1777.9105268974047|1330.8882883625101|[[2825.1480807147805, 0.0, 2061.852601572974], [0.0, 2850.606508156248, 1458.5627645450384], [0.0, 0.0, 1.0]]|[-0.09747574682920097, -0.13276029739730982, -0.0029275610442781445, 0.0005606131205602907, 0.13559718374741433]
61|841|6|Snook|0.455|0.4445628881885859|1.998890995979309|2378.814827156492|1423.0618975969453|1755.5240543251543|1342.957490866399|[[2825.1480807147805, 0.0, 2061.852601572974], [0.0, 2850.606508156248, 1458.5627645450384], [0.0, 0.0, 1.0]]|[-0.09747574682920097, -0.13276029739730982, -0.0029275610442781445, 0.0005606131205602907, 0.13559718374741433]
61|842|6|Snook|0.455|0.4614019938871242|2.0675346851348877|2381.290915202824|1401.3870154602698|1755.5762338104753|1323.3602446391615|[[2825.1480807147805, 0.0, 2061.852601572974], [0.0, 2850.606508156248, 1458.5627645450384], [0.0, 0.0, 1.0]]|[-0.09747574682920097, -0.13276029739730982, -0.0029275610442781445, 0.0005606131205602907, 0.13559718374741433]
61|843|6|Snook|0.455|0.44481376628447666|2.000079870223999|2389.087413426035|1429.8235549954293|1765.6535145653804|1351.0165164661103|[[2825.1480807147805, 0.0, 2061.852601572974], [0.0, 2850.606508156248, 1458.5627645450384], [0.0, 0.0, 1.0]]|[-0.09747574682920097, -0.13276029739730982, -0.0029275610442781445, 0.0005606131205602907, 0.13559718374741433]
61|844|6|Snook|0.455|0.43446044688707336|1.9531809091567993|2377.62480744151|1406.8252122817407|1753.4106408726436|1333.6000888957778|[[2825.1480807147805, 0.0, 2061.852601572974], [0.0, 2850.606508156248, 1458.5627645450384], [0.0, 0.0, 1.0]]|[-0.09747574682920097, -0.13276029739730982, -0.0029275610442781445, 0.0005606131205602907, 0.13559718374741433]
61|845|6|Snook|0.455|0.44838564046858265|2.007956027984619|2400.549226251624|1421.0078158695499|1774.9231196277913|1339.1172637719033|[[2825.1480807147805, 0.0, 2061.852601572974], [0.0, 2850.606508156248, 1458.5627645450384], [0.0, 0.0, 1.0]]|[-0.09747574682920097, -0.13276029739730982, -0.0029275610442781445, 0.0005606131205602907, 0.13559718374741433]
61|846|6|Snook|0.455|0.4377253281115809|1.9618234634399414|2371.134751677718|1396.293723508137|1745.5354945025608|1318.3379829745309|[[2825.1480807147805, 0.0, 2061.852601572974], [0.0, 2850.606508156248, 1458.5627645450384], [0.0, 0.0, 1.0]]|[-0.09747574682920097, -0.13276029739730982, -0.0029275610442781445, 0.0005606131205602907, 0.13559718374741433]
61|847|6|Snook|0.455|0.4409950188237959|1.5387648344039917|2475.3646505032143|1393.340369420107|1677.7833097134842|1252.7536728814825|[[2825.1480807147805, 0.0, 2061.852601572974], [0.0, 2850.606508156248, 1458.5627645450384], [0.0, 0.0, 1.0]]|[-0.09747574682920097, -0.13276029739730982, -0.0029275610442781445, 0.0005606131205602907, 0.13559718374741433]
61|848|6|Snook|0.455|0.4461873579431654|1.5829761028289795|2458.3589591366713|1334.932280031647|1663.266164469579|1290.4570206636156|[[2825.1480807147805, 0.0, 2061.852601572974], [0.0, 2850.606508156248, 1458.5627645450384], [0.0, 0.0, 1.0]]|[-0.09747574682920097, -0.13276029739730982, -0.0029275610442781445, 0.0005606131205602907, 0.13559718374741433]
61|849|6|Snook|0.455|0.4486569620672724|1.577398419380188|2473.3839486549423|1384.5229600999419|1683.2128426088734|1237.1724044339262|[[2825.1480807147805, 0.0, 2061.852601572974], [0.0, 2850.606508156248, 1458.5627645450384], [0.0, 0.0, 1.0]]|[-0.09747574682920097, -0.13276029739730982, -0.0029275610442781445, 0.0005606131205602907, 0.13559718374741433]
61|850|6|Snook|0.455|0.44937022698681883|1.5084060430526733|2517.3714118596763|1356.2716733661996|1676.2428224081302|1326.621500454178|[[2825.1480807147805, 0.0, 2061.852601572974], [0.0, 2850.606508156248, 1458.5627645450384], [0.0, 0.0, 1.0]]|[-0.09747574682920097, -0.13276029739730982, -0.0029275610442781445, 0.0005606131205602907, 0.13559718374741433]
61|851|6|Snook|0.455|0.4479999294063894|1.5340689420700073|2490.802569127452|1391.7919909074565|1672.2237164432067|1287.82131878833|[[2825.1480807147805, 0.0, 2061.852601572974], [0.0, 2850.606508156248, 1458.5627645450384], [0.0, 0.0, 1.0]]|[-0.09747574682920097, -0.13276029739730982, -0.0029275610442781445, 0.0005606131205602907, 0.13559718374741433]
61|852|6|Snook|0.455|0.4466882925561613|1.5153493881225586|2483.19095546263|1368.5833926535058|1652.205846217827|1313.364447149337|[[2825.1480807147805, 0.0, 2061.852601572974], [0.0, 2850.606508156248, 1458.5627645450384], [0.0, 0.0, 1.0]]|[-0.09747574682920097, -0.13276029739730982, -0.0029275610442781445, 0.0005606131205602907, 0.13559718374741433]
61|853|6|Snook|0.455|0.4497372629202255|1.5329170227050781|2468.958027741339|1383.6464637031395|1642.9823295226256|1313.930236519782|[[2825.1480807147805, 0.0, 2061.852601572974], [0.0, 2850.606508156248, 1458.5627645450384], [0.0, 0.0, 1.0]]|[-0.09747574682920097, -0.13276029739730982, -0.0029275610442781445, 0.0005606131205602907, 0.13559718374741433]
61|854|6|Snook|0.455|0.44779078239832226|1.4899585247039795|2490.0197527005457|1312.087938749918|1641.8687538750999|1272.2942856311527|[[2825.1480807147805, 0.0, 2061.852601572974], [0.0, 2850.606508156248, 1458.5627645450384], [0.0, 0.0, 1.0]]|[-0.09747574682920097, -0.13276029739730982, -0.0029275610442781445, 0.0005606131205602907, 0.13559718374741433]
84|869|5|Grouper|0.36|0.3568613856582555|1.3699328899383545|2335.320754716981|1219.0943396226417|1617.433962264151|1392|[[2833.277965760987, 0.0, 2009.7572163743287], [0.0, 2858.7736950651392, 1407.9866181636053], [0.0, 0.0, 1.0]]|[-0.12400110807193415, -0.043131654100972555, -0.003115796934186425, -0.0006848557959985216, 0.03604454414920244]
84|870|5|Grouper|0.36|0.3572317950177973|1.4015661478042603|2304.6792452830186|1219.0943396226417|1602.1132075471698|1387.622641509434|[[2833.277965760987, 0.0, 2009.7572163743287], [0.0, 2858.7736950651392, 1407.9866181636053], [0.0, 0.0, 1.0]]|[-0.12400110807193415, -0.043131654100972555, -0.003115796934186425, -0.0006848557959985216, 0.03604454414920244]
84|871|5|Grouper|0.36|0.3529825728493217|1.3877333402633667|2284.9811320754716|1205.9622641509434|1582.4150943396226|1367.9245283018868|[[2833.277965760987, 0.0, 2009.7572163743287], [0.0, 2858.7736950651392, 1407.9866181636053], [0.0, 0.0, 1.0]]|[-0.12400110807193415, -0.043131654100972555, -0.003115796934186425, -0.0006848557959985216, 0.03604454414920244]
84|872|5|Grouper|0.36|0.35908550002851963|1.458112120628357|2265.2830188679245|1247.5471698113206|1602.1132075471698|1466.4150943396226|[[2833.277965760987, 0.0, 2009.7572163743287], [0.0, 2858.7736950651392, 1407.9866181636053], [0.0, 0.0, 1.0]]|[-0.12400110807193415, -0.043131654100972555, -0.003115796934186425, -0.0006848557959985216, 0.03604454414920244]
84|873|5|Grouper|0.36|0.3573514027229837|1.4424669742584229|2254.3396226415093|1254.1132075471694|1586.792452830189|1472.9811320754716|[[2833.277965760987, 0.0, 2009.7572163743287], [0.0, 2858.7736950651392, 1407.9866181636053], [0.0, 0.0, 1.0]]|[-0.12400110807193415, -0.043131654100972555, -0.003115796934186425, -0.0006848557959985216, 0.03604454414920244]
84|874|5|Grouper|0.36|0.3487524866662192|1.4354692697525024|2295.9245283018863|1256.3018867924527|1637.1320754716978|1457.6603773584907|[[2833.277965760987, 0.0, 2009.7572163743287], [0.0, 2858.7736950651392, 1407.9866181636053], [0.0, 0.0, 1.0]]|[-0.12400110807193415, -0.043131654100972555, -0.003115796934186425, -0.0006848557959985216, 0.03604454414920244]
84|875|5|Grouper|0.36|0.3531331391026754|1.4472917318344116|2298.11320754717|1317.5849056603774|1634.9433962264154|1514.5660377358488|[[2833.277965760987, 0.0, 2009.7572163743287], [0.0, 2858.7736950651392, 1407.9866181636053], [0.0, 0.0, 1.0]]|[-0.12400110807193415, -0.043131654100972555, -0.003115796934186425, -0.0006848557959985216, 0.03604454414920244]
84|876|5|Grouper|0.36|0.3617198814166717|1.4850884675979614|2245.5849056603774|1256.3018867924527|1582.4150943396226|1448.9056603773588|[[2833.277965760987, 0.0, 2009.7572163743287], [0.0, 2858.7736950651392, 1407.9866181636053], [0.0, 0.0, 1.0]]|[-0.12400110807193415, -0.043131654100972555, -0.003115796934186425, -0.0006848557959985216, 0.03604454414920244]
84|878|5|Grouper|0.36|0.3557916974977759|1.7854058742523193|2241.9129930289732|1305.1083149345393|1691.8490566037733|1433.5849056603774|[[2833.277965760987, 0.0, 2009.7572163743287], [0.0, 2858.7736950651392, 1407.9866181636053], [0.0, 0.0, 1.0]]|[-0.12400110807193415, -0.043131654100972555, -0.003115796934186425, -0.0006848557959985216, 0.03604454414920244]
84|879|5|Grouper|0.36|0.3588348088818995|1.7759230136871338|2208.0077109348417|1256.8440766631209|1652.6769495125443|1397.1635742196695|[[2833.277965760987, 0.0, 2009.7572163743287], [0.0, 2858.7736950651392, 1407.9866181636053], [0.0, 0.0, 1.0]]|[-0.12400110807193415, -0.043131654100972555, -0.003115796934186425, -0.0006848557959985216, 0.03604454414920244]
84|880|5|Grouper|0.36|0.3547874042193339|1.7447011470794678|2217.6649690634895|1286.6257163835764|1662.379561297493|1441.65762959213|[[2833.277965760987, 0.0, 2009.7572163743287], [0.0, 2858.7736950651392, 1407.9866181636053], [0.0, 0.0, 1.0]]|[-0.12400110807193415, -0.043131654100972555, -0.003115796934186425, -0.0006848557959985216, 0.03604454414920244]
84|881|5|Grouper|0.36|0.3582401495406193|1.7403931617736816|2222.650217706821|1323.477503628447|1656.9608127721335|1466.5834542815676|[[2833.277965760987, 0.0, 2009.7572163743287], [0.0, 2858.7736950651392, 1407.9866181636053], [0.0, 0.0, 1.0]]|[-0.12400110807193415, -0.043131654100972555, -0.003115796934186425, -0.0006848557959985216, 0.03604454414920244]
84|882|5|Grouper|0.36|0.36504992897914923|2.4781248569488525|2198.4322875962935|1369.1289494250307|1800.067425450973|1494.751367645417|[[2833.277965760987, 0.0, 2009.7572163743287], [0.0, 2858.7736950651392, 1407.9866181636053], [0.0, 0.0, 1.0]]|[-0.12400110807193415, -0.043131654100972555, -0.003115796934186425, -0.0006848557959985216, 0.03604454414920244]
59|883|1|Grouper|0.36|0.3266068231672282|2.0707380771636963|2085.2871773088323|1522.6033003279872|1698.0021317650317|1298.0133424098926|[[2832.6628438838216, 0.0, 1968.0272553880557], [0.0, 2855.8825480621545, 1452.810040656435], [0.0, 0.0, 1.0]]|[-0.12100428903752407, -0.054716493247621914, -0.0033433024221579243, -6.011803399688542e-06, 0.045781926585394796]
84|885|5|Grouper|0.36|0.35096717311637554|1.7690443992614746|2243.6457535610602|1321.225215661731|1694.0377358490564|1440.1509433962262|[[2833.277965760987, 0.0, 2009.7572163743287], [0.0, 2858.7736950651392, 1407.9866181636053], [0.0, 0.0, 1.0]]|[-0.12400110807193415, -0.043131654100972555, -0.003115796934186425, -0.0006848557959985216, 0.03604454414920244]
84|887|5|Grouper|0.36|0.3630374257810287|2.5055129528045654|2192.3257494596955|1345.3356733749056|1801.6677910067526|1472.648311620731|[[2833.277965760987, 0.0, 2009.7572163743287], [0.0, 2858.7736950651392, 1407.9866181636053], [0.0, 0.0, 1.0]]|[-0.12400110807193415, -0.043131654100972555, -0.003115796934186425, -0.0006848557959985216, 0.03604454414920244]
84|888|5|Grouper|0.36|0.3609908147793266|2.497807025909424|2158.430682810007|1339.2283818956632|1769.6239627534933|1468.8306219145013|[[2833.277965760987, 0.0, 2009.7572163743287], [0.0, 2858.7736950651392, 1407.9866181636053], [0.0, 0.0, 1.0]]|[-0.12400110807193415, -0.043131654100972555, -0.003115796934186425, -0.0006848557959985216, 0.03604454414920244]
84|889|5|Snook|0.455|0.4375930123440044|1.3099734783172607|2019.5705526290362|1755.1026694045704|2052.8408732665125|800.7274233763296|[[2833.277965760987, 0.0, 2009.7572163743287], [0.0, 2858.7736950651392, 1407.9866181636053], [0.0, 0.0, 1.0]]|[-0.12400110807193415, -0.043131654100972555, -0.003115796934186425, -0.0006848557959985216, 0.03604454414920244]
84|890|5|Snook|0.455|0.4388861253343542|0.8888512253761292|1871.3207547169811|1906.3396226415093|2090.1886792452833|512.1509433962265|[[2833.277965760987, 0.0, 2009.7572163743287], [0.0, 2858.7736950651392, 1407.9866181636053], [0.0, 0.0, 1.0]]|[-0.12400110807193415, -0.043131654100972555, -0.003115796934186425, -0.0006848557959985216, 0.03604454414920244]
84|891|5|Snook|0.455|0.43487212306999135|0.8998977541923523|1864.7547169811319|1899.7735849056605|2109.88679245283|540.6037735849056|[[2833.277965760987, 0.0, 2009.7572163743287], [0.0, 2858.7736950651392, 1407.9866181636053], [0.0, 0.0, 1.0]]|[-0.12400110807193415, -0.043131654100972555, -0.003115796934186425, -0.0006848557959985216, 0.03604454414920244]
84|892|5|Snook|0.455|0.4456946115052951|1.2096935510635376|2446.943396226415|1444.5283018867924|1467.8117439339437|1079.3455843808656|[[2833.277965760987, 0.0, 2009.7572163743287], [0.0, 2858.7736950651392, 1407.9866181636053], [0.0, 0.0, 1.0]]|[-0.12400110807193415, -0.043131654100972555, -0.003115796934186425, -0.0006848557959985216, 0.03604454414920244]
84|893|5|Snook|0.455|0.4514335588346388|1.2093108892440796|2482.492015841224|1426.1728357846264|1479.7951171045354|1086.6352616092395|[[2833.277965760987, 0.0, 2009.7572163743287], [0.0, 2858.7736950651392, 1407.9866181636053], [0.0, 0.0, 1.0]]|[-0.12400110807193415, -0.043131654100972555, -0.003115796934186425, -0.0006848557959985216, 0.03604454414920244]
84|894|5|Snook|0.455|0.4462421596326403|1.1926445960998535|2490.6922835621426|1439.7277030990708|1503.5484547963613|1049.7673481433653|[[2833.277965760987, 0.0, 2009.7572163743287], [0.0, 2858.7736950651392, 1407.9866181636053], [0.0, 0.0, 1.0]]|[-0.12400110807193415, -0.043131654100972555, -0.003115796934186425, -0.0006848557959985216, 0.03604454414920244]
84|895|5|Snook|0.455|0.4456469046517294|1.208193302154541|2417.444352622711|1468.1341002972365|1440.5311474529535|1093.5746840882334|[[2833.277965760987, 0.0, 2009.7572163743287], [0.0, 2858.7736950651392, 1407.9866181636053], [0.0, 0.0, 1.0]]|[-0.12400110807193415, -0.043131654100972555, -0.003115796934186425, -0.0006848557959985216, 0.03604454414920244]
84|896|5|Snook|0.455|0.4473886744535822|1.2208412885665894|2429.240943294866|1486.5351700439987|1464.315785916096|1099.748911000723|[[2833.277965760987, 0.0, 2009.7572163743287], [0.0, 2858.7736950651392, 1407.9866181636053], [0.0, 0.0, 1.0]]|[-0.12400110807193415, -0.043131654100972555, -0.003115796934186425, -0.0006848557959985216, 0.03604454414920244]
84|897|5|Snook|0.455|0.44095341379248915|1.2464593648910522|2405.4988426001746|1463.6743233502646|1476.9885877771972|1082.7828138586444|[[2833.277965760987, 0.0, 2009.7572163743287], [0.0, 2858.7736950651392, 1407.9866181636053], [0.0, 0.0, 1.0]]|[-0.12400110807193415, -0.043131654100972555, -0.003115796934186425, -0.0006848557959985216, 0.03604454414920244]
84|898|5|Snook|0.455|0.4447192037810303|1.2495815753936768|2409.0136039724375|1461.1120785595597|1474.2451230250706|1079.5906915218561|[[2833.277965760987, 0.0, 2009.7572163743287], [0.0, 2858.7736950651392, 1407.9866181636053], [0.0, 0.0, 1.0]]|[-0.12400110807193415, -0.043131654100972555, -0.003115796934186425, -0.0006848557959985216, 0.03604454414920244]
84|899|5|Snook|0.455|0.44189303235381056|1.2508755922317505|2406.8560615157135|1469.4932753573773|1485.2145180501504|1075.6156084556462|[[2833.277965760987, 0.0, 2009.7572163743287], [0.0, 2858.7736950651392, 1407.9866181636053], [0.0, 0.0, 1.0]]|[-0.12400110807193415, -0.043131654100972555, -0.003115796934186425, -0.0006848557959985216, 0.03604454414920244]
84|900|5|Snook|0.455|0.4354129101626286|1.224752426147461|2402.3273323551075|1463.5589946332163|1480.444310755885|1054.0657417548634|[[2833.277965760987, 0.0, 2009.7572163743287], [0.0, 2858.7736950651392, 1407.9866181636053], [0.0, 0.0, 1.0]]|[-0.12400110807193415, -0.043131654100972555, -0.003115796934186425, -0.0006848557959985216, 0.03604454414920244]
84|901|5|Purple Angel|0.192|0.19228133387011537|1.2001378536224365|2195.858262538548|1282.082626695445|1742.764791082858|1254.178486805949|[[2833.277965760987, 0.0, 2009.7572163743287], [0.0, 2858.7736950651392, 1407.9866181636053], [0.0, 0.0, 1.0]]|[-0.12400110807193415, -0.043131654100972555, -0.003115796934186425, -0.0006848557959985216, 0.03604454414920244]
84|902|5|Purple Angel|0.192|0.19256625576882666|1.209273099899292|2184.2747451686673|1284.8206216414465|1733.5531256035842|1264.4157193472524|[[2833.277965760987, 0.0, 2009.7572163743287], [0.0, 2858.7736950651392, 1407.9866181636053], [0.0, 0.0, 1.0]]|[-0.12400110807193415, -0.043131654100972555, -0.003115796934186425, -0.0006848557959985216, 0.03604454414920244]
84|903|5|Purple Angel|0.192|0.1933395888296617|1.1973730325698853|2191.1344313881596|1274.5967026536064|1734.9017441949009|1240.414131288974|[[2833.277965760987, 0.0, 2009.7572163743287], [0.0, 2858.7736950651392, 1407.9866181636053], [0.0, 0.0, 1.0]]|[-0.12400110807193415, -0.043131654100972555, -0.003115796934186425, -0.0006848557959985216, 0.03604454414920244]
84|904|5|Purple Angel|0.192|0.19362744568824172|1.2110730409622192|2195.480269571588|1283.1680367666006|1742.9448809136875|1262.763134472407|[[2833.277965760987, 0.0, 2009.7572163743287], [0.0, 2858.7736950651392, 1407.9866181636053], [0.0, 0.0, 1.0]]|[-0.12400110807193415, -0.043131654100972555, -0.003115796934186425, -0.0006848557959985216, 0.03604454414920244]
84|905|5|Purple Angel|0.192|0.18937245801704108|1.4550056457519531|2141.6646568606675|1326.8906738053288|1773.0160887455638|1317.8218283412425|[[2833.277965760987, 0.0, 2009.7572163743287], [0.0, 2858.7736950651392, 1407.9866181636053], [0.0, 0.0, 1.0]]|[-0.12400110807193415, -0.043131654100972555, -0.003115796934186425, -0.0006848557959985216, 0.03604454414920244]
84|906|5|Purple Angel|0.192|0.1911541133729767|1.4626291990280151|2126.8857394618685|1321.4220091900722|1756.8875768886483|1306.6650121331272|[[2833.277965760987, 0.0, 2009.7572163743287], [0.0, 2858.7736950651392, 1407.9866181636053], [0.0, 0.0, 1.0]]|[-0.12400110807193415, -0.043131654100972555, -0.003115796934186425, -0.0006848557959985216, 0.03604454414920244]
84|907|5|Purple Angel|0.192|0.18940498122151564|1.4619477987289429|2133.0568473220455|1347.9846038925732|1766.2783931976132|1333.2276068356282|[[2833.277965760987, 0.0, 2009.7572163743287], [0.0, 2858.7736950651392, 1407.9866181636053], [0.0, 0.0, 1.0]]|[-0.12400110807193415, -0.043131654100972555, -0.003115796934186425, -0.0006848557959985216, 0.03604454414920244]
84|908|5|Purple Angel|0.192|0.1838810832811498|1.4921629428863525|2127.9931822266044|1294.0231104955167|1779.1914336079053|1278.327031807675|[[2833.277965760987, 0.0, 2009.7572163743287], [0.0, 2858.7736950651392, 1407.9866181636053], [0.0, 0.0, 1.0]]|[-0.12400110807193415, -0.043131654100972555, -0.003115796934186425, -0.0006848557959985216, 0.03604454414920244]
84|909|5|Purple Angel|0.192|0.18087382076154887|1.5141180753707886|2130.782268032157|1315.920149855617|1792.7128809094177|1299.553298574278|[[2833.277965760987, 0.0, 2009.7572163743287], [0.0, 2858.7736950651392, 1407.9866181636053], [0.0, 0.0, 1.0]]|[-0.12400110807193415, -0.043131654100972555, -0.003115796934186425, -0.0006848557959985216, 0.03604454414920244]
84|910|5|Purple Angel|0.192|0.185052577776737|1.520134687423706|2141.350198481019|1331.974612275893|1796.734070845744|1317.673740582526|[[2833.277965760987, 0.0, 2009.7572163743287], [0.0, 2858.7736950651392, 1407.9866181636053], [0.0, 0.0, 1.0]]|[-0.12400110807193415, -0.043131654100972555, -0.003115796934186425, -0.0006848557959985216, 0.03604454414920244]
84|911|5|Purple Angel|0.192|0.1922663171872485|1.6813147068023682|2153.6586686785995|1359.5509570933054|1832.2244418745984|1318.4996743712586|[[2833.277965760987, 0.0, 2009.7572163743287], [0.0, 2858.7736950651392, 1407.9866181636053], [0.0, 0.0, 1.0]]|[-0.12400110807193415, -0.043131654100972555, -0.003115796934186425, -0.0006848557959985216, 0.03604454414920244]
84|912|5|Purple Angel|0.192|0.19112771442882937|1.665497899055481|2138.6579446289675|1357.0227163594627|1815.9886548103875|1316.6663540442794|[[2833.277965760987, 0.0, 2009.7572163743287], [0.0, 2858.7736950651392, 1407.9866181636053], [0.0, 0.0, 1.0]]|[-0.12400110807193415, -0.043131654100972555, -0.003115796934186425, -0.0006848557959985216, 0.03604454414920244]
84|913|5|Purple Angel|0.192|0.1928210167522978|1.6528184413909912|2144.5451059180905|1352.5731089394353|1815.329917029518|1322.7908057881464|[[2833.277965760987, 0.0, 2009.7572163743287], [0.0, 2858.7736950651392, 1407.9866181636053], [0.0, 0.0, 1.0]]|[-0.12400110807193415, -0.043131654100972555, -0.003115796934186425, -0.0006848557959985216, 0.03604454414920244]
84|914|5|Purple Angel|0.192|0.19258035291738865|1.6496999263763428|2127.2805334053546|1354.763602375057|1798.7051583751954|1316.581162437507|[[2833.277965760987, 0.0, 2009.7572163743287], [0.0, 2858.7736950651392, 1407.9866181636053], [0.0, 0.0, 1.0]]|[-0.12400110807193415, -0.043131654100972555, -0.003115796934186425, -0.0006848557959985216, 0.03604454414920244]
84|915|5|Purple Angel|0.192|0.19318581074514873|1.6596070528030396|2133.212875282179|1335.4011959889176|1804.8026135058037|1304.8139657254317|[[2833.277965760987, 0.0, 2009.7572163743287], [0.0, 2858.7736950651392, 1407.9866181636053], [0.0, 0.0, 1.0]]|[-0.12400110807193415, -0.043131654100972555, -0.003115796934186425, -0.0006848557959985216, 0.03604454414920244]
84|916|5|Purple Angel|0.192|0.19418947294500927|1.6533046960830688|2141.294892824559|1311.944042971911|1810.0099680214914|1280.1123953929684|[[2833.277965760987, 0.0, 2009.7572163743287], [0.0, 2858.7736950651392, 1407.9866181636053], [0.0, 0.0, 1.0]]|[-0.12400110807193415, -0.043131654100972555, -0.003115796934186425, -0.0006848557959985216, 0.03604454414920244]
84|917|5|Shark|0.605|0.6184904899504076|1.6022818088531494|2509.7732704512614|1287.477979273756|1416.2382811235539|1304.336962991492|[[2833.277965760987, 0.0, 2009.7572163743287], [0.0, 2858.7736950651392, 1407.9866181636053], [0.0, 0.0, 1.0]]|[-0.12400110807193415, -0.043131654100972555, -0.003115796934186425, -0.0006848557959985216, 0.03604454414920244]
84|918|5|Shark|0.605|0.6189175790053764|1.605324625968933|2500.081046153242|1304.2957659472022|1407.7386100040615|1305.6560927668152|[[2833.277965760987, 0.0, 2009.7572163743287], [0.0, 2858.7736950651392, 1407.9866181636053], [0.0, 0.0, 1.0]]|[-0.12400110807193415, -0.043131654100972555, -0.003115796934186425, -0.0006848557959985216, 0.03604454414920244]
84|919|5|Shark|0.605|0.6203226527485333|1.6071946620941162|2490.6455926112703|1325.665568912892|1397.396271915681|1351.511778485538|[[2833.277965760987, 0.0, 2009.7572163743287], [0.0, 2858.7736950651392, 1407.9866181636053], [0.0, 0.0, 1.0]]|[-0.12400110807193415, -0.043131654100972555, -0.003115796934186425, -0.0006848557959985216, 0.03604454414920244]
84|920|5|Shark|0.605|0.620553236550623|1.6033165454864502|2488.175688014703|1322.8456182174687|1391.752271406684|1342.7970782384582|[[2833.277965760987, 0.0, 2009.7572163743287], [0.0, 2858.7736950651392, 1407.9866181636053], [0.0, 0.0, 1.0]]|[-0.12400110807193415, -0.043131654100972555, -0.003115796934186425, -0.0006848557959985216, 0.03604454414920244]
84|921|5|Shark|0.605|0.6033376477936525|2.4297008514404297|2324.16567046577|1375.221126416993|1621.6789487477092|1414.2869222622871|[[2833.277965760987, 0.0, 2009.7572163743287], [0.0, 2858.7736950651392, 1407.9866181636053], [0.0, 0.0, 1.0]]|[-0.12400110807193415, -0.043131654100972555, -0.003115796934186425, -0.0006848557959985216, 0.03604454414920244]
84|922|5|Shark|0.605|0.5941010141028694|2.4120235443115234|2329.8785850179324|1382.7421385769128|1633.1764714909864|1423.2762476180767|[[2833.277965760987, 0.0, 2009.7572163743287], [0.0, 2858.7736950651392, 1407.9866181636053], [0.0, 0.0, 1.0]]|[-0.12400110807193415, -0.043131654100972555, -0.003115796934186425, -0.0006848557959985216, 0.03604454414920244]
84|923|5|Shark|0.605|0.5975364150267437|2.4291539192199707|2325.785374690559|1389.6665726546887|1630.0600407149534|1431.2544734515334|[[2833.277965760987, 0.0, 2009.7572163743287], [0.0, 2858.7736950651392, 1407.9866181636053], [0.0, 0.0, 1.0]]|[-0.12400110807193415, -0.043131654100972555, -0.003115796934186425, -0.0006848557959985216, 0.03604454414920244]
66|948|10|Ruler|0.3429|0.3297048984636747|1.7920608520507812|1746.3661340821689|1299.1937926473452|2268.731632813533|1319.5986949415392|[[2841.3712142828917, 0.0, 2004.355023481056], [0.0, 2863.7600731700495, 1476.2484742699291], [0.0, 0.0, 1.0]]|[-0.12522768463073414, -0.03655398418155435, -0.0016834701843602728, 0.00031500872322268533, 0.033920993967001614]
66|949|10|Ruler|0.3429|0.3273204556239806|1.7844680547714233|1759.0591159730764|1264.5222240427838|2279.471324912176|1293.1239674295173|[[2841.3712142828917, 0.0, 2004.355023481056], [0.0, 2863.7600731700495, 1476.2484742699291], [0.0, 0.0, 1.0]]|[-0.12522768463073414, -0.03655398418155435, -0.0016834701843602728, 0.00031500872322268533, 0.033920993967001614]
66|950|10|Ruler|0.3429|0.32624607337274|1.9146509170532227|1749.044364848602|1313.4673034718|2233.108731318962|1322.8634658731658|[[2841.3712142828917, 0.0, 2004.355023481056], [0.0, 2863.7600731700495, 1476.2484742699291], [0.0, 0.0, 1.0]]|[-0.12522768463073414, -0.03655398418155435, -0.0016834701843602728, 0.00031500872322268533, 0.033920993967001614]
66|951|10|Ruler|0.3429|0.3205497998506436|1.9044545888900757|1742.4693947879298|1282.7011286530892|2220.676592144167|1288.9795601282258|[[2841.3712142828917, 0.0, 2004.355023481056], [0.0, 2863.7600731700495, 1476.2484742699291], [0.0, 0.0, 1.0]]|[-0.12522768463073414, -0.03655398418155435, -0.0016834701843602728, 0.00031500872322268533, 0.033920993967001614]
58|954|2|Grouper|0.36|0.36769020933579244|1.4708455801010132|2299.339580717644|1535.2789184754452|1658.172206406751|1218.7762117788373|[[2855.292793016781, 0.0, 2031.7894533541553], [0.0, 2881.0734769839373, 1447.6913944790074], [0.0, 0.0, 1.0]]|[-0.11559555406536047, -0.08204727579183725, -0.0014575310792852196, -9.091755738331913e-05, 0.09918960513471031]
59|955|1|Grouper|0.36|0.3616416612149604|2.1472132205963135|2164.22319866398|1476.5345547244535|1705.6830537490898|1343.7215812119487|[[2832.6628438838216, 0.0, 1968.0272553880557], [0.0, 2855.8825480621545, 1452.810040656435], [0.0, 0.0, 1.0]]|[-0.12100428903752407, -0.054716493247621914, -0.0033433024221579243, -6.011803399688542e-06, 0.045781926585394796]
61|956|6|Purple Angel|0.192|0.19290137847789066|2.314681053161621|1918.8534049010652|1385.8652712561293|2153.674971687191|1368.6213549046647|[[2825.1480807147805, 0.0, 2061.852601572974], [0.0, 2850.606508156248, 1458.5627645450384], [0.0, 0.0, 1.0]]|[-0.09747574682920097, -0.13276029739730982, -0.0029275610442781445, 0.0005606131205602907, 0.13559718374741433]
61|957|6|Snook|0.455|0.44709380174111424|1.545017123222351|2471.339298409869|1420.1220141279234|1662.903925932367|1297.3859036263207|[[2825.1480807147805, 0.0, 2061.852601572974], [0.0, 2850.606508156248, 1458.5627645450384], [0.0, 0.0, 1.0]]|[-0.09747574682920097, -0.13276029739730982, -0.0029275610442781445, 0.0005606131205602907, 0.13559718374741433]
66|958|10|Purple Angel|0.192|0.18234541700183587|1.3401466608047485|1810.0251705438113|1263.6074985648836|2193.75302676494|1311.078985932446|[[2841.3712142828917, 0.0, 2004.355023481056], [0.0, 2863.7600731700495, 1476.2484742699291], [0.0, 0.0, 1.0]]|[-0.12522768463073414, -0.03655398418155435, -0.0016834701843602728, 0.00031500872322268533, 0.033920993967001614]
66|959|10|Purple Angel|0.192|0.1806254953800851|2.3863213062286377|1921.934234500507|1369.9449571552054|2136.5078542585543|1384.650002425337|[[2841.3712142828917, 0.0, 2004.355023481056], [0.0, 2863.7600731700495, 1476.2484742699291], [0.0, 0.0, 1.0]]|[-0.12522768463073414, -0.03655398418155435, -0.0016834701843602728, 0.00031500872322268533, 0.033920993967001614]
66|960|10|Purple Angel|0.192|0.18025975741554745|2.502328634262085|1955.5111279733608|1395.292164744396|2159.8812469317254|1406.6960774028657|[[2841.3712142828917, 0.0, 2004.355023481056], [0.0, 2863.7600731700495, 1476.2484742699291], [0.0, 0.0, 1.0]]|[-0.12522768463073414, -0.03655398418155435, -0.0016834701843602728, 0.00031500872322268533, 0.033920993967001614]
66|961|10|Snook|0.455|0.43069510985523624|1.6481826305389404|2401.618122356631|1435.822584045853|1689.450702288232|1224.1345697175802|[[2841.3712142828917, 0.0, 2004.355023481056], [0.0, 2863.7600731700495, 1476.2484742699291], [0.0, 0.0, 1.0]]|[-0.12522768463073414, -0.03655398418155435, -0.0016834701843602728, 0.00031500872322268533, 0.033920993967001614]
66|962|10|Ruler|0.3429|0.32986351653070706|1.8057550191879272|1781.590707035701|1265.8769220044176|2300.258907231706|1285.7586216756833|[[2841.3712142828917, 0.0, 2004.355023481056], [0.0, 2863.7600731700495, 1476.2484742699291], [0.0, 0.0, 1.0]]|[-0.12522768463073414, -0.03655398418155435, -0.0016834701843602728, 0.00031500872322268533, 0.033920993967001614]
66|963|10|Ruler|0.3429|0.32970481895077147|1.9068995714187622|1768.3386352865957|1314.2505664226921|2259.4166171668626|1328.307276892026|[[2841.3712142828917, 0.0, 2004.355023481056], [0.0, 2863.7600731700495, 1476.2484742699291], [0.0, 0.0, 1.0]]|[-0.12522768463073414, -0.03655398418155435, -0.0016834701843602728, 0.00031500872322268533, 0.033920993967001614]
84|965|5|Snook|0.455|0.44237355473787726|1.2720046043395996|1947.1724195441645|1682.1943941033396|2000.4528301886792|689.4339622641509|[[2833.277965760987, 0.0, 2009.7572163743287], [0.0, 2858.7736950651392, 1407.9866181636053], [0.0, 0.0, 1.0]]|[-0.12400110807193415, -0.043131654100972555, -0.003115796934186425, -0.0006848557959985216, 0.03604454414920244]
503|1016|6|Box|0.15|0.14773647088675199|1.0577082633972168|1815.5395859730645|1285.5825315893858|2210.0343636608136|1295.0001788020907|[[2825.1480807147805, 0.0, 2061.852601572974], [0.0, 2850.606508156248, 1458.5627645450384], [0.0, 0.0, 1.0]]|[-0.09747574682920097, -0.13276029739730982, -0.0029275610442781445, 0.0005606131205602907, 0.13559718374741433]
503|1017|6|Box|0.15|0.15013264159865056|1.9701076745986938|2023.8903434103281|1359.9854236884619|2239.156748031218|1356.6831586127819|[[2825.1480807147805, 0.0, 2061.852601572974], [0.0, 2850.606508156248, 1458.5627645450384], [0.0, 0.0, 1.0]]|[-0.09747574682920097, -0.13276029739730982, -0.0029275610442781445, 0.0005606131205602907, 0.13559718374741433]
503|1018|6|Box|0.15|0.14779073988440028|0.7967485189437866|1766.066965676143|1138.865613379943|2290.110200818363|1138.276138424777|[[2825.1480807147805, 0.0, 2061.852601572974], [0.0, 2850.606508156248, 1458.5627645450384], [0.0, 0.0, 1.0]]|[-0.09747574682920097, -0.13276029739730982, -0.0029275610442781445, 0.0005606131205602907, 0.13559718374741433]
504|1396|6|Weasly Fish|0.313|0.28302744766688925|0.378288596868515|2729.283018867924|1046.188679245283|680.6792452830189|520.9056603773585|[[2825.1480807147805, 0.0, 2061.852601572974], [0.0, 2850.606508156248, 1458.5627645450384], [0.0, 0.0, 1.0]]|[-0.09747574682920097, -0.13276029739730982, -0.0029275610442781445, 0.0005606131205602907, 0.13559718374741433]
504|1397|6|Weasly Fish|0.313|0.28188683440683393|0.5103404521942139|2608.905660377358|1129.3584905660377|1111.8490566037735|685.0566037735848|[[2825.1480807147805, 0.0, 2061.852601572974], [0.0, 2850.606508156248, 1458.5627645450384], [0.0, 0.0, 1.0]]|[-0.09747574682920097, -0.13276029739730982, -0.0029275610442781445, 0.0005606131205602907, 0.13559718374741433]
504|1398|6|Weasly Fish|0.313|0.2886455133674869|0.6637672781944275|2503.8490566037735|1197.2075471698113|1319.7735849056598|866.7169811320755|[[2825.1480807147805, 0.0, 2061.852601572974], [0.0, 2850.606508156248, 1458.5627645450384], [0.0, 0.0, 1.0]]|[-0.09747574682920097, -0.13276029739730982, -0.0029275610442781445, 0.0005606131205602907, 0.13559718374741433]
504|1399|6|Weasly Fish|0.313|0.28984051471866146|0.784760594367981|2442.566037735849|1212.5283018867924|1437.9622641509434|928|[[2825.1480807147805, 0.0, 2061.852601572974], [0.0, 2850.606508156248, 1458.5627645450384], [0.0, 0.0, 1.0]]|[-0.09747574682920097, -0.13276029739730982, -0.0029275610442781445, 0.0005606131205602907, 0.13559718374741433]
504|1400|6|Weasly Fish|0.313|0.29299599473336746|0.9472274780273438|2396.6037735849054|1256.3018867924527|1551.7735849056603|1030.867924528302|[[2825.1480807147805, 0.0, 2061.852601572974], [0.0, 2850.606508156248, 1458.5627645450384], [0.0, 0.0, 1.0]]|[-0.09747574682920097, -0.13276029739730982, -0.0029275610442781445, 0.0005606131205602907, 0.13559718374741433]
504|1401|6|Weasly Fish|0.313|0.2939269003286917|1.076719880104065|2311.2452830188677|1289.1320754716983|1569.2830188679247|1076.830188679245|[[2825.1480807147805, 0.0, 2061.852601572974], [0.0, 2850.606508156248, 1458.5627645450384], [0.0, 0.0, 1.0]]|[-0.09747574682920097, -0.13276029739730982, -0.0029275610442781445, 0.0005606131205602907, 0.13559718374741433]
504|1402|6|Weasly Fish|0.313|0.29872927067009775|1.2069897651672363|2334.0321589078126|1320.2482419290586|1657.3738578732177|1142.4625954511132|[[2825.1480807147805, 0.0, 2061.852601572974], [0.0, 2850.606508156248, 1458.5627645450384], [0.0, 0.0, 1.0]]|[-0.09747574682920097, -0.13276029739730982, -0.0029275610442781445, 0.0005606131205602907, 0.13559718374741433]
504|1403|6|Weasly Fish|0.313|0.3010323285499056|1.3412232398986816|2335.320754716981|1354.7924528301885|1721.288750393894|1195.129141004391|[[2825.1480807147805, 0.0, 2061.852601572974], [0.0, 2850.606508156248, 1458.5627645450384], [0.0, 0.0, 1.0]]|[-0.09747574682920097, -0.13276029739730982, -0.0029275610442781445, 0.0005606131205602907, 0.13559718374741433]
504|1404|6|Weasly Fish|0.313|0.29903971959956843|1.6771458387374878|2318.643266780763|1373.1271517296846|1828.7895790381483|1254.6426857413987|[[2825.1480807147805, 0.0, 2061.852601572974], [0.0, 2850.606508156248, 1458.5627645450384], [0.0, 0.0, 1.0]]|[-0.09747574682920097, -0.13276029739730982, -0.0029275610442781445, 0.0005606131205602907, 0.13559718374741433]
504|1405|6|Weasly Fish|0.313|0.3029134340564083|1.8749899864196777|2298.371576757592|1398.7236692336094|1856.206412887874|1284.5423704180325|[[2825.1480807147805, 0.0, 2061.852601572974], [0.0, 2850.606508156248, 1458.5627645450384], [0.0, 0.0, 1.0]]|[-0.09747574682920097, -0.13276029739730982, -0.0029275610442781445, 0.0005606131205602907, 0.13559718374741433]
504|1406|6|Weasly Fish|0.313|0.29915984074955726|2.0239195823669434|2297.5638781740236|1390.5664499617828|1892.9482689483546|1286.3472778885048|[[2825.1480807147805, 0.0, 2061.852601572974], [0.0, 2850.606508156248, 1458.5627645450384], [0.0, 0.0, 1.0]]|[-0.09747574682920097, -0.13276029739730982, -0.0029275610442781445, 0.0005606131205602907, 0.13559718374741433]
504|1407|6|Weasly Fish|0.313|0.30767811140089624|2.2299439907073975|2292.1508746919035|1402.5419225187|1915.582483833014|1300.9282297472537|[[2825.1480807147805, 0.0, 2061.852601572974], [0.0, 2850.606508156248, 1458.5627645450384], [0.0, 0.0, 1.0]]|[-0.09747574682920097, -0.13276029739730982, -0.0029275610442781445, 0.0005606131205602907, 0.13559718374741433]
504|1408|6|Weasly Fish|0.313|0.30858648381391485|2.2844772338867188|2285.1540512056745|1392.0849494101901|1916.4706029157096|1292.676451053861|[[2825.1480807147805, 0.0, 2061.852601572974], [0.0, 2850.606508156248, 1458.5627645450384], [0.0, 0.0, 1.0]]|[-0.09747574682920097, -0.13276029739730982, -0.0029275610442781445, 0.0005606131205602907, 0.13559718374741433]
504|1409|6|Weasly Fish|0.313|0.3084760682455562|2.468724250793457|2257.9962378832743|1431.8568575620984|1917.4610907068388|1337.9943070088061|[[2825.1480807147805, 0.0, 2061.852601572974], [0.0, 2850.606508156248, 1458.5627645450384], [0.0, 0.0, 1.0]]|[-0.09747574682920097, -0.13276029739730982, -0.0029275610442781445, 0.0005606131205602907, 0.13559718374741433]
504|1410|6|Weasly Fish|0.313|0.3081001006830296|2.697089910507202|2257.802521468194|1408.991353603021|1943.3443296365665|1335.7429863930945|[[2825.1480807147805, 0.0, 2061.852601572974], [0.0, 2850.606508156248, 1458.5627645450384], [0.0, 0.0, 1.0]]|[-0.09747574682920097, -0.13276029739730982, -0.0029275610442781445, 0.0005606131205602907, 0.13559718374741433]
504|1411|6|Weasly Fish|0.313|0.3083918648835754|2.989342212677002|2261.0619506015255|1437.29705822139|1976.922679995985|1371.829653096034|[[2825.1480807147805, 0.0, 2061.852601572974], [0.0, 2850.606508156248, 1458.5627645450384], [0.0, 0.0, 1.0]]|[-0.09747574682920097, -0.13276029739730982, -0.0029275610442781445, 0.0005606131205602907, 0.13559718374741433]
504|1412|6|Weasly Fish|0.313|0.3080903500586768|3.1632769107818604|2266.246553664571|1428.3913573859897|2000.620606639562|1355.94791728826|[[2825.1480807147805, 0.0, 2061.852601572974], [0.0, 2850.606508156248, 1458.5627645450384], [0.0, 0.0, 1.0]]|[-0.09747574682920097, -0.13276029739730982, -0.0029275610442781445, 0.0005606131205602907, 0.13559718374741433]
504|1413|6|Weasly Fish|0.313|0.30822238473402425|3.3936915397644043|2244.5017815855044|1429.5906007054768|1996.047612954031|1364.928122692318|[[2825.1480807147805, 0.0, 2061.852601572974], [0.0, 2850.606508156248, 1458.5627645450384], [0.0, 0.0, 1.0]]|[-0.09747574682920097, -0.13276029739730982, -0.0029275610442781445, 0.0005606131205602907, 0.13559718374741433]
504|1414|6|Weasly Fish|0.313|0.29940591552601964|3.4640278816223145|2218.8819251099544|1406.4020132480914|1982.0455377978578|1346.408112485675|[[2825.1480807147805, 0.0, 2061.852601572974], [0.0, 2850.606508156248, 1458.5627645450384], [0.0, 0.0, 1.0]]|[-0.09747574682920097, -0.13276029739730982, -0.0029275610442781445, 0.0005606131205602907, 0.13559718374741433]
504|1415|6|Weasly Fish|0.313|0.2985002894340241|3.654751777648926|2216.842282825842|1436.992000010272|1992.9074323812924|1380.8534937237118|[[2825.1480807147805, 0.0, 2061.852601572974], [0.0, 2850.606508156248, 1458.5627645450384], [0.0, 0.0, 1.0]]|[-0.09747574682920097, -0.13276029739730982, -0.0029275610442781445, 0.0005606131205602907, 0.13559718374741433]
504|1416|6|Weasly Fish|0.313|0.2977186457806059|3.8623287677764893|2222.184548292358|1417.8616680475823|2012.205895623901|1359.611776028259|[[2825.1480807147805, 0.0, 2061.852601572974], [0.0, 2850.606508156248, 1458.5627645450384], [0.0, 0.0, 1.0]]|[-0.09747574682920097, -0.13276029739730982, -0.0029275610442781445, 0.0005606131205602907, 0.13559718374741433]
504|1417|6|Weasly Fish|0.313|0.3064327130547066|4.1611504554748535|2241.6619259414324|1447.8045875729624|2041.10092048568|1391.9963077939706|[[2825.1480807147805, 0.0, 2061.852601572974], [0.0, 2850.606508156248, 1458.5627645450384], [0.0, 0.0, 1.0]]|[-0.09747574682920097, -0.13276029739730982, -0.0029275610442781445, 0.0005606131205602907, 0.13559718374741433]
504|1418|6|Weasly Fish|0.313|0.2949012576207185|4.171576976776123|2227.843048883409|1431.961189360398|2035.2797166578198|1378.5057734478282|[[2825.1480807147805, 0.0, 2061.852601572974], [0.0, 2850.606508156248, 1458.5627645450384], [0.0, 0.0, 1.0]]|[-0.09747574682920097, -0.13276029739730982, -0.0029275610442781445, 0.0005606131205602907, 0.13559718374741433]
504|1419|6|Weasly Fish|0.313|0.31533674618076696|4.445102214813232|2225.02413506723|1448.8973219415377|2027.3430865868397|1415.5984813171208|[[2825.1480807147805, 0.0, 2061.852601572974], [0.0, 2850.606508156248, 1458.5627645450384], [0.0, 0.0, 1.0]]|[-0.09747574682920097, -0.13276029739730982, -0.0029275610442781445, 0.0005606131205602907, 0.13559718374741433]
504|1420|6|Weasly Fish|0.313|0.2955524949188294|4.400115489959717|2232.0512232392985|1424.8740338264104|2045.7771374069678|1388.326586606143|[[2825.1480807147805, 0.0, 2061.852601572974], [0.0, 2850.606508156248, 1458.5627645450384], [0.0, 0.0, 1.0]]|[-0.09747574682920097, -0.13276029739730982, -0.0029275610442781445, 0.0005606131205602907, 0.13559718374741433]
504|1421|6|Weasly Fish|0.313|0.3230840898945723|4.9662885665893555|2251.651961461238|1432.985658731355|2071.8849064039077|1394.390435659345|[[2825.1480807147805, 0.0, 2061.852601572974], [0.0, 2850.606508156248, 1458.5627645450384], [0.0, 0.0, 1.0]]|[-0.09747574682920097, -0.13276029739730982, -0.0029275610442781445, 0.0005606131205602907, 0.13559718374741433]
504|1422|6|Weasly Fish|0.313|0.31626869570933785|4.208106517791748|2240.106548137586|1425.9607073272598|2032.8834292832162|1379.2561531872163|[[2825.1480807147805, 0.0, 2061.852601572974], [0.0, 2850.606508156248, 1458.5627645450384], [0.0, 0.0, 1.0]]|[-0.09747574682920097, -0.13276029739730982, -0.0029275610442781445, 0.0005606131205602907, 0.13559718374741433]
504|1423|6|Weasly Fish|0.313|0.30789302438916144|3.9856984615325928|2242.401481032366|1430.397723248323|2029.9007234123585|1380.2239332547103|[[2825.1480807147805, 0.0, 2061.852601572974], [0.0, 2850.606508156248, 1458.5627645450384], [0.0, 0.0, 1.0]]|[-0.09747574682920097, -0.13276029739730982, -0.0029275610442781445, 0.0005606131205602907, 0.13559718374741433]
504|1424|6|Weasly Fish|0.313|0.3191253672163157|3.914768695831299|2265.1864197313766|1428.8046182800372|2042.3256478509834|1370.2146856235213|[[2825.1480807147805, 0.0, 2061.852601572974], [0.0, 2850.606508156248, 1458.5627645450384], [0.0, 0.0, 1.0]]|[-0.09747574682920097, -0.13276029739730982, -0.0029275610442781445, 0.0005606131205602907, 0.13559718374741433]
504|1425|6|Weasly Fish|0.313|0.29150468798421825|3.4326014518737793|2249.3161783586565|1430.3249205263255|2016.4735710682437|1371.9668999649311|[[2825.1480807147805, 0.0, 2061.852601572974], [0.0, 2850.606508156248, 1458.5627645450384], [0.0, 0.0, 1.0]]|[-0.09747574682920097, -0.13276029739730982, -0.0029275610442781445, 0.0005606131205602907, 0.13559718374741433]
504|1426|6|Weasly Fish|0.313|0.2995526804431793|3.3796398639678955|2269.018553470129|1409.3488138264809|2026.0959244463854|1348.0434184892583|[[2825.1480807147805, 0.0, 2061.852601572974], [0.0, 2850.606508156248, 1458.5627645450384], [0.0, 0.0, 1.0]]|[-0.09747574682920097, -0.13276029739730982, -0.0029275610442781445, 0.0005606131205602907, 0.13559718374741433]
504|1427|6|Weasly Fish|0.313|0.31016827749204573|3.392636299133301|2257.609226647104|1433.3827031402311|2007.8135128286358|1367.1103709026784|[[2825.1480807147805, 0.0, 2061.852601572974], [0.0, 2850.606508156248, 1458.5627645450384], [0.0, 0.0, 1.0]]|[-0.09747574682920097, -0.13276029739730982, -0.0029275610442781445, 0.0005606131205602907, 0.13559718374741433]
504|1428|6|Weasly Fish|0.313|0.31289640293978777|3.2168853282928467|2253.9702812136006|1410.5253174157478|1986.938126523583|1345.0935973923665|[[2825.1480807147805, 0.0, 2061.852601572974], [0.0, 2850.606508156248, 1458.5627645450384], [0.0, 0.0, 1.0]]|[-0.09747574682920097, -0.13276029739730982, -0.0029275610442781445, 0.0005606131205602907, 0.13559718374741433]
504|1429|6|Weasly Fish|0.313|0.3051635378857258|2.998272657394409|2268.832164923661|1435.5285898737309|1989.790766028702|1365.499931112592|[[2825.1480807147805, 0.0, 2061.852601572974], [0.0, 2850.606508156248, 1458.5627645450384], [0.0, 0.0, 1.0]]|[-0.09747574682920097, -0.13276029739730982, -0.0029275610442781445, 0.0005606131205602907, 0.13559718374741433]
504|1430|6|Weasly Fish|0.313|0.3078225333788006|2.8734705448150635|2282.3439885166213|1397.908298929982|1990.0481231741512|1318.730301993537|[[2825.1480807147805, 0.0, 2061.852601572974], [0.0, 2850.606508156248, 1458.5627645450384], [0.0, 0.0, 1.0]]|[-0.09747574682920097, -0.13276029739730982, -0.0029275610442781445, 0.0005606131205602907, 0.13559718374741433]
504|1431|6|Weasly Fish|0.313|0.31044441957992924|2.6597771644592285|2273.9646020289424|1417.5201392339839|1956.2376011946833|1328.509421003978|[[2825.1480807147805, 0.0, 2061.852601572974], [0.0, 2850.606508156248, 1458.5627645450384], [0.0, 0.0, 1.0]]|[-0.09747574682920097, -0.13276029739730982, -0.0029275610442781445, 0.0005606131205602907, 0.13559718374741433]
504|1432|6|Weasly Fish|0.313|0.30628244277347755|2.4767367839813232|2282.2654704525926|1398.2145279253339|1946.0627975995487|1302.3532096253764|[[2825.1480807147805, 0.0, 2061.852601572974], [0.0, 2850.606508156248, 1458.5627645450384], [0.0, 0.0, 1.0]]|[-0.09747574682920097, -0.13276029739730982, -0.0029275610442781445, 0.0005606131205602907, 0.13559718374741433]
504|1433|6|Weasly Fish|0.313|0.30577095789770986|2.2919979095458984|2305.296787478373|1424.690738062789|1942.8286375470439|1320.4715659895105|[[2825.1480807147805, 0.0, 2061.852601572974], [0.0, 2850.606508156248, 1458.5627645450384], [0.0, 0.0, 1.0]]|[-0.09747574682920097, -0.13276029739730982, -0.0029275610442781445, 0.0005606131205602907, 0.13559718374741433]
504|1434|6|Weasly Fish|0.313|0.30987138000344006|2.1001224517822266|2276.5951116930564|1406.157596352376|1873.0314885412213|1300.819468269529|[[2825.1480807147805, 0.0, 2061.852601572974], [0.0, 2850.606508156248, 1458.5627645450384], [0.0, 0.0, 1.0]]|[-0.09747574682920097, -0.13276029739730982, -0.0029275610442781445, 0.0005606131205602907, 0.13559718374741433]
504|1435|6|Weasly Fish|0.313|0.30607385062732306|1.9056220054626465|2317.330270265628|1396.7698662842126|1878.0004809302566|1282.205408747778|[[2825.1480807147805, 0.0, 2061.852601572974], [0.0, 2850.606508156248, 1458.5627645450384], [0.0, 0.0, 1.0]]|[-0.09747574682920097, -0.13276029739730982, -0.0029275610442781445, 0.0005606131205602907, 0.13559718374741433]
504|1436|6|Weasly Fish|0.313|0.3100033519379959|1.720796823501587|2348.452830188679|1392|1858.1886792452829|1254.1132075471698|[[2825.1480807147805, 0.0, 2061.852601572974], [0.0, 2850.606508156248, 1458.5627645450384], [0.0, 0.0, 1.0]]|[-0.09747574682920097, -0.13276029739730982, -0.0029275610442781445, 0.0005606131205602907, 0.13559718374741433]
504|1437|6|Weasly Fish|0.313|0.3054000750706021|1.5004634857177734|2333.160089659141|1389.1627863037932|1780.2620554615642|1229.7687584270145|[[2825.1480807147805, 0.0, 2061.852601572974], [0.0, 2850.606508156248, 1458.5627645450384], [0.0, 0.0, 1.0]]|[-0.09747574682920097, -0.13276029739730982, -0.0029275610442781445, 0.0005606131205602907, 0.13559718374741433]
504|1438|6|Weasly Fish|0.313|0.30737352123322037|1.2979567050933838|2379.094339622641|1398.566037735849|1731.2452830188677|1230.0377358490566|[[2825.1480807147805, 0.0, 2061.852601572974], [0.0, 2850.606508156248, 1458.5627645450384], [0.0, 0.0, 1.0]]|[-0.09747574682920097, -0.13276029739730982, -0.0029275610442781445, 0.0005606131205602907, 0.13559718374741433]
504|1439|6|Weasly Fish|0.313|0.299243710260231|0.9104198813438416|2514.7924528301887|1293.5094339622642|1606.4905660377358|1098.7169811320755|[[2825.1480807147805, 0.0, 2061.852601572974], [0.0, 2850.606508156248, 1458.5627645450384], [0.0, 0.0, 1.0]]|[-0.09747574682920097, -0.13276029739730982, -0.0029275610442781445, 0.0005606131205602907, 0.13559718374741433]
504|1440|6|Weasly Fish|0.313|0.2941753652163915|0.7467600703239441|2530.181836559023|1304.1092900795581|1445.8426565318985|1051.2245343135148|[[2825.1480807147805, 0.0, 2061.852601572974], [0.0, 2850.606508156248, 1458.5627645450384], [0.0, 0.0, 1.0]]|[-0.09747574682920097, -0.13276029739730982, -0.0029275610442781445, 0.0005606131205602907, 0.13559718374741433]
504|1441|6|Weasly Fish|0.313|0.2882498940541371|0.47191882133483887|2854.037735849056|1271.6226415094338|1188.4528301886792|816.3773584905659|[[2825.1480807147805, 0.0, 2061.852601572974], [0.0, 2850.606508156248, 1458.5627645450384], [0.0, 0.0, 1.0]]|[-0.09747574682920097, -0.13276029739730982, -0.0029275610442781445, 0.0005606131205602907, 0.13559718374741433]
504|1442|6|Weasly Fish|0.313|0.28938466892318415|0.3702211081981659|3079.4716981132074|1276|932.3773584905659|755.0943396226413|[[2825.1480807147805, 0.0, 2061.852601572974], [0.0, 2850.606508156248, 1458.5627645450384], [0.0, 0.0, 1.0]]|[-0.09747574682920097, -0.13276029739730982, -0.0029275610442781445, 0.0005606131205602907, 0.13559718374741433]
504|1443|6|Weasly Fish|0.313|0.2940418549390635|0.2911805212497711|3425.283018867924|1374.4905660377358|652.2264150943395|698.188679245283|[[2825.1480807147805, 0.0, 2061.852601572974], [0.0, 2850.606508156248, 1458.5627645450384], [0.0, 0.0, 1.0]]|[-0.09747574682920097, -0.13276029739730982, -0.0029275610442781445, 0.0005606131205602907, 0.13559718374741433]
521|1478|2|Weasly Fish|0.313|0.3048063658690983|1.0950137376785278|1694.0377358490564|1286.9433962264152|2486.33962264151|1223.4716981132076|[[2855.292793016781, 0.0, 2031.7894533541553], [0.0, 2881.0734769839373, 1447.6913944790074], [0.0, 0.0, 1.0]]|[-0.11559555406536047, -0.08204727579183725, -0.0014575310792852196, -9.091755738331913e-05, 0.09918960513471031]
527|1480|2|Weasly Fish|0.313|0.2872747870447113|0.5971083641052246|2449.1298828125005|947.0786743164062|1075.9046849757674|910.264943457189|[[2855.292793016781, 0.0, 2031.7894533541553], [0.0, 2881.0734769839373, 1447.6913944790074], [0.0, 0.0, 1.0]]|[-0.11559555406536047, -0.08204727579183725, -0.0014575310792852196, -9.091755738331913e-05, 0.09918960513471031]
527|1481|2|Weasly Fish|0.313|0.28892982955780416|0.6957400441169739|2407.4826660156245|1037.572814941406|1221.9858332297752|1012.4698645457933|[[2855.292793016781, 0.0, 2031.7894533541553], [0.0, 2881.0734769839373, 1447.6913944790074], [0.0, 0.0, 1.0]]|[-0.11559555406536047, -0.08204727579183725, -0.0014575310792852196, -9.091755738331913e-05, 0.09918960513471031]
527|1482|2|Weasly Fish|0.313|0.3010053943859369|0.9701403975486755|2301.2203369140625|1127.757141113281|1415.6704361873992|1153.2972536348952|[[2855.292793016781, 0.0, 2031.7894533541553], [0.0, 2881.0734769839373, 1447.6913944790074], [0.0, 0.0, 1.0]]|[-0.11559555406536047, -0.08204727579183725, -0.0014575310792852196, -9.091755738331913e-05, 0.09918960513471031]
527|1483|2|Weasly Fish|0.313|0.3038164558881863|1.0874863862991333|2251.9836425781255|1164.3782958984377|1454.9394901109827|1196.9436196958254|[[2855.292793016781, 0.0, 2031.7894533541553], [0.0, 2881.0734769839373, 1447.6913944790074], [0.0, 0.0, 1.0]]|[-0.11559555406536047, -0.08204727579183725, -0.0014575310792852196, -9.091755738331913e-05, 0.09918960513471031]
527|1484|2|Weasly Fish|0.313|0.3045966818814141|1.2117401361465454|2256.772338867187|1211.9258422851562|1540.1774000822088|1252.7944097657034|[[2855.292793016781, 0.0, 2031.7894533541553], [0.0, 2881.0734769839373, 1447.6913944790074], [0.0, 0.0, 1.0]]|[-0.11559555406536047, -0.08204727579183725, -0.0014575310792852196, -9.091755738331913e-05, 0.09918960513471031]
527|1485|2|Weasly Fish|0.313|0.30884444932713956|1.641412377357483|2195.0000000000005|1297|1658.3718107189898|1322.979342969069|[[2855.292793016781, 0.0, 2031.7894533541553], [0.0, 2881.0734769839373, 1447.6913944790074], [0.0, 0.0, 1.0]]|[-0.11559555406536047, -0.08204727579183725, -0.0014575310792852196, -9.091755738331913e-05, 0.09918960513471031]
527|1486|2|Weasly Fish|0.313|0.30803883686026184|1.750098705291748|2165.03776059758|1323.5708011204626|1662.6746427638084|1337.9949520073644|[[2855.292793016781, 0.0, 2031.7894533541553], [0.0, 2881.0734769839373, 1447.6913944790074], [0.0, 0.0, 1.0]]|[-0.11559555406536047, -0.08204727579183725, -0.0014575310792852196, -9.091755738331913e-05, 0.09918960513471031]
527|1487|2|Weasly Fish|0.313|0.3057943787377169|1.8660314083099365|2162.0290527343745|1334.985107421875|1694.2052001953125|1325.985107421875|[[2855.292793016781, 0.0, 2031.7894533541553], [0.0, 2881.0734769839373, 1447.6913944790074], [0.0, 0.0, 1.0]]|[-0.11559555406536047, -0.08204727579183725, -0.0014575310792852196, -9.091755738331913e-05, 0.09918960513471031]
527|1488|2|Weasly Fish|0.313|0.3114442415857467|2.297495126724243|2136.703369140625|1363.6309814453125|1749.6463223156231|1364.6507144723823|[[2855.292793016781, 0.0, 2031.7894533541553], [0.0, 2881.0734769839373, 1447.6913944790074], [0.0, 0.0, 1.0]]|[-0.11559555406536047, -0.08204727579183725, -0.0014575310792852196, -9.091755738331913e-05, 0.09918960513471031]
527|1489|2|Weasly Fish|0.313|0.3131516712540495|2.456366539001465|2137.366587849409|1409.1373010653726|1773.3920095606436|1404.09430481334|[[2855.292793016781, 0.0, 2031.7894533541553], [0.0, 2881.0734769839373, 1447.6913944790074], [0.0, 0.0, 1.0]]|[-0.11559555406536047, -0.08204727579183725, -0.0014575310792852196, -9.091755738331913e-05, 0.09918960513471031]
527|1490|2|Weasly Fish|0.313|0.30179213808132|2.549377918243408|2148.85205078125|1385.09033203125|1811.0986328125|1371.90966796875|[[2855.292793016781, 0.0, 2031.7894533541553], [0.0, 2881.0734769839373, 1447.6913944790074], [0.0, 0.0, 1.0]]|[-0.11559555406536047, -0.08204727579183725, -0.0014575310792852196, -9.091755738331913e-05, 0.09918960513471031]
527|1491|2|Weasly Fish|0.313|0.29830071636132754|2.883228063583374|2118.3757167719264|1378.5703204990214|1823|1374|[[2855.292793016781, 0.0, 2031.7894533541553], [0.0, 2881.0734769839373, 1447.6913944790074], [0.0, 0.0, 1.0]]|[-0.11559555406536047, -0.08204727579183725, -0.0014575310792852196, -9.091755738331913e-05, 0.09918960513471031]
527|1492|2|Weasly Fish|0.313|0.3121859276333347|3.200718402862549|2119.329477267835|1392.8236931695872|1840.835261366083|1392.7649242261157|[[2855.292793016781, 0.0, 2031.7894533541553], [0.0, 2881.0734769839373, 1447.6913944790074], [0.0, 0.0, 1.0]]|[-0.11559555406536047, -0.08204727579183725, -0.0014575310792852196, -9.091755738331913e-05, 0.09918960513471031]
527|1493|2|Weasly Fish|0.313|0.30735221289969|3.2620277404785156|2130.0000000000005|1391|1861|1387|[[2855.292793016781, 0.0, 2031.7894533541553], [0.0, 2881.0734769839373, 1447.6913944790074], [0.0, 0.0, 1.0]]|[-0.11559555406536047, -0.08204727579183725, -0.0014575310792852196, -9.091755738331913e-05, 0.09918960513471031]
527|1494|2|Weasly Fish|0.313|0.30035463997269|3.4041426181793213|2113.905435261656|1411.432481607433|1862|1408|[[2855.292793016781, 0.0, 2031.7894533541553], [0.0, 2881.0734769839373, 1447.6913944790074], [0.0, 0.0, 1.0]]|[-0.11559555406536047, -0.08204727579183725, -0.0014575310792852196, -9.091755738331913e-05, 0.09918960513471031]
527|1495|2|Weasly Fish|0.313|0.3044959454783291|3.533090829849243|2104.077065840153|1407.9730186354736|1858|1406.6743677036998|[[2855.292793016781, 0.0, 2031.7894533541553], [0.0, 2881.0734769839373, 1447.6913944790074], [0.0, 0.0, 1.0]]|[-0.11559555406536047, -0.08204727579183725, -0.0014575310792852196, -9.091755738331913e-05, 0.09918960513471031]
527|1496|2|Weasly Fish|0.313|0.2915710671618865|3.58074951171875|2104.0000000000005|1423|1871.5973018635473|1429.7514335438525|[[2855.292793016781, 0.0, 2031.7894533541553], [0.0, 2881.0734769839373, 1447.6913944790074], [0.0, 0.0, 1.0]]|[-0.11559555406536047, -0.08204727579183725, -0.0014575310792852196, -9.091755738331913e-05, 0.09918960513471031]
527|1497|2|Weasly Fish|0.313|0.30016774003908936|4.081654071807861|2133.0675833738173|1433.675703775676|1923.4594629719588|1446.2838241775348|[[2855.292793016781, 0.0, 2031.7894533541553], [0.0, 2881.0734769839373, 1447.6913944790074], [0.0, 0.0, 1.0]]|[-0.11559555406536047, -0.08204727579183725, -0.0014575310792852196, -9.091755738331913e-05, 0.09918960513471031]
527|1498|2|Weasly Fish|0.313|0.31632841049120974|4.40144157409668|2109.1808974981814|1424.6549288856556|1904|1428|[[2855.292793016781, 0.0, 2031.7894533541553], [0.0, 2881.0734769839373, 1447.6913944790074], [0.0, 0.0, 1.0]]|[-0.11559555406536047, -0.08204727579183725, -0.0014575310792852196, -9.091755738331913e-05, 0.09918960513471031]
527|1499|2|Weasly Fish|0.313|0.3146709885416408|4.537211894989014|2122.090556522416|1415.479763976605|1924.2986509317739|1425.154131680305|[[2855.292793016781, 0.0, 2031.7894533541553], [0.0, 2881.0734769839373, 1447.6913944790074], [0.0, 0.0, 1.0]]|[-0.11559555406536047, -0.08204727579183725, -0.0014575310792852196, -9.091755738331913e-05, 0.09918960513471031]
527|1500|2|Weasly Fish|0.313|0.3141291714597469|5.059840679168701|2095.9189259439195|1426.837851887838|1918.837851887838|1434.9730186354736|[[2855.292793016781, 0.0, 2031.7894533541553], [0.0, 2881.0734769839373, 1447.6913944790074], [0.0, 0.0, 1.0]]|[-0.11559555406536047, -0.08204727579183725, -0.0014575310792852196, -9.091755738331913e-05, 0.09918960513471031]
527|1501|2|Weasly Fish|0.313|0.31588451829262276|4.05506706237793|2099.5904487490902|1410.5904487490907|1878|1430|[[2855.292793016781, 0.0, 2031.7894533541553], [0.0, 2881.0734769839373, 1447.6913944790074], [0.0, 0.0, 1.0]]|[-0.11559555406536047, -0.08204727579183725, -0.0014575310792852196, -9.091755738331913e-05, 0.09918960513471031]
527|1502|2|Weasly Fish|0.313|0.30720678799679013|3.8261401653289795|2129.778414908379|1402.0770658401532|1901|1417|[[2855.292793016781, 0.0, 2031.7894533541553], [0.0, 2881.0734769839373, 1447.6913944790074], [0.0, 0.0, 1.0]]|[-0.11559555406536047, -0.08204727579183725, -0.0014575310792852196, -9.091755738331913e-05, 0.09918960513471031]
527|1503|2|Weasly Fish|0.313|0.3044954804133907|3.7175076007843018|2104.0390368578087|1407.2624589724937|1870.815614743124|1424.835826383837|[[2855.292793016781, 0.0, 2031.7894533541553], [0.0, 2881.0734769839373, 1447.6913944790074], [0.0, 0.0, 1.0]]|[-0.11559555406536047, -0.08204727579183725, -0.0014575310792852196, -9.091755738331913e-05, 0.09918960513471031]
527|1504|2|Weasly Fish|0.313|0.31370410430902146|3.528977632522583|2126.6998390133153|1400.0887845901527|1873.1100286499914|1410.9343185209475|[[2855.292793016781, 0.0, 2031.7894533541553], [0.0, 2881.0734769839373, 1447.6913944790074], [0.0, 0.0, 1.0]]|[-0.11559555406536047, -0.08204727579183725, -0.0014575310792852196, -9.091755738331913e-05, 0.09918960513471031]
527|1505|2|Weasly Fish|0.313|0.3006665330565219|3.2956442832946777|2090|1396|1829.805396272905|1408.5703204990207|[[2855.292793016781, 0.0, 2031.7894533541553], [0.0, 2881.0734769839373, 1447.6913944790074], [0.0, 0.0, 1.0]]|[-0.11559555406536047, -0.08204727579183725, -0.0014575310792852196, -9.091755738331913e-05, 0.09918960513471031]
527|1506|2|Weasly Fish|0.313|0.3097960369790765|2.933986186981201|2129.051635742187|1379.8377685546875|1828.4365860550554|1402.9586624712495|[[2855.292793016781, 0.0, 2031.7894533541553], [0.0, 2881.0734769839373, 1447.6913944790074], [0.0, 0.0, 1.0]]|[-0.11559555406536047, -0.08204727579183725, -0.0014575310792852196, -9.091755738331913e-05, 0.09918960513471031]
527|1507|2|Weasly Fish|0.313|0.3089158312481834|2.7140166759490967|2127|1369|1802.611753788694|1389.0472007469755|[[2855.292793016781, 0.0, 2031.7894533541553], [0.0, 2881.0734769839373, 1447.6913944790074], [0.0, 0.0, 1.0]]|[-0.11559555406536047, -0.08204727579183725, -0.0014575310792852196, -9.091755738331913e-05, 0.09918960513471031]
527|1508|2|Weasly Fish|0.313|0.31042466765173|1.8865923881530762|2195.4876712376504|1328.1861983689505|1725.6840829132038|1324.612953874803|[[2855.292793016781, 0.0, 2031.7894533541553], [0.0, 2881.0734769839373, 1447.6913944790074], [0.0, 0.0, 1.0]]|[-0.11559555406536047, -0.08204727579183725, -0.0014575310792852196, -9.091755738331913e-05, 0.09918960513471031]
527|1509|2|Weasly Fish|0.313|0.30711407525215495|1.6876246929168701|2195.3104248046875|1317.992431640625|1675.7124033613884|1315.051592903735|[[2855.292793016781, 0.0, 2031.7894533541553], [0.0, 2881.0734769839373, 1447.6913944790074], [0.0, 0.0, 1.0]]|[-0.11559555406536047, -0.08204727579183725, -0.0014575310792852196, -9.091755738331913e-05, 0.09918960513471031]
527|1510|2|Weasly Fish|0.313|0.300599267599523|1.3292311429977417|2230.3657228597785|1309.3644411214966|1585.2926446312467|1280.4147107375065|[[2855.292793016781, 0.0, 2031.7894533541553], [0.0, 2881.0734769839373, 1447.6913944790074], [0.0, 0.0, 1.0]]|[-0.11559555406536047, -0.08204727579183725, -0.0014575310792852196, -9.091755738331913e-05, 0.09918960513471031]
527|1511|2|Weasly Fish|0.313|0.3038779930808049|1.1044260263442993|2256.636962890625|1218.5413208007815|1471.266100123314|1198.526122786028|[[2855.292793016781, 0.0, 2031.7894533541553], [0.0, 2881.0734769839373, 1447.6913944790074], [0.0, 0.0, 1.0]]|[-0.11559555406536047, -0.08204727579183725, -0.0014575310792852196, -9.091755738331913e-05, 0.09918960513471031]
527|1512|2|Weasly Fish|0.313|0.2958845549329024|0.7201901078224182|2439.8360595703125|1064.119323730469|1266.7701102178546|1059.4597795642906|[[2855.292793016781, 0.0, 2031.7894533541553], [0.0, 2881.0734769839373, 1447.6913944790074], [0.0, 0.0, 1.0]]|[-0.11559555406536047, -0.08204727579183725, -0.0014575310792852196, -9.091755738331913e-05, 0.09918960513471031]
527|1526|2|Weasly Fish|0.313|0.2931828612191481|0.7757821083068848|2386.3189697265625|1082.9939575195312|1307.2875605815832|1073.8077544426494|[[2855.292793016781, 0.0, 2031.7894533541553], [0.0, 2881.0734769839373, 1447.6913944790074], [0.0, 0.0, 1.0]]|[-0.11559555406536047, -0.08204727579183725, -0.0014575310792852196, -9.091755738331913e-05, 0.09918960513471031]
527|1527|2|Weasly Fish|0.313|0.29980477104280107|0.8680541515350342|2338.6416015625005|1084.5535888671875|1352.6704361873992|1103.4248788368336|[[2855.292793016781, 0.0, 2031.7894533541553], [0.0, 2881.0734769839373, 1447.6913944790074], [0.0, 0.0, 1.0]]|[-0.11559555406536047, -0.08204727579183725, -0.0014575310792852196, -9.091755738331913e-05, 0.09918960513471031]
527|1528|2|Weasly Fish|0.313|0.3028218941714769|1.3489755392074585|2223.297241210937|1239.7899780273435|1582.9450844630992|1268.0516374583342|[[2855.292793016781, 0.0, 2031.7894533541553], [0.0, 2881.0734769839373, 1447.6913944790074], [0.0, 0.0, 1.0]]|[-0.11559555406536047, -0.08204727579183725, -0.0014575310792852196, -9.091755738331913e-05, 0.09918960513471031]
527|1529|2|Weasly Fish|0.313|0.30574558637299953|1.5055546760559082|2205.647705078125|1271.8916015625|1626.1774000822093|1293.0121497739242|[[2855.292793016781, 0.0, 2031.7894533541553], [0.0, 2881.0734769839373, 1447.6913944790074], [0.0, 0.0, 1.0]]|[-0.11559555406536047, -0.08204727579183725, -0.0014575310792852196, -9.091755738331913e-05, 0.09918960513471031]
527|1530|2|Weasly Fish|0.313|0.3078365410816738|1.979851245880127|2174.0908203125005|1334.6342163085938|1730.1699226891108|1340.1271140988954|[[2855.292793016781, 0.0, 2031.7894533541553], [0.0, 2881.0734769839373, 1447.6913944790074], [0.0, 0.0, 1.0]]|[-0.11559555406536047, -0.08204727579183725, -0.0014575310792852196, -9.091755738331913e-05, 0.09918960513471031]
527|1531|2|Weasly Fish|0.313|0.3011956366719213|2.0766353607177734|2126.78804527001|1346.1830038339465|1712.6557624650188|1346.164874696476|[[2855.292793016781, 0.0, 2031.7894533541553], [0.0, 2881.0734769839373, 1447.6913944790074], [0.0, 0.0, 1.0]]|[-0.11559555406536047, -0.08204727579183725, -0.0014575310792852196, -9.091755738331913e-05, 0.09918960513471031]
527|1532|2|Weasly Fish|0.313|0.31344254409695876|2.782925844192505|2145.03369140625|1377.0015258789062|1823.4727579526455|1381.5975956897412|[[2855.292793016781, 0.0, 2031.7894533541553], [0.0, 2881.0734769839373, 1447.6913944790074], [0.0, 0.0, 1.0]]|[-0.11559555406536047, -0.08204727579183725, -0.0014575310792852196, -9.091755738331913e-05, 0.09918960513471031]
527|1533|2|Weasly Fish|0.313|0.30523474604915973|2.8356308937072754|2123.9067382812495|1383.9935302734375|1816.6180018674381|1390.249836041031|[[2855.292793016781, 0.0, 2031.7894533541553], [0.0, 2881.0734769839373, 1447.6913944790074], [0.0, 0.0, 1.0]]|[-0.11559555406536047, -0.08204727579183725, -0.0014575310792852196, -9.091755738331913e-05, 0.09918960513471031]
527|1534|2|Weasly Fish|0.313|0.29857488637043494|3.324742078781128|2096.9999999999995|1413|1840.7764924226117|1423.0356325504795|[[2855.292793016781, 0.0, 2031.7894533541553], [0.0, 2881.0734769839373, 1447.6913944790074], [0.0, 0.0, 1.0]]|[-0.11559555406536047, -0.08204727579183725, -0.0014575310792852196, -9.091755738331913e-05, 0.09918960513471031]
527|1535|2|Weasly Fish|0.313|0.3089502628614931|3.9128122329711914|2095.1874389648438|1432.0938110351562|1869.8162920916852|1438.1065601492405|[[2855.292793016781, 0.0, 2031.7894533541553], [0.0, 2881.0734769839373, 1447.6913944790074], [0.0, 0.0, 1.0]]|[-0.11559555406536047, -0.08204727579183725, -0.0014575310792852196, -9.091755738331913e-05, 0.09918960513471031]
527|1536|2|Weasly Fish|0.313|0.31020721592812317|4.171350479125977|2105.9999999999995|1419|1894.4026981364523|1436.868971430795|[[2855.292793016781, 0.0, 2031.7894533541553], [0.0, 2881.0734769839373, 1447.6913944790074], [0.0, 0.0, 1.0]]|[-0.11559555406536047, -0.08204727579183725, -0.0014575310792852196, -9.091755738331913e-05, 0.09918960513471031]
527|1537|2|Weasly Fish|0.313|0.31787416147105263|4.7019524574279785|2090|1423|1897.4594629719595|1436.8784538971295|[[2855.292793016781, 0.0, 2031.7894533541553], [0.0, 2881.0734769839373, 1447.6913944790074], [0.0, 0.0, 1.0]]|[-0.11559555406536047, -0.08204727579183725, -0.0014575310792852196, -9.091755738331913e-05, 0.09918960513471031]
527|1538|2|Weasly Fish|0.313|0.3032258943004866|4.090620994567871|2133|1430|1923.1946037270943|1458.1676223625684|[[2855.292793016781, 0.0, 2031.7894533541553], [0.0, 2881.0734769839373, 1447.6913944790074], [0.0, 0.0, 1.0]]|[-0.11559555406536047, -0.08204727579183725, -0.0014575310792852196, -9.091755738331913e-05, 0.09918960513471031]
527|1539|2|Weasly Fish|0.313|0.3029971292728246|3.986636161804199|2113.0675833738173|1422.4459722896968|1897.3783889158783|1446.581139037332|[[2855.292793016781, 0.0, 2031.7894533541553], [0.0, 2881.0734769839373, 1447.6913944790074], [0.0, 0.0, 1.0]]|[-0.11559555406536047, -0.08204727579183725, -0.0014575310792852196, -9.091755738331913e-05, 0.09918960513471031]
527|1540|2|Weasly Fish|0.313|0.31609502960672287|3.7393605709075928|2115.3892074541895|1419.2851602495107|1874.805396272905|1438.8419900662682|[[2855.292793016781, 0.0, 2031.7894533541553], [0.0, 2881.0734769839373, 1447.6913944790074], [0.0, 0.0, 1.0]]|[-0.11559555406536047, -0.08204727579183725, -0.0014575310792852196, -9.091755738331913e-05, 0.09918960513471031]
527|1541|2|Weasly Fish|0.313|0.32446086897272125|3.753056049346924|2116.1059696904467|1421.270708324364|1869.7649242261155|1437.2110114199004|[[2855.292793016781, 0.0, 2031.7894533541553], [0.0, 2881.0734769839373, 1447.6913944790074], [0.0, 0.0, 1.0]]|[-0.11559555406536047, -0.08204727579183725, -0.0014575310792852196, -9.091755738331913e-05, 0.09918960513471031]
527|1542|2|Weasly Fish|0.313|0.3038977591547564|3.217607021331787|2090|1394|1820.909443477584|1411.9460372709475|[[2855.292793016781, 0.0, 2031.7894533541553], [0.0, 2881.0734769839373, 1447.6913944790074], [0.0, 0.0, 1.0]]|[-0.11559555406536047, -0.08204727579183725, -0.0014575310792852196, -9.091755738331913e-05, 0.09918960513471031]
527|1543|2|Weasly Fish|0.313|0.31314009382742974|3.188420295715332|2122.6507479151514|1400.3014958303022|1842.7629843062625|1417.7797081882807|[[2855.292793016781, 0.0, 2031.7894533541553], [0.0, 2881.0734769839373, 1447.6913944790074], [0.0, 0.0, 1.0]]|[-0.11559555406536047, -0.08204727579183725, -0.0014575310792852196, -9.091755738331913e-05, 0.09918960513471031]
527|1544|2|Weasly Fish|0.313|0.3153352556052369|3.0787289142608643|2115.882462113058|1429.9730186354739|1824|1448.3487354074002|[[2855.292793016781, 0.0, 2031.7894533541553], [0.0, 2881.0734769839373, 1447.6913944790074], [0.0, 0.0, 1.0]]|[-0.11559555406536047, -0.08204727579183725, -0.0014575310792852196, -9.091755738331913e-05, 0.09918960513471031]
527|1545|2|Weasly Fish|0.313|0.3161220159290175|2.8331429958343506|2138.4858810871783|1400.0296242492614|1821.2718715810415|1429.9139000994537|[[2855.292793016781, 0.0, 2031.7894533541553], [0.0, 2881.0734769839373, 1447.6913944790074], [0.0, 0.0, 1.0]]|[-0.11559555406536047, -0.08204727579183725, -0.0014575310792852196, -9.091755738331913e-05, 0.09918960513471031]
527|1546|2|Weasly Fish|0.313|0.31437237538762575|2.598257541656494|2118.364898233615|1374.8243612055749|1773.851342570101|1400.7703984765221|[[2855.292793016781, 0.0, 2031.7894533541553], [0.0, 2881.0734769839373, 1447.6913944790074], [0.0, 0.0, 1.0]]|[-0.11559555406536047, -0.08204727579183725, -0.0014575310792852196, -9.091755738331913e-05, 0.09918960513471031]
527|1547|2|Weasly Fish|0.313|0.31183887495785334|2.4494426250457764|2150|1386|1787.3487354073993|1411.1618881871577|[[2855.292793016781, 0.0, 2031.7894533541553], [0.0, 2881.0734769839373, 1447.6913944790074], [0.0, 0.0, 1.0]]|[-0.11559555406536047, -0.08204727579183725, -0.0014575310792852196, -9.091755738331913e-05, 0.09918960513471031]
527|1548|2|Weasly Fish|0.313|0.3098418896987621|2.284754514694214|2178.2851602495107|1347.1676223625684|1791.4026981364523|1363.3352447251373|[[2855.292793016781, 0.0, 2031.7894533541553], [0.0, 2881.0734769839373, 1447.6913944790074], [0.0, 0.0, 1.0]]|[-0.11559555406536047, -0.08204727579183725, -0.0014575310792852196, -9.091755738331913e-05, 0.09918960513471031]
527|1549|2|Weasly Fish|0.313|0.3075714784219566|1.7877910137176514|2196.845855667374|1396.072028295279|1709.2086142673024|1336.2821117541876|[[2855.292793016781, 0.0, 2031.7894533541553], [0.0, 2881.0734769839373, 1447.6913944790074], [0.0, 0.0, 1.0]]|[-0.11559555406536047, -0.08204727579183725, -0.0014575310792852196, -9.091755738331913e-05, 0.09918960513471031]
527|1550|2|Weasly Fish|0.313|0.303412844716274|1.5836303234100342|2205.2158203124995|1312.6634521484373|1658.4422847134035|1294.968407499432|[[2855.292793016781, 0.0, 2031.7894533541553], [0.0, 2881.0734769839373, 1447.6913944790074], [0.0, 0.0, 1.0]]|[-0.11559555406536047, -0.08204727579183725, -0.0014575310792852196, -9.091755738331913e-05, 0.09918960513471031]
527|1551|2|Weasly Fish|0.313|0.30638998949404594|1.4783178567886353|2220.0155029296875|1332.006103515625|1632.610962767161|1259.563094131943|[[2855.292793016781, 0.0, 2031.7894533541553], [0.0, 2881.0734769839373, 1447.6913944790074], [0.0, 0.0, 1.0]]|[-0.11559555406536047, -0.08204727579183725, -0.0014575310792852196, -9.091755738331913e-05, 0.09918960513471031]
527|1552|2|Weasly Fish|0.313|0.30343927036189255|1.2303093671798706|2244.314208984375|1276.9152221679688|1540.690270642086|1247.6962695752036|[[2855.292793016781, 0.0, 2031.7894533541553], [0.0, 2881.0734769839373, 1447.6913944790074], [0.0, 0.0, 1.0]]|[-0.11559555406536047, -0.08204727579183725, -0.0014575310792852196, -9.091755738331913e-05, 0.09918960513471031]
527|1553|2|Weasly Fish|0.313|0.30017487407585697|0.9610008001327515|2306.765747070312|1176.1153564453125|1415.4151857835218|1145.4248788368338|[[2855.292793016781, 0.0, 2031.7894533541553], [0.0, 2881.0734769839373, 1447.6913944790074], [0.0, 0.0, 1.0]]|[-0.11559555406536047, -0.08204727579183725, -0.0014575310792852196, -9.091755738331913e-05, 0.09918960513471031]
527|1554|2|Weasly Fish|0.313|0.2980951839053951|0.8306843638420105|2387.558715820312|1131.830810546875|1363.287560581583|1104.2439418416802|[[2855.292793016781, 0.0, 2031.7894533541553], [0.0, 2881.0734769839373, 1447.6913944790074], [0.0, 0.0, 1.0]]|[-0.11559555406536047, -0.08204727579183725, -0.0014575310792852196, -9.091755738331913e-05, 0.09918960513471031]
498|1555|4|Weasly Fish|0.313|0.2737372612741543|0.3502134382724762|2706.6042003231014|1108.465266558966|560.3231017770598|577.3764135702745|[[2827.300073606339, 0.0, 1993.2574097262354], [0.0, 2852.2438974589363, 1443.3722632010733], [0.0, 0.0, 1.0]]|[-0.10503180452618159, -0.116551286948027, -0.0029062439353091346, -0.0010174323951853816, 0.11141675034675427]
498|1556|4|Weasly Fish|0.313|0.2826150995460799|0.5833660364151001|2455.153198242188|1015.0668334960936|1092.8303715670436|871.8287560581583|[[2827.300073606339, 0.0, 1993.2574097262354], [0.0, 2852.2438974589363, 1443.3722632010733], [0.0, 0.0, 1.0]]|[-0.10503180452618159, -0.116551286948027, -0.0029062439353091346, -0.0010174323951853816, 0.11141675034675427]
498|1557|4|Weasly Fish|0.313|0.2972363447773287|1.317625880241394|2170.202026367187|1381.3497924804688|1548.5428109854606|1237.5315024232634|[[2827.300073606339, 0.0, 1993.2574097262354], [0.0, 2852.2438974589363, 1443.3722632010733], [0.0, 0.0, 1.0]]|[-0.10503180452618159, -0.116551286948027, -0.0029062439353091346, -0.0010174323951853816, 0.11141675034675427]
498|1558|4|Weasly Fish|0.313|0.29807364623733557|1.4999973773956299|2123.9999999999995|1347|1567.4838401315353|1269.2298897821447|[[2827.300073606339, 0.0, 1993.2574097262354], [0.0, 2852.2438974589363, 1443.3722632010733], [0.0, 0.0, 1.0]]|[-0.10503180452618159, -0.116551286948027, -0.0029062439353091346, -0.0010174323951853816, 0.11141675034675427]
498|1559|4|Weasly Fish|0.313|0.3012666861970936|2.3190395832061768|2090.9999999999995|1409|1726.7263996265124|1361.570801120463|[[2827.300073606339, 0.0, 1993.2574097262354], [0.0, 2852.2438974589363, 1443.3722632010733], [0.0, 0.0, 1.0]]|[-0.10503180452618159, -0.116551286948027, -0.0029062439353091346, -0.0010174323951853816, 0.11141675034675427]
498|1560|4|Weasly Fish|0.313|0.3027168424202863|3.4527816772460938|2037.9999999999998|1433|1793|1395|[[2827.300073606339, 0.0, 1993.2574097262354], [0.0, 2852.2438974589363, 1443.3722632010733], [0.0, 0.0, 1.0]]|[-0.10503180452618159, -0.116551286948027, -0.0029062439353091346, -0.0010174323951853816, 0.11141675034675427]
498|1561|4|Weasly Fish|0.313|0.3169417926984896|3.4401462078094482|2044.3129156490709|1442.0631888425678|1785.1158447265623|1416.0139770507812|[[2827.300073606339, 0.0, 1993.2574097262354], [0.0, 2852.2438974589363, 1443.3722632010733], [0.0, 0.0, 1.0]]|[-0.10503180452618159, -0.116551286948027, -0.0029062439353091346, -0.0010174323951853816, 0.11141675034675427]
498|1562|4|Weasly Fish|0.313|0.3013560599710664|2.069908380508423|2099.9742431640625|1387.99658203125|1690.973388671875|1341.1898193359375|[[2827.300073606339, 0.0, 1993.2574097262354], [0.0, 2852.2438974589363, 1443.3722632010733], [0.0, 0.0, 1.0]]|[-0.10503180452618159, -0.116551286948027, -0.0029062439353091346, -0.0010174323951853816, 0.11141675034675427]
498|1563|4|Weasly Fish|0.313|0.30385092049027|1.0785202980041504|2228.1251220703125|1279.6500244140625|1436.137060156198|1193.9234497328198|[[2827.300073606339, 0.0, 1993.2574097262354], [0.0, 2852.2438974589363, 1443.3722632010733], [0.0, 0.0, 1.0]]|[-0.10503180452618159, -0.116551286948027, -0.0029062439353091346, -0.0010174323951853816, 0.11141675034675427]
498|1899|4|Weasly Fish|0.313|0.2940037147007367|1.1414449214935303|2253.14697265625|1301.634460449219|1531.8513731825526|1200.4781906300484|[[2827.300073606339, 0.0, 1993.2574097262354], [0.0, 2852.2438974589363, 1443.3722632010733], [0.0, 0.0, 1.0]]|[-0.10503180452618159, -0.116551286948027, -0.0029062439353091346, -0.0010174323951853816, 0.11141675034675427]
498|1900|4|Weasly Fish|0.313|0.2987824926111412|1.6450430154800415|2138.9999999999995|1348|1630.942159017521|1272.70429936066|[[2827.300073606339, 0.0, 1993.2574097262354], [0.0, 2852.2438974589363, 1443.3722632010733], [0.0, 0.0, 1.0]]|[-0.10503180452618159, -0.116551286948027, -0.0029062439353091346, -0.0010174323951853816, 0.11141675034675427]
498|1901|4|Weasly Fish|0.313|0.3019749783826605|1.8666300773620605|2136|1374|1684.670436187399|1299.1486268174476|[[2827.300073606339, 0.0, 1993.2574097262354], [0.0, 2852.2438974589363, 1443.3722632010733], [0.0, 0.0, 1.0]]|[-0.10503180452618159, -0.116551286948027, -0.0029062439353091346, -0.0010174323951853816, 0.11141675034675427]
498|1902|4|Weasly Fish|0.313|0.30228911002932746|2.0375990867614746|2113.9999999999995|1384|1699.5654810027115|1318.7871326581153|[[2827.300073606339, 0.0, 1993.2574097262354], [0.0, 2852.2438974589363, 1443.3722632010733], [0.0, 0.0, 1.0]]|[-0.10503180452618159, -0.116551286948027, -0.0029062439353091346, -0.0010174323951853816, 0.11141675034675427]
498|1903|4|Weasly Fish|0.313|0.30134751536738114|2.547827959060669|2044.0169677734375|1417.0538940429688|1713.0167846679688|1369.0538940429688|[[2827.300073606339, 0.0, 1993.2574097262354], [0.0, 2852.2438974589363, 1443.3722632010733], [0.0, 0.0, 1.0]]|[-0.10503180452618159, -0.116551286948027, -0.0029062439353091346, -0.0010174323951853816, 0.11141675034675427]
498|1904|4|Weasly Fish|0.313|0.30029183921420244|2.7849483489990234|2032.02392578125|1433.145263671875|1729.1402821077102|1398.1967595021777|[[2827.300073606339, 0.0, 1993.2574097262354], [0.0, 2852.2438974589363, 1443.3722632010733], [0.0, 0.0, 1.0]]|[-0.10503180452618159, -0.116551286948027, -0.0029062439353091346, -0.0010174323951853816, 0.11141675034675427]
498|1905|4|Weasly Fish|0.313|0.2981362631252583|2.9744863510131836|2032.019348144531|1434.9461059570312|1751.0189819335938|1397.9461059570312|[[2827.300073606339, 0.0, 1993.2574097262354], [0.0, 2852.2438974589363, 1443.3722632010733], [0.0, 0.0, 1.0]]|[-0.10503180452618159, -0.116551286948027, -0.0029062439353091346, -0.0010174323951853816, 0.11141675034675427]
498|1906|4|Weasly Fish|0.313|0.3031765852273775|3.2282121181488037|2032|1429|1768.4296795009795|1396.5568298167575|[[2827.300073606339, 0.0, 1993.2574097262354], [0.0, 2852.2438974589363, 1443.3722632010733], [0.0, 0.0, 1.0]]|[-0.10503180452618159, -0.116551286948027, -0.0029062439353091346, -0.0010174323951853816, 0.11141675034675427]
498|1907|4|Weasly Fish|0.313|0.2907080816515757|3.5016729831695557|2037.9999999999998|1455|1807|1413|[[2827.300073606339, 0.0, 1993.2574097262354], [0.0, 2852.2438974589363, 1443.3722632010733], [0.0, 0.0, 1.0]]|[-0.10503180452618159, -0.116551286948027, -0.0029062439353091346, -0.0010174323951853816, 0.11141675034675427]
498|1908|4|Weasly Fish|0.313|0.29260472114279984|3.7360751628875732|2034|1466|1814.7013490682261|1435.0770658401523|[[2827.300073606339, 0.0, 1993.2574097262354], [0.0, 2852.2438974589363, 1443.3722632010733], [0.0, 0.0, 1.0]]|[-0.10503180452618159, -0.116551286948027, -0.0029062439353091346, -0.0010174323951853816, 0.11141675034675427]
498|1909|4|Weasly Fish|0.313|0.30015580423992777|3.94838285446167|2023.935974121094|1450.0765380859375|1810.9359130859375|1421.0765380859375|[[2827.300073606339, 0.0, 1993.2574097262354], [0.0, 2852.2438974589363, 1443.3722632010733], [0.0, 0.0, 1.0]]|[-0.10503180452618159, -0.116551286948027, -0.0029062439353091346, -0.0010174323951853816, 0.11141675034675427]
498|1910|4|Weasly Fish|0.313|0.2979080929443098|4.103908538818359|2027.0000000000002|1470.0000000000002|1824.0413011943892|1439.2334385711094|[[2827.300073606339, 0.0, 1993.2574097262354], [0.0, 2852.2438974589363, 1443.3722632010733], [0.0, 0.0, 1.0]]|[-0.10503180452618159, -0.116551286948027, -0.0029062439353091346, -0.0010174323951853816, 0.11141675034675427]
498|1911|4|Weasly Fish|0.313|0.3163800186689986|4.052077770233154|2029.6354036250427|1462.6262720005752|1809.1948911661486|1450.8130199292407|[[2827.300073606339, 0.0, 1993.2574097262354], [0.0, 2852.2438974589363, 1443.3722632010733], [0.0, 0.0, 1.0]]|[-0.10503180452618159, -0.116551286948027, -0.0029062439353091346, -0.0010174323951853816, 0.11141675034675427]
498|1912|4|Weasly Fish|0.313|0.29799322958856067|3.7789156436920166|2041.1163940429688|1442.9819946289062|1818.3106705277119|1434.841698540681|[[2827.300073606339, 0.0, 1993.2574097262354], [0.0, 2852.2438974589363, 1443.3722632010733], [0.0, 0.0, 1.0]]|[-0.10503180452618159, -0.116551286948027, -0.0029062439353091346, -0.0010174323951853816, 0.11141675034675427]
498|1913|4|Weasly Fish|0.313|0.3128220270083015|3.746547222137451|2053.7482552078764|1454.959650023523|1818.505703409671|1435.053970621242|[[2827.300073606339, 0.0, 1993.2574097262354], [0.0, 2852.2438974589363, 1443.3722632010733], [0.0, 0.0, 1.0]]|[-0.10503180452618159, -0.116551286948027, -0.0029062439353091346, -0.0010174323951853816, 0.11141675034675427]
498|1914|4|Weasly Fish|0.313|0.30877319801092096|3.5664899349212646|2053.0000000000005|1429|1808.485286905628|1417.57356547186|[[2827.300073606339, 0.0, 1993.2574097262354], [0.0, 2852.2438974589363, 1443.3722632010733], [0.0, 0.0, 1.0]]|[-0.10503180452618159, -0.116551286948027, -0.0029062439353091346, -0.0010174323951853816, 0.11141675034675427]
498|1915|4|Weasly Fish|0.313|0.3121288210292167|3.160182237625122|2055.8604284216512|1419.8380974664622|1777.9754028320312|1392.014404296875|[[2827.300073606339, 0.0, 1993.2574097262354], [0.0, 2852.2438974589363, 1443.3722632010733], [0.0, 0.0, 1.0]]|[-0.10503180452618159, -0.116551286948027, -0.0029062439353091346, -0.0010174323951853816, 0.11141675034675427]
498|1916|4|Weasly Fish|0.313|0.30573522495677097|2.727443218231201|2041.86767578125|1427.147216796875|1725.1416022409257|1415.7167955181485|[[2827.300073606339, 0.0, 1993.2574097262354], [0.0, 2852.2438974589363, 1443.3722632010733], [0.0, 0.0, 1.0]]|[-0.10503180452618159, -0.116551286948027, -0.0029062439353091346, -0.0010174323951853816, 0.11141675034675427]
498|1917|4|Weasly Fish|0.313|0.3101072642794013|2.5248682498931885|2064.5098749896697|1460.738687520783|1722.0068322999284|1402.9987109753863|[[2827.300073606339, 0.0, 1993.2574097262354], [0.0, 2852.2438974589363, 1443.3722632010733], [0.0, 0.0, 1.0]]|[-0.10503180452618159, -0.116551286948027, -0.0029062439353091346, -0.0010174323951853816, 0.11141675034675427]
498|1918|4|Weasly Fish|0.313|0.30987406293850067|2.2927350997924805|2061.369849389833|1446.3697758790943|1685.3533937401758|1377.7278457202308|[[2827.300073606339, 0.0, 1993.2574097262354], [0.0, 2852.2438974589363, 1443.3722632010733], [0.0, 0.0, 1.0]]|[-0.10503180452618159, -0.116551286948027, -0.0029062439353091346, -0.0010174323951853816, 0.11141675034675427]
498|1919|4|Weasly Fish|0.313|0.30953742467099515|1.8882451057434082|2110.2561697715746|1428.8763021735676|1653.678625275966|1348.5093364332688|[[2827.300073606339, 0.0, 1993.2574097262354], [0.0, 2852.2438974589363, 1443.3722632010733], [0.0, 0.0, 1.0]]|[-0.10503180452618159, -0.116551286948027, -0.0029062439353091346, -0.0010174323951853816, 0.11141675034675427]
498|1920|4|Weasly Fish|0.313|0.30607885767756643|1.6532307863235474|2117|1351|1595.759604108364|1302.5751932772228|[[2827.300073606339, 0.0, 1993.2574097262354], [0.0, 2852.2438974589363, 1443.3722632010733], [0.0, 0.0, 1.0]]|[-0.10503180452618159, -0.116551286948027, -0.0029062439353091346, -0.0010174323951853816, 0.11141675034675427]
498|1921|4|Weasly Fish|0.313|0.30270829201053695|1.4209526777267456|2130.2774658203125|1392.9650268554688|1541.2945433657944|1265.8737299326115|[[2827.300073606339, 0.0, 1993.2574097262354], [0.0, 2852.2438974589363, 1443.3722632010733], [0.0, 0.0, 1.0]]|[-0.10503180452618159, -0.116551286948027, -0.0029062439353091346, -0.0010174323951853816, 0.11141675034675427]
498|1922|4|Weasly Fish|0.313|0.30350785318278256|1.2407363653182983|2167.038818359375|1390.041748046875|1492.415185783522|1236.35056542811|[[2827.300073606339, 0.0, 1993.2574097262354], [0.0, 2852.2438974589363, 1443.3722632010733], [0.0, 0.0, 1.0]]|[-0.10503180452618159, -0.116551286948027, -0.0029062439353091346, -0.0010174323951853816, 0.11141675034675427]
498|1923|4|Weasly Fish|0.313|0.30016505105885993|0.8867294192314148|2284.732788085937|1253.8621826171875|1335.1599353796444|1133.2972536348952|[[2827.300073606339, 0.0, 1993.2574097262354], [0.0, 2852.2438974589363, 1443.3722632010733], [0.0, 0.0, 1.0]]|[-0.10503180452618159, -0.116551286948027, -0.0029062439353091346, -0.0010174323951853816, 0.11141675034675427]
498|1924|4|Weasly Fish|0.313|0.3022620543666654|0.6874147057533264|2376.8795166015625|1274.595947265625|1143.5218093699516|1117.1906300484652|[[2827.300073606339, 0.0, 1993.2574097262354], [0.0, 2852.2438974589363, 1443.3722632010733], [0.0, 0.0, 1.0]]|[-0.10503180452618159, -0.116551286948027, -0.0029062439353091346, -0.0010174323951853816, 0.11141675034675427]
501|2519|5|Weasly Fish|0.313|0.2798061780744485|0.444494366645813|2672.385375976563|881.691650390625|889.1509433962265|848.9811320754717|[[2833.277965760987, 0.0, 2009.7572163743287], [0.0, 2858.7736950651392, 1407.9866181636053], [0.0, 0.0, 1.0]]|[-0.12400110807193415, -0.043131654100972555, -0.003115796934186425, -0.0006848557959985216, 0.03604454414920244]
501|2520|5|Weasly Fish|0.313|0.2892958048856595|0.569501519203186|2534.20947265625|971.7413330078125|1095.2830188679245|940.9245283018868|[[2833.277965760987, 0.0, 2009.7572163743287], [0.0, 2858.7736950651392, 1407.9866181636053], [0.0, 0.0, 1.0]]|[-0.12400110807193415, -0.043131654100972555, -0.003115796934186425, -0.0006848557959985216, 0.03604454414920244]
501|2521|5|Weasly Fish|0.313|0.29302719562560664|0.7297887206077576|2390.57763671875|1109.3298339843748|1254.0943396226417|1057.8679245283022|[[2833.277965760987, 0.0, 2009.7572163743287], [0.0, 2858.7736950651392, 1407.9866181636053], [0.0, 0.0, 1.0]]|[-0.12400110807193415, -0.043131654100972555, -0.003115796934186425, -0.0006848557959985216, 0.03604454414920244]
501|2522|5|Weasly Fish|0.313|0.3013585492050898|0.9337356090545654|2256.1649169921875|1275.2645874023438|1352.9790465029168|1131.0419069941663|[[2833.277965760987, 0.0, 2009.7572163743287], [0.0, 2858.7736950651392, 1407.9866181636053], [0.0, 0.0, 1.0]]|[-0.12400110807193415, -0.043131654100972555, -0.003115796934186425, -0.0006848557959985216, 0.03604454414920244]
501|2523|5|Weasly Fish|0.313|0.3008657295518128|1.1820712089538574|2245.2177734375|1329.4818725585938|1531.4577268648798|1225.6658861192163|[[2833.277965760987, 0.0, 2009.7572163743287], [0.0, 2858.7736950651392, 1407.9866181636053], [0.0, 0.0, 1.0]]|[-0.12400110807193415, -0.043131654100972555, -0.003115796934186425, -0.0006848557959985216, 0.03604454414920244]
501|2524|5|Weasly Fish|0.313|0.29964230142287535|1.3346189260482788|2241.997192382812|1319.2228393554688|1611.6842831523204|1232.7366841437035|[[2833.277965760987, 0.0, 2009.7572163743287], [0.0, 2858.7736950651392, 1407.9866181636053], [0.0, 0.0, 1.0]]|[-0.12400110807193415, -0.043131654100972555, -0.003115796934186425, -0.0006848557959985216, 0.03604454414920244]
501|2525|5|Weasly Fish|0.313|0.3015894809980754|1.5581060647964478|2182.230224609375|1332.2880249023438|1636.7579481169553|1275.0525044834399|[[2833.277965760987, 0.0, 2009.7572163743287], [0.0, 2858.7736950651392, 1407.9866181636053], [0.0, 0.0, 1.0]]|[-0.12400110807193415, -0.043131654100972555, -0.003115796934186425, -0.0006848557959985216, 0.03604454414920244]
501|2526|5|Weasly Fish|0.313|0.3007124502617368|1.7560783624649048|2159.251220703125|1369.9548950195312|1676.810573341127|1318.0735787212545|[[2833.277965760987, 0.0, 2009.7572163743287], [0.0, 2858.7736950651392, 1407.9866181636053], [0.0, 0.0, 1.0]]|[-0.12400110807193415, -0.043131654100972555, -0.003115796934186425, -0.0006848557959985216, 0.03604454414920244]
501|2527|5|Weasly Fish|0.313|0.29615609400956566|1.9684172868728638|2168.9903564453125|1396.8155517578125|1748.8566284179688|1324.0518798828125|[[2833.277965760987, 0.0, 2009.7572163743287], [0.0, 2858.7736950651392, 1407.9866181636053], [0.0, 0.0, 1.0]]|[-0.12400110807193415, -0.043131654100972555, -0.003115796934186425, -0.0006848557959985216, 0.03604454414920244]
501|2528|5|Weasly Fish|0.313|0.2954247031626975|2.18839430809021|2159.950561523437|1356.9016723632812|1778.032958984375|1335.9511108398438|[[2833.277965760987, 0.0, 2009.7572163743287], [0.0, 2858.7736950651392, 1407.9866181636053], [0.0, 0.0, 1.0]]|[-0.12400110807193415, -0.043131654100972555, -0.003115796934186425, -0.0006848557959985216, 0.03604454414920244]
501|2529|5|Weasly Fish|0.313|0.30092975954623513|2.47050142288208|2140.1016845703125|1315.0689086914062|1795.16245791624|1303.8175600624497|[[2833.277965760987, 0.0, 2009.7572163743287], [0.0, 2858.7736950651392, 1407.9866181636053], [0.0, 0.0, 1.0]]|[-0.12400110807193415, -0.043131654100972555, -0.003115796934186425, -0.0006848557959985216, 0.03604454414920244]
501|2530|5|Weasly Fish|0.313|0.2996762309893401|2.4704549312591553|2125.604002810168|1373.8729465934678|1782.95361328125|1346.9435424804688|[[2833.277965760987, 0.0, 2009.7572163743287], [0.0, 2858.7736950651392, 1407.9866181636053], [0.0, 0.0, 1.0]]|[-0.12400110807193415, -0.043131654100972555, -0.003115796934186425, -0.0006848557959985216, 0.03604454414920244]
501|2531|5|Weasly Fish|0.313|0.2952986356731071|2.639540433883667|2125.997802734375|1369.871337890625|1809.2308063817636|1358.3400213345374|[[2833.277965760987, 0.0, 2009.7572163743287], [0.0, 2858.7736950651392, 1407.9866181636053], [0.0, 0.0, 1.0]]|[-0.12400110807193415, -0.043131654100972555, -0.003115796934186425, -0.0006848557959985216, 0.03604454414920244]
501|2532|5|Weasly Fish|0.313|0.29538033812945996|2.8062732219696045|2135.8704223632812|1364.839111328125|1838.1098022460938|1348.089111328125|[[2833.277965760987, 0.0, 2009.7572163743287], [0.0, 2858.7736950651392, 1407.9866181636053], [0.0, 0.0, 1.0]]|[-0.12400110807193415, -0.043131654100972555, -0.003115796934186425, -0.0006848557959985216, 0.03604454414920244]
501|2533|5|Weasly Fish|0.313|0.296833452986743|2.965991973876953|2119.999755859375|1363.0702514648438|1837.08349609375|1343.9297485351562|[[2833.277965760987, 0.0, 2009.7572163743287], [0.0, 2858.7736950651392, 1407.9866181636053], [0.0, 0.0, 1.0]]|[-0.12400110807193415, -0.043131654100972555, -0.003115796934186425, -0.0006848557959985216, 0.03604454414920244]
501|2534|5|Weasly Fish|0.313|0.3067324279124228|3.139779567718506|2132.0194931617125|1389.0426254859306|1856.0841064453125|1367.1173706054688|[[2833.277965760987, 0.0, 2009.7572163743287], [0.0, 2858.7736950651392, 1407.9866181636053], [0.0, 0.0, 1.0]]|[-0.12400110807193415, -0.043131654100972555, -0.003115796934186425, -0.0006848557959985216, 0.03604454414920244]
501|2535|5|Weasly Fish|0.313|0.29859349308388655|3.1301891803741455|2142.909362792969|1377.114013671875|1873.0604248046875|1361.885986328125|[[2833.277965760987, 0.0, 2009.7572163743287], [0.0, 2858.7736950651392, 1407.9866181636053], [0.0, 0.0, 1.0]]|[-0.12400110807193415, -0.043131654100972555, -0.003115796934186425, -0.0006848557959985216, 0.03604454414920244]
501|2536|5|Weasly Fish|0.313|0.3007105781531471|3.310260772705078|2137.915161132813|1422.9046630859375|1880.9090576171875|1408.9046630859375|[[2833.277965760987, 0.0, 2009.7572163743287], [0.0, 2858.7736950651392, 1407.9866181636053], [0.0, 0.0, 1.0]]|[-0.12400110807193415, -0.043131654100972555, -0.003115796934186425, -0.0006848557959985216, 0.03604454414920244]
501|2537|5|Weasly Fish|0.313|0.28921996576839204|3.295287609100342|2134.07666015625|1375.8956298828123|1886.0322265625|1358.1043701171875|[[2833.277965760987, 0.0, 2009.7572163743287], [0.0, 2858.7736950651392, 1407.9866181636053], [0.0, 0.0, 1.0]]|[-0.12400110807193415, -0.043131654100972555, -0.003115796934186425, -0.0006848557959985216, 0.03604454414920244]
501|2538|5|Weasly Fish|0.313|0.29869923562096157|3.500577211380005|2120.0002381027216|1399.1198549331632|1878.9158935546877|1380.900146484375|[[2833.277965760987, 0.0, 2009.7572163743287], [0.0, 2858.7736950651392, 1407.9866181636053], [0.0, 0.0, 1.0]]|[-0.12400110807193415, -0.043131654100972555, -0.003115796934186425, -0.0006848557959985216, 0.03604454414920244]
501|2539|5|Weasly Fish|0.313|0.3106470556529106|3.853890895843506|2131.9732666015625|1402.9418334960938|1903.9573974609375|1389.9418334960938|[[2833.277965760987, 0.0, 2009.7572163743287], [0.0, 2858.7736950651392, 1407.9866181636053], [0.0, 0.0, 1.0]]|[-0.12400110807193415, -0.043131654100972555, -0.003115796934186425, -0.0006848557959985216, 0.03604454414920244]
501|2540|5|Weasly Fish|0.313|0.3064531051549386|4.016784191131592|2100.034039503475|1408.9717120426126|1885.0634765625|1386.1238403320312|[[2833.277965760987, 0.0, 2009.7572163743287], [0.0, 2858.7736950651392, 1407.9866181636053], [0.0, 0.0, 1.0]]|[-0.12400110807193415, -0.043131654100972555, -0.003115796934186425, -0.0006848557959985216, 0.03604454414920244]
501|2541|5|Weasly Fish|0.313|0.30559198974747565|4.349514961242676|2105.23834940338|1434.7150482101401|1909|1401|[[2833.277965760987, 0.0, 2009.7572163743287], [0.0, 2858.7736950651392, 1407.9866181636053], [0.0, 0.0, 1.0]]|[-0.12400110807193415, -0.043131654100972555, -0.003115796934186425, -0.0006848557959985216, 0.03604454414920244]
501|2542|5|Weasly Fish|0.313|0.3012225646046667|3.5959696769714355|2089|1395|1855|1355|[[2833.277965760987, 0.0, 2009.7572163743287], [0.0, 2858.7736950651392, 1407.9866181636053], [0.0, 0.0, 1.0]]|[-0.12400110807193415, -0.043131654100972555, -0.003115796934186425, -0.0006848557959985216, 0.03604454414920244]
501|2543|5|Weasly Fish|0.313|0.30231736314105795|2.3265905380249023|2159.531004763293|1381.604401717562|1795.2464599609377|1327.8723754882812|[[2833.277965760987, 0.0, 2009.7572163743287], [0.0, 2858.7736950651392, 1407.9866181636053], [0.0, 0.0, 1.0]]|[-0.12400110807193415, -0.043131654100972555, -0.003115796934186425, -0.0006848557959985216, 0.03604454414920244]
501|2544|5|Weasly Fish|0.313|0.30353295079898635|2.1226582527160645|2180.3731463031722|1369.951399411389|1778.7677001953125|1316|[[2833.277965760987, 0.0, 2009.7572163743287], [0.0, 2858.7736950651392, 1407.9866181636053], [0.0, 0.0, 1.0]]|[-0.12400110807193415, -0.043131654100972555, -0.003115796934186425, -0.0006848557959985216, 0.03604454414920244]
501|2545|5|Weasly Fish|0.313|0.29771010723764935|1.8696191310882568|2214.6444812161853|1334.425204998543|1766.1530151367188|1284.996032714844|[[2833.277965760987, 0.0, 2009.7572163743287], [0.0, 2858.7736950651392, 1407.9866181636053], [0.0, 0.0, 1.0]]|[-0.12400110807193415, -0.043131654100972555, -0.003115796934186425, -0.0006848557959985216, 0.03604454414920244]
501|2546|5|Weasly Fish|0.313|0.30870045927599576|1.9915255308151245|2195.0426987704054|1393.5326037747786|1761.2186713870115|1324.5505222312254|[[2833.277965760987, 0.0, 2009.7572163743287], [0.0, 2858.7736950651392, 1407.9866181636053], [0.0, 0.0, 1.0]]|[-0.12400110807193415, -0.043131654100972555, -0.003115796934186425, -0.0006848557959985216, 0.03604454414920244]
501|2547|5|Weasly Fish|0.313|0.2994174786656047|1.8948352336883545|2191.157836914063|1311.6830444335938|1743.8105733411267|1293.5578032280762|[[2833.277965760987, 0.0, 2009.7572163743287], [0.0, 2858.7736950651392, 1407.9866181636053], [0.0, 0.0, 1.0]]|[-0.12400110807193415, -0.043131654100972555, -0.003115796934186425, -0.0006848557959985216, 0.03604454414920244]
501|2548|5|Weasly Fish|0.313|0.2968315168723198|1.7438161373138428|2226.74658203125|1371.0988159179688|1749.1992797851565|1303.0988159179688|[[2833.277965760987, 0.0, 2009.7572163743287], [0.0, 2858.7736950651392, 1407.9866181636053], [0.0, 0.0, 1.0]]|[-0.12400110807193415, -0.043131654100972555, -0.003115796934186425, -0.0006848557959985216, 0.03604454414920244]
501|2549|5|Weasly Fish|0.313|0.30219476689621483|1.6047264337539673|2219.2239990234375|1336.9765625|1690.5263729824521|1264.5367289902615|[[2833.277965760987, 0.0, 2009.7572163743287], [0.0, 2858.7736950651392, 1407.9866181636053], [0.0, 0.0, 1.0]]|[-0.12400110807193415, -0.043131654100972555, -0.003115796934186425, -0.0006848557959985216, 0.03604454414920244]
501|2550|5|Weasly Fish|0.313|0.2954254083680282|1.4308332204818726|2194.028198242187|1294.1014404296875|1610.1200627851806|1258.227239546208|[[2833.277965760987, 0.0, 2009.7572163743287], [0.0, 2858.7736950651392, 1407.9866181636053], [0.0, 0.0, 1.0]]|[-0.12400110807193415, -0.043131654100972555, -0.003115796934186425, -0.0006848557959985216, 0.03604454414920244]
501|2551|5|Weasly Fish|0.313|0.29184193303839134|1.2985641956329346|2197.808227539063|1343.0643920898438|1566.7194121359314|1257.532466038126|[[2833.277965760987, 0.0, 2009.7572163743287], [0.0, 2858.7736950651392, 1407.9866181636053], [0.0, 0.0, 1.0]]|[-0.12400110807193415, -0.043131654100972555, -0.003115796934186425, -0.0006848557959985216, 0.03604454414920244]
501|2552|5|Weasly Fish|0.313|0.28921431606504944|1.0512536764144897|2260.7288818359375|1286.4949951171877|1487.859868946505|1184.3294973420018|[[2833.277965760987, 0.0, 2009.7572163743287], [0.0, 2858.7736950651392, 1407.9866181636053], [0.0, 0.0, 1.0]]|[-0.12400110807193415, -0.043131654100972555, -0.003115796934186425, -0.0006848557959985216, 0.03604454414920244]
501|2553|5|Weasly Fish|0.313|0.28054889200026717|0.9089511632919312|2237.6704101562495|1162.5040893554685|1363.4494777687753|1140.4289308022346|[[2833.277965760987, 0.0, 2009.7572163743287], [0.0, 2858.7736950651392, 1407.9866181636053], [0.0, 0.0, 1.0]]|[-0.12400110807193415, -0.043131654100972555, -0.003115796934186425, -0.0006848557959985216, 0.03604454414920244]
501|2554|5|Weasly Fish|0.313|0.28439797656745497|0.7770207524299622|2420.446166992187|1237.6105346679688|1384.1509433962265|1198.7547169811319|[[2833.277965760987, 0.0, 2009.7572163743287], [0.0, 2858.7736950651392, 1407.9866181636053], [0.0, 0.0, 1.0]]|[-0.12400110807193415, -0.043131654100972555, -0.003115796934186425, -0.0006848557959985216, 0.03604454414920244]
501|2555|5|Weasly Fish|0.313|0.29306676619998906|0.730595052242279|2405.3496093749995|1158.3958129882815|1270.7169811320755|1092.2452830188681|[[2833.277965760987, 0.0, 2009.7572163743287], [0.0, 2858.7736950651392, 1407.9866181636053], [0.0, 0.0, 1.0]]|[-0.12400110807193415, -0.043131654100972555, -0.003115796934186425, -0.0006848557959985216, 0.03604454414920244]
501|2556|5|Weasly Fish|0.313|0.29622734369125286|0.6269936561584473|2436.3493652343745|1174.1617431640627|1101.4716981132076|1073.4905660377362|[[2833.277965760987, 0.0, 2009.7572163743287], [0.0, 2858.7736950651392, 1407.9866181636053], [0.0, 0.0, 1.0]]|[-0.12400110807193415, -0.043131654100972555, -0.003115796934186425, -0.0006848557959985216, 0.03604454414920244]
501|2557|5|Weasly Fish|0.313|0.2881751762131308|0.4096103310585022|2744.6037735849054|1155.6226415094338|781.3584905660377|807.6226415094341|[[2833.277965760987, 0.0, 2009.7572163743287], [0.0, 2858.7736950651392, 1407.9866181636053], [0.0, 0.0, 1.0]]|[-0.12400110807193415, -0.043131654100972555, -0.003115796934186425, -0.0006848557959985216, 0.03604454414920244]
501|2558|5|Weasly Fish|0.313|0.2886147694608139|0.3392760157585144|2953.6415094339627|1157.754716981132|581.2075471698113|728.8867924528303|[[2833.277965760987, 0.0, 2009.7572163743287], [0.0, 2858.7736950651392, 1407.9866181636053], [0.0, 0.0, 1.0]]|[-0.12400110807193415, -0.043131654100972555, -0.003115796934186425, -0.0006848557959985216, 0.03604454414920244]
501|2559|5|Weasly Fish|0.313|0.2865328242341437|0.2762661874294281|3377.132075471698|1179.698113207547|490.26415094339626|625.9622641509435|[[2833.277965760987, 0.0, 2009.7572163743287], [0.0, 2858.7736950651392, 1407.9866181636053], [0.0, 0.0, 1.0]]|[-0.12400110807193415, -0.043131654100972555, -0.003115796934186425, -0.0006848557959985216, 0.03604454414920244]
501|2560|5|Weasly Fish|0.313|0.2907282291057561|0.4411171078681946|2711.99853515625|901.1382446289062|851.1320754716982|744.4339622641509|[[2833.277965760987, 0.0, 2009.7572163743287], [0.0, 2858.7736950651392, 1407.9866181636053], [0.0, 0.0, 1.0]]|[-0.12400110807193415, -0.043131654100972555, -0.003115796934186425, -0.0006848557959985216, 0.03604454414920244]
521|2696|2|Weasly Fish|0.313|0.2996596826557308|0.6352093815803528|1482.4525451660159|1144.0860595703125|2806.6982421875|895.4139099121094|[[2855.292793016781, 0.0, 2031.7894533541553], [0.0, 2881.0734769839373, 1447.6913944790074], [0.0, 0.0, 1.0]]|[-0.11559555406536047, -0.08204727579183725, -0.0014575310792852196, -9.091755738331913e-05, 0.09918960513471031]
521|2697|2|Weasly Fish|0.313|0.30035225357615253|0.9095913171768188|1605.7070922851562|1300.4385986328127|2537.1398925781245|1152.9385986328125|[[2855.292793016781, 0.0, 2031.7894533541553], [0.0, 2881.0734769839373, 1447.6913944790074], [0.0, 0.0, 1.0]]|[-0.11559555406536047, -0.08204727579183725, -0.0014575310792852196, -9.091755738331913e-05, 0.09918960513471031]
521|2698|2|Weasly Fish|0.313|0.3056923339260235|1.240483045578003|1861.2666625976562|1360.85595703125|2554.822265625|1241.14404296875|[[2855.292793016781, 0.0, 2031.7894533541553], [0.0, 2881.0734769839373, 1447.6913944790074], [0.0, 0.0, 1.0]]|[-0.11559555406536047, -0.08204727579183725, -0.0014575310792852196, -9.091755738331913e-05, 0.09918960513471031]
521|2699|2|Weasly Fish|0.313|0.3111102361827129|1.335261344909668|1815.8138427734377|1297.3255004882812|2469.1654052734375|1170.8255004882812|[[2855.292793016781, 0.0, 2031.7894533541553], [0.0, 2881.0734769839373, 1447.6913944790074], [0.0, 0.0, 1.0]]|[-0.11559555406536047, -0.08204727579183725, -0.0014575310792852196, -9.091755738331913e-05, 0.09918960513471031]
521|2700|2|Weasly Fish|0.313|0.3031272575851655|1.3825064897537231|1851.1989135742188|1417.9531860351562|2463.8674316406245|1288.0468139648438|[[2855.292793016781, 0.0, 2031.7894533541553], [0.0, 2881.0734769839373, 1447.6913944790074], [0.0, 0.0, 1.0]]|[-0.11559555406536047, -0.08204727579183725, -0.0014575310792852196, -9.091755738331913e-05, 0.09918960513471031]
521|2701|2|Weasly Fish|0.313|0.30396259839610146|1.5826524496078491|1842.8255482879679|1424.9750447119982|2387.4185088865993|1360.0175710984267|[[2855.292793016781, 0.0, 2031.7894533541553], [0.0, 2881.0734769839373, 1447.6913944790074], [0.0, 0.0, 1.0]]|[-0.11559555406536047, -0.08204727579183725, -0.0014575310792852196, -9.091755738331913e-05, 0.09918960513471031]
521|2702|2|Weasly Fish|0.313|0.30596073025174303|1.708817720413208|1895.0894165039062|1371.0613403320312|2393.90771484375|1258.0613403320312|[[2855.292793016781, 0.0, 2031.7894533541553], [0.0, 2881.0734769839373, 1447.6913944790074], [0.0, 0.0, 1.0]]|[-0.11559555406536047, -0.08204727579183725, -0.0014575310792852196, -9.091755738331913e-05, 0.09918960513471031]
521|2703|2|Weasly Fish|0.313|0.30349339953559434|1.6842150688171387|1904.9406127929688|1449.0390014648438|2409.826049804687|1349.0390014648438|[[2855.292793016781, 0.0, 2031.7894533541553], [0.0, 2881.0734769839373, 1447.6913944790074], [0.0, 0.0, 1.0]]|[-0.11559555406536047, -0.08204727579183725, -0.0014575310792852196, -9.091755738331913e-05, 0.09918960513471031]
521|2704|2|Weasly Fish|0.313|0.3050320739370634|1.9596006870269775|1867.26123046875|1395.93701171875|2301.84423828125|1301.9370117187502|[[2855.292793016781, 0.0, 2031.7894533541553], [0.0, 2881.0734769839373, 1447.6913944790074], [0.0, 0.0, 1.0]]|[-0.11559555406536047, -0.08204727579183725, -0.0014575310792852196, -9.091755738331913e-05, 0.09918960513471031]
521|2705|2|Weasly Fish|0.313|0.3021399251182406|1.9980714321136475|1935.1314697265625|1397.6283569335938|2357.8946533203125|1309.1283569335938|[[2855.292793016781, 0.0, 2031.7894533541553], [0.0, 2881.0734769839373, 1447.6913944790074], [0.0, 0.0, 1.0]]|[-0.11559555406536047, -0.08204727579183725, -0.0014575310792852196, -9.091755738331913e-05, 0.09918960513471031]
521|2706|2|Weasly Fish|0.313|0.30039613393208736|2.028493642807007|1931.3217773437502|1484.953369140625|2341.8961181640625|1382.953369140625|[[2855.292793016781, 0.0, 2031.7894533541553], [0.0, 2881.0734769839373, 1447.6913944790074], [0.0, 0.0, 1.0]]|[-0.11559555406536047, -0.08204727579183725, -0.0014575310792852196, -9.091755738331913e-05, 0.09918960513471031]
521|2707|2|Weasly Fish|0.313|0.3019718623331509|2.141929864883423|1969.0661010742188|1468.370361328125|2360.0830078125005|1371.870361328125|[[2855.292793016781, 0.0, 2031.7894533541553], [0.0, 2881.0734769839373, 1447.6913944790074], [0.0, 0.0, 1.0]]|[-0.11559555406536047, -0.08204727579183725, -0.0014575310792852196, -9.091755738331913e-05, 0.09918960513471031]
521|2708|2|Weasly Fish|0.313|0.30395763720998553|2.258664131164551|1945.8634643554688|1433.0430297851562|2323.0482177734375|1359.0430297851562|[[2855.292793016781, 0.0, 2031.7894533541553], [0.0, 2881.0734769839373, 1447.6913944790074], [0.0, 0.0, 1.0]]|[-0.11559555406536047, -0.08204727579183725, -0.0014575310792852196, -9.091755738331913e-05, 0.09918960513471031]
521|2709|2|Weasly Fish|0.313|0.3000451247563541|2.3720927238464355|1889.0189208984375|1421.1783447265625|2248.8532714843745|1389.9262084960938|[[2855.292793016781, 0.0, 2031.7894533541553], [0.0, 2881.0734769839373, 1447.6913944790074], [0.0, 0.0, 1.0]]|[-0.11559555406536047, -0.08204727579183725, -0.0014575310792852196, -9.091755738331913e-05, 0.09918960513471031]
521|2710|2|Weasly Fish|0.313|0.30276235756711195|2.4005815982818604|1949|1450|2304|1389.0000000000002|[[2855.292793016781, 0.0, 2031.7894533541553], [0.0, 2881.0734769839373, 1447.6913944790074], [0.0, 0.0, 1.0]]|[-0.11559555406536047, -0.08204727579183725, -0.0014575310792852196, -9.091755738331913e-05, 0.09918960513471031]
521|2711|2|Weasly Fish|0.313|0.3031326170524131|3.0070624351501465|1934|1493|2216.9999999999995|1440|[[2855.292793016781, 0.0, 2031.7894533541553], [0.0, 2881.0734769839373, 1447.6913944790074], [0.0, 0.0, 1.0]]|[-0.11559555406536047, -0.08204727579183725, -0.0014575310792852196, -9.091755738331913e-05, 0.09918960513471031]
521|2712|2|Weasly Fish|0.313|0.300740158922497|3.0660312175750732|1981.8276977539062|1488.0634765625|2256.114868164062|1430.9365234375|[[2855.292793016781, 0.0, 2031.7894533541553], [0.0, 2881.0734769839373, 1447.6913944790074], [0.0, 0.0, 1.0]]|[-0.11559555406536047, -0.08204727579183725, -0.0014575310792852196, -9.091755738331913e-05, 0.09918960513471031]
521|2713|2|Weasly Fish|0.313|0.300007620954952|3.1615488529205322|1995|1480|2261|1428|[[2855.292793016781, 0.0, 2031.7894533541553], [0.0, 2881.0734769839373, 1447.6913944790074], [0.0, 0.0, 1.0]]|[-0.11559555406536047, -0.08204727579183725, -0.0014575310792852196, -9.091755738331913e-05, 0.09918960513471031]
521|2714|2|Weasly Fish|0.313|0.3019679777776799|2.3883044719696045|1940.9007568359375|1473.0742797851562|2293.066162109375|1392.9257202148438|[[2855.292793016781, 0.0, 2031.7894533541553], [0.0, 2881.0734769839373, 1447.6913944790074], [0.0, 0.0, 1.0]]|[-0.11559555406536047, -0.08204727579183725, -0.0014575310792852196, -9.091755738331913e-05, 0.09918960513471031]
521|2715|2|Weasly Fish|0.313|0.3001429017435974|2.2182581424713135|1932|1471|2314.75|1418|[[2855.292793016781, 0.0, 2031.7894533541553], [0.0, 2881.0734769839373, 1447.6913944790074], [0.0, 0.0, 1.0]]|[-0.11559555406536047, -0.08204727579183725, -0.0014575310792852196, -9.091755738331913e-05, 0.09918960513471031]
521|2716|2|Weasly Fish|0.313|0.3029231874639265|2.1079318523406982|1914|1396|2322|1352|[[2855.292793016781, 0.0, 2031.7894533541553], [0.0, 2881.0734769839373, 1447.6913944790074], [0.0, 0.0, 1.0]]|[-0.11559555406536047, -0.08204727579183725, -0.0014575310792852196, -9.091755738331913e-05, 0.09918960513471031]
521|2717|2|Weasly Fish|0.313|0.30306845785159453|1.9710880517959595|1957|1443|2393.7500000000005|1397.9999999999998|[[2855.292793016781, 0.0, 2031.7894533541553], [0.0, 2881.0734769839373, 1447.6913944790074], [0.0, 0.0, 1.0]]|[-0.11559555406536047, -0.08204727579183725, -0.0014575310792852196, -9.091755738331913e-05, 0.09918960513471031]
521|2718|2|Weasly Fish|0.313|0.30152941352403395|1.8312770128250122|1864|1440|2333|1407|[[2855.292793016781, 0.0, 2031.7894533541553], [0.0, 2881.0734769839373, 1447.6913944790074], [0.0, 0.0, 1.0]]|[-0.11559555406536047, -0.08204727579183725, -0.0014575310792852196, -9.091755738331913e-05, 0.09918960513471031]
521|2719|2|Weasly Fish|0.313|0.30148167418620375|1.4162410497665405|1797.1231079101562|1429.7362670898438|2386.8560791015625|1281.236267089844|[[2855.292793016781, 0.0, 2031.7894533541553], [0.0, 2881.0734769839373, 1447.6913944790074], [0.0, 0.0, 1.0]]|[-0.11559555406536047, -0.08204727579183725, -0.0014575310792852196, -9.091755738331913e-05, 0.09918960513471031]
521|2720|2|Weasly Fish|0.313|0.30246420871111934|1.2517404556274414|1774.0477294921875|1377.250244140625|2451.181640625|1243.750244140625|[[2855.292793016781, 0.0, 2031.7894533541553], [0.0, 2881.0734769839373, 1447.6913944790074], [0.0, 0.0, 1.0]]|[-0.11559555406536047, -0.08204727579183725, -0.0014575310792852196, -9.091755738331913e-05, 0.09918960513471031]
521|2721|2|Weasly Fish|0.313|0.302062650539475|1.0807716846466064|1766.7742919921875|1344.5093383789062|2557.783447265625|1238.0093383789065|[[2855.292793016781, 0.0, 2031.7894533541553], [0.0, 2881.0734769839373, 1447.6913944790074], [0.0, 0.0, 1.0]]|[-0.11559555406536047, -0.08204727579183725, -0.0014575310792852196, -9.091755738331913e-05, 0.09918960513471031]
521|2722|2|Weasly Fish|0.313|0.3002102065075262|0.9359721541404724|1638.4435424804688|1318.8638916015625|2546.8709716796875|1201.6361083984375|[[2855.292793016781, 0.0, 2031.7894533541553], [0.0, 2881.0734769839373, 1447.6913944790074], [0.0, 0.0, 1.0]]|[-0.11559555406536047, -0.08204727579183725, -0.0014575310792852196, -9.091755738331913e-05, 0.09918960513471031]
521|2723|2|Weasly Fish|0.313|0.2990020329591683|0.8279122710227966|1581.4258117675781|1271.2794189453123|2607.549438476562|1168.2205810546875|[[2855.292793016781, 0.0, 2031.7894533541553], [0.0, 2881.0734769839373, 1447.6913944790074], [0.0, 0.0, 1.0]]|[-0.11559555406536047, -0.08204727579183725, -0.0014575310792852196, -9.091755738331913e-05, 0.09918960513471031]
521|2724|2|Weasly Fish|0.313|0.29769695759490783|0.6771455407142639|1526.2136535644531|1220.0679321289062|2769.024291992188|1041.9320678710938|[[2855.292793016781, 0.0, 2031.7894533541553], [0.0, 2881.0734769839373, 1447.6913944790074], [0.0, 0.0, 1.0]]|[-0.11559555406536047, -0.08204727579183725, -0.0014575310792852196, -9.091755738331913e-05, 0.09918960513471031]
521|2725|2|Weasly Fish|0.313|0.293314657074461|0.5369164347648621|1386.9066162109375|1233.223876953125|2934.5471698113206|1036.830188679245|[[2855.292793016781, 0.0, 2031.7894533541553], [0.0, 2881.0734769839373, 1447.6913944790074], [0.0, 0.0, 1.0]]|[-0.11559555406536047, -0.08204727579183725, -0.0014575310792852196, -9.091755738331913e-05, 0.09918960513471031]
521|2726|2|Weasly Fish|0.313|0.29167684006565747|0.41580018401145935|1313.207547169811|871.0943396226415|3313.660377358491|770.4150943396226|[[2855.292793016781, 0.0, 2031.7894533541553], [0.0, 2881.0734769839373, 1447.6913944790074], [0.0, 0.0, 1.0]]|[-0.11559555406536047, -0.08204727579183725, -0.0014575310792852196, -9.091755738331913e-05, 0.09918960513471031]
59|2965|1|Shark|0.605|0.6048020284061217|1.2727868556976318|1289.5547532696892|1200.5398690428221|2605.342272674382|1486.557302910156|[[2832.6628438838216, 0.0, 1968.0272553880557], [0.0, 2855.8825480621545, 1452.810040656435], [0.0, 0.0, 1.0]]|[-0.12100428903752407, -0.054716493247621914, -0.0033433024221579243, -6.011803399688542e-06, 0.045781926585394796]
497|3035|4|Box|0.15|0.15001651193749754|0.5195339322090149|1451.0943396226412|1249.7358490566037|2267.4716981132074|1245.3584905660377|[[2827.300073606339, 0.0, 1993.2574097262354], [0.0, 2852.2438974589363, 1443.3722632010733], [0.0, 0.0, 1.0]]|[-0.10503180452618159, -0.116551286948027, -0.0029062439353091346, -0.0010174323951853816, 0.11141675034675427]
497|3036|4|Box|0.15|0.15075247461283522|0.6395085453987122|1373.1597461375286|1326.1334066179438|2039.6260251973094|1321.1523432467948|[[2827.300073606339, 0.0, 1993.2574097262354], [0.0, 2852.2438974589363, 1443.3722632010733], [0.0, 0.0, 1.0]]|[-0.10503180452618159, -0.116551286948027, -0.0029062439353091346, -0.0010174323951853816, 0.11141675034675427]
497|3037|4|Box|0.15|0.14892166514379523|0.8116430640220642|1543.0188679245284|1321.9622641509436|2061.7358490566035|1315.3962264150944|[[2827.300073606339, 0.0, 1993.2574097262354], [0.0, 2852.2438974589363, 1443.3722632010733], [0.0, 0.0, 1.0]]|[-0.10503180452618159, -0.116551286948027, -0.0029062439353091346, -0.0010174323951853816, 0.11141675034675427]
497|3038|4|Box|0.15|0.1497851097459667|1.023742437362671|1593.358490566038|1271.6226415094338|2007.0188679245284|1273.811320754717|[[2827.300073606339, 0.0, 1993.2574097262354], [0.0, 2852.2438974589363, 1443.3722632010733], [0.0, 0.0, 1.0]]|[-0.10503180452618159, -0.116551286948027, -0.0029062439353091346, -0.0010174323951853816, 0.11141675034675427]
497|3039|4|Box|0.15|0.15027725342734483|1.2443273067474365|1662.2856896077324|1333.0464818631674|2003.7277213305774|1330.3258282239417|[[2827.300073606339, 0.0, 1993.2574097262354], [0.0, 2852.2438974589363, 1443.3722632010733], [0.0, 0.0, 1.0]]|[-0.10503180452618159, -0.116551286948027, -0.0029062439353091346, -0.0010174323951853816, 0.11141675034675427]
497|3040|4|Box|0.15|0.15163800936459645|1.4370135068893433|1721.2418187355358|1401.5378167748206|2019.3393035627805|1389.2767377073762|[[2827.300073606339, 0.0, 1993.2574097262354], [0.0, 2852.2438974589363, 1443.3722632010733], [0.0, 0.0, 1.0]]|[-0.10503180452618159, -0.116551286948027, -0.0029062439353091346, -0.0010174323951853816, 0.11141675034675427]
497|3041|4|Box|0.15|0.14779943303751356|1.6104249954223633|1721.9390120064359|1342.2343609118343|1981.3079922793006|1334.5711864946818|[[2827.300073606339, 0.0, 1993.2574097262354], [0.0, 2852.2438974589363, 1443.3722632010733], [0.0, 0.0, 1.0]]|[-0.10503180452618159, -0.116551286948027, -0.0029062439353091346, -0.0010174323951853816, 0.11141675034675427]
497|3042|4|Box|0.15|0.143635637435944|1.8442645072937012|1766.6656246511109|1380.4349670648653|1986.828625655912|1376.549737635369|[[2827.300073606339, 0.0, 1993.2574097262354], [0.0, 2852.2438974589363, 1443.3722632010733], [0.0, 0.0, 1.0]]|[-0.10503180452618159, -0.116551286948027, -0.0029062439353091346, -0.0010174323951853816, 0.11141675034675427]
497|3043|4|Box|0.15|0.14320168023320712|2.0861024856567383|1802.5528423077062|1399.125848044059|1996.6261352391507|1400.939617136876|[[2827.300073606339, 0.0, 1993.2574097262354], [0.0, 2852.2438974589363, 1443.3722632010733], [0.0, 0.0, 1.0]]|[-0.10503180452618159, -0.116551286948027, -0.0029062439353091346, -0.0010174323951853816, 0.11141675034675427]
497|3044|4|Box|0.15|0.14333775098039264|2.314420461654663|1802.8809629373238|1412.740163140369|1977.979440743911|1413.7865683862253|[[2827.300073606339, 0.0, 1993.2574097262354], [0.0, 2852.2438974589363, 1443.3722632010733], [0.0, 0.0, 1.0]]|[-0.10503180452618159, -0.116551286948027, -0.0029062439353091346, -0.0010174323951853816, 0.11141675034675427]
497|3045|4|Box|0.15|0.1449248346472489|2.6103649139404297|1836.449522957545|1420.396041529142|1993.4103098359597|1422.005895753536|[[2827.300073606339, 0.0, 1993.2574097262354], [0.0, 2852.2438974589363, 1443.3722632010733], [0.0, 0.0, 1.0]]|[-0.10503180452618159, -0.116551286948027, -0.0029062439353091346, -0.0010174323951853816, 0.11141675034675427]
497|3046|4|Box|0.15|0.1463845744729042|2.8612403869628906|1898.2266856352|1444.3905746910561|2042.8747707873745|1444.3905746910561|[[2827.300073606339, 0.0, 1993.2574097262354], [0.0, 2852.2438974589363, 1443.3722632010733], [0.0, 0.0, 1.0]]|[-0.10503180452618159, -0.116551286948027, -0.0029062439353091346, -0.0010174323951853816, 0.11141675034675427]
497|3047|4|Box|0.15|0.1471459979185546|3.2296130657196045|1853.2939281573958|1435.6571264197482|1982.0715337474198|1438.8312223321784|[[2827.300073606339, 0.0, 1993.2574097262354], [0.0, 2852.2438974589363, 1443.3722632010733], [0.0, 0.0, 1.0]]|[-0.10503180452618159, -0.116551286948027, -0.0029062439353091346, -0.0010174323951853816, 0.11141675034675427]
497|3048|4|Box|0.15|0.1511496070995215|3.512969493865967|1854.0938659445749|1440.8870204906045|1975.658499043044|1445.4276349696645|[[2827.300073606339, 0.0, 1993.2574097262354], [0.0, 2852.2438974589363, 1443.3722632010733], [0.0, 0.0, 1.0]]|[-0.10503180452618159, -0.116551286948027, -0.0029062439353091346, -0.0010174323951853816, 0.11141675034675427]
497|3049|4|Box|0.15|0.14721817839089943|3.7153286933898926|1861.4625995672748|1454.8514920148605|1973.485687007604|1456.1432809578782|[[2827.300073606339, 0.0, 1993.2574097262354], [0.0, 2852.2438974589363, 1443.3722632010733], [0.0, 0.0, 1.0]]|[-0.10503180452618159, -0.116551286948027, -0.0029062439353091346, -0.0010174323951853816, 0.11141675034675427]
497|3050|4|Box|0.15|0.14855280103024843|3.6865358352661133|1868.989684838461|1444.377195876785|1982.9178299494222|1444.7899790112463|[[2827.300073606339, 0.0, 1993.2574097262354], [0.0, 2852.2438974589363, 1443.3722632010733], [0.0, 0.0, 1.0]]|[-0.10503180452618159, -0.116551286948027, -0.0029062439353091346, -0.0010174323951853816, 0.11141675034675427]
497|3051|4|Box|0.15|0.14786353732325905|3.908620595932007|1834.5837470705656|1462.295301907971|1941.3170821478875|1469.271336880345|[[2827.300073606339, 0.0, 1993.2574097262354], [0.0, 2852.2438974589363, 1443.3722632010733], [0.0, 0.0, 1.0]]|[-0.10503180452618159, -0.116551286948027, -0.0029062439353091346, -0.0010174323951853816, 0.11141675034675427]
497|3052|4|Box|0.15|0.1486787280721852|4.11775016784668|1887.8071024353735|1444.7480956811455|1989.6572130320337|1451.7241306535195|[[2827.300073606339, 0.0, 1993.2574097262354], [0.0, 2852.2438974589363, 1443.3722632010733], [0.0, 0.0, 1.0]]|[-0.10503180452618159, -0.116551286948027, -0.0029062439353091346, -0.0010174323951853816, 0.11141675034675427]
497|3053|4|Box|0.15|0.1466059015408489|4.318469524383545|1889.2075735458393|1451.0153846844232|1985.128054415981|1454.5034021706106|[[2827.300073606339, 0.0, 1993.2574097262354], [0.0, 2852.2438974589363, 1443.3722632010733], [0.0, 0.0, 1.0]]|[-0.10503180452618159, -0.116551286948027, -0.0029062439353091346, -0.0010174323951853816, 0.11141675034675427]
497|3054|4|Box|0.15|0.15137822292659725|3.9226863384246826|1870.7512910627856|1435.9124520241862|1979.821296206639|1433.0547226317708|[[2827.300073606339, 0.0, 1993.2574097262354], [0.0, 2852.2438974589363, 1443.3722632010733], [0.0, 0.0, 1.0]]|[-0.10503180452618159, -0.116551286948027, -0.0029062439353091346, -0.0010174323951853816, 0.11141675034675427]
497|3055|4|Box|0.15|0.1502998276898665|3.7711639404296875|1887.536241866969|1446.651636472968|2000.1992066708087|1444.5588259812557|[[2827.300073606339, 0.0, 1993.2574097262354], [0.0, 2852.2438974589363, 1443.3722632010733], [0.0, 0.0, 1.0]]|[-0.10503180452618159, -0.116551286948027, -0.0029062439353091346, -0.0010174323951853816, 0.11141675034675427]
497|3056|4|Box|0.15|0.14939424801491008|3.6235480308532715|1890.0055691623636|1441.636047553695|2006.5402333758711|1438.915393914469|[[2827.300073606339, 0.0, 1993.2574097262354], [0.0, 2852.2438974589363, 1443.3722632010733], [0.0, 0.0, 1.0]]|[-0.10503180452618159, -0.116551286948027, -0.0029062439353091346, -0.0010174323951853816, 0.11141675034675427]
497|3057|4|Box|0.15|0.14913337037719485|3.422924518585205|1883.878580118602|1420.0176510220967|2007.0324282847425|1417.3345606481066|[[2827.300073606339, 0.0, 1993.2574097262354], [0.0, 2852.2438974589363, 1443.3722632010733], [0.0, 0.0, 1.0]]|[-0.10503180452618159, -0.116551286948027, -0.0029062439353091346, -0.0010174323951853816, 0.11141675034675427]
497|3058|4|Box|0.15|0.14755122670199394|3.1862850189208984|1883.1747011171412|1414.6941668251727|2014.038141163905|1410.5678421390132|[[2827.300073606339, 0.0, 1993.2574097262354], [0.0, 2852.2438974589363, 1443.3722632010733], [0.0, 0.0, 1.0]]|[-0.10503180452618159, -0.116551286948027, -0.0029062439353091346, -0.0010174323951853816, 0.11141675034675427]
497|3059|4|Box|0.15|0.1450708652441917|2.963078737258911|1876.7669147346405|1390.2097169497238|2015.0668080619548|1384.3149673980674|[[2827.300073606339, 0.0, 1993.2574097262354], [0.0, 2852.2438974589363, 1443.3722632010733], [0.0, 0.0, 1.0]]|[-0.10503180452618159, -0.116551286948027, -0.0029062439353091346, -0.0010174323951853816, 0.11141675034675427]
497|3060|4|Box|0.15|0.15253158941790917|2.9858527183532715|1867.657338818364|1441.6739285746405|2012.0787028339362|1439.9055037091437|[[2827.300073606339, 0.0, 1993.2574097262354], [0.0, 2852.2438974589363, 1443.3722632010733], [0.0, 0.0, 1.0]]|[-0.10503180452618159, -0.116551286948027, -0.0029062439353091346, -0.0010174323951853816, 0.11141675034675427]
497|3061|4|Box|0.15|0.14992271371690652|2.782025098800659|1843.5476195322408|1418.674561998316|1995.9042233288885|1420.0348888179287|[[2827.300073606339, 0.0, 1993.2574097262354], [0.0, 2852.2438974589363, 1443.3722632010733], [0.0, 0.0, 1.0]]|[-0.10503180452618159, -0.116551286948027, -0.0029062439353091346, -0.0010174323951853816, 0.11141675034675427]
497|3062|4|Box|0.15|0.15080386911069144|2.6118853092193604|1850.944220678283|1433.652264963504|2014.1698357636383|1431.3533126383584|[[2827.300073606339, 0.0, 1993.2574097262354], [0.0, 2852.2438974589363, 1443.3722632010733], [0.0, 0.0, 1.0]]|[-0.10503180452618159, -0.116551286948027, -0.0029062439353091346, -0.0010174323951853816, 0.11141675034675427]
497|3063|4|Box|0.15|0.15318802062103|2.456756353378296|1842.2251374548705|1428.10196231264|2018.48353586929|1424.59330566973|[[2827.300073606339, 0.0, 1993.2574097262354], [0.0, 2852.2438974589363, 1443.3722632010733], [0.0, 0.0, 1.0]]|[-0.10503180452618159, -0.116551286948027, -0.0029062439353091346, -0.0010174323951853816, 0.11141675034675427]
497|3064|4|Box|0.15|0.1503395945931466|2.2892699241638184|1841.1511435636264|1437.660948132861|2026.599964458725|1428.4651388322775|[[2827.300073606339, 0.0, 1993.2574097262354], [0.0, 2852.2438974589363, 1443.3722632010733], [0.0, 0.0, 1.0]]|[-0.10503180452618159, -0.116551286948027, -0.0029062439353091346, -0.0010174323951853816, 0.11141675034675427]
497|3065|4|Box|0.15|0.15069977043550545|2.1265604496002197|1816.1456359873237|1392.3636176260939|2016.384383507527|1385.390128906485|[[2827.300073606339, 0.0, 1993.2574097262354], [0.0, 2852.2438974589363, 1443.3722632010733], [0.0, 0.0, 1.0]]|[-0.10503180452618159, -0.116551286948027, -0.0029062439353091346, -0.0010174323951853816, 0.11141675034675427]
497|3066|4|Box|0.15|0.15098712411501986|1.9939143657684326|1779.668510791634|1404.2033105218384|1993.6479195167478|1397.129611059851|[[2827.300073606339, 0.0, 1993.2574097262354], [0.0, 2852.2438974589363, 1443.3722632010733], [0.0, 0.0, 1.0]]|[-0.10503180452618159, -0.116551286948027, -0.0029062439353091346, -0.0010174323951853816, 0.11141675034675427]
497|3067|4|Box|0.15|0.14989720860572575|1.8591948747634888|1779.900932848657|1398.8255177745987|2007.319672948049|1383.1294390867572|[[2827.300073606339, 0.0, 1993.2574097262354], [0.0, 2852.2438974589363, 1443.3722632010733], [0.0, 0.0, 1.0]]|[-0.10503180452618159, -0.116551286948027, -0.0029062439353091346, -0.0010174323951853816, 0.11141675034675427]
497|3068|4|Box|0.15|0.15169272104403225|1.7080129384994507|1807.9196874929007|1417.0977922181066|2058.4465434382814|1400.003018518304|[[2827.300073606339, 0.0, 1993.2574097262354], [0.0, 2852.2438974589363, 1443.3722632010733], [0.0, 0.0, 1.0]]|[-0.10503180452618159, -0.116551286948027, -0.0029062439353091346, -0.0010174323951853816, 0.11141675034675427]
497|3069|4|Box|0.15|0.15053975853203158|1.5324233770370483|1785.7887368512143|1406.145300393134|2063.1956507521463|1392.3515864422586|[[2827.300073606339, 0.0, 1993.2574097262354], [0.0, 2852.2438974589363, 1443.3722632010733], [0.0, 0.0, 1.0]]|[-0.10503180452618159, -0.116551286948027, -0.0029062439353091346, -0.0010174323951853816, 0.11141675034675427]
497|3070|4|Box|0.15|0.14839284477017023|1.3804500102996826|1750.0537783083275|1353.2074784654887|2053.8986439484374|1346.2339897458796|[[2827.300073606339, 0.0, 1993.2574097262354], [0.0, 2852.2438974589363, 1443.3722632010733], [0.0, 0.0, 1.0]]|[-0.10503180452618159, -0.116551286948027, -0.0029062439353091346, -0.0010174323951853816, 0.11141675034675427]
497|3071|4|Box|0.15|0.15159242561172456|1.2263377904891968|1707.507877545115|1395.1140075561543|2056.948630967284|1388.9834680224321|[[2827.300073606339, 0.0, 1993.2574097262354], [0.0, 2852.2438974589363, 1443.3722632010733], [0.0, 0.0, 1.0]]|[-0.10503180452618159, -0.116551286948027, -0.0029062439353091346, -0.0010174323951853816, 0.11141675034675427]
497|3072|4|Box|0.15|0.1492058973653699|0.9667667746543884|1667.5195506737311|1311.259951391692|2103.8607019864126|1308.2713133690022|[[2827.300073606339, 0.0, 1993.2574097262354], [0.0, 2852.2438974589363, 1443.3722632010733], [0.0, 0.0, 1.0]]|[-0.10503180452618159, -0.116551286948027, -0.0029062439353091346, -0.0010174323951853816, 0.11141675034675427]
497|3073|4|Box|0.15|0.14859892314671214|0.720062255859375|1595.0809422797809|1206.6098023891927|2177.8653567042534|1178.1181199062185|[[2827.300073606339, 0.0, 1993.2574097262354], [0.0, 2852.2438974589363, 1443.3722632010733], [0.0, 0.0, 1.0]]|[-0.10503180452618159, -0.116551286948027, -0.0029062439353091346, -0.0010174323951853816, 0.11141675034675427]
497|3074|4|Box|0.15|0.1478036218893045|0.633441150188446|1521.1320754716978|1197.2075471698113|2179.9245283018863|1162.188679245283|[[2827.300073606339, 0.0, 1993.2574097262354], [0.0, 2852.2438974589363, 1443.3722632010733], [0.0, 0.0, 1.0]]|[-0.10503180452618159, -0.116551286948027, -0.0029062439353091346, -0.0010174323951853816, 0.11141675034675427]
497|3075|4|Box|0.15|0.14817011325135032|0.5009961724281311|1416.0754716981132|1210.3396226415095|2252.150943396226|1197.2075471698113|[[2827.300073606339, 0.0, 1993.2574097262354], [0.0, 2852.2438974589363, 1443.3722632010733], [0.0, 0.0, 1.0]]|[-0.10503180452618159, -0.116551286948027, -0.0029062439353091346, -0.0010174323951853816, 0.11141675034675427]
497|3076|4|Box|0.15|0.14604658668716763|0.3841990828514099|1335.0943396226412|1254.1132075471698|2409.7358490566035|1238.7924528301887|[[2827.300073606339, 0.0, 1993.2574097262354], [0.0, 2852.2438974589363, 1443.3722632010733], [0.0, 0.0, 1.0]]|[-0.10503180452618159, -0.116551286948027, -0.0029062439353091346, -0.0010174323951853816, 0.11141675034675427]
503|3127|6|Box|0.15|0.1474400162013021|0.35393303632736206|1319.7735849056598|709.1320754716982|2495.0943396226417|770.4150943396226|[[2825.1480807147805, 0.0, 2061.852601572974], [0.0, 2850.606508156248, 1458.5627645450384], [0.0, 0.0, 1.0]]|[-0.09747574682920097, -0.13276029739730982, -0.0029275610442781445, 0.0005606131205602907, 0.13559718374741433]
503|3128|6|Box|0.15|0.1471081047461445|0.5172200798988342|1436.7280768801368|984.8319406394658|2239.67549230941|1015.7145335405917|[[2825.1480807147805, 0.0, 2061.852601572974], [0.0, 2850.606508156248, 1458.5627645450384], [0.0, 0.0, 1.0]]|[-0.09747574682920097, -0.13276029739730982, -0.0029275610442781445, 0.0005606131205602907, 0.13559718374741433]
503|3129|6|Box|0.15|0.14874250441789627|0.6976619362831116|1663.027747958193|1060.4513794704878|2265.3532571464048|1060.4513794704878|[[2825.1480807147805, 0.0, 2061.852601572974], [0.0, 2850.606508156248, 1458.5627645450384], [0.0, 0.0, 1.0]]|[-0.09747574682920097, -0.13276029739730982, -0.0029275610442781445, 0.0005606131205602907, 0.13559718374741433]
503|3130|6|Box|0.15|0.14709648590332175|0.8593422770500183|1745.3255843462691|1188.1974932170995|2228.695047582062|1202.9343670962398|[[2825.1480807147805, 0.0, 2061.852601572974], [0.0, 2850.606508156248, 1458.5627645450384], [0.0, 0.0, 1.0]]|[-0.09747574682920097, -0.13276029739730982, -0.0029275610442781445, 0.0005606131205602907, 0.13559718374741433]
503|3131|6|Box|0.15|0.14684360120679357|1.248382568359375|1943.9737198539901|1328.4919349095974|2275.8934638395444|1344.8158567449527|[[2825.1480807147805, 0.0, 2061.852601572974], [0.0, 2850.606508156248, 1458.5627645450384], [0.0, 0.0, 1.0]]|[-0.09747574682920097, -0.13276029739730982, -0.0029275610442781445, 0.0005606131205602907, 0.13559718374741433]
503|3132|6|Box|0.15|0.14794873429370697|1.4133883714675903|1928.1833115700545|1358.9406913350072|2223.6183926500926|1372.1951577825175|[[2825.1480807147805, 0.0, 2061.852601572974], [0.0, 2850.606508156248, 1458.5627645450384], [0.0, 0.0, 1.0]]|[-0.09747574682920097, -0.13276029739730982, -0.0029275610442781445, 0.0005606131205602907, 0.13559718374741433]
503|3133|6|Box|0.15|0.14923375345797754|1.6228678226470947|1932.0664753955948|1325.6449558805941|2191.8480881370756|1327.9439082057404|[[2825.1480807147805, 0.0, 2061.852601572974], [0.0, 2850.606508156248, 1458.5627645450384], [0.0, 0.0, 1.0]]|[-0.09747574682920097, -0.13276029739730982, -0.0029275610442781445, 0.0005606131205602907, 0.13559718374741433]
503|3134|6|Box|0.15|0.14924037176232963|1.8367069959640503|1984.9855040245454|1360.1725646207342|2214.497054615649|1364.7069873527769|[[2825.1480807147805, 0.0, 2061.852601572974], [0.0, 2850.606508156248, 1458.5627645450384], [0.0, 0.0, 1.0]]|[-0.09747574682920097, -0.13276029739730982, -0.0029275610442781445, 0.0005606131205602907, 0.13559718374741433]
503|3135|6|Box|0.15|0.15061634220182896|2.1276376247406006|2021.8127277341048|1371.0110621116462|2221.8061563799743|1371.0110621116462|[[2825.1480807147805, 0.0, 2061.852601572974], [0.0, 2850.606508156248, 1458.5627645450384], [0.0, 0.0, 1.0]]|[-0.09747574682920097, -0.13276029739730982, -0.0029275610442781445, 0.0005606131205602907, 0.13559718374741433]
503|3136|6|Box|0.15|0.14969777912592844|2.3405582904815674|2031.096003093662|1418.1112813219877|2211.775308878148|1416.0184708302756|[[2825.1480807147805, 0.0, 2061.852601572974], [0.0, 2850.606508156248, 1458.5627645450384], [0.0, 0.0, 1.0]]|[-0.09747574682920097, -0.13276029739730982, -0.0029275610442781445, 0.0005606131205602907, 0.13559718374741433]
503|3137|6|Box|0.15|0.14514952221572888|2.4971373081207275|2049.4222662550646|1402.0561661997326|2213.6273971432524|1400.17800293794|[[2825.1480807147805, 0.0, 2061.852601572974], [0.0, 2850.606508156248, 1458.5627645450384], [0.0, 0.0, 1.0]]|[-0.09747574682920097, -0.13276029739730982, -0.0029275610442781445, 0.0005606131205602907, 0.13559718374741433]
503|3138|6|Box|0.15|0.14938240933644986|2.7861855030059814|2073.2354549146658|1387.1694255363911|2224.695112712681|1385.2642726081137|[[2825.1480807147805, 0.0, 2061.852601572974], [0.0, 2850.606508156248, 1458.5627645450384], [0.0, 0.0, 1.0]]|[-0.09747574682920097, -0.13276029739730982, -0.0029275610442781445, 0.0005606131205602907, 0.13559718374741433]
503|3139|6|Box|0.15|0.15045541920849714|3.046431303024292|2059.538739059011|1355.8889429859864|2199.05943850649|1357.2304881729815|[[2825.1480807147805, 0.0, 2061.852601572974], [0.0, 2850.606508156248, 1458.5627645450384], [0.0, 0.0, 1.0]]|[-0.09747574682920097, -0.13276029739730982, -0.0029275610442781445, 0.0005606131205602907, 0.13559718374741433]
503|3140|6|Box|0.15|0.14966673403978348|3.2587082386016846|2091.972671551984|1399.050923858848|2221.72692203814|1399.050923858848|[[2825.1480807147805, 0.0, 2061.852601572974], [0.0, 2850.606508156248, 1458.5627645450384], [0.0, 0.0, 1.0]]|[-0.09747574682920097, -0.13276029739730982, -0.0029275610442781445, 0.0005606131205602907, 0.13559718374741433]
503|3141|6|Box|0.15|0.15355298686304325|3.5444400310516357|2099.810028423378|1393.340809066704|2222.200227790768|1392.721634365014|[[2825.1480807147805, 0.0, 2061.852601572974], [0.0, 2850.606508156248, 1458.5627645450384], [0.0, 0.0, 1.0]]|[-0.09747574682920097, -0.13276029739730982, -0.0029275610442781445, 0.0005606131205602907, 0.13559718374741433]
503|3142|6|Box|0.15|0.15054877949729473|3.655261993408203|2086.629284907696|1433.5893638052466|2202.983721989697|1432.5157357814214|[[2825.1480807147805, 0.0, 2061.852601572974], [0.0, 2850.606508156248, 1458.5627645450384], [0.0, 0.0, 1.0]]|[-0.09747574682920097, -0.13276029739730982, -0.0029275610442781445, 0.0005606131205602907, 0.13559718374741433]
503|3143|6|Box|0.15|0.14891782336571935|3.8235790729522705|2072.197936539781|1455.8032392110335|2182.2205181477734|1457.2321039072413|[[2825.1480807147805, 0.0, 2061.852601572974], [0.0, 2850.606508156248, 1458.5627645450384], [0.0, 0.0, 1.0]]|[-0.09747574682920097, -0.13276029739730982, -0.0029275610442781445, 0.0005606131205602907, 0.13559718374741433]
503|3144|6|Box|0.15|0.14916785940682278|3.5680737495422363|2075.059110511964|1428.4567640512487|2193.1541670275906|1426.6248862355976|[[2825.1480807147805, 0.0, 2061.852601572974], [0.0, 2850.606508156248, 1458.5627645450384], [0.0, 0.0, 1.0]]|[-0.09747574682920097, -0.13276029739730982, -0.0029275610442781445, 0.0005606131205602907, 0.13559718374741433]
503|3145|6|Box|0.15|0.14978328650286732|3.5038888454437256|2092.517426680955|1424.9965677373461|2213.2564935105047|1422.313477363356|[[2825.1480807147805, 0.0, 2061.852601572974], [0.0, 2850.606508156248, 1458.5627645450384], [0.0, 0.0, 1.0]]|[-0.09747574682920097, -0.13276029739730982, -0.0029275610442781445, 0.0005606131205602907, 0.13559718374741433]
503|3146|6|Box|0.15|0.1492917949362008|3.3266189098358154|2095.3827313101624|1394.1369120240267|2222.1486761532033|1391.8165334575356|[[2825.1480807147805, 0.0, 2061.852601572974], [0.0, 2850.606508156248, 1458.5627645450384], [0.0, 0.0, 1.0]]|[-0.09747574682920097, -0.13276029739730982, -0.0029275610442781445, 0.0005606131205602907, 0.13559718374741433]
503|3147|6|Box|0.15|0.1431382257391846|3.0126259326934814|2074.219271850285|1416.9906208551113|2208.3737905497846|1412.429367219328|[[2825.1480807147805, 0.0, 2061.852601572974], [0.0, 2850.606508156248, 1458.5627645450384], [0.0, 0.0, 1.0]]|[-0.09747574682920097, -0.13276029739730982, -0.0029275610442781445, 0.0005606131205602907, 0.13559718374741433]
503|3148|6|Box|0.15|0.148216014714415|2.9857072830200195|2051.7363259888707|1393.2092761295635|2191.9546289335876|1390.418862140614|[[2825.1480807147805, 0.0, 2061.852601572974], [0.0, 2850.606508156248, 1458.5627645450384], [0.0, 0.0, 1.0]]|[-0.09747574682920097, -0.13276029739730982, -0.0029275610442781445, 0.0005606131205602907, 0.13559718374741433]
503|3149|6|Box|0.15|0.15004178564029966|2.81028413772583|2073.716020258084|1410.980341987839|2224.5056992763216|1407.224015464253|[[2825.1480807147805, 0.0, 2061.852601572974], [0.0, 2850.606508156248, 1458.5627645450384], [0.0, 0.0, 1.0]]|[-0.09747574682920097, -0.13276029739730982, -0.0029275610442781445, 0.0005606131205602907, 0.13559718374741433]
503|3150|6|Box|0.15|0.15065361068706998|2.627239465713501|2056.4296440219846|1386.3324722041873|2218.3676429255224|1381.7283526275185|[[2825.1480807147805, 0.0, 2061.852601572974], [0.0, 2850.606508156248, 1458.5627645450384], [0.0, 0.0, 1.0]]|[-0.09747574682920097, -0.13276029739730982, -0.0029275610442781445, 0.0005606131205602907, 0.13559718374741433]
503|3151|6|Box|0.15|0.15065045263073473|2.5121984481811523|2038.7715812497972|1376.751355754284|2208.1277358688744|1372.1534511039924|[[2825.1480807147805, 0.0, 2061.852601572974], [0.0, 2850.606508156248, 1458.5627645450384], [0.0, 0.0, 1.0]]|[-0.09747574682920097, -0.13276029739730982, -0.0029275610442781445, 0.0005606131205602907, 0.13559718374741433]
503|3152|6|Box|0.15|0.15166931499939867|2.352243185043335|2028.96882003329|1372.2131848036329|2210.993503991019|1365.0876633675653|[[2825.1480807147805, 0.0, 2061.852601572974], [0.0, 2850.606508156248, 1458.5627645450384], [0.0, 0.0, 1.0]]|[-0.09747574682920097, -0.13276029739730982, -0.0029275610442781445, 0.0005606131205602907, 0.13559718374741433]
503|3153|6|Box|0.15|0.1503819076165778|2.21964168548584|2033.1310813151506|1358.277796960253|2224.483720607369|1353.74337422821|[[2825.1480807147805, 0.0, 2061.852601572974], [0.0, 2850.606508156248, 1458.5627645450384], [0.0, 0.0, 1.0]]|[-0.09747574682920097, -0.13276029739730982, -0.0029275610442781445, 0.0005606131205602907, 0.13559718374741433]
503|3154|6|Box|0.15|0.14752270656877564|2.066739320755005|2024.8153776555266|1337.0657370042434|2226.422788357135|1332.5313142722005|[[2825.1480807147805, 0.0, 2061.852601572974], [0.0, 2850.606508156248, 1458.5627645450384], [0.0, 0.0, 1.0]]|[-0.09747574682920097, -0.13276029739730982, -0.0029275610442781445, 0.0005606131205602907, 0.13559718374741433]
503|3155|6|Box|0.15|0.1500718415444383|1.8556492328643799|1996.8221478698042|1358.651288570888|2225.287293215052|1356.209676330557|[[2825.1480807147805, 0.0, 2061.852601572974], [0.0, 2850.606508156248, 1458.5627645450384], [0.0, 0.0, 1.0]]|[-0.09747574682920097, -0.13276029739730982, -0.0029275610442781445, 0.0005606131205602907, 0.13559718374741433]
503|3156|6|Box|0.15|0.1496707159384938|1.6181087493896484|1990.5406403120467|1240.9578367228469|2251.7931500274526|1235.0282069963293|[[2825.1480807147805, 0.0, 2061.852601572974], [0.0, 2850.606508156248, 1458.5627645450384], [0.0, 0.0, 1.0]]|[-0.09747574682920097, -0.13276029739730982, -0.0029275610442781445, 0.0005606131205602907, 0.13559718374741433]
503|3157|6|Box|0.15|0.14910812198701973|1.464799404144287|1950.8531510428684|1323.9957514178957|2238.3355522544|1316.2872327734221|[[2825.1480807147805, 0.0, 2061.852601572974], [0.0, 2850.606508156248, 1458.5627645450384], [0.0, 0.0, 1.0]]|[-0.09747574682920097, -0.13276029739730982, -0.0029275610442781445, 0.0005606131205602907, 0.13559718374741433]
503|3158|6|Box|0.15|0.1484682539755738|1.3193550109863281|1933.1436683253964|1271.2942268742204|2251.006701841617|1265.3994773225643|[[2825.1480807147805, 0.0, 2061.852601572974], [0.0, 2850.606508156248, 1458.5627645450384], [0.0, 0.0, 1.0]]|[-0.09747574682920097, -0.13276029739730982, -0.0029275610442781445, 0.0005606131205602907, 0.13559718374741433]
503|3159|6|Box|0.15|0.1480093257673589|1.1400750875473022|1897.2078739218766|1240.5714705606295|2263.861296034881|1231.1398712779796|[[2825.1480807147805, 0.0, 2061.852601572974], [0.0, 2850.606508156248, 1458.5627645450384], [0.0, 0.0, 1.0]]|[-0.09747574682920097, -0.13276029739730982, -0.0029275610442781445, 0.0005606131205602907, 0.13559718374741433]
503|3160|6|Box|0.15|0.146713047875463|1.0359437465667725|1846.0128582781772|1255.9055474115974|2246.030562853555|1247.4760555527293|[[2825.1480807147805, 0.0, 2061.852601572974], [0.0, 2850.606508156248, 1458.5627645450384], [0.0, 0.0, 1.0]]|[-0.09747574682920097, -0.13276029739730982, -0.0029275610442781445, 0.0005606131205602907, 0.13559718374741433]
503|3161|6|Box|0.15|0.14705570155433617|0.9142792820930481|1830.8624541147205|1225.270344906213|2285.211611865438|1218.0152685349442|[[2825.1480807147805, 0.0, 2061.852601572974], [0.0, 2850.606508156248, 1458.5627645450384], [0.0, 0.0, 1.0]]|[-0.09747574682920097, -0.13276029739730982, -0.0029275610442781445, 0.0005606131205602907, 0.13559718374741433]
503|3162|6|Box|0.15|0.14814955666428864|0.7014753222465515|1747.9587689709933|1080.502263964954|2344.507423598582|1092.291763068266|[[2825.1480807147805, 0.0, 2061.852601572974], [0.0, 2850.606508156248, 1458.5627645450384], [0.0, 0.0, 1.0]]|[-0.09747574682920097, -0.13276029739730982, -0.0029275610442781445, 0.0005606131205602907, 0.13559718374741433]
503|3163|6|Box|0.15|0.1477347911008443|0.5082919597625732|1640.3838338729486|993.4790666517807|2461.4623199732055|984.4135313162889|[[2825.1480807147805, 0.0, 2061.852601572974], [0.0, 2850.606508156248, 1458.5627645450384], [0.0, 0.0, 1.0]]|[-0.09747574682920097, -0.13276029739730982, -0.0029275610442781445, 0.0005606131205602907, 0.13559718374741433]
503|3164|6|Box|0.15|0.14622716984974873|0.40675556659698486|1569.2830188679247|829.5094339622642|2584.830188679245|816.3773584905659|[[2825.1480807147805, 0.0, 2061.852601572974], [0.0, 2850.606508156248, 1458.5627645450384], [0.0, 0.0, 1.0]]|[-0.09747574682920097, -0.13276029739730982, -0.0029275610442781445, 0.0005606131205602907, 0.13559718374741433]
503|3165|6|Box|0.15|0.1409383062859075|0.28551599383354187|1378.8679245283017|973.9622641509433|2773.056603773585|941.1320754716982|[[2825.1480807147805, 0.0, 2061.852601572974], [0.0, 2850.606508156248, 1458.5627645450384], [0.0, 0.0, 1.0]]|[-0.09747574682920097, -0.13276029739730982, -0.0029275610442781445, 0.0005606131205602907, 0.13559718374741433]
503|3166|6|Box|0.15|0.1332330615343057|0.3045167326927185|1287.9789645862254|1056.1412270195597|2520.217410864399|958.0525944800038|[[2825.1480807147805, 0.0, 2061.852601572974], [0.0, 2850.606508156248, 1458.5627645450384], [0.0, 0.0, 1.0]]|[-0.09747574682920097, -0.13276029739730982, -0.0029275610442781445, 0.0005606131205602907, 0.13559718374741433]
504|3167|6|Weasly Fish|0.313|0.30443561629611465|1.5158854722976685|2322.188679245283|1394.188679245283|1769.2527889660857|1265.8565625509914|[[2825.1480807147805, 0.0, 2061.852601572974], [0.0, 2850.606508156248, 1458.5627645450384], [0.0, 0.0, 1.0]]|[-0.09747574682920097, -0.13276029739730982, -0.0029275610442781445, 0.0005606131205602907, 0.13559718374741433]
504|3168|6|Weasly Fish|0.313|0.29111513997289806|0.5985207557678223|2654.867924528302|1313.2075471698115|1321.9622641509434|976.1509433962265|[[2825.1480807147805, 0.0, 2061.852601572974], [0.0, 2850.606508156248, 1458.5627645450384], [0.0, 0.0, 1.0]]|[-0.09747574682920097, -0.13276029739730982, -0.0029275610442781445, 0.0005606131205602907, 0.13559718374741433]
521|3336|2|Box|0.15|0.14780542334483146|0.6405941247940063|1597.7358490566037|1254.1132075471698|2256.528301886792|1258.4905660377358|[[2855.292793016781, 0.0, 2031.7894533541553], [0.0, 2881.0734769839373, 1447.6913944790074], [0.0, 0.0, 1.0]]|[-0.11559555406536047, -0.08204727579183725, -0.0014575310792852196, -9.091755738331913e-05, 0.09918960513471031]
521|3337|2|Box|0.15|0.1472837513905686|0.7994425296783447|1713.7358490566037|1291.3207547169811|2239.018867924528|1262.867924528302|[[2855.292793016781, 0.0, 2031.7894533541553], [0.0, 2881.0734769839373, 1447.6913944790074], [0.0, 0.0, 1.0]]|[-0.11559555406536047, -0.08204727579183725, -0.0014575310792852196, -9.091755738331913e-05, 0.09918960513471031]
521|3338|2|Box|0.15|0.14734085709749944|0.952701985836029|1669.0297324561197|1371.2103442284736|2110.4285788841225|1358.1829477193137|[[2855.292793016781, 0.0, 2031.7894533541553], [0.0, 2881.0734769839373, 1447.6913944790074], [0.0, 0.0, 1.0]]|[-0.11559555406536047, -0.08204727579183725, -0.0014575310792852196, -9.091755738331913e-05, 0.09918960513471031]
521|3339|2|Box|0.15|0.1487037049854431|1.092603325843811|1839.1618601166774|1381.1398199530047|2227.625855570809|1370.5292707600245|[[2855.292793016781, 0.0, 2031.7894533541553], [0.0, 2881.0734769839373, 1447.6913944790074], [0.0, 0.0, 1.0]]|[-0.11559555406536047, -0.08204727579183725, -0.0014575310792852196, -9.091755738331913e-05, 0.09918960513471031]
521|3340|2|Box|0.15|0.14961539757612033|1.2031023502349854|1834.9692407902426|1359.6984262958754|2189.962736425842|1351.8555467411354|[[2855.292793016781, 0.0, 2031.7894533541553], [0.0, 2881.0734769839373, 1447.6913944790074], [0.0, 0.0, 1.0]]|[-0.11559555406536047, -0.08204727579183725, -0.0014575310792852196, -9.091755738331913e-05, 0.09918960513471031]
521|3341|2|Box|0.15|0.14828490612820416|1.3283790349960327|1861.5392159647702|1427.2298351162326|2179.5609542766124|1405.7729467482045|[[2855.292793016781, 0.0, 2031.7894533541553], [0.0, 2881.0734769839373, 1447.6913944790074], [0.0, 0.0, 1.0]]|[-0.11559555406536047, -0.08204727579183725, -0.0014575310792852196, -9.091755738331913e-05, 0.09918960513471031]
521|3342|2|Box|0.15|0.14748226424117003|1.478024959564209|1842.5096239663037|1437.9327550346875|2127.2260273112897|1427.3222058417068|[[2855.292793016781, 0.0, 2031.7894533541553], [0.0, 2881.0734769839373, 1447.6913944790074], [0.0, 0.0, 1.0]]|[-0.11559555406536047, -0.08204727579183725, -0.0014575310792852196, -9.091755738331913e-05, 0.09918960513471031]
521|3343|2|Box|0.15|0.14655757447206505|1.5671744346618652|1972.1617955285174|1434.6495445874023|2238.6044752633697|1416.9652959324344|[[2855.292793016781, 0.0, 2031.7894533541553], [0.0, 2881.0734769839373, 1447.6913944790074], [0.0, 0.0, 1.0]]|[-0.11559555406536047, -0.08204727579183725, -0.0014575310792852196, -9.091755738331913e-05, 0.09918960513471031]
521|3344|2|Box|0.15|0.1509052102897318|1.5226281881332397|1872.1382250518977|1388.8018693798786|2154.6327612581827|1372.0245052713194|[[2855.292793016781, 0.0, 2031.7894533541553], [0.0, 2881.0734769839373, 1447.6913944790074], [0.0, 0.0, 1.0]]|[-0.11559555406536047, -0.08204727579183725, -0.0014575310792852196, -9.091755738331913e-05, 0.09918960513471031]
521|3345|2|Box|0.15|0.1484325108131719|1.652093529701233|1871.8003244043293|1411.911037456102|2128.221929901366|1404.2478630389494|[[2855.292793016781, 0.0, 2031.7894533541553], [0.0, 2881.0734769839373, 1447.6913944790074], [0.0, 0.0, 1.0]]|[-0.11559555406536047, -0.08204727579183725, -0.0014575310792852196, -9.091755738331913e-05, 0.09918960513471031]
521|3346|2|Box|0.15|0.14782794940627786|1.81779146194458|1920.6900196493586|1450.8567539045332|2152.6431824807937|1440.0438996973535|[[2855.292793016781, 0.0, 2031.7894533541553], [0.0, 2881.0734769839373, 1447.6913944790074], [0.0, 0.0, 1.0]]|[-0.11559555406536047, -0.08204727579183725, -0.0014575310792852196, -9.091755738331913e-05, 0.09918960513471031]
521|3347|2|Box|0.15|0.1477066928716234|1.9670429229736328|1938.9024608850712|1444.4042733914105|2152.7179327883337|1428.3593929549504|[[2855.292793016781, 0.0, 2031.7894533541553], [0.0, 2881.0734769839373, 1447.6913944790074], [0.0, 0.0, 1.0]]|[-0.11559555406536047, -0.08204727579183725, -0.0014575310792852196, -9.091755738331913e-05, 0.09918960513471031]
521|3348|2|Box|0.15|0.148539204623917|2.265031099319458|1991.187084926787|1438.909957360595|2178.177844837167|1429.0031621335552|[[2855.292793016781, 0.0, 2031.7894533541553], [0.0, 2881.0734769839373, 1447.6913944790074], [0.0, 0.0, 1.0]]|[-0.11559555406536047, -0.08204727579183725, -0.0014575310792852196, -9.091755738331913e-05, 0.09918960513471031]
521|3349|2|Box|0.15|0.1463977820171267|2.401505708694458|1938.958793413877|1452.090617139116|2112.853905187729|1444.427442721963|[[2855.292793016781, 0.0, 2031.7894533541553], [0.0, 2881.0734769839373, 1447.6913944790074], [0.0, 0.0, 1.0]]|[-0.11559555406536047, -0.08204727579183725, -0.0014575310792852196, -9.091755738331913e-05, 0.09918960513471031]
521|3350|2|Box|0.15|0.14637173321582989|2.526914119720459|1991.4520662572218|1475.507767776604|2156.784095102485|1470.9733450445606|[[2855.292793016781, 0.0, 2031.7894533541553], [0.0, 2881.0734769839373, 1447.6913944790074], [0.0, 0.0, 1.0]]|[-0.11559555406536047, -0.08204727579183725, -0.0014575310792852196, -9.091755738331913e-05, 0.09918960513471031]
521|3351|2|Box|0.15|0.14676894966210904|2.6225626468658447|2007.165030828843|1510.704380317792|2166.808908081248|1503.728345345418|[[2855.292793016781, 0.0, 2031.7894533541553], [0.0, 2881.0734769839373, 1447.6913944790074], [0.0, 0.0, 1.0]]|[-0.11559555406536047, -0.08204727579183725, -0.0014575310792852196, -9.091755738331913e-05, 0.09918960513471031]
521|3352|2|Box|0.15|0.144251446441355|2.726771593093872|1972.1250866901255|1482.0586298808535|2123.156243842022|1479.6170176405224|[[2855.292793016781, 0.0, 2031.7894533541553], [0.0, 2881.0734769839373, 1447.6913944790074], [0.0, 0.0, 1.0]]|[-0.11559555406536047, -0.08204727579183725, -0.0014575310792852196, -9.091755738331913e-05, 0.09918960513471031]
521|3353|2|Box|0.15|0.14572807846680777|2.8135812282562256|2013.0769370660491|1511.0917672830797|2160.885051751534|1506.1701222183642|[[2855.292793016781, 0.0, 2031.7894533541553], [0.0, 2881.0734769839373, 1447.6913944790074], [0.0, 0.0, 1.0]]|[-0.11559555406536047, -0.08204727579183725, -0.0014575310792852196, -9.091755738331913e-05, 0.09918960513471031]
521|3354|2|Box|0.15|0.14948164871440892|2.9579479694366455|1994.1282246525848|1387.039205079901|2138.183346832107|1378.6679631130519|[[2855.292793016781, 0.0, 2031.7894533541553], [0.0, 2881.0734769839373, 1447.6913944790074], [0.0, 0.0, 1.0]]|[-0.11559555406536047, -0.08204727579183725, -0.0014575310792852196, -9.091755738331913e-05, 0.09918960513471031]
521|3355|2|Box|0.15|0.14841529986170807|3.0491058826446533|2017.8849449668041|1380.4289897368567|2156.643583242973|1372.4908525357032|[[2855.292793016781, 0.0, 2031.7894533541553], [0.0, 2881.0734769839373, 1447.6913944790074], [0.0, 0.0, 1.0]]|[-0.11559555406536047, -0.08204727579183725, -0.0014575310792852196, -9.091755738331913e-05, 0.09918960513471031]
521|3356|2|Box|0.15|0.14701175368635835|3.149627923965454|2008.186015754952|1414.3659656723153|2141.3085766183012|1407.967827088185|[[2855.292793016781, 0.0, 2031.7894533541553], [0.0, 2881.0734769839373, 1447.6913944790074], [0.0, 0.0, 1.0]]|[-0.11559555406536047, -0.08204727579183725, -0.0014575310792852196, -9.091755738331913e-05, 0.09918960513471031]
521|3357|2|Box|0.15|0.1462154300479429|3.294438600540161|1963.8216963175382|1409.2034280811502|2090.133335462298|1398.8838497196498|[[2855.292793016781, 0.0, 2031.7894533541553], [0.0, 2881.0734769839373, 1447.6913944790074], [0.0, 0.0, 1.0]]|[-0.11559555406536047, -0.08204727579183725, -0.0014575310792852196, -9.091755738331913e-05, 0.09918960513471031]
521|3358|2|Box|0.15|0.14726900188931516|3.4175703525543213|2007.265856012286|1417.2612435625224|2129.989457142124|1408.37052989723|[[2855.292793016781, 0.0, 2031.7894533541553], [0.0, 2881.0734769839373, 1447.6913944790074], [0.0, 0.0, 1.0]]|[-0.11559555406536047, -0.08204727579183725, -0.0014575310792852196, -9.091755738331913e-05, 0.09918960513471031]
521|3359|2|Box|0.15|0.1460577697033787|3.545579433441162|2003.802891392872|1428.5403763861395|2121.1285592259255|1420.1259509529164|[[2855.292793016781, 0.0, 2031.7894533541553], [0.0, 2881.0734769839373, 1447.6913944790074], [0.0, 0.0, 1.0]]|[-0.11559555406536047, -0.08204727579183725, -0.0014575310792852196, -9.091755738331913e-05, 0.09918960513471031]
521|3360|2|Box|0.15|0.1470631556282005|3.7625012397766113|2004.2482495730449|1518.1312447923965|2115.382170389199|1507.8116664308968|[[2855.292793016781, 0.0, 2031.7894533541553], [0.0, 2881.0734769839373, 1447.6913944790074], [0.0, 0.0, 1.0]]|[-0.11559555406536047, -0.08204727579183725, -0.0014575310792852196, -9.091755738331913e-05, 0.09918960513471031]
521|3361|2|Box|0.15|0.14772949449892644|3.9103174209594727|2024.0832432493983|1518.030596578182|2131.406858208998|1507.0759672405898|[[2855.292793016781, 0.0, 2031.7894533541553], [0.0, 2881.0734769839373, 1447.6913944790074], [0.0, 0.0, 1.0]]|[-0.11559555406536047, -0.08204727579183725, -0.0014575310792852196, -9.091755738331913e-05, 0.09918960513471031]
521|3362|2|Box|0.15|0.1481418569088983|3.9580421447753906|2024.8984846974531|1500.4431597119888|2131.4282859369373|1491.8699715347425|[[2855.292793016781, 0.0, 2031.7894533541553], [0.0, 2881.0734769839373, 1447.6913944790074], [0.0, 0.0, 1.0]]|[-0.11559555406536047, -0.08204727579183725, -0.0014575310792852196, -9.091755738331913e-05, 0.09918960513471031]
521|3363|2|Box|0.15|0.14634615023317232|4.017362117767334|2009.7956755409455|1510.3115715189676|2113.3897948806994|1500.893924306263|[[2855.292793016781, 0.0, 2031.7894533541553], [0.0, 2881.0734769839373, 1447.6913944790074], [0.0, 0.0, 1.0]]|[-0.11559555406536047, -0.08204727579183725, -0.0014575310792852196, -9.091755738331913e-05, 0.09918960513471031]
521|3364|2|Box|0.15|0.14597369203399765|4.076519966125488|2009.6346901185054|1515.9460613043466|2111.3857327628953|1505.8328745100766|[[2855.292793016781, 0.0, 2031.7894533541553], [0.0, 2881.0734769839373, 1447.6913944790074], [0.0, 0.0, 1.0]]|[-0.11559555406536047, -0.08204727579183725, -0.0014575310792852196, -9.091755738331913e-05, 0.09918960513471031]
521|3365|2|Box|0.15|0.1478594157051191|2.2687301635742188|1953.1118707760565|1502.1901425074775|2139.0500336935634|1494.6774894603054|[[2855.292793016781, 0.0, 2031.7894533541553], [0.0, 2881.0734769839373, 1447.6913944790074], [0.0, 0.0, 1.0]]|[-0.11559555406536047, -0.08204727579183725, -0.0014575310792852196, -9.091755738331913e-05, 0.09918960513471031]
521|3366|2|Box|0.15|0.14764964246496293|2.1332991123199463|1928.9643543751909|1457.1462241527688|2126.211743219065|1444.9032827762526|[[2855.292793016781, 0.0, 2031.7894533541553], [0.0, 2881.0734769839373, 1447.6913944790074], [0.0, 0.0, 1.0]]|[-0.11559555406536047, -0.08204727579183725, -0.0014575310792852196, -9.091755738331913e-05, 0.09918960513471031]
521|3367|2|Box|0.15|0.14711948372013567|1.9702074527740479|1934.8446527215992|1463.6708594349789|2147.9625211276248|1457.3226676101185|[[2855.292793016781, 0.0, 2031.7894533541553], [0.0, 2881.0734769839373, 1447.6913944790074], [0.0, 0.0, 1.0]]|[-0.11559555406536047, -0.08204727579183725, -0.0014575310792852196, -9.091755738331913e-05, 0.09918960513471031]
521|3368|2|Box|0.15|0.1492225668979397|1.8168730735778809|1906.2696505798565|1422.2812002219675|2140.771749266582|1420.4030369601744|[[2855.292793016781, 0.0, 2031.7894533541553], [0.0, 2881.0734769839373, 1447.6913944790074], [0.0, 0.0, 1.0]]|[-0.11559555406536047, -0.08204727579183725, -0.0014575310792852196, -9.091755738331913e-05, 0.09918960513471031]
521|3369|2|Box|0.15|0.14837519446850014|1.6597726345062256|1897.902685713957|1438.5645425021348|2153.1453413006625|1436.796117636638|[[2855.292793016781, 0.0, 2031.7894533541553], [0.0, 2881.0734769839373, 1447.6913944790074], [0.0, 0.0, 1.0]]|[-0.11559555406536047, -0.08204727579183725, -0.0014575310792852196, -9.091755738331913e-05, 0.09918960513471031]
521|3370|2|Box|0.15|0.14915479876656565|1.5070195198059082|1879.0704950660281|1371.7192606642618|2161.5999114471747|1365.440829189125|[[2855.292793016781, 0.0, 2031.7894533541553], [0.0, 2881.0734769839373, 1447.6913944790074], [0.0, 0.0, 1.0]]|[-0.11559555406536047, -0.08204727579183725, -0.0014575310792852196, -9.091755738331913e-05, 0.09918960513471031]
521|3371|2|Box|0.15|0.14798224342829278|1.362087368965149|1893.1214906279902|1403.4038355673367|2203.2760054997375|1397.5090860156806|[[2855.292793016781, 0.0, 2031.7894533541553], [0.0, 2881.0734769839373, 1447.6913944790074], [0.0, 0.0, 1.0]]|[-0.11559555406536047, -0.08204727579183725, -0.0014575310792852196, -9.091755738331913e-05, 0.09918960513471031]
521|3372|2|Box|0.15|0.14877832896139476|1.1929361820220947|1824.093998387786|1409.559509859705|2180.13687130781|1403.0752853528832|[[2855.292793016781, 0.0, 2031.7894533541553], [0.0, 2881.0734769839373, 1447.6913944790074], [0.0, 0.0, 1.0]]|[-0.11559555406536047, -0.08204727579183725, -0.0014575310792852196, -9.091755738331913e-05, 0.09918960513471031]
521|3373|2|Box|0.15|0.14936539374369356|1.0163965225219727|1811.3140045173093|1397.2689688340015|2230.7195403680835|1384.3182040690133|[[2855.292793016781, 0.0, 2031.7894533541553], [0.0, 2881.0734769839373, 1447.6913944790074], [0.0, 0.0, 1.0]]|[-0.11559555406536047, -0.08204727579183725, -0.0014575310792852196, -9.091755738331913e-05, 0.09918960513471031]
521|3374|2|Box|0.15|0.14771053076228643|0.8652737736701965|1747.14545035353|1298.6511174691968|2234.523343284449|1291.7542604937591|[[2855.292793016781, 0.0, 2031.7894533541553], [0.0, 2881.0734769839373, 1447.6913944790074], [0.0, 0.0, 1.0]]|[-0.11559555406536047, -0.08204727579183725, -0.0014575310792852196, -9.091755738331913e-05, 0.09918960513471031]
521|3375|2|Box|0.15|0.14706146579255472|0.707722544670105|1682.2664868903562|1253.477623861011|2275.370340568412|1237.448892945512|[[2855.292793016781, 0.0, 2031.7894533541553], [0.0, 2881.0734769839373, 1447.6913944790074], [0.0, 0.0, 1.0]]|[-0.11559555406536047, -0.08204727579183725, -0.0014575310792852196, -9.091755738331913e-05, 0.09918960513471031]
521|3376|2|Box|0.15|0.14696942501523255|0.5606186389923096|1505.811320754717|1203.7735849056603|2254.3396226415093|1201.5849056603774|[[2855.292793016781, 0.0, 2031.7894533541553], [0.0, 2881.0734769839373, 1447.6913944790074], [0.0, 0.0, 1.0]]|[-0.11559555406536047, -0.08204727579183725, -0.0014575310792852196, -9.091755738331913e-05, 0.09918960513471031]
521|3377|2|Box|0.15|0.14033023334929234|0.42459729313850403|1418.264150943396|1308.8301886792453|2361.584905660377|1335.0943396226412|[[2855.292793016781, 0.0, 2031.7894533541553], [0.0, 2881.0734769839373, 1447.6913944790074], [0.0, 0.0, 1.0]]|[-0.11559555406536047, -0.08204727579183725, -0.0014575310792852196, -9.091755738331913e-05, 0.09918960513471031]
521|3382|2|Weasly Fish|0.313|0.3009607660935908|2.2924675941467285|1889|1495|2256|1418|[[2855.292793016781, 0.0, 2031.7894533541553], [0.0, 2881.0734769839373, 1447.6913944790074], [0.0, 0.0, 1.0]]|[-0.11559555406536047, -0.08204727579183725, -0.0014575310792852196, -9.091755738331913e-05, 0.09918960513471031]
495|3466|3|Weasly Fish|0.313|0.2923120466748013|0.4194762706756592|2667.625201938611|1193.7318255250402|728.4200323101776|820.9951534733441|[[2832.88718694667, 0.0, 2027.3101376941806], [0.0, 2857.5529688242154, 1492.5272084030742], [0.0, 0.0, 1.0]]|[-0.12725704527417409, -0.02928287723648356, -0.003002611873808373, -0.0008914728701532138, 0.02515944404058419]
495|3467|3|Weasly Fish|0.313|0.2989105209657996|0.4210197329521179|2863.117932148627|1250.4361873990304|898.4571890145395|816.2568659127625|[[2832.88718694667, 0.0, 2027.3101376941806], [0.0, 2857.5529688242154, 1492.5272084030742], [0.0, 0.0, 1.0]]|[-0.12725704527417409, -0.02928287723648356, -0.003002611873808373, -0.0008914728701532138, 0.02515944404058419]
495|3468|3|Weasly Fish|0.313|0.2978603577732555|0.4209802746772766|2870.5514943457183|1294.4571890145396|916.9466882067852|842.2568659127625|[[2832.88718694667, 0.0, 2027.3101376941806], [0.0, 2857.5529688242154, 1492.5272084030742], [0.0, 0.0, 1.0]]|[-0.12725704527417409, -0.02928287723648356, -0.003002611873808373, -0.0008914728701532138, 0.02515944404058419]
495|3469|3|Weasly Fish|0.313|0.3018678254407563|0.4022007882595062|2804.8303715670436|1335.8513731825524|735.4135702746364|843.5218093699515|[[2832.88718694667, 0.0, 2027.3101376941806], [0.0, 2857.5529688242154, 1492.5272084030742], [0.0, 0.0, 1.0]]|[-0.12725704527417409, -0.02928287723648356, -0.003002611873808373, -0.0008914728701532138, 0.02515944404058419]
495|3470|3|Weasly Fish|0.313|0.30229348068026446|0.9056337475776672|2315.1826171874995|1294.5659790039062|1376.1599353796441|1182.2972536348948|[[2832.88718694667, 0.0, 2027.3101376941806], [0.0, 2857.5529688242154, 1492.5272084030742], [0.0, 0.0, 1.0]]|[-0.12725704527417409, -0.02928287723648356, -0.003002611873808373, -0.0008914728701532138, 0.02515944404058419]
495|3471|3|Weasly Fish|0.313|0.3041691902560782|1.2048122882843018|2321.8892822265625|1358.956298828125|1613.5428109854602|1259.3505654281098|[[2832.88718694667, 0.0, 2027.3101376941806], [0.0, 2857.5529688242154, 1492.5272084030742], [0.0, 0.0, 1.0]]|[-0.12725704527417409, -0.02928287723648356, -0.003002611873808373, -0.0008914728701532138, 0.02515944404058419]
495|3472|3|Weasly Fish|0.313|0.3033372910176913|1.4323232173919678|2184.220947265625|1420.977722167969|1597.1572301192036|1296.229889782145|[[2832.88718694667, 0.0, 2027.3101376941806], [0.0, 2857.5529688242154, 1492.5272084030742], [0.0, 0.0, 1.0]]|[-0.12725704527417409, -0.02928287723648356, -0.003002611873808373, -0.0008914728701532138, 0.02515944404058419]
495|3473|3|Weasly Fish|0.313|0.3083708805827707|1.7072538137435913|2156.389119827973|1453.7477011674139|1657.2643241830613|1340.0799133519204|[[2832.88718694667, 0.0, 2027.3101376941806], [0.0, 2857.5529688242154, 1492.5272084030742], [0.0, 0.0, 1.0]]|[-0.12725704527417409, -0.02928287723648356, -0.003002611873808373, -0.0008914728701532138, 0.02515944404058419]
495|3474|3|Weasly Fish|0.313|0.3010917490606368|1.94646418094635|2146.105969690446|1419.8824621130582|1713.25|1351|[[2832.88718694667, 0.0, 2027.3101376941806], [0.0, 2857.5529688242154, 1492.5272084030742], [0.0, 0.0, 1.0]]|[-0.12725704527417409, -0.02928287723648356, -0.003002611873808373, -0.0008914728701532138, 0.02515944404058419]
495|3475|3|Weasly Fish|0.313|0.3022174126793723|2.302255153656006|2150|1426|1782|1372.0000000000002|[[2832.88718694667, 0.0, 2027.3101376941806], [0.0, 2857.5529688242154, 1492.5272084030742], [0.0, 0.0, 1.0]]|[-0.12725704527417409, -0.02928287723648356, -0.003002611873808373, -0.0008914728701532138, 0.02515944404058419]
495|3476|3|Weasly Fish|0.313|0.304314995467519|2.663327217102051|2110.0621337890625|1429.033935546875|1789.0620727539062|1387.033935546875|[[2832.88718694667, 0.0, 2027.3101376941806], [0.0, 2857.5529688242154, 1492.5272084030742], [0.0, 0.0, 1.0]]|[-0.12725704527417409, -0.02928287723648356, -0.003002611873808373, -0.0008914728701532138, 0.02515944404058419]
495|3477|3|Weasly Fish|0.313|0.3078553567342462|2.938850164413452|2125.9730186354736|1438.8959527953207|1832|1397.9999999999998|[[2832.88718694667, 0.0, 2027.3101376941806], [0.0, 2857.5529688242154, 1492.5272084030742], [0.0, 0.0, 1.0]]|[-0.12725704527417409, -0.02928287723648356, -0.003002611873808373, -0.0008914728701532138, 0.02515944404058419]
495|3478|3|Weasly Fish|0.313|0.3041870000946652|3.0078320503234863|2089|1446|1805.9999999999998|1401|[[2832.88718694667, 0.0, 2027.3101376941806], [0.0, 2857.5529688242154, 1492.5272084030742], [0.0, 0.0, 1.0]]|[-0.12725704527417409, -0.02928287723648356, -0.003002611873808373, -0.0008914728701532138, 0.02515944404058419]
495|3479|3|Weasly Fish|0.313|0.30792972684548414|3.2629330158233643|2111.6421498027994|1438.9951499784586|1850.3524495940028|1381.9229569165077|[[2832.88718694667, 0.0, 2027.3101376941806], [0.0, 2857.5529688242154, 1492.5272084030742], [0.0, 0.0, 1.0]]|[-0.12725704527417409, -0.02928287723648356, -0.003002611873808373, -0.0008914728701532138, 0.02515944404058419]
495|3480|3|Weasly Fish|0.313|0.3033876885166413|3.2620718479156494|2100|1432|1840|1389.0000000000002|[[2832.88718694667, 0.0, 2027.3101376941806], [0.0, 2857.5529688242154, 1492.5272084030742], [0.0, 0.0, 1.0]]|[-0.12725704527417409, -0.02928287723648356, -0.003002611873808373, -0.0008914728701532138, 0.02515944404058419]
495|3481|3|Weasly Fish|0.313|0.30422127259303866|1.9418245553970337|2125.4438379185435|1376.6962182896377|1684.74773961244|1323.6557462428482|[[2832.88718694667, 0.0, 2027.3101376941806], [0.0, 2857.5529688242154, 1492.5272084030742], [0.0, 0.0, 1.0]]|[-0.12725704527417409, -0.02928287723648356, -0.003002611873808373, -0.0008914728701532138, 0.02515944404058419]
495|3482|3|Weasly Fish|0.313|0.29630416275583127|2.5395586490631104|2118|1413|1792|1358|[[2832.88718694667, 0.0, 2027.3101376941806], [0.0, 2857.5529688242154, 1492.5272084030742], [0.0, 0.0, 1.0]]|[-0.12725704527417409, -0.02928287723648356, -0.003002611873808373, -0.0008914728701532138, 0.02515944404058419]
495|3483|3|Weasly Fish|0.313|0.3002379837928791|3.0878145694732666|2146.0000000000005|1454|1876|1399|[[2832.88718694667, 0.0, 2027.3101376941806], [0.0, 2857.5529688242154, 1492.5272084030742], [0.0, 0.0, 1.0]]|[-0.12725704527417409, -0.02928287723648356, -0.003002611873808373, -0.0008914728701532138, 0.02515944404058419]
495|3484|3|Weasly Fish|0.313|0.3004382629651011|3.5007729530334473|2096.5973018635473|1436.9730186354739|1859|1385|[[2832.88718694667, 0.0, 2027.3101376941806], [0.0, 2857.5529688242154, 1492.5272084030742], [0.0, 0.0, 1.0]]|[-0.12725704527417409, -0.02928287723648356, -0.003002611873808373, -0.0008914728701532138, 0.02515944404058419]
495|3485|3|Weasly Fish|0.313|0.29646350790923487|1.1448885202407837|2232.06689453125|1345.9201049804688|1505.3786257105003|1244.854904608841|[[2832.88718694667, 0.0, 2027.3101376941806], [0.0, 2857.5529688242154, 1492.5272084030742], [0.0, 0.0, 1.0]]|[-0.12725704527417409, -0.02928287723648356, -0.003002611873808373, -0.0008914728701532138, 0.02515944404058419]
495|3486|3|Weasly Fish|0.313|0.2987804330113312|1.368617057800293|2255.2746582031245|1413.788330078125|1649.8250309020302|1286.5856613108049|[[2832.88718694667, 0.0, 2027.3101376941806], [0.0, 2857.5529688242154, 1492.5272084030742], [0.0, 0.0, 1.0]]|[-0.12725704527417409, -0.02928287723648356, -0.003002611873808373, -0.0008914728701532138, 0.02515944404058419]
495|3487|3|Weasly Fish|0.313|0.29800704364705655|1.678072214126587|2144|1371|1646|1299|[[2832.88718694667, 0.0, 2027.3101376941806], [0.0, 2857.5529688242154, 1492.5272084030742], [0.0, 0.0, 1.0]]|[-0.12725704527417409, -0.02928287723648356, -0.003002611873808373, -0.0008914728701532138, 0.02515944404058419]
495|3488|3|Weasly Fish|0.313|0.2987745190003654|1.770472764968872|2116|1364|1641.9537272140178|1301.6339622206938|[[2832.88718694667, 0.0, 2027.3101376941806], [0.0, 2857.5529688242154, 1492.5272084030742], [0.0, 0.0, 1.0]]|[-0.12725704527417409, -0.02928287723648356, -0.003002611873808373, -0.0008914728701532138, 0.02515944404058419]
495|3489|3|Weasly Fish|0.313|0.2966260615891201|2.092214822769165|2148|1427|1751.25|1364|[[2832.88718694667, 0.0, 2027.3101376941806], [0.0, 2857.5529688242154, 1492.5272084030742], [0.0, 0.0, 1.0]]|[-0.12725704527417409, -0.02928287723648356, -0.003002611873808373, -0.0008914728701532138, 0.02515944404058419]
495|3490|3|Weasly Fish|0.313|0.3004584854969766|2.5373005867004395|2139.9999999999995|1450|1809|1395|[[2832.88718694667, 0.0, 2027.3101376941806], [0.0, 2857.5529688242154, 1492.5272084030742], [0.0, 0.0, 1.0]]|[-0.12725704527417409, -0.02928287723648356, -0.003002611873808373, -0.0008914728701532138, 0.02515944404058419]
495|3491|3|Weasly Fish|0.313|0.2965186054201481|2.9204349517822266|2114.98193359375|1453.0408325195312|1832.9576416015625|1396.0408325195312|[[2832.88718694667, 0.0, 2027.3101376941806], [0.0, 2857.5529688242154, 1492.5272084030742], [0.0, 0.0, 1.0]]|[-0.12725704527417409, -0.02928287723648356, -0.003002611873808373, -0.0008914728701532138, 0.02515944404058419]
495|3492|3|Weasly Fish|0.313|0.2965766820850994|3.3628594875335693|2122.9999999999995|1468|1877.0000000000002|1424|[[2832.88718694667, 0.0, 2027.3101376941806], [0.0, 2857.5529688242154, 1492.5272084030742], [0.0, 0.0, 1.0]]|[-0.12725704527417409, -0.02928287723648356, -0.003002611873808373, -0.0008914728701532138, 0.02515944404058419]
495|3493|3|Weasly Fish|0.313|0.3042877080159786|3.3834593296051025|2118.181113044831|1449.5703204990207|1868|1401|[[2832.88718694667, 0.0, 2027.3101376941806], [0.0, 2857.5529688242154, 1492.5272084030742], [0.0, 0.0, 1.0]]|[-0.12725704527417409, -0.02928287723648356, -0.003002611873808373, -0.0008914728701532138, 0.02515944404058419]
500|3691|5|Box|0.15|0.14769148082834058|0.3651791214942932|1290.2286536472604|1123.4324373679408|2435.3258594103822|1080.737608472375|[[2833.277965760987, 0.0, 2009.7572163743287], [0.0, 2858.7736950651392, 1407.9866181636053], [0.0, 0.0, 1.0]]|[-0.12400110807193415, -0.043131654100972555, -0.003115796934186425, -0.0006848557959985216, 0.03604454414920244]
500|3692|5|Box|0.15|0.1483197805619902|0.5128546953201294|1459.8490566037733|1046.188679245283|2278.415094339622|1008.9811320754716|[[2833.277965760987, 0.0, 2009.7572163743287], [0.0, 2858.7736950651392, 1407.9866181636053], [0.0, 0.0, 1.0]]|[-0.12400110807193415, -0.043131654100972555, -0.003115796934186425, -0.0006848557959985216, 0.03604454414920244]
500|3693|5|Box|0.15|0.15017298358806744|0.6961472034454346|1591.1709277659932|907.7191023780283|2201.1519481969412|868.8668080830637|[[2833.277965760987, 0.0, 2009.7572163743287], [0.0, 2858.7736950651392, 1407.9866181636053], [0.0, 0.0, 1.0]]|[-0.12400110807193415, -0.043131654100972555, -0.003115796934186425, -0.0006848557959985216, 0.03604454414920244]
500|3694|5|Box|0.15|0.14948668821325983|0.9242720007896423|1699.0722551467136|1164.0465392509773|2155.7974504090216|1126.4969846069284|[[2833.277965760987, 0.0, 2009.7572163743287], [0.0, 2858.7736950651392, 1407.9866181636053], [0.0, 0.0, 1.0]]|[-0.12400110807193415, -0.043131654100972555, -0.003115796934186425, -0.0006848557959985216, 0.03604454414920244]
500|3695|5|Box|0.15|0.14906093680182028|1.0812896490097046|1743.2141632421196|1343.1657139357887|2131.7256493958703|1302.6510492885398|[[2833.277965760987, 0.0, 2009.7572163743287], [0.0, 2858.7736950651392, 1407.9866181636053], [0.0, 0.0, 1.0]]|[-0.12400110807193415, -0.043131654100972555, -0.003115796934186425, -0.0006848557959985216, 0.03604454414920244]
500|3696|5|Box|0.15|0.1474322234087306|1.2586175203323364|1788.6011218623096|1330.55283593606|2119.650256683311|1306.7969952428862|[[2833.277965760987, 0.0, 2009.7572163743287], [0.0, 2858.7736950651392, 1407.9866181636053], [0.0, 0.0, 1.0]]|[-0.12400110807193415, -0.043131654100972555, -0.003115796934186425, -0.0006848557959985216, 0.03604454414920244]
500|3697|5|Box|0.15|0.14637576602302524|1.4388269186019897|1877.970594550029|1342.694446114341|2165.876057402461|1328.747468675123|[[2833.277965760987, 0.0, 2009.7572163743287], [0.0, 2858.7736950651392, 1407.9866181636053], [0.0, 0.0, 1.0]]|[-0.12400110807193415, -0.043131654100972555, -0.003115796934186425, -0.0006848557959985216, 0.03604454414920244]
500|3698|5|Box|0.15|0.15169647603847386|1.6445084810256958|1860.3514239301117|1358.1941359539624|2120.8993541133077|1337.50356502765|[[2833.277965760987, 0.0, 2009.7572163743287], [0.0, 2858.7736950651392, 1407.9866181636053], [0.0, 0.0, 1.0]]|[-0.12400110807193415, -0.043131654100972555, -0.003115796934186425, -0.0006848557959985216, 0.03604454414920244]
500|3699|5|Box|0.15|0.1478161450836274|1.8438620567321777|1878.215816131378|1367.3148461452577|2104.2794614373865|1345.0916403355147|[[2833.277965760987, 0.0, 2009.7572163743287], [0.0, 2858.7736950651392, 1407.9866181636053], [0.0, 0.0, 1.0]]|[-0.12400110807193415, -0.043131654100972555, -0.003115796934186425, -0.0006848557959985216, 0.03604454414920244]
500|3700|5|Box|0.15|0.15096880658660197|2.0219202041625977|1907.923467551868|1384.7472416256312|2118.366026545988|1362.9366682845036|[[2833.277965760987, 0.0, 2009.7572163743287], [0.0, 2858.7736950651392, 1407.9866181636053], [0.0, 0.0, 1.0]]|[-0.12400110807193415, -0.043131654100972555, -0.003115796934186425, -0.0006848557959985216, 0.03604454414920244]
500|3701|5|Box|0.15|0.15075393857130687|2.2250819206237793|1896.5431230149372|1398.829650935799|2087.5330084885923|1379.3769774153343|[[2833.277965760987, 0.0, 2009.7572163743287], [0.0, 2858.7736950651392, 1407.9866181636053], [0.0, 0.0, 1.0]]|[-0.12400110807193415, -0.043131654100972555, -0.003115796934186425, -0.0006848557959985216, 0.03604454414920244]
500|3702|5|Box|0.15|0.150788673680623|2.4137940406799316|1925.9253043040817|1405.0652471763042|2101.6677238004263|1383.8688332217832|[[2833.277965760987, 0.0, 2009.7572163743287], [0.0, 2858.7736950651392, 1407.9866181636053], [0.0, 0.0, 1.0]]|[-0.12400110807193415, -0.043131654100972555, -0.003115796934186425, -0.0006848557959985216, 0.03604454414920244]
500|3703|5|Box|0.15|0.15038079255803413|2.638664484024048|1953.912653024014|1401.9816678370626|2113.3066809007923|1375.9268748187428|[[2833.277965760987, 0.0, 2009.7572163743287], [0.0, 2858.7736950651392, 1407.9866181636053], [0.0, 0.0, 1.0]]|[-0.12400110807193415, -0.043131654100972555, -0.003115796934186425, -0.0006848557959985216, 0.03604454414920244]
500|3704|5|Box|0.15|0.14791436167271516|2.6984753608703613|1939.8818431773254|1421.6985535547199|2092.2384469739736|1391.3179212500308|[[2833.277965760987, 0.0, 2009.7572163743287], [0.0, 2858.7736950651392, 1407.9866181636053], [0.0, 0.0, 1.0]]|[-0.12400110807193415, -0.043131654100972555, -0.003115796934186425, -0.0006848557959985216, 0.03604454414920244]
500|3705|5|Box|0.15|0.14704044307511555|2.904284954071045|1953.750252673866|1413.2871726336862|2095.8137168687763|1393.245024158056|[[2833.277965760987, 0.0, 2009.7572163743287], [0.0, 2858.7736950651392, 1407.9866181636053], [0.0, 0.0, 1.0]]|[-0.12400110807193415, -0.043131654100972555, -0.003115796934186425, -0.0006848557959985216, 0.03604454414920244]
500|3706|5|Box|0.15|0.14700334947237098|3.0499398708343506|1951.9029739824123|1423.5402446192459|2087.399037868907|1406.36846622571|[[2833.277965760987, 0.0, 2009.7572163743287], [0.0, 2858.7736950651392, 1407.9866181636053], [0.0, 0.0, 1.0]]|[-0.12400110807193415, -0.043131654100972555, -0.003115796934186425, -0.0006848557959985216, 0.03604454414920244]
500|3707|5|Box|0.15|0.1507107350417282|3.299480438232422|1997.845514021282|1423.1205673571324|2125.601894136652|1402.2750190669024|[[2833.277965760987, 0.0, 2009.7572163743287], [0.0, 2858.7736950651392, 1407.9866181636053], [0.0, 0.0, 1.0]]|[-0.12400110807193415, -0.043131654100972555, -0.003115796934186425, -0.0006848557959985216, 0.03604454414920244]
500|3708|5|Box|0.15|0.15135502302129092|3.2228260040283203|1979.2735600741332|1437.9445765886717|2110.4230175547646|1415.272462928456|[[2833.277965760987, 0.0, 2009.7572163743287], [0.0, 2858.7736950651392, 1407.9866181636053], [0.0, 0.0, 1.0]]|[-0.12400110807193415, -0.043131654100972555, -0.003115796934186425, -0.0006848557959985216, 0.03604454414920244]
500|3709|5|Box|0.15|0.14988671110761173|3.3595495223999023|1970.8365567696085|1418.1933294689923|2096.0563845237216|1400.7532420380574|[[2833.277965760987, 0.0, 2009.7572163743287], [0.0, 2858.7736950651392, 1407.9866181636053], [0.0, 0.0, 1.0]]|[-0.12400110807193415, -0.043131654100972555, -0.003115796934186425, -0.0006848557959985216, 0.03604454414920244]
500|3710|5|Box|0.15|0.15011451013597216|3.6095876693725586|1991.2877638911386|1427.883442225866|2107.3689858314415|1407.478539931672|[[2833.277965760987, 0.0, 2009.7572163743287], [0.0, 2858.7736950651392, 1407.9866181636053], [0.0, 0.0, 1.0]]|[-0.12400110807193415, -0.043131654100972555, -0.003115796934186425, -0.0006848557959985216, 0.03604454414920244]
500|3711|5|Box|0.15|0.14452451217560774|3.6476473808288574|1982.9267862743318|1413.5844979438853|2093.2018006453204|1392.3880839893643|[[2833.277965760987, 0.0, 2009.7572163743287], [0.0, 2858.7736950651392, 1407.9866181636053], [0.0, 0.0, 1.0]]|[-0.12400110807193415, -0.043131654100972555, -0.003115796934186425, -0.0006848557959985216, 0.03604454414920244]
500|3712|5|Box|0.15|0.1467116388388246|3.861711263656616|2004.3463800886248|1432.7970212177252|2110.8761813281085|1417.2382723034636|[[2833.277965760987, 0.0, 2009.7572163743287], [0.0, 2858.7736950651392, 1407.9866181636053], [0.0, 0.0, 1.0]]|[-0.12400110807193415, -0.043131654100972555, -0.003115796934186425, -0.0006848557959985216, 0.03604454414920244]
500|3713|5|Box|0.15|0.14682519942841357|4.063159942626953|1989.9647894582406|1425.7352416676722|2091.0966574009403|1409.6366994237324|[[2833.277965760987, 0.0, 2009.7572163743287], [0.0, 2858.7736950651392, 1407.9866181636053], [0.0, 0.0, 1.0]]|[-0.12400110807193415, -0.043131654100972555, -0.003115796934186425, -0.0006848557959985216, 0.03604454414920244]
500|3714|5|Box|0.15|0.14577531177337255|4.280285835266113|1987.270546457927|1434.943758967004|2082.2519456971727|1417.771980573468|[[2833.277965760987, 0.0, 2009.7572163743287], [0.0, 2858.7736950651392, 1407.9866181636053], [0.0, 0.0, 1.0]]|[-0.12400110807193415, -0.043131654100972555, -0.003115796934186425, -0.0006848557959985216, 0.03604454414920244]
500|3715|5|Box|0.15|0.1480987280262326|4.591620922088623|1978.7241987152656|1440.100867708066|2068.7150498588903|1424.055987271606|[[2833.277965760987, 0.0, 2009.7572163743287], [0.0, 2858.7736950651392, 1407.9866181636053], [0.0, 0.0, 1.0]]|[-0.12400110807193415, -0.043131654100972555, -0.003115796934186425, -0.0006848557959985216, 0.03604454414920244]
500|3716|5|Box|0.15|0.14967990638830667|4.729930877685547|1990.0422107306495|1406.195984732709|2078.5841930723195|1391.9549665938391|[[2833.277965760987, 0.0, 2009.7572163743287], [0.0, 2858.7736950651392, 1407.9866181636053], [0.0, 0.0, 1.0]]|[-0.12400110807193415, -0.043131654100972555, -0.003115796934186425, -0.0006848557959985216, 0.03604454414920244]
500|3717|5|Box|0.15|0.14619183931137789|3.894348621368408|1976.0434406712445|1418.9870524036178|2082.079172251329|1410.6158104367692|[[2833.277965760987, 0.0, 2009.7572163743287], [0.0, 2858.7736950651392, 1407.9866181636053], [0.0, 0.0, 1.0]]|[-0.12400110807193415, -0.043131654100972555, -0.003115796934186425, -0.0006848557959985216, 0.03604454414920244]
500|3718|5|Box|0.15|0.15018741054986529|3.878303050994873|1998.1296934453671|1441.2104706872874|2107.33147166676|1430.4781091913276|[[2833.277965760987, 0.0, 2009.7572163743287], [0.0, 2858.7736950651392, 1407.9866181636053], [0.0, 0.0, 1.0]]|[-0.12400110807193415, -0.043131654100972555, -0.003115796934186425, -0.0006848557959985216, 0.03604454414920244]
500|3719|5|Box|0.15|0.15064525445281451|3.7514116764068604|1984.2028274320182|1425.6182770865219|2097.429241214396|1414.349297515764|[[2833.277965760987, 0.0, 2009.7572163743287], [0.0, 2858.7736950651392, 1407.9866181636053], [0.0, 0.0, 1.0]]|[-0.12400110807193415, -0.043131654100972555, -0.003115796934186425, -0.0006848557959985216, 0.03604454414920244]
500|3720|5|Box|0.15|0.14954526995442996|3.58109188079834|1964.8897513473848|1387.5095165915945|2082.4359406318863|1373.9062483954651|[[2833.277965760987, 0.0, 2009.7572163743287], [0.0, 2858.7736950651392, 1407.9866181636053], [0.0, 0.0, 1.0]]|[-0.12400110807193415, -0.043131654100972555, -0.003115796934186425, -0.0006848557959985216, 0.03604454414920244]
500|3721|5|Box|0.15|0.1499684661287848|3.4025156497955322|1967.627091662266|1426.9355615100949|2091.8702745202468|1414.2391778603746|[[2833.277965760987, 0.0, 2009.7572163743287], [0.0, 2858.7736950651392, 1407.9866181636053], [0.0, 0.0, 1.0]]|[-0.12400110807193415, -0.043131654100972555, -0.003115796934186425, -0.0006848557959985216, 0.03604454414920244]
500|3722|5|Box|0.15|0.14946399052243034|3.2242238521575928|1983.423939577745|1415.6232675154972|2114.0904407910575|1402.2078156455473|[[2833.277965760987, 0.0, 2009.7572163743287], [0.0, 2858.7736950651392, 1407.9866181636053], [0.0, 0.0, 1.0]]|[-0.12400110807193415, -0.043131654100972555, -0.003115796934186425, -0.0006848557959985216, 0.03604454414920244]
500|3723|5|Box|0.15|0.14886379898894467|3.030015707015991|1974.4498425669926|1424.2805799152973|2112.386982075743|1405.4173813499979|[[2833.277965760987, 0.0, 2009.7572163743287], [0.0, 2858.7736950651392, 1407.9866181636053], [0.0, 0.0, 1.0]]|[-0.12400110807193415, -0.043131654100972555, -0.003115796934186425, -0.0006848557959985216, 0.03604454414920244]
500|3724|5|Box|0.15|0.1497060298617708|2.888714551925659|1935.5011101693626|1310.991050601394|2081.1014240952663|1291.8331145585116|[[2833.277965760987, 0.0, 2009.7572163743287], [0.0, 2858.7736950651392, 1407.9866181636053], [0.0, 0.0, 1.0]]|[-0.12400110807193415, -0.043131654100972555, -0.003115796934186425, -0.0006848557959985216, 0.03604454414920244]
500|3725|5|Box|0.15|0.14525297733099934|2.6244890689849854|1954.8045635113544|1387.649341481046|2110.370143395294|1367.7676418097803|[[2833.277965760987, 0.0, 2009.7572163743287], [0.0, 2858.7736950651392, 1407.9866181636053], [0.0, 0.0, 1.0]]|[-0.12400110807193415, -0.043131654100972555, -0.003115796934186425, -0.0006848557959985216, 0.03604454414920244]
500|3726|5|Box|0.15|0.14512969043098478|2.472208023071289|1959.7926067542949|1428.817798118955|2124.5508567230804|1405.828274867496|[[2833.277965760987, 0.0, 2009.7572163743287], [0.0, 2858.7736950651392, 1407.9866181636053], [0.0, 0.0, 1.0]]|[-0.12400110807193415, -0.043131654100972555, -0.003115796934186425, -0.0006848557959985216, 0.03604454414920244]
500|3727|5|Box|0.15|0.14917219374149|2.3861756324768066|1936.4246842891623|1401.3043997715438|2112.1671037855076|1379.0347496674267|[[2833.277965760987, 0.0, 2009.7572163743287], [0.0, 2858.7736950651392, 1407.9866181636053], [0.0, 0.0, 1.0]]|[-0.12400110807193415, -0.043131654100972555, -0.003115796934186425, -0.0006848557959985216, 0.03604454414920244]
500|3728|5|Box|0.15|0.14982769296533766|2.211331367492676|1911.166364260412|1422.3426955103432|2102.065561279426|1401.9377932161494|[[2833.277965760987, 0.0, 2009.7572163743287], [0.0, 2858.7736950651392, 1407.9866181636053], [0.0, 0.0, 1.0]]|[-0.12400110807193415, -0.043131654100972555, -0.003115796934186425, -0.0006848557959985216, 0.03604454414920244]
500|3729|5|Box|0.15|0.1502573799098633|2.1032156944274902|1910.7492665659645|1402.8153354352498|2111.4444265404163|1376.2527407327486|[[2833.277965760987, 0.0, 2009.7572163743287], [0.0, 2858.7736950651392, 1407.9866181636053], [0.0, 0.0, 1.0]]|[-0.12400110807193415, -0.043131654100972555, -0.003115796934186425, -0.0006848557959985216, 0.03604454414920244]
500|3730|5|Box|0.15|0.15229189968104506|2.1166365146636963|1920.736472019834|1406.311514646242|2123.0442766326687|1381.0230390696372|[[2833.277965760987, 0.0, 2009.7572163743287], [0.0, 2858.7736950651392, 1407.9866181636053], [0.0, 0.0, 1.0]]|[-0.12400110807193415, -0.043131654100972555, -0.003115796934186425, -0.0006848557959985216, 0.03604454414920244]
500|3731|5|Box|0.15|0.14952968709595268|1.8065181970596313|1893.319883028937|1388.7543264109752|2126.842653729156|1366.9890972971687|[[2833.277965760987, 0.0, 2009.7572163743287], [0.0, 2858.7736950651392, 1407.9866181636053], [0.0, 0.0, 1.0]]|[-0.12400110807193415, -0.043131654100972555, -0.003115796934186425, -0.0006848557959985216, 0.03604454414920244]
500|3732|5|Box|0.15|0.1481160507286583|1.627671241760254|1868.736816435101|1405.451613451211|2126.1525069157015|1390.8019400092257|[[2833.277965760987, 0.0, 2009.7572163743287], [0.0, 2858.7736950651392, 1407.9866181636053], [0.0, 0.0, 1.0]]|[-0.12400110807193415, -0.043131654100972555, -0.003115796934186425, -0.0006848557959985216, 0.03604454414920244]
500|3733|5|Box|0.15|0.14814482325629122|1.3665757179260254|1782.9798320229818|1397.4649815558805|2088.8521346578414|1369.2925326289853|[[2833.277965760987, 0.0, 2009.7572163743287], [0.0, 2858.7736950651392, 1407.9866181636053], [0.0, 0.0, 1.0]]|[-0.12400110807193415, -0.043131654100972555, -0.003115796934186425, -0.0006848557959985216, 0.03604454414920244]
500|3734|5|Box|0.15|0.14584197242757535|1.3245354890823364|1776.4935493980267|1357.7402871523207|2087.624709165907|1334.7193717434864|[[2833.277965760987, 0.0, 2009.7572163743287], [0.0, 2858.7736950651392, 1407.9866181636053], [0.0, 0.0, 1.0]]|[-0.12400110807193415, -0.043131654100972555, -0.003115796934186425, -0.0006848557959985216, 0.03604454414920244]
500|3735|5|Box|0.15|0.147233545129625|1.1561399698257446|1720.2701282194414|1311.6174384782519|2079.6730083839084|1279.4321059262102|[[2833.277965760987, 0.0, 2009.7572163743287], [0.0, 2858.7736950651392, 1407.9866181636053], [0.0, 0.0, 1.0]]|[-0.12400110807193415, -0.043131654100972555, -0.003115796934186425, -0.0006848557959985216, 0.03604454414920244]
500|3736|5|Box|0.15|0.14793932543784152|0.9750849604606628|1703.0026973052709|1303.8980163608771|2129.075194898968|1246.424208232231|[[2833.277965760987, 0.0, 2009.7572163743287], [0.0, 2858.7736950651392, 1407.9866181636053], [0.0, 0.0, 1.0]]|[-0.12400110807193415, -0.043131654100972555, -0.003115796934186425, -0.0006848557959985216, 0.03604454414920244]
500|3737|5|Box|0.15|0.1481732863013409|0.7737749218940735|1643.1459589936808|1295.186367884937|2184.4862728499015|1258.5621842799733|[[2833.277965760987, 0.0, 2009.7572163743287], [0.0, 2858.7736950651392, 1407.9866181636053], [0.0, 0.0, 1.0]]|[-0.12400110807193415, -0.043131654100972555, -0.003115796934186425, -0.0006848557959985216, 0.03604454414920244]
500|3738|5|Box|0.15|0.14763685537106896|0.5907244682312012|1547.2279867057136|1233.402942262605|2253.542772734689|1182.5960958768817|[[2833.277965760987, 0.0, 2009.7572163743287], [0.0, 2858.7736950651392, 1407.9866181636053], [0.0, 0.0, 1.0]]|[-0.12400110807193415, -0.043131654100972555, -0.003115796934186425, -0.0006848557959985216, 0.03604454414920244]
500|3739|5|Box|0.15|0.14775139080677582|0.38952112197875977|1223.4716981132076|1262.867924528302|2293.7358490566035|1164.377358490566|[[2833.277965760987, 0.0, 2009.7572163743287], [0.0, 2858.7736950651392, 1407.9866181636053], [0.0, 0.0, 1.0]]|[-0.12400110807193415, -0.043131654100972555, -0.003115796934186425, -0.0006848557959985216, 0.03604454414920244]
500|3740|5|Box|0.15|0.14773960357088067|0.41791826486587524|1299.0016746678577|1245.047672211678|2296.2105615719547|1150.5070894272635|[[2833.277965760987, 0.0, 2009.7572163743287], [0.0, 2858.7736950651392, 1407.9866181636053], [0.0, 0.0, 1.0]]|[-0.12400110807193415, -0.043131654100972555, -0.003115796934186425, -0.0006848557959985216, 0.03604454414920244]
506|3743|10|Box|0.15|0.14770788417361516|0.31643441319465637|1152.116765285996|1089.2210590198756|2477.560552268244|1040.6700045516613|[[2841.3712142828917, 0.0, 2004.355023481056], [0.0, 2863.7600731700495, 1476.2484742699291], [0.0, 0.0, 1.0]]|[-0.12522768463073414, -0.03655398418155435, -0.0016834701843602728, 0.00031500872322268533, 0.033920993967001614]
506|3744|10|Box|0.15|0.1502401187149778|0.45126834511756897|1249.7460172963135|1048.2381429221664|2195.277803064785|1019.1075102412381|[[2841.3712142828917, 0.0, 2004.355023481056], [0.0, 2863.7600731700495, 1476.2484742699291], [0.0, 0.0, 1.0]]|[-0.12522768463073414, -0.03655398418155435, -0.0016834701843602728, 0.00031500872322268533, 0.033920993967001614]
506|3745|10|Box|0.15|0.1479921752178918|0.6122244596481323|1556.040785399491|1237.0387074359066|2242.6503722576686|1219.0834358130464|[[2841.3712142828917, 0.0, 2004.355023481056], [0.0, 2863.7600731700495, 1476.2484742699291], [0.0, 0.0, 1.0]]|[-0.12522768463073414, -0.03655398418155435, -0.0016834701843602728, 0.00031500872322268533, 0.033920993967001614]
506|3746|10|Box|0.15|0.14850368007472697|0.8701942563056946|1713.4313457745402|1284.4372489291923|2198.0082163322936|1266.6974405658066|[[2841.3712142828917, 0.0, 2004.355023481056], [0.0, 2863.7600731700495, 1476.2484742699291], [0.0, 0.0, 1.0]]|[-0.12522768463073414, -0.03655398418155435, -0.0016834701843602728, 0.00031500872322268533, 0.033920993967001614]
506|3747|10|Box|0.15|0.14850358121889962|1.1604806184768677|1768.8157460550021|1328.4618332870987|2131.51223283678|1302.6062421501797|[[2841.3712142828917, 0.0, 2004.355023481056], [0.0, 2863.7600731700495, 1476.2484742699291], [0.0, 0.0, 1.0]]|[-0.12522768463073414, -0.03655398418155435, -0.0016834701843602728, 0.00031500872322268533, 0.033920993967001614]
506|3748|10|Box|0.15|0.14982814527785066|1.5173450708389282|1803.0326700470075|1350.5538242356663|2083.092409679314|1333.5547505098814|[[2841.3712142828917, 0.0, 2004.355023481056], [0.0, 2863.7600731700495, 1476.2484742699291], [0.0, 0.0, 1.0]]|[-0.12522768463073414, -0.03655398418155435, -0.0016834701843602728, 0.00031500872322268533, 0.033920993967001614]
506|3749|10|Box|0.15|0.14881807319181253|1.7126036882400513|1843.7797178091082|1336.3121516917024|2090.266286832989|1321.862939024785|[[2841.3712142828917, 0.0, 2004.355023481056], [0.0, 2863.7600731700495, 1476.2484742699291], [0.0, 0.0, 1.0]]|[-0.12522768463073414, -0.03655398418155435, -0.0016834701843602728, 0.00031500872322268533, 0.033920993967001614]
506|3750|10|Box|0.15|0.14841810609559009|2.074514865875244|1856.290807998963|1356.4145685865376|2059.0047621789477|1341.1154022333312|[[2841.3712142828917, 0.0, 2004.355023481056], [0.0, 2863.7600731700495, 1476.2484742699291], [0.0, 0.0, 1.0]]|[-0.12522768463073414, -0.03655398418155435, -0.0016834701843602728, 0.00031500872322268533, 0.033920993967001614]
506|3751|10|Box|0.15|0.1485369529129996|2.368889808654785|1886.7591843534346|1370.9286171711233|2064.2687426823036|1355.5640697651254|[[2841.3712142828917, 0.0, 2004.355023481056], [0.0, 2863.7600731700495, 1476.2484742699291], [0.0, 0.0, 1.0]]|[-0.12522768463073414, -0.03655398418155435, -0.0016834701843602728, 0.00031500872322268533, 0.033920993967001614]
506|3752|10|Box|0.15|0.15410643528498152|2.683243989944458|1931.755857653646|1383.178701189225|2094.390110500911|1369.6382464690957|[[2841.3712142828917, 0.0, 2004.355023481056], [0.0, 2863.7600731700495, 1476.2484742699291], [0.0, 0.0, 1.0]]|[-0.12522768463073414, -0.03655398418155435, -0.0016834701843602728, 0.00031500872322268533, 0.033920993967001614]
506|3753|10|Box|0.15|0.15060394613159375|1.2582347393035889|1880.8951382123225|1292.748876246217|2220.8766127280205|1283.8243625401801|[[2841.3712142828917, 0.0, 2004.355023481056], [0.0, 2863.7600731700495, 1476.2484742699291], [0.0, 0.0, 1.0]]|[-0.12522768463073414, -0.03655398418155435, -0.0016834701843602728, 0.00031500872322268533, 0.033920993967001614]
506|3754|10|Box|0.15|0.15152875992751758|1.686012625694275|1863.4449837021655|1344.3781512754056|2118.4310895889384|1330.3539154516332|[[2841.3712142828917, 0.0, 2004.355023481056], [0.0, 2863.7600731700495, 1476.2484742699291], [0.0, 0.0, 1.0]]|[-0.12522768463073414, -0.03655398418155435, -0.0016834701843602728, 0.00031500872322268533, 0.033920993967001614]
506|3755|10|Box|0.15|0.150895719151845|2.0383212566375732|1915.8222332489545|1365.950531435402|2125.7607937623975|1352.7762492979186|[[2841.3712142828917, 0.0, 2004.355023481056], [0.0, 2863.7600731700495, 1476.2484742699291], [0.0, 0.0, 1.0]]|[-0.12522768463073414, -0.03655398418155435, -0.0016834701843602728, 0.00031500872322268533, 0.033920993967001614]
506|3756|10|Box|0.15|0.15341850233389423|2.4254934787750244|1930.392718319351|1345.761178053819|2109.9391479082624|1337.714279248714|[[2841.3712142828917, 0.0, 2004.355023481056], [0.0, 2863.7600731700495, 1476.2484742699291], [0.0, 0.0, 1.0]]|[-0.12522768463073414, -0.03655398418155435, -0.0016834701843602728, 0.00031500872322268533, 0.033920993967001614]
506|3757|10|Box|0.15|0.15177538364575666|2.564552068710327|2085.54707235639|1342.608578713782|1917.9796529965506|1356.8014475666648|[[2841.3712142828917, 0.0, 2004.355023481056], [0.0, 2863.7600731700495, 1476.2484742699291], [0.0, 0.0, 1.0]]|[-0.12522768463073414, -0.03655398418155435, -0.0016834701843602728, 0.00031500872322268533, 0.033920993967001614]
506|3758|10|Box|0.15|0.15353209713793423|2.930429458618164|1947.7640428703985|1373.7428285819797|2095.8734968674144|1358.6342907708465|[[2841.3712142828917, 0.0, 2004.355023481056], [0.0, 2863.7600731700495, 1476.2484742699291], [0.0, 0.0, 1.0]]|[-0.12522768463073414, -0.03655398418155435, -0.0016834701843602728, 0.00031500872322268533, 0.033920993967001614]
506|3759|10|Box|0.15|0.15018690623597275|3.2004456520080566|1979.0702629154364|1378.0739509946382|2111.7667191727014|1364.92036640937|[[2841.3712142828917, 0.0, 2004.355023481056], [0.0, 2863.7600731700495, 1476.2484742699291], [0.0, 0.0, 1.0]]|[-0.12522768463073414, -0.03655398418155435, -0.0016834701843602728, 0.00031500872322268533, 0.033920993967001614]
506|3760|10|Box|0.15|0.15375682074887764|3.59791898727417|1970.2571114091704|1375.7787396984243|2090.960593485749|1362.451063552469|[[2841.3712142828917, 0.0, 2004.355023481056], [0.0, 2863.7600731700495, 1476.2484742699291], [0.0, 0.0, 1.0]]|[-0.12522768463073414, -0.03655398418155435, -0.0016834701843602728, 0.00031500872322268533, 0.033920993967001614]
506|3761|10|Box|0.15|0.15312254708459436|3.938100576400757|1978.8908478234277|1378.249891265442|2088.2560590244702|1362.4774934595773|[[2841.3712142828917, 0.0, 2004.355023481056], [0.0, 2863.7600731700495, 1476.2484742699291], [0.0, 0.0, 1.0]]|[-0.12522768463073414, -0.03655398418155435, -0.0016834701843602728, 0.00031500872322268533, 0.033920993967001614]
506|3762|10|Box|0.15|0.14733608809860008|4.041327953338623|2001.9830274560734|1375.2438987053288|2104.697048261624|1361.7034439851998|[[2841.3712142828917, 0.0, 2004.355023481056], [0.0, 2863.7600731700495, 1476.2484742699291], [0.0, 0.0, 1.0]]|[-0.12522768463073414, -0.03655398418155435, -0.0016834701843602728, 0.00031500872322268533, 0.033920993967001614]
506|3763|10|Box|0.15|0.15477937080174756|4.472479820251465|1997.4686629753137|1413.8335535030901|2095.198715250125|1402.8908063371848|[[2841.3712142828917, 0.0, 2004.355023481056], [0.0, 2863.7600731700495, 1476.2484742699291], [0.0, 0.0, 1.0]]|[-0.12522768463073414, -0.03655398418155435, -0.0016834701843602728, 0.00031500872322268533, 0.033920993967001614]
506|3764|10|Box|0.15|0.15400719411027858|4.7268266677856445|1990.9722811740755|1312.0332269146038|2082.9398136084033|1301.3509726935565|[[2841.3712142828917, 0.0, 2004.355023481056], [0.0, 2863.7600731700495, 1476.2484742699291], [0.0, 0.0, 1.0]]|[-0.12522768463073414, -0.03655398418155435, -0.0016834701843602728, 0.00031500872322268533, 0.033920993967001614]
506|3765|10|Box|0.15|0.15475009852883767|4.7727532386779785|1996.5285271338007|1402.9658538676192|2087.8665057192866|1390.8332401708|[[2841.3712142828917, 0.0, 2004.355023481056], [0.0, 2863.7600731700495, 1476.2484742699291], [0.0, 0.0, 1.0]]|[-0.12522768463073414, -0.03655398418155435, -0.0016834701843602728, 0.00031500872322268533, 0.033920993967001614]
506|3766|10|Box|0.15|0.15398586270661943|3.824458122253418|1980.7750904874513|1373.3889787559476|2094.7083452039656|1362.943485114705|[[2841.3712142828917, 0.0, 2004.355023481056], [0.0, 2863.7600731700495, 1476.2484742699291], [0.0, 0.0, 1.0]]|[-0.12522768463073414, -0.03655398418155435, -0.0016834701843602728, 0.00031500872322268533, 0.033920993967001614]
506|3767|10|Box|0.15|0.1541686701586695|3.6983351707458496|1971.0724479482174|1385.9781017242751|2089.0528714151064|1375.4126906675385|[[2841.3712142828917, 0.0, 2004.355023481056], [0.0, 2863.7600731700495, 1476.2484742699291], [0.0, 0.0, 1.0]]|[-0.12522768463073414, -0.03655398418155435, -0.0016834701843602728, 0.00031500872322268533, 0.033920993967001614]
506|3768|10|Box|0.15|0.15514633215643844|3.6154539585113525|1969.622016585886|1378.9632824135579|2091.29152941342|1370.9511790288657|[[2841.3712142828917, 0.0, 2004.355023481056], [0.0, 2863.7600731700495, 1476.2484742699291], [0.0, 0.0, 1.0]]|[-0.12522768463073414, -0.03655398418155435, -0.0016834701843602728, 0.00031500872322268533, 0.033920993967001614]
506|3769|10|Box|0.15|0.15326385918290197|3.48846697807312|1959.070755282026|1373.2431342974153|2083.176601587762|1359.6716122376313|[[2841.3712142828917, 0.0, 2004.355023481056], [0.0, 2863.7600731700495, 1476.2484742699291], [0.0, 0.0, 1.0]]|[-0.12522768463073414, -0.03655398418155435, -0.0016834701843602728, 0.00031500872322268533, 0.033920993967001614]
506|3770|10|Box|0.15|0.14514218395303624|3.225131034851074|1979.344921766108|1388.723565528447|2106.625196135321|1376.3437212129004|[[2841.3712142828917, 0.0, 2004.355023481056], [0.0, 2863.7600731700495, 1476.2484742699291], [0.0, 0.0, 1.0]]|[-0.12522768463073414, -0.03655398418155435, -0.0016834701843602728, 0.00031500872322268533, 0.033920993967001614]
506|3771|10|Box|0.15|0.15149340073713577|3.247603416442871|1970.7529278929717|1358.7046760445055|2102.269430238911|1342.107947258976|[[2841.3712142828917, 0.0, 2004.355023481056], [0.0, 2863.7600731700495, 1476.2484742699291], [0.0, 0.0, 1.0]]|[-0.12522768463073414, -0.03655398418155435, -0.0016834701843602728, 0.00031500872322268533, 0.033920993967001614]
506|3772|10|Box|0.15|0.15205223305137047|3.078150510787964|1976.2936369194522|1375.929133117669|2115.26929305792|1356.1392377574803|[[2841.3712142828917, 0.0, 2004.355023481056], [0.0, 2863.7600731700495, 1476.2484742699291], [0.0, 0.0, 1.0]]|[-0.12522768463073414, -0.03655398418155435, -0.0016834701843602728, 0.00031500872322268533, 0.033920993967001614]
506|3773|10|Box|0.15|0.15197606570679242|2.8769941329956055|1955.220383729219|1362.8680454384073|2104.289184093794|1345.2151611847073|[[2841.3712142828917, 0.0, 2004.355023481056], [0.0, 2863.7600731700495, 1476.2484742699291], [0.0, 0.0, 1.0]]|[-0.12522768463073414, -0.03655398418155435, -0.0016834701843602728, 0.00031500872322268533, 0.033920993967001614]
506|3774|10|Box|0.15|0.14571547335754495|2.593198776245117|1962.946132289489|1371.2798718409433|2120.841374780914|1347.415787572053|[[2841.3712142828917, 0.0, 2004.355023481056], [0.0, 2863.7600731700495, 1476.2484742699291], [0.0, 0.0, 1.0]]|[-0.12522768463073414, -0.03655398418155435, -0.0016834701843602728, 0.00031500872322268533, 0.033920993967001614]
506|3775|10|Box|0.15|0.15367199728163528|2.3020520210266113|1897.5256155388402|1380.4730262199685|2086.476858106218|1363.800857758141|[[2841.3712142828917, 0.0, 2004.355023481056], [0.0, 2863.7600731700495, 1476.2484742699291], [0.0, 0.0, 1.0]]|[-0.12522768463073414, -0.03655398418155435, -0.0016834701843602728, 0.00031500872322268533, 0.033920993967001614]
506|3776|10|Box|0.15|0.14924715920413603|2.0417423248291016|1894.6096125014424|1359.1143684155381|2101.5406445864783|1341.1345788978808|[[2841.3712142828917, 0.0, 2004.355023481056], [0.0, 2863.7600731700495, 1476.2484742699291], [0.0, 0.0, 1.0]]|[-0.12522768463073414, -0.03655398418155435, -0.0016834701843602728, 0.00031500872322268533, 0.033920993967001614]
506|3777|10|Box|0.15|0.15274203831484148|1.8814351558685303|1890.1294473153314|1356.1305296867283|2119.9569240879423|1336.24161342756|[[2841.3712142828917, 0.0, 2004.355023481056], [0.0, 2863.7600731700495, 1476.2484742699291], [0.0, 0.0, 1.0]]|[-0.12522768463073414, -0.03655398418155435, -0.0016834701843602728, 0.00031500872322268533, 0.033920993967001614]
506|3778|10|Box|0.15|0.1520620762173564|1.7909941673278809|1923.2696155257395|1346.435159130915|2163.724283962317|1326.7940599764424|[[2841.3712142828917, 0.0, 2004.355023481056], [0.0, 2863.7600731700495, 1476.2484742699291], [0.0, 0.0, 1.0]]|[-0.12522768463073414, -0.03655398418155435, -0.0016834701843602728, 0.00031500872322268533, 0.033920993967001614]
506|3779|10|Box|0.15|0.15095196576425068|1.5916166305541992|1891.1877304446887|1333.3583206075346|2159.080383057764|1303.9116751460435|[[2841.3712142828917, 0.0, 2004.355023481056], [0.0, 2863.7600731700495, 1476.2484742699291], [0.0, 0.0, 1.0]]|[-0.12522768463073414, -0.03655398418155435, -0.0016834701843602728, 0.00031500872322268533, 0.033920993967001614]
506|3780|10|Box|0.15|0.1501487301148416|1.405429720878601|1831.26909793475|1357.7072800408446|2132.9176611988023|1323.454146483388|[[2841.3712142828917, 0.0, 2004.355023481056], [0.0, 2863.7600731700495, 1476.2484742699291], [0.0, 0.0, 1.0]]|[-0.12522768463073414, -0.03655398418155435, -0.0016834701843602728, 0.00031500872322268533, 0.033920993967001614]
506|3781|10|Box|0.15|0.1496537080221835|1.1313689947128296|1780.512846064553|1283.7793417003516|2153.9824958200466|1241.2391597015746|[[2841.3712142828917, 0.0, 2004.355023481056], [0.0, 2863.7600731700495, 1476.2484742699291], [0.0, 0.0, 1.0]]|[-0.12522768463073414, -0.03655398418155435, -0.0016834701843602728, 0.00031500872322268533, 0.033920993967001614]
506|3782|10|Box|0.15|0.14875158697644753|0.8011937141418457|1721.4813206820484|1299.6732700769114|2247.1398527129063|1254.8569121062524|[[2841.3712142828917, 0.0, 2004.355023481056], [0.0, 2863.7600731700495, 1476.2484742699291], [0.0, 0.0, 1.0]]|[-0.12522768463073414, -0.03655398418155435, -0.0016834701843602728, 0.00031500872322268533, 0.033920993967001614]
506|3783|10|Box|0.15|0.14785388870551458|0.6564604043960571|1632.2967683204367|1297.6744044909724|2269.5293582157487|1238.19936276741|[[2841.3712142828917, 0.0, 2004.355023481056], [0.0, 2863.7600731700495, 1476.2484742699291], [0.0, 0.0, 1.0]]|[-0.12522768463073414, -0.03655398418155435, -0.0016834701843602728, 0.00031500872322268533, 0.033920993967001614]
506|3784|10|Box|0.15|0.14783364705004948|0.5741467475891113|1571.8862691549084|1247.9050826885148|2300.1520861781214|1177.5060537096042|[[2841.3712142828917, 0.0, 2004.355023481056], [0.0, 2863.7600731700495, 1476.2484742699291], [0.0, 0.0, 1.0]]|[-0.12522768463073414, -0.03655398418155435, -0.0016834701843602728, 0.00031500872322268533, 0.033920993967001614]
506|3785|10|Box|0.15|0.1468107416124102|0.6500309705734253|1528.8233325163692|1178.7817420024976|2170.25745597143|1159.1745853903342|[[2841.3712142828917, 0.0, 2004.355023481056], [0.0, 2863.7600731700495, 1476.2484742699291], [0.0, 0.0, 1.0]]|[-0.12522768463073414, -0.03655398418155435, -0.0016834701843602728, 0.00031500872322268533, 0.033920993967001614]
506|3786|10|Box|0.15|0.14505050064860775|0.3084143102169037|1172.123076923077|1212.2461538461541|2503.405128205128|1095.3230769230768|[[2841.3712142828917, 0.0, 2004.355023481056], [0.0, 2863.7600731700495, 1476.2484742699291], [0.0, 0.0, 1.0]]|[-0.12522768463073414, -0.03655398418155435, -0.0016834701843602728, 0.00031500872322268533, 0.033920993967001614]
506|3787|10|Box|0.15|0.14799184530398843|0.7331055998802185|1749.59220881029|1194.8235830933402|2319.911132310373|1133.20194083737|[[2841.3712142828917, 0.0, 2004.355023481056], [0.0, 2863.7600731700495, 1476.2484742699291], [0.0, 0.0, 1.0]]|[-0.12522768463073414, -0.03655398418155435, -0.0016834701843602728, 0.00031500872322268533, 0.033920993967001614]
506|3788|10|Box|0.15|0.15075432695110125|1.4114890098571777|1802.211500531027|1339.3935973296923|2103.228038233955|1300.5527537551209|[[2841.3712142828917, 0.0, 2004.355023481056], [0.0, 2863.7600731700495, 1476.2484742699291], [0.0, 0.0, 1.0]]|[-0.12522768463073414, -0.03655398418155435, -0.0016834701843602728, 0.00031500872322268533, 0.033920993967001614]
506|3789|10|Box|0.15|0.1534631629570306|1.9875069856643677|1829.4603007005458|1445.3453315345553|2046.6234675474482|1413.8970451418531|[[2841.3712142828917, 0.0, 2004.355023481056], [0.0, 2863.7600731700495, 1476.2484742699291], [0.0, 0.0, 1.0]]|[-0.12522768463073414, -0.03655398418155435, -0.0016834701843602728, 0.00031500872322268533, 0.033920993967001614]
506|3790|10|Box|0.15|0.15050801924362203|2.3582892417907715|1916.527396575683|1343.689916727536|2096.422009285969|1320.6711437033164|[[2841.3712142828917, 0.0, 2004.355023481056], [0.0, 2863.7600731700495, 1476.2484742699291], [0.0, 0.0, 1.0]]|[-0.12522768463073414, -0.03655398418155435, -0.0016834701843602728, 0.00031500872322268533, 0.033920993967001614]
506|3791|10|Box|0.15|0.15229021136317644|2.844665050506592|1944.9054759767148|1395.5258136579769|2094.9549921331622|1370.354108333257|[[2841.3712142828917, 0.0, 2004.355023481056], [0.0, 2863.7600731700495, 1476.2484742699291], [0.0, 0.0, 1.0]]|[-0.12522768463073414, -0.03655398418155435, -0.0016834701843602728, 0.00031500872322268533, 0.033920993967001614]
507|3792|10|Weasly Fish|0.313|0.2848379463804873|0.3121225833892822|3169.479806138934|1213.2213247172858|645.5896607431341|613.919224555735|[[2841.3712142828917, 0.0, 2004.355023481056], [0.0, 2863.7600731700495, 1476.2484742699291], [0.0, 0.0, 1.0]]|[-0.12522768463073414, -0.03655398418155435, -0.0016834701843602728, 0.00031500872322268533, 0.033920993967001614]
507|3793|10|Weasly Fish|0.313|0.2894619291891614|0.30314067006111145|3215.767366720517|1252.200323101777|584.6849757673667|584.6849757673667|[[2841.3712142828917, 0.0, 2004.355023481056], [0.0, 2863.7600731700495, 1476.2484742699291], [0.0, 0.0, 1.0]]|[-0.12522768463073414, -0.03655398418155435, -0.0016834701843602728, 0.00031500872322268533, 0.033920993967001614]
507|3794|10|Weasly Fish|0.313|0.29031307184333693|0.40952345728874207|2874.5518002117196|1165.5902387529661|916.2019386106622|690.5864297253637|[[2841.3712142828917, 0.0, 2004.355023481056], [0.0, 2863.7600731700495, 1476.2484742699291], [0.0, 0.0, 1.0]]|[-0.12522768463073414, -0.03655398418155435, -0.0016834701843602728, 0.00031500872322268533, 0.033920993967001614]
507|3795|10|Weasly Fish|0.313|0.28955757948348226|0.48959940671920776|2654.2125244140625|934.9103393554688|994.1276252019386|672.117932148627|[[2841.3712142828917, 0.0, 2004.355023481056], [0.0, 2863.7600731700495, 1476.2484742699291], [0.0, 0.0, 1.0]]|[-0.12522768463073414, -0.03655398418155435, -0.0016834701843602728, 0.00031500872322268533, 0.033920993967001614]
507|3796|10|Weasly Fish|0.313|0.2990851378798235|0.6975793838500977|2474.636108398437|1081.9252319335938|1267.9046849757674|913.626817447496|[[2841.3712142828917, 0.0, 2004.355023481056], [0.0, 2863.7600731700495, 1476.2484742699291], [0.0, 0.0, 1.0]]|[-0.12522768463073414, -0.03655398418155435, -0.0016834701843602728, 0.00031500872322268533, 0.033920993967001614]
507|3797|10|Weasly Fish|0.313|0.3029397151766901|0.9839504361152649|2294.749755859375|1281.1186523437498|1441.8513731825524|1085.0420032310178|[[2841.3712142828917, 0.0, 2004.355023481056], [0.0, 2863.7600731700495, 1476.2484742699291], [0.0, 0.0, 1.0]]|[-0.12522768463073414, -0.03655398418155435, -0.0016834701843602728, 0.00031500872322268533, 0.033920993967001614]
507|3798|10|Weasly Fish|0.313|0.2994664422280104|1.1581134796142578|2251.391723632813|1235.1089477539062|1524.2733907003674|1128.8250293182537|[[2841.3712142828917, 0.0, 2004.355023481056], [0.0, 2863.7600731700495, 1476.2484742699291], [0.0, 0.0, 1.0]]|[-0.12522768463073414, -0.03655398418155435, -0.0016834701843602728, 0.00031500872322268533, 0.033920993967001614]
507|3799|10|Weasly Fish|0.313|0.3070053763025719|1.4008541107177734|2259.6715087890625|1310.106262207031|1650.7071693445976|1178.9975690157603|[[2841.3712142828917, 0.0, 2004.355023481056], [0.0, 2863.7600731700495, 1476.2484742699291], [0.0, 0.0, 1.0]]|[-0.12522768463073414, -0.03655398418155435, -0.0016834701843602728, 0.00031500872322268533, 0.033920993967001614]
507|3800|10|Weasly Fish|0.313|0.3007728427118976|1.5851079225540161|2214.715209960937|1272.9218139648438|1680.8452621363133|1197.0739830955408|[[2841.3712142828917, 0.0, 2004.355023481056], [0.0, 2863.7600731700495, 1476.2484742699291], [0.0, 0.0, 1.0]]|[-0.12522768463073414, -0.03655398418155435, -0.0016834701843602728, 0.00031500872322268533, 0.033920993967001614]
507|3801|10|Weasly Fish|0.313|0.3046174084872925|1.634507656097412|2186.9458007812505|1308.2181396484377|1663.806804855339|1225.5091122314573|[[2841.3712142828917, 0.0, 2004.355023481056], [0.0, 2863.7600731700495, 1476.2484742699291], [0.0, 0.0, 1.0]]|[-0.12522768463073414, -0.03655398418155435, -0.0016834701843602728, 0.00031500872322268533, 0.033920993967001614]
507|3802|10|Weasly Fish|0.313|0.302549026437854|1.801604986190796|2216.9999999999995|1298|1747|1215|[[2841.3712142828917, 0.0, 2004.355023481056], [0.0, 2863.7600731700495, 1476.2484742699291], [0.0, 0.0, 1.0]]|[-0.12522768463073414, -0.03655398418155435, -0.0016834701843602728, 0.00031500872322268533, 0.033920993967001614]
507|3803|10|Weasly Fish|0.313|0.3130041966524094|1.9237266778945923|2254|1366|1798.5893077871642|1285.7922229093426|[[2841.3712142828917, 0.0, 2004.355023481056], [0.0, 2863.7600731700495, 1476.2484742699291], [0.0, 0.0, 1.0]]|[-0.12522768463073414, -0.03655398418155435, -0.0016834701843602728, 0.00031500872322268533, 0.033920993967001614]
507|3804|10|Weasly Fish|0.313|0.30582887457082153|2.08085298538208|2215|1353|1805.9999999999998|1268.0000000000002|[[2841.3712142828917, 0.0, 2004.355023481056], [0.0, 2863.7600731700495, 1476.2484742699291], [0.0, 0.0, 1.0]]|[-0.12522768463073414, -0.03655398418155435, -0.0016834701843602728, 0.00031500872322268533, 0.033920993967001614]
507|3805|10|Weasly Fish|0.313|0.3084823958086438|2.37786602973938|2164.0000000000005|1355|1801.2499999999998|1288.9999999999998|[[2841.3712142828917, 0.0, 2004.355023481056], [0.0, 2863.7600731700495, 1476.2484742699291], [0.0, 0.0, 1.0]]|[-0.12522768463073414, -0.03655398418155435, -0.0016834701843602728, 0.00031500872322268533, 0.033920993967001614]
507|3806|10|Weasly Fish|0.313|0.3075761422148831|2.4055569171905518|2172.9999999999995|1358|1815.0553962729055|1295.3622260896634|[[2841.3712142828917, 0.0, 2004.355023481056], [0.0, 2863.7600731700495, 1476.2484742699291], [0.0, 0.0, 1.0]]|[-0.12522768463073414, -0.03655398418155435, -0.0016834701843602728, 0.00031500872322268533, 0.033920993967001614]
507|3807|10|Weasly Fish|0.313|0.3017893085225508|2.7087345123291016|2150|1338|1838|1284|[[2841.3712142828917, 0.0, 2004.355023481056], [0.0, 2863.7600731700495, 1476.2484742699291], [0.0, 0.0, 1.0]]|[-0.12522768463073414, -0.03655398418155435, -0.0016834701843602728, 0.00031500872322268533, 0.033920993967001614]
507|3808|10|Weasly Fish|0.313|0.31042636304026316|2.955531597137451|2169.986509317736|1384.1197302589776|1874.7200674352553|1340.3996628237219|[[2841.3712142828917, 0.0, 2004.355023481056], [0.0, 2863.7600731700495, 1476.2484742699291], [0.0, 0.0, 1.0]]|[-0.12522768463073414, -0.03655398418155435, -0.0016834701843602728, 0.00031500872322268533, 0.033920993967001614]
507|3809|10|Weasly Fish|0.313|0.3063423493715936|3.0625267028808594|2130.0000000000005|1346|1848.9999999999998|1302.9999999999998|[[2841.3712142828917, 0.0, 2004.355023481056], [0.0, 2863.7600731700495, 1476.2484742699291], [0.0, 0.0, 1.0]]|[-0.12522768463073414, -0.03655398418155435, -0.0016834701843602728, 0.00031500872322268533, 0.033920993967001614]
507|3810|10|Weasly Fish|0.313|0.30189541851893303|3.046327590942383|2128|1368|1851|1317|[[2841.3712142828917, 0.0, 2004.355023481056], [0.0, 2863.7600731700495, 1476.2484742699291], [0.0, 0.0, 1.0]]|[-0.12522768463073414, -0.03655398418155435, -0.0016834701843602728, 0.00031500872322268533, 0.033920993967001614]
507|3811|10|Weasly Fish|0.313|0.3007852713555072|1.921095371246338|2197.0631103515625|1328.7059326171875|1758.04443359375|1256.2059326171875|[[2841.3712142828917, 0.0, 2004.355023481056], [0.0, 2863.7600731700495, 1476.2484742699291], [0.0, 0.0, 1.0]]|[-0.12522768463073414, -0.03655398418155435, -0.0016834701843602728, 0.00031500872322268533, 0.033920993967001614]
507|3812|10|Weasly Fish|0.313|0.30287874975393736|2.0093002319335938|2234.6524658203125|1363.28955078125|1813.1276855468752|1286.7895507812502|[[2841.3712142828917, 0.0, 2004.355023481056], [0.0, 2863.7600731700495, 1476.2484742699291], [0.0, 0.0, 1.0]]|[-0.12522768463073414, -0.03655398418155435, -0.0016834701843602728, 0.00031500872322268533, 0.033920993967001614]
507|3813|10|Weasly Fish|0.313|0.3053694292911215|2.158139944076538|2153|1334|1757.0000000000002|1264|[[2841.3712142828917, 0.0, 2004.355023481056], [0.0, 2863.7600731700495, 1476.2484742699291], [0.0, 0.0, 1.0]]|[-0.12522768463073414, -0.03655398418155435, -0.0016834701843602728, 0.00031500872322268533, 0.033920993967001614]
507|3814|10|Weasly Fish|0.313|0.3073898418797225|2.585951566696167|2133|1346|1799.8053962729057|1290.2716695672475|[[2841.3712142828917, 0.0, 2004.355023481056], [0.0, 2863.7600731700495, 1476.2484742699291], [0.0, 0.0, 1.0]]|[-0.12522768463073414, -0.03655398418155435, -0.0016834701843602728, 0.00031500872322268533, 0.033920993967001614]
507|3815|10|Weasly Fish|0.313|0.2977702835641403|2.7581467628479004|2110|1348|1806.6117537886944|1302.317909071339|[[2841.3712142828917, 0.0, 2004.355023481056], [0.0, 2863.7600731700495, 1476.2484742699291], [0.0, 0.0, 1.0]]|[-0.12522768463073414, -0.03655398418155435, -0.0016834701843602728, 0.00031500872322268533, 0.033920993967001614]
507|3816|10|Weasly Fish|0.313|0.3031822428584148|2.8921282291412354|2155.9999999999995|1355|1861.5057840982483|1309.9884318035045|[[2841.3712142828917, 0.0, 2004.355023481056], [0.0, 2863.7600731700495, 1476.2484742699291], [0.0, 0.0, 1.0]]|[-0.12522768463073414, -0.03655398418155435, -0.0016834701843602728, 0.00031500872322268533, 0.033920993967001614]
507|3817|10|Weasly Fish|0.313|0.3024865573309102|1.1693947315216064|2241.4274902343745|1202.764099121094|1515.3548001644185|1087.814579728709|[[2841.3712142828917, 0.0, 2004.355023481056], [0.0, 2863.7600731700495, 1476.2484742699291], [0.0, 0.0, 1.0]]|[-0.12522768463073414, -0.03655398418155435, -0.0016834701843602728, 0.00031500872322268533, 0.033920993967001614]
507|3818|10|Weasly Fish|0.313|0.30527659607352653|1.2307381629943848|2308.3305664062495|1239.1453247070315|1605.1066235864294|1191.914378029079|[[2841.3712142828917, 0.0, 2004.355023481056], [0.0, 2863.7600731700495, 1476.2484742699291], [0.0, 0.0, 1.0]]|[-0.12522768463073414, -0.03655398418155435, -0.0016834701843602728, 0.00031500872322268533, 0.033920993967001614]
507|3819|10|Weasly Fish|0.313|0.31384522984757796|1.844189167022705|2178.7263936361273|1325.5444779009374|1696.294772678347|1292.4692235867767|[[2841.3712142828917, 0.0, 2004.355023481056], [0.0, 2863.7600731700495, 1476.2484742699291], [0.0, 0.0, 1.0]]|[-0.12522768463073414, -0.03655398418155435, -0.0016834701843602728, 0.00031500872322268533, 0.033920993967001614]
507|3820|10|Weasly Fish|0.313|0.30688342887422887|2.534558057785034|2102.9039916992188|1337.9088134765625|1759.980712890625|1310.0911865234373|[[2841.3712142828917, 0.0, 2004.355023481056], [0.0, 2863.7600731700495, 1476.2484742699291], [0.0, 0.0, 1.0]]|[-0.12522768463073414, -0.03655398418155435, -0.0016834701843602728, 0.00031500872322268533, 0.033920993967001614]
507|3821|10|Weasly Fish|0.313|0.30283449815927754|2.950932741165161|2180.0767822265625|1354.1057739257812|1888.6193142360717|1345.2121351455578|[[2841.3712142828917, 0.0, 2004.355023481056], [0.0, 2863.7600731700495, 1476.2484742699291], [0.0, 0.0, 1.0]]|[-0.12522768463073414, -0.03655398418155435, -0.0016834701843602728, 0.00031500872322268533, 0.033920993967001614]
507|3822|10|Weasly Fish|0.313|0.29798592959395254|3.440621852874756|2147.0986328125005|1353.1177978515625|1901.0270182743955|1350.4530032689001|[[2841.3712142828917, 0.0, 2004.355023481056], [0.0, 2863.7600731700495, 1476.2484742699291], [0.0, 0.0, 1.0]]|[-0.12522768463073414, -0.03655398418155435, -0.0016834701843602728, 0.00031500872322268533, 0.033920993967001614]
507|3823|10|Weasly Fish|0.313|0.2929420206732468|0.7870381474494934|2381.4342041015625|1022.7264404296874|1324.6488463119408|1064.083838072625|[[2841.3712142828917, 0.0, 2004.355023481056], [0.0, 2863.7600731700495, 1476.2484742699291], [0.0, 0.0, 1.0]]|[-0.12522768463073414, -0.03655398418155435, -0.0016834701843602728, 0.00031500872322268533, 0.033920993967001614]
507|3824|10|Weasly Fish|0.313|0.30317304764548353|1.029955506324768|2345.87939453125|1188.9999999999998|1509.6704361873988|1172.297253634895|[[2841.3712142828917, 0.0, 2004.355023481056], [0.0, 2863.7600731700495, 1476.2484742699291], [0.0, 0.0, 1.0]]|[-0.12522768463073414, -0.03655398418155435, -0.0016834701843602728, 0.00031500872322268533, 0.033920993967001614]
507|3825|10|Weasly Fish|0.313|0.3145053595856037|1.435585379600525|2168.9382324218745|1325.7533569335938|1548.2138521755917|1278.6354790661758|[[2841.3712142828917, 0.0, 2004.355023481056], [0.0, 2863.7600731700495, 1476.2484742699291], [0.0, 0.0, 1.0]]|[-0.12522768463073414, -0.03655398418155435, -0.0016834701843602728, 0.00031500872322268533, 0.033920993967001614]
507|3826|10|Weasly Fish|0.313|0.3118900331934332|1.6587153673171997|2178.155190840153|1299.8297790355077|1646.1772347914052|1250.048228553642|[[2841.3712142828917, 0.0, 2004.355023481056], [0.0, 2863.7600731700495, 1476.2484742699291], [0.0, 0.0, 1.0]]|[-0.12522768463073414, -0.03655398418155435, -0.0016834701843602728, 0.00031500872322268533, 0.033920993967001614]
507|3827|10|Weasly Fish|0.313|0.3027946548498717|1.5160940885543823|2193.768798828125|1241.7946777343748|1626.294772678348|1239.3160531493545|[[2841.3712142828917, 0.0, 2004.355023481056], [0.0, 2863.7600731700495, 1476.2484742699291], [0.0, 0.0, 1.0]]|[-0.12522768463073414, -0.03655398418155435, -0.0016834701843602728, 0.00031500872322268533, 0.033920993967001614]
507|3828|10|Weasly Fish|0.313|0.30547165773288987|2.0443601608276367|2139.9267578124995|1297.8682250976562|1715.3718107189895|1300.3827453967385|[[2841.3712142828917, 0.0, 2004.355023481056], [0.0, 2863.7600731700495, 1476.2484742699291], [0.0, 0.0, 1.0]]|[-0.12522768463073414, -0.03655398418155435, -0.0016834701843602728, 0.00031500872322268533, 0.033920993967001614]
507|3829|10|Weasly Fish|0.313|0.3062272572549729|2.475428819656372|2172.9999999999995|1294|1822|1312.83019862476|[[2841.3712142828917, 0.0, 2004.355023481056], [0.0, 2863.7600731700495, 1476.2484742699291], [0.0, 0.0, 1.0]]|[-0.12522768463073414, -0.03655398418155435, -0.0016834701843602728, 0.00031500872322268533, 0.033920993967001614]
507|3830|10|Weasly Fish|0.313|0.3156127043640084|2.5666887760162354|2154.721695511496|1365.5548175693336|1805.4057676309926|1372.753445791277|[[2841.3712142828917, 0.0, 2004.355023481056], [0.0, 2863.7600731700495, 1476.2484742699291], [0.0, 0.0, 1.0]]|[-0.12522768463073414, -0.03655398418155435, -0.0016834701843602728, 0.00031500872322268533, 0.033920993967001614]
507|3831|10|Weasly Fish|0.313|0.3085685711648629|2.5432631969451904|2144.8336181640625|1310.1154785156252|1800.1109619140625|1306.884521484375|[[2841.3712142828917, 0.0, 2004.355023481056], [0.0, 2863.7600731700495, 1476.2484742699291], [0.0, 0.0, 1.0]]|[-0.12522768463073414, -0.03655398418155435, -0.0016834701843602728, 0.00031500872322268533, 0.033920993967001614]
519|3832|10|Box|0.15|0.14806763939232645|0.6539382338523865|1702.6549061294947|1374.709262758619|2344.6249253837614|1332.1690807598425|[[2841.3712142828917, 0.0, 2004.355023481056], [0.0, 2863.7600731700495, 1476.2484742699291], [0.0, 0.0, 1.0]]|[-0.12522768463073414, -0.03655398418155435, -0.0016834701843602728, 0.00031500872322268533, 0.033920993967001614]
519|3833|10|Box|0.15|0.14861207602827425|0.7604877352714539|1734.2738466206831|1237.1026131204555|2287.008928258814|1183.8831880302976|[[2841.3712142828917, 0.0, 2004.355023481056], [0.0, 2863.7600731700495, 1476.2484742699291], [0.0, 0.0, 1.0]]|[-0.12522768463073414, -0.03655398418155435, -0.0016834701843602728, 0.00031500872322268533, 0.033920993967001614]
519|3834|10|Box|0.15|0.1482307419805962|0.8251420259475708|1654.9464031136654|1326.9687620123357|2160.4563580341933|1255.7001454169827|[[2841.3712142828917, 0.0, 2004.355023481056], [0.0, 2863.7600731700495, 1476.2484742699291], [0.0, 0.0, 1.0]]|[-0.12522768463073414, -0.03655398418155435, -0.0016834701843602728, 0.00031500872322268533, 0.033920993967001614]
519|3835|10|Box|0.15|0.14902278338152664|0.8988141417503357|1679.1432839653137|1357.150519939778|2148.7813685328474|1319.8035549642289|[[2841.3712142828917, 0.0, 2004.355023481056], [0.0, 2863.7600731700495, 1476.2484742699291], [0.0, 0.0, 1.0]]|[-0.12522768463073414, -0.03655398418155435, -0.0016834701843602728, 0.00031500872322268533, 0.033920993967001614]
519|3836|10|Box|0.15|0.15001731326348341|0.9695340991020203|1635.1372626065408|1345.6823275552472|2073.2883878886464|1309.13431904481|[[2841.3712142828917, 0.0, 2004.355023481056], [0.0, 2863.7600731700495, 1476.2484742699291], [0.0, 0.0, 1.0]]|[-0.12522768463073414, -0.03655398418155435, -0.0016834701843602728, 0.00031500872322268533, 0.033920993967001614]
519|3837|10|Box|0.15|0.1491346914417048|1.0517375469207764|1734.1961870599544|1345.1791508634383|2135.841801515937|1313.1358968903337|[[2841.3712142828917, 0.0, 2004.355023481056], [0.0, 2863.7600731700495, 1476.2484742699291], [0.0, 0.0, 1.0]]|[-0.12522768463073414, -0.03655398418155435, -0.0016834701843602728, 0.00031500872322268533, 0.033920993967001614]
519|3838|10|Box|0.15|0.150188966625622|1.1673088073730469|1811.0369216045908|1224.073829038329|2175.667053022677|1197.5552740261044|[[2841.3712142828917, 0.0, 2004.355023481056], [0.0, 2863.7600731700495, 1476.2484742699291], [0.0, 0.0, 1.0]]|[-0.12522768463073414, -0.03655398418155435, -0.0016834701843602728, 0.00031500872322268533, 0.033920993967001614]
519|3839|10|Box|0.15|0.14970789371831014|1.2764418125152588|1809.9949811844824|1374.4692927459334|2142.1307293652026|1347.0092505735115|[[2841.3712142828917, 0.0, 2004.355023481056], [0.0, 2863.7600731700495, 1476.2484742699291], [0.0, 0.0, 1.0]]|[-0.12522768463073414, -0.03655398418155435, -0.0016834701843602728, 0.00031500872322268533, 0.033920993967001614]
519|3840|10|Box|0.15|0.14950610567748374|1.3714406490325928|1844.9135083102185|1381.806631144234|2153.191710327327|1351.4207868593937|[[2841.3712142828917, 0.0, 2004.355023481056], [0.0, 2863.7600731700495, 1476.2484742699291], [0.0, 0.0, 1.0]]|[-0.12522768463073414, -0.03655398418155435, -0.0016834701843602728, 0.00031500872322268533, 0.033920993967001614]
519|3841|10|Box|0.15|0.15037373150508396|1.4496276378631592|1906.8123536964765|1339.6165477164454|2200.173868519209|1310.888113119869|[[2841.3712142828917, 0.0, 2004.355023481056], [0.0, 2863.7600731700495, 1476.2484742699291], [0.0, 0.0, 1.0]]|[-0.12522768463073414, -0.03655398418155435, -0.0016834701843602728, 0.00031500872322268533, 0.033920993967001614]
519|3842|10|Box|0.15|0.15078255214320532|1.5405267477035522|1867.4111795636009|1348.6455446612997|2144.346638887514|1322.960131064647|[[2841.3712142828917, 0.0, 2004.355023481056], [0.0, 2863.7600731700495, 1476.2484742699291], [0.0, 0.0, 1.0]]|[-0.12522768463073414, -0.03655398418155435, -0.0016834701843602728, 0.00031500872322268533, 0.033920993967001614]
519|3843|10|Box|0.15|0.15004832911748192|1.611281156539917|1853.9865898627424|1386.3021310089089|2117.145327348451|1358.5151835725298|[[2841.3712142828917, 0.0, 2004.355023481056], [0.0, 2863.7600731700495, 1476.2484742699291], [0.0, 0.0, 1.0]]|[-0.12522768463073414, -0.03655398418155435, -0.0016834701843602728, 0.00031500872322268533, 0.033920993967001614]
519|3844|10|Box|0.15|0.1494737395758031|1.6760748624801636|1904.7509203198435|1423.990295859579|2156.9902482491043|1399.6174773633468|[[2841.3712142828917, 0.0, 2004.355023481056], [0.0, 2863.7600731700495, 1476.2484742699291], [0.0, 0.0, 1.0]]|[-0.12522768463073414, -0.03655398418155435, -0.0016834701843602728, 0.00031500872322268533, 0.033920993967001614]
519|3845|10|Box|0.15|0.14997479338293307|1.7761509418487549|1950.643710033816|1412.1980497695795|2189.480695881093|1389.2493002397698|[[2841.3712142828917, 0.0, 2004.355023481056], [0.0, 2863.7600731700495, 1476.2484742699291], [0.0, 0.0, 1.0]]|[-0.12522768463073414, -0.03655398418155435, -0.0016834701843602728, 0.00031500872322268533, 0.033920993967001614]
519|3846|10|Box|0.15|0.14915088449112285|1.833164930343628|1956.2699381955138|1381.3927449870703|2186.8638820793117|1364.7960162015409|[[2841.3712142828917, 0.0, 2004.355023481056], [0.0, 2863.7600731700495, 1476.2484742699291], [0.0, 0.0, 1.0]]|[-0.12522768463073414, -0.03655398418155435, -0.0016834701843602728, 0.00031500872322268533, 0.033920993967001614]
519|3847|10|Box|0.15|0.14952175661610048|1.9618701934814453|1963.2801084848845|1410.704854841546|2179.0375826967697|1392.0245540439803|[[2841.3712142828917, 0.0, 2004.355023481056], [0.0, 2863.7600731700495, 1476.2484742699291], [0.0, 0.0, 1.0]]|[-0.12522768463073414, -0.03655398418155435, -0.0016834701843602728, 0.00031500872322268533, 0.033920993967001614]
519|3848|10|Box|0.15|0.14898152165636702|2.039933204650879|1915.4131297371266|1424.2673921148867|2122.036870874042|1404.9309457518063|[[2841.3712142828917, 0.0, 2004.355023481056], [0.0, 2863.7600731700495, 1476.2484742699291], [0.0, 0.0, 1.0]]|[-0.12522768463073414, -0.03655398418155435, -0.0016834701843602728, 0.00031500872322268533, 0.033920993967001614]
519|3849|10|Box|0.15|0.14869903326091888|2.095489025115967|1933.198647835525|1449.9374746493415|2133.844608312163|1429.9072161876122|[[2841.3712142828917, 0.0, 2004.355023481056], [0.0, 2863.7600731700495, 1476.2484742699291], [0.0, 0.0, 1.0]]|[-0.12522768463073414, -0.03655398418155435, -0.0016834701843602728, 0.00031500872322268533, 0.033920993967001614]
519|3850|10|Box|0.15|0.14701113831460502|2.158052444458008|1961.0435962866059|1437.8380325472172|2153.883478894158|1421.0240613013427|[[2841.3712142828917, 0.0, 2004.355023481056], [0.0, 2863.7600731700495, 1476.2484742699291], [0.0, 0.0, 1.0]]|[-0.12522768463073414, -0.03655398418155435, -0.0016834701843602728, 0.00031500872322268533, 0.033920993967001614]
519|3851|10|Box|0.15|0.14323009232308956|2.229109764099121|1957.7887951646426|1448.2330261795498|2139.4692198073635|1430.0847970198022|[[2841.3712142828917, 0.0, 2004.355023481056], [0.0, 2863.7600731700495, 1476.2484742699291], [0.0, 0.0, 1.0]]|[-0.12522768463073414, -0.03655398418155435, -0.0016834701843602728, 0.00031500872322268533, 0.033920993967001614]
519|3852|10|Box|0.15|0.14789397014751118|2.397317886352539|1905.4307100812664|1461.3672951011329|2079.6712157705615|1442.079884527646|[[2841.3712142828917, 0.0, 2004.355023481056], [0.0, 2863.7600731700495, 1476.2484742699291], [0.0, 0.0, 1.0]]|[-0.12522768463073414, -0.03655398418155435, -0.0016834701843602728, 0.00031500872322268533, 0.033920993967001614]
519|3853|10|Box|0.15|0.14995079939093325|2.4808080196380615|1976.0903062954849|1450.1154750534874|2146.759554251397|1430.771968310446|[[2841.3712142828917, 0.0, 2004.355023481056], [0.0, 2863.7600731700495, 1476.2484742699291], [0.0, 0.0, 1.0]]|[-0.12522768463073414, -0.03655398418155435, -0.0016834701843602728, 0.00031500872322268533, 0.033920993967001614]
519|3854|10|Box|0.15|0.1496598206752905|2.277646064758301|1939.6666743879175|1441.8188796203845|2125.751209255977|1426.5375092933816|[[2841.3712142828917, 0.0, 2004.355023481056], [0.0, 2863.7600731700495, 1476.2484742699291], [0.0, 0.0, 1.0]]|[-0.12522768463073414, -0.03655398418155435, -0.0016834701843602728, 0.00031500872322268533, 0.033920993967001614]
519|3855|10|Box|0.15|0.14659685519399976|2.6732425689697266|1958.0644166299578|1464.636339441563|2113.1809643777456|1449.7621499315012|[[2841.3712142828917, 0.0, 2004.355023481056], [0.0, 2863.7600731700495, 1476.2484742699291], [0.0, 0.0, 1.0]]|[-0.12522768463073414, -0.03655398418155435, -0.0016834701843602728, 0.00031500872322268533, 0.033920993967001614]
519|3856|10|Box|0.15|0.14810610404469854|2.6667041778564453|1961.6481726536613|1492.9802270297575|2118.7769658894454|1478.2494026639026|[[2841.3712142828917, 0.0, 2004.355023481056], [0.0, 2863.7600731700495, 1476.2484742699291], [0.0, 0.0, 1.0]]|[-0.12522768463073414, -0.03655398418155435, -0.0016834701843602728, 0.00031500872322268533, 0.033920993967001614]
519|3857|10|Box|0.15|0.1487835391669385|2.6544368267059326|1979.4113732620667|1451.1324667069057|2137.6335210174493|1432.8257719252913|[[2841.3712142828917, 0.0, 2004.355023481056], [0.0, 2863.7600731700495, 1476.2484742699291], [0.0, 0.0, 1.0]]|[-0.12522768463073414, -0.03655398418155435, -0.0016834701843602728, 0.00031500872322268533, 0.033920993967001614]
519|3858|10|Box|0.15|0.14849298048795984|2.6254384517669678|1925.4710165573363|1462.4915288212544|2085.4418173222894|1447.0167234268208|[[2841.3712142828917, 0.0, 2004.355023481056], [0.0, 2863.7600731700495, 1476.2484742699291], [0.0, 0.0, 1.0]]|[-0.12522768463073414, -0.03655398418155435, -0.0016834701843602728, 0.00031500872322268533, 0.033920993967001614]
519|3859|10|Box|0.15|0.14833087326048675|2.5358026027679443|1907.2056734525393|1446.8915927273626|2072.786091172975|1432.3839626700815|[[2841.3712142828917, 0.0, 2004.355023481056], [0.0, 2863.7600731700495, 1476.2484742699291], [0.0, 0.0, 1.0]]|[-0.12522768463073414, -0.03655398418155435, -0.0016834701843602728, 0.00031500872322268533, 0.033920993967001614]
519|3860|10|Box|0.15|0.14899596384420621|2.5038044452667236|1975.0267630195904|1413.0417260609333|2143.257241163822|1395.9420661000843|[[2841.3712142828917, 0.0, 2004.355023481056], [0.0, 2863.7600731700495, 1476.2484742699291], [0.0, 0.0, 1.0]]|[-0.12522768463073414, -0.03655398418155435, -0.0016834701843602728, 0.00031500872322268533, 0.033920993967001614]
519|3861|10|Box|0.15|0.14797311241911823|2.438251495361328|1957.9319390882476|1439.22237126175|2129.4314698720536|1421.1168489502631|[[2841.3712142828917, 0.0, 2004.355023481056], [0.0, 2863.7600731700495, 1476.2484742699291], [0.0, 0.0, 1.0]]|[-0.12522768463073414, -0.03655398418155435, -0.0016834701843602728, 0.00031500872322268533, 0.033920993967001614]
519|3862|10|Box|0.15|0.14804092668192761|2.4179599285125732|1987.704217870828|1499.7508103805515|2160.7125421805918|1481.3938224814053|[[2841.3712142828917, 0.0, 2004.355023481056], [0.0, 2863.7600731700495, 1476.2484742699291], [0.0, 0.0, 1.0]]|[-0.12522768463073414, -0.03655398418155435, -0.0016834701843602728, 0.00031500872322268533, 0.033920993967001614]
519|3863|10|Box|0.15|0.1487614743558501|1.9710044860839844|1924.9698279305394|1435.9879516901099|2136.955318327531|1403.2974252943698|[[2841.3712142828917, 0.0, 2004.355023481056], [0.0, 2863.7600731700495, 1476.2484742699291], [0.0, 0.0, 1.0]]|[-0.12522768463073414, -0.03655398418155435, -0.0016834701843602728, 0.00031500872322268533, 0.033920993967001614]
519|3864|10|Box|0.15|0.14951244194145138|1.9725818634033203|1966.1481550590067|1389.88024846093|2179.224321643895|1358.3354528492011|[[2841.3712142828917, 0.0, 2004.355023481056], [0.0, 2863.7600731700495, 1476.2484742699291], [0.0, 0.0, 1.0]]|[-0.12522768463073414, -0.03655398418155435, -0.0016834701843602728, 0.00031500872322268533, 0.033920993967001614]
519|3865|10|Box|0.15|0.14797795213782916|1.9041178226470947|1988.7366963695206|1468.733349755501|2208.619715012548|1448.2919636002448|[[2841.3712142828917, 0.0, 2004.355023481056], [0.0, 2863.7600731700495, 1476.2484742699291], [0.0, 0.0, 1.0]]|[-0.12522768463073414, -0.03655398418155435, -0.0016834701843602728, 0.00031500872322268533, 0.033920993967001614]
519|3866|10|Box|0.15|0.14781176522834671|1.8536341190338135|1822.1503536683108|1410.6711299557105|2048.720848149556|1409.1623364297534|[[2841.3712142828917, 0.0, 2004.355023481056], [0.0, 2863.7600731700495, 1476.2484742699291], [0.0, 0.0, 1.0]]|[-0.12522768463073414, -0.03655398418155435, -0.0016834701843602728, 0.00031500872322268533, 0.033920993967001614]
519|3867|10|Box|0.15|0.14857445782785633|1.8114372491836548|1994.0031934429544|1433.7964507802442|2226.526237620655|1418.011596606301|[[2841.3712142828917, 0.0, 2004.355023481056], [0.0, 2863.7600731700495, 1476.2484742699291], [0.0, 0.0, 1.0]]|[-0.12522768463073414, -0.03655398418155435, -0.0016834701843602728, 0.00031500872322268533, 0.033920993967001614]
519|3868|10|Box|0.15|0.14917878279664923|1.746679425239563|1998.7773185935223|1407.25871227825|1756.7900492380734|1425.6350436841396|[[2841.3712142828917, 0.0, 2004.355023481056], [0.0, 2863.7600731700495, 1476.2484742699291], [0.0, 0.0, 1.0]]|[-0.12522768463073414, -0.03655398418155435, -0.0016834701843602728, 0.00031500872322268533, 0.033920993967001614]
519|3869|10|Box|0.15|0.1489783993993371|1.4225318431854248|1884.6859390043621|1420.8405559075559|2179.5453589022163|1380.4530143561506|[[2841.3712142828917, 0.0, 2004.355023481056], [0.0, 2863.7600731700495, 1476.2484742699291], [0.0, 0.0, 1.0]]|[-0.12522768463073414, -0.03655398418155435, -0.0016834701843602728, 0.00031500872322268533, 0.033920993967001614]
519|3870|10|Box|0.15|0.14832438142991047|1.4033586978912354|1817.5777927977588|1396.4110678098948|2116.0204682618273|1362.6980989148797|[[2841.3712142828917, 0.0, 2004.355023481056], [0.0, 2863.7600731700495, 1476.2484742699291], [0.0, 0.0, 1.0]]|[-0.12522768463073414, -0.03655398418155435, -0.0016834701843602728, 0.00031500872322268533, 0.033920993967001614]
519|3871|10|Box|0.15|0.14887546515404707|1.32619309425354|1769.6927315748358|1420.2541755985512|2085.705512137177|1376.609053807599|[[2841.3712142828917, 0.0, 2004.355023481056], [0.0, 2863.7600731700495, 1476.2484742699291], [0.0, 0.0, 1.0]]|[-0.12522768463073414, -0.03655398418155435, -0.0016834701843602728, 0.00031500872322268533, 0.033920993967001614]
519|3872|10|Box|0.15|0.14953553977521453|1.2641386985778809|1830.3220117175579|1410.6993505477321|2165.20376411552|1381.800925213898|[[2841.3712142828917, 0.0, 2004.355023481056], [0.0, 2863.7600731700495, 1476.2484742699291], [0.0, 0.0, 1.0]]|[-0.12522768463073414, -0.03655398418155435, -0.0016834701843602728, 0.00031500872322268533, 0.033920993967001614]
519|3873|10|Box|0.15|0.14872305401271121|1.1260586977005005|1918.0574143290114|1379.2186448645475|2291.527064084505|1342.2031618266512|[[2841.3712142828917, 0.0, 2004.355023481056], [0.0, 2863.7600731700495, 1476.2484742699291], [0.0, 0.0, 1.0]]|[-0.12522768463073414, -0.03655398418155435, -0.0016834701843602728, 0.00031500872322268533, 0.033920993967001614]
519|3874|10|Box|0.15|0.14893427761196443|1.009554386138916|1839.6852781192883|1349.0304661387577|2256.7522827473854|1306.7363473595706|[[2841.3712142828917, 0.0, 2004.355023481056], [0.0, 2863.7600731700495, 1476.2484742699291], [0.0, 0.0, 1.0]]|[-0.12522768463073414, -0.03655398418155435, -0.0016834701843602728, 0.00031500872322268533, 0.033920993967001614]
519|3875|10|Box|0.15|0.14868152608910132|0.8974994421005249|1802.936483366794|1381.5387971753648|2270.737916089836|1328.9070496782235|[[2841.3712142828917, 0.0, 2004.355023481056], [0.0, 2863.7600731700495, 1476.2484742699291], [0.0, 0.0, 1.0]]|[-0.12522768463073414, -0.03655398418155435, -0.0016834701843602728, 0.00031500872322268533, 0.033920993967001614]
519|3876|10|Box|0.15|0.14744294344265554|0.8181516528129578|1748.311445677672|1409.3037452003314|2258.097517593921|1360.7526907321171|[[2841.3712142828917, 0.0, 2004.355023481056], [0.0, 2863.7600731700495, 1476.2484742699291], [0.0, 0.0, 1.0]]|[-0.12522768463073414, -0.03655398418155435, -0.0016834701843602728, 0.00031500872322268533, 0.033920993967001614]
519|3877|10|Box|0.15|0.14625120267918565|0.7449411749839783|1678.2456957736315|1401.8303493962103|2234.0980606132|1354.475786874381|[[2841.3712142828917, 0.0, 2004.355023481056], [0.0, 2863.7600731700495, 1476.2484742699291], [0.0, 0.0, 1.0]]|[-0.12522768463073414, -0.03655398418155435, -0.0016834701843602728, 0.00031500872322268533, 0.033920993967001614]
519|3878|10|Box|0.15|0.14868336087010298|0.6066263914108276|1511.4708398449914|1193.7168615190037|2207.2929830228913|1164.7242722199246|[[2841.3712142828917, 0.0, 2004.355023481056], [0.0, 2863.7600731700495, 1476.2484742699291], [0.0, 0.0, 1.0]]|[-0.12522768463073414, -0.03655398418155435, -0.0016834701843602728, 0.00031500872322268533, 0.033920993967001614]
519|3879|10|Box|0.15|0.1471867753322824|0.5138311386108398|1460.1729631315425|1156.7288727052037|2270.97557275072|1085.116067364588|[[2841.3712142828917, 0.0, 2004.355023481056], [0.0, 2863.7600731700495, 1476.2484742699291], [0.0, 0.0, 1.0]]|[-0.12522768463073414, -0.03655398418155435, -0.0016834701843602728, 0.00031500872322268533, 0.033920993967001614]
519|3880|10|Box|0.15|0.14599183242601751|0.44593051075935364|1502.3310948496207|1234.9117634169215|2428.6576632028864|1149.1373838630584|[[2841.3712142828917, 0.0, 2004.355023481056], [0.0, 2863.7600731700495, 1476.2484742699291], [0.0, 0.0, 1.0]]|[-0.12522768463073414, -0.03655398418155435, -0.0016834701843602728, 0.00031500872322268533, 0.033920993967001614]
519|3881|10|Box|0.15|0.14367346998167674|0.37066650390625|1341.2920649370355|1242.4728265817023|2439.7596722803823|1162.3635867091489|[[2841.3712142828917, 0.0, 2004.355023481056], [0.0, 2863.7600731700495, 1476.2484742699291], [0.0, 0.0, 1.0]]|[-0.12522768463073414, -0.03655398418155435, -0.0016834701843602728, 0.00031500872322268533, 0.033920993967001614]
519|3882|10|Box|0.15|0.14209711167530578|0.29301130771636963|1183.9870759289174|1271.6898222940226|2557.9967689822292|1166.9337641357029|[[2841.3712142828917, 0.0, 2004.355023481056], [0.0, 2863.7600731700495, 1476.2484742699291], [0.0, 0.0, 1.0]]|[-0.12522768463073414, -0.03655398418155435, -0.0016834701843602728, 0.00031500872322268533, 0.033920993967001614]
520|3883|10|Weasly Fish|0.313|0.28900445757884485|0.43699586391448975|1208.3489499192247|976.9111470113085|3086.6494345718897|920.8788368336026|[[2841.3712142828917, 0.0, 2004.355023481056], [0.0, 2863.7600731700495, 1476.2484742699291], [0.0, 0.0, 1.0]]|[-0.12522768463073414, -0.03655398418155435, -0.0016834701843602728, 0.00031500872322268533, 0.033920993967001614]
520|3884|10|Weasly Fish|0.313|0.2988816769273308|0.7200688719749451|1390.080627441406|1101.3964233398438|2569.4571890145394|1103.4798061389336|[[2841.3712142828917, 0.0, 2004.355023481056], [0.0, 2863.7600731700495, 1476.2484742699291], [0.0, 0.0, 1.0]]|[-0.12522768463073414, -0.03655398418155435, -0.0016834701843602728, 0.00031500872322268533, 0.033920993967001614]
520|3885|10|Weasly Fish|0.313|0.29811450561512964|0.8635897040367126|1530.8103332519531|1259.9738159179688|2505.9598388671875|1153.5261840820312|[[2841.3712142828917, 0.0, 2004.355023481056], [0.0, 2863.7600731700495, 1476.2484742699291], [0.0, 0.0, 1.0]]|[-0.12522768463073414, -0.03655398418155435, -0.0016834701843602728, 0.00031500872322268533, 0.033920993967001614]
520|3886|10|Weasly Fish|0.313|0.29850232130928434|0.9850490689277649|1615.4214477539062|1273.0091552734373|2471.218994140625|1177.4908447265627|[[2841.3712142828917, 0.0, 2004.355023481056], [0.0, 2863.7600731700495, 1476.2484742699291], [0.0, 0.0, 1.0]]|[-0.12522768463073414, -0.03655398418155435, -0.0016834701843602728, 0.00031500872322268533, 0.033920993967001614]
520|3887|10|Weasly Fish|0.313|0.300857018502352|1.0512701272964478|1597.0421752929688|1334.0978393554688|2403.471923828125|1228.9021606445312|[[2841.3712142828917, 0.0, 2004.355023481056], [0.0, 2863.7600731700495, 1476.2484742699291], [0.0, 0.0, 1.0]]|[-0.12522768463073414, -0.03655398418155435, -0.0016834701843602728, 0.00031500872322268533, 0.033920993967001614]
520|3888|10|Weasly Fish|0.313|0.2996648963066635|1.1708593368530273|1716.298095703125|1285.320983886719|2439.4678955078125|1208.1790161132812|[[2841.3712142828917, 0.0, 2004.355023481056], [0.0, 2863.7600731700495, 1476.2484742699291], [0.0, 0.0, 1.0]]|[-0.12522768463073414, -0.03655398418155435, -0.0016834701843602728, 0.00031500872322268533, 0.033920993967001614]
520|3889|10|Weasly Fish|0.313|0.2984320961315448|1.287596583366394|1765.1356811523438|1317.0234985351562|2419.909545898438|1245.9765014648438|[[2841.3712142828917, 0.0, 2004.355023481056], [0.0, 2863.7600731700495, 1476.2484742699291], [0.0, 0.0, 1.0]]|[-0.12522768463073414, -0.03655398418155435, -0.0016834701843602728, 0.00031500872322268533, 0.033920993967001614]
520|3890|10|Weasly Fish|0.313|0.3004009810563509|1.3984469175338745|1742|1297|2350|1243|[[2841.3712142828917, 0.0, 2004.355023481056], [0.0, 2863.7600731700495, 1476.2484742699291], [0.0, 0.0, 1.0]]|[-0.12522768463073414, -0.03655398418155435, -0.0016834701843602728, 0.00031500872322268533, 0.033920993967001614]
520|3891|10|Weasly Fish|0.313|0.29857538625169916|1.5174336433410645|1848.093994140625|1349.9122314453125|2404.8771972656255|1298.9122314453127|[[2841.3712142828917, 0.0, 2004.355023481056], [0.0, 2863.7600731700495, 1476.2484742699291], [0.0, 0.0, 1.0]]|[-0.12522768463073414, -0.03655398418155435, -0.0016834701843602728, 0.00031500872322268533, 0.033920993967001614]
520|3892|10|Weasly Fish|0.313|0.2974577278820872|1.560510516166687|1844.124267578125|1367.1682739257812|2378.9171142578125|1280.8317260742188|[[2841.3712142828917, 0.0, 2004.355023481056], [0.0, 2863.7600731700495, 1476.2484742699291], [0.0, 0.0, 1.0]]|[-0.12522768463073414, -0.03655398418155435, -0.0016834701843602728, 0.00031500872322268533, 0.033920993967001614]
520|3893|10|Weasly Fish|0.313|0.2985378983854383|1.6455010175704956|1727.2862548828125|1414.1823120117188|2238.171875|1344.8160400390625|[[2841.3712142828917, 0.0, 2004.355023481056], [0.0, 2863.7600731700495, 1476.2484742699291], [0.0, 0.0, 1.0]]|[-0.12522768463073414, -0.03655398418155435, -0.0016834701843602728, 0.00031500872322268533, 0.033920993967001614]
520|3894|10|Weasly Fish|0.313|0.2980601247670093|1.7248631715774536|1827|1407|2314.0000000000005|1344|[[2841.3712142828917, 0.0, 2004.355023481056], [0.0, 2863.7600731700495, 1476.2484742699291], [0.0, 0.0, 1.0]]|[-0.12522768463073414, -0.03655398418155435, -0.0016834701843602728, 0.00031500872322268533, 0.033920993967001614]
520|3895|10|Weasly Fish|0.313|0.29792949772775157|1.8000359535217285|1818.9999999999998|1371|2285.75|1313|[[2841.3712142828917, 0.0, 2004.355023481056], [0.0, 2863.7600731700495, 1476.2484742699291], [0.0, 0.0, 1.0]]|[-0.12522768463073414, -0.03655398418155435, -0.0016834701843602728, 0.00031500872322268533, 0.033920993967001614]
520|3896|10|Weasly Fish|0.313|0.29854159377346345|1.8584096431732178|1871.677978515625|1386.1524047851562|2323.2147216796875|1318.8475952148438|[[2841.3712142828917, 0.0, 2004.355023481056], [0.0, 2863.7600731700495, 1476.2484742699291], [0.0, 0.0, 1.0]]|[-0.12522768463073414, -0.03655398418155435, -0.0016834701843602728, 0.00031500872322268533, 0.033920993967001614]
520|3897|10|Weasly Fish|0.313|0.297621788630465|1.9338468313217163|1844.0756225585938|1391.2422485351562|2276.9495849609375|1328.7577514648438|[[2841.3712142828917, 0.0, 2004.355023481056], [0.0, 2863.7600731700495, 1476.2484742699291], [0.0, 0.0, 1.0]]|[-0.12522768463073414, -0.03655398418155435, -0.0016834701843602728, 0.00031500872322268533, 0.033920993967001614]
520|3898|10|Weasly Fish|0.313|0.2942606143440913|2.0324718952178955|1875.9487915039065|1408.1307373046875|2282.0341796875|1341.8692626953125|[[2841.3712142828917, 0.0, 2004.355023481056], [0.0, 2863.7600731700495, 1476.2484742699291], [0.0, 0.0, 1.0]]|[-0.12522768463073414, -0.03655398418155435, -0.0016834701843602728, 0.00031500872322268533, 0.033920993967001614]
520|3899|10|Weasly Fish|0.313|0.29556739821401007|2.1341586112976074|1928.88720703125|1423.99462890625|2316.912109375|1357.99462890625|[[2841.3712142828917, 0.0, 2004.355023481056], [0.0, 2863.7600731700495, 1476.2484742699291], [0.0, 0.0, 1.0]]|[-0.12522768463073414, -0.03655398418155435, -0.0016834701843602728, 0.00031500872322268533, 0.033920993967001614]
520|3900|10|Weasly Fish|0.313|0.29439619541658624|2.1654200553894043|1937.3189697265625|1418.0833740234375|2318.8424072265625|1357.0833740234375|[[2841.3712142828917, 0.0, 2004.355023481056], [0.0, 2863.7600731700495, 1476.2484742699291], [0.0, 0.0, 1.0]]|[-0.12522768463073414, -0.03655398418155435, -0.0016834701843602728, 0.00031500872322268533, 0.033920993967001614]
520|3901|10|Weasly Fish|0.313|0.29717204698269095|2.271535634994507|1912.9651489257812|1408.1287231445312|2279.00439453125|1342.8787231445312|[[2841.3712142828917, 0.0, 2004.355023481056], [0.0, 2863.7600731700495, 1476.2484742699291], [0.0, 0.0, 1.0]]|[-0.12522768463073414, -0.03655398418155435, -0.0016834701843602728, 0.00031500872322268533, 0.033920993967001614]
520|3902|10|Weasly Fish|0.313|0.2981415804034145|2.359562635421753|1878|1380|2232.9999999999995|1326|[[2841.3712142828917, 0.0, 2004.355023481056], [0.0, 2863.7600731700495, 1476.2484742699291], [0.0, 0.0, 1.0]]|[-0.12522768463073414, -0.03655398418155435, -0.0016834701843602728, 0.00031500872322268533, 0.033920993967001614]
520|3903|10|Weasly Fish|0.313|0.2947550107547156|2.4314494132995605|1953.0000000000002|1435|2294|1386|[[2841.3712142828917, 0.0, 2004.355023481056], [0.0, 2863.7600731700495, 1476.2484742699291], [0.0, 0.0, 1.0]]|[-0.12522768463073414, -0.03655398418155435, -0.0016834701843602728, 0.00031500872322268533, 0.033920993967001614]
520|3904|10|Weasly Fish|0.313|0.2945818430738244|2.5383129119873047|1890.0000000000002|1416|2215.9999999999995|1366|[[2841.3712142828917, 0.0, 2004.355023481056], [0.0, 2863.7600731700495, 1476.2484742699291], [0.0, 0.0, 1.0]]|[-0.12522768463073414, -0.03655398418155435, -0.0016834701843602728, 0.00031500872322268533, 0.033920993967001614]
520|3905|10|Weasly Fish|0.313|0.2947067731687087|2.6219089031219482|1876.9169921875|1443.5050659179688|2192.01513671875|1391.0050659179688|[[2841.3712142828917, 0.0, 2004.355023481056], [0.0, 2863.7600731700495, 1476.2484742699291], [0.0, 0.0, 1.0]]|[-0.12522768463073414, -0.03655398418155435, -0.0016834701843602728, 0.00031500872322268533, 0.033920993967001614]
520|3906|10|Weasly Fish|0.313|0.29515105639200084|2.72849702835083|1962|1444|2265.0000000000005|1392|[[2841.3712142828917, 0.0, 2004.355023481056], [0.0, 2863.7600731700495, 1476.2484742699291], [0.0, 0.0, 1.0]]|[-0.12522768463073414, -0.03655398418155435, -0.0016834701843602728, 0.00031500872322268533, 0.033920993967001614]
520|3907|10|Weasly Fish|0.313|0.2945382547173874|2.8035686016082764|1905|1432|2199.9999999999995|1386|[[2841.3712142828917, 0.0, 2004.355023481056], [0.0, 2863.7600731700495, 1476.2484742699291], [0.0, 0.0, 1.0]]|[-0.12522768463073414, -0.03655398418155435, -0.0016834701843602728, 0.00031500872322268533, 0.033920993967001614]
520|3908|10|Weasly Fish|0.313|0.2989202789369491|2.1540005207061768|1881|1425|2270|1360|[[2841.3712142828917, 0.0, 2004.355023481056], [0.0, 2863.7600731700495, 1476.2484742699291], [0.0, 0.0, 1.0]]|[-0.12522768463073414, -0.03655398418155435, -0.0016834701843602728, 0.00031500872322268533, 0.033920993967001614]
520|3909|10|Weasly Fish|0.313|0.3013478745907594|2.1732029914855957|1747.6041259765623|1383.0513305664062|2139.177734375|1339.0513305664062|[[2841.3712142828917, 0.0, 2004.355023481056], [0.0, 2863.7600731700495, 1476.2484742699291], [0.0, 0.0, 1.0]]|[-0.12522768463073414, -0.03655398418155435, -0.0016834701843602728, 0.00031500872322268533, 0.033920993967001614]
520|3910|10|Weasly Fish|0.313|0.2959052475141584|1.5924869775772095|1803.164733886719|1379.2388305664062|2324.188598632812|1293.2388305664062|[[2841.3712142828917, 0.0, 2004.355023481056], [0.0, 2863.7600731700495, 1476.2484742699291], [0.0, 0.0, 1.0]]|[-0.12522768463073414, -0.03655398418155435, -0.0016834701843602728, 0.00031500872322268533, 0.033920993967001614]
520|3911|10|Weasly Fish|0.313|0.298460827458335|1.4155160188674927|1777.9894409179688|1413.1970825195312|2363.1737060546875|1283.8029174804685|[[2841.3712142828917, 0.0, 2004.355023481056], [0.0, 2863.7600731700495, 1476.2484742699291], [0.0, 0.0, 1.0]]|[-0.12522768463073414, -0.03655398418155435, -0.0016834701843602728, 0.00031500872322268533, 0.033920993967001614]
520|3912|10|Weasly Fish|0.313|0.3013509353409405|1.302728295326233|1611.7888793945315|1372.13330078125|2258.140747070313|1251.8666992187502|[[2841.3712142828917, 0.0, 2004.355023481056], [0.0, 2863.7600731700495, 1476.2484742699291], [0.0, 0.0, 1.0]]|[-0.12522768463073414, -0.03655398418155435, -0.0016834701843602728, 0.00031500872322268533, 0.033920993967001614]
520|3913|10|Weasly Fish|0.313|0.2984186713646933|1.1537948846817017|1648.8940429687502|1347.633056640625|2368.4039306640625|1196.8669433593748|[[2841.3712142828917, 0.0, 2004.355023481056], [0.0, 2863.7600731700495, 1476.2484742699291], [0.0, 0.0, 1.0]]|[-0.12522768463073414, -0.03655398418155435, -0.0016834701843602728, 0.00031500872322268533, 0.033920993967001614]
520|3914|10|Weasly Fish|0.313|0.297150430086017|1.1243736743927002|1709.4415893554688|1356.719970703125|2449.5443115234375|1228.719970703125|[[2841.3712142828917, 0.0, 2004.355023481056], [0.0, 2863.7600731700495, 1476.2484742699291], [0.0, 0.0, 1.0]]|[-0.12522768463073414, -0.03655398418155435, -0.0016834701843602728, 0.00031500872322268533, 0.033920993967001614]
520|3915|10|Weasly Fish|0.313|0.2985923057818067|1.0173569917678833|1570.4133300781248|1305.6775512695312|2392.7244873046875|1165.8224487304688|[[2841.3712142828917, 0.0, 2004.355023481056], [0.0, 2863.7600731700495, 1476.2484742699291], [0.0, 0.0, 1.0]]|[-0.12522768463073414, -0.03655398418155435, -0.0016834701843602728, 0.00031500872322268533, 0.033920993967001614]
520|3916|10|Weasly Fish|0.313|0.29861330085824705|0.9657277464866638|1659.8035888671875|1272.9828491210935|2528.7976074218755|1142.517150878906|[[2841.3712142828917, 0.0, 2004.355023481056], [0.0, 2863.7600731700495, 1476.2484742699291], [0.0, 0.0, 1.0]]|[-0.12522768463073414, -0.03655398418155435, -0.0016834701843602728, 0.00031500872322268533, 0.033920993967001614]
520|3917|10|Weasly Fish|0.313|0.2980716710757473|0.841850757598877|1471.7205505371094|1243.808837890625|2473.6862792968745|1152.6911621093748|[[2841.3712142828917, 0.0, 2004.355023481056], [0.0, 2863.7600731700495, 1476.2484742699291], [0.0, 0.0, 1.0]]|[-0.12522768463073414, -0.03655398418155435, -0.0016834701843602728, 0.00031500872322268533, 0.033920993967001614]
520|3918|10|Weasly Fish|0.313|0.2950875233318994|0.6964871883392334|1442.9519653320315|1354.8116455078125|2640.365356445312|1229.6883544921875|[[2841.3712142828917, 0.0, 2004.355023481056], [0.0, 2863.7600731700495, 1476.2484742699291], [0.0, 0.0, 1.0]]|[-0.12522768463073414, -0.03655398418155435, -0.0016834701843602728, 0.00031500872322268533, 0.033920993967001614]
520|3919|10|Weasly Fish|0.313|0.2948732348410723|0.5855964422225952|1292.3883361816404|1146.0032348632815|2722.148626817447|1092.2778675282711|[[2841.3712142828917, 0.0, 2004.355023481056], [0.0, 2863.7600731700495, 1476.2484742699291], [0.0, 0.0, 1.0]]|[-0.12522768463073414, -0.03655398418155435, -0.0016834701843602728, 0.00031500872322268533, 0.033920993967001614]
520|3920|10|Weasly Fish|0.313|0.28913675232265496|0.51544189453125|1320.4135702746364|1166.9337641357029|2903.9353796445876|984.2197092084006|[[2841.3712142828917, 0.0, 2004.355023481056], [0.0, 2863.7600731700495, 1476.2484742699291], [0.0, 0.0, 1.0]]|[-0.12522768463073414, -0.03655398418155435, -0.0016834701843602728, 0.00031500872322268533, 0.033920993967001614]
520|3921|10|Weasly Fish|0.313|0.2931925608547046|0.5081050992012024|1371.5735056542808|1096.2843295638124|3003.819063004846|940.3683360258481|[[2841.3712142828917, 0.0, 2004.355023481056], [0.0, 2863.7600731700495, 1476.2484742699291], [0.0, 0.0, 1.0]]|[-0.12522768463073414, -0.03655398418155435, -0.0016834701843602728, 0.00031500872322268533, 0.033920993967001614]
520|3922|10|Weasly Fish|0.313|0.2888825341821319|0.39536988735198975|1188.859450726979|967.1663974151859|3264.4911147011303|923.3150242326333|[[2841.3712142828917, 0.0, 2004.355023481056], [0.0, 2863.7600731700495, 1476.2484742699291], [0.0, 0.0, 1.0]]|[-0.12522768463073414, -0.03655398418155435, -0.0016834701843602728, 0.00031500872322268533, 0.033920993967001614]
522|3923|3|Box|0.15|0.1447701210570109|0.4145612120628357|1339.9030694668818|1086.5395799676896|2328.995153473344|1106.0290791599355|[[2832.88718694667, 0.0, 2027.3101376941806], [0.0, 2857.5529688242154, 1492.5272084030742], [0.0, 0.0, 1.0]]|[-0.12725704527417409, -0.02928287723648356, -0.003002611873808373, -0.0008914728701532138, 0.02515944404058419]
522|3924|3|Box|0.15|0.14497979491767374|0.46948930621147156|1408.1163166397414|1113.3376413570275|2282.7075928917607|1132.8271405492733|[[2832.88718694667, 0.0, 2027.3101376941806], [0.0, 2857.5529688242154, 1492.5272084030742], [0.0, 0.0, 1.0]]|[-0.12725704527417409, -0.02928287723648356, -0.003002611873808373, -0.0008914728701532138, 0.02515944404058419]
522|3925|3|Box|0.15|0.14609599101309043|0.513938844203949|1473.217392199526|1135.3362574754967|2278.427610568972|1147.2779344428404|[[2832.88718694667, 0.0, 2027.3101376941806], [0.0, 2857.5529688242154, 1492.5272084030742], [0.0, 0.0, 1.0]]|[-0.12725704527417409, -0.02928287723648356, -0.003002611873808373, -0.0008914728701532138, 0.02515944404058419]
522|3926|3|Box|0.15|0.14525044970393372|0.5573266744613647|1546.9789983844912|1169.3699515347334|2285.1437802907917|1183.9870759289176|[[2832.88718694667, 0.0, 2027.3101376941806], [0.0, 2857.5529688242154, 1492.5272084030742], [0.0, 0.0, 1.0]]|[-0.12725704527417409, -0.02928287723648356, -0.003002611873808373, -0.0008914728701532138, 0.02515944404058419]
522|3927|3|Box|0.15|0.1484779594989112|0.8103022575378418|1591.8294634407473|1297.4388926594715|2110.7806253644453|1285.2413226142564|[[2832.88718694667, 0.0, 2027.3101376941806], [0.0, 2857.5529688242154, 1492.5272084030742], [0.0, 0.0, 1.0]]|[-0.12725704527417409, -0.02928287723648356, -0.003002611873808373, -0.0008914728701532138, 0.02515944404058419]
522|3928|3|Box|0.15|0.14810508356902224|0.8552951812744141|1604.7561581625112|1304.9715318950869|2095.217890749833|1295.5887857064597|[[2832.88718694667, 0.0, 2027.3101376941806], [0.0, 2857.5529688242154, 1492.5272084030742], [0.0, 0.0, 1.0]]|[-0.12725704527417409, -0.02928287723648356, -0.003002611873808373, -0.0008914728701532138, 0.02515944404058419]
522|3929|3|Box|0.15|0.14958285310031194|0.9026232957839966|1593.1619358985765|1290.9433128651797|2062.5516053672764|1282.3630715953218|[[2832.88718694667, 0.0, 2027.3101376941806], [0.0, 2857.5529688242154, 1492.5272084030742], [0.0, 0.0, 1.0]]|[-0.12725704527417409, -0.02928287723648356, -0.003002611873808373, -0.0008914728701532138, 0.02515944404058419]
522|3930|3|Box|0.15|0.1481326374519776|0.9509189128875732|1639.8924303854074|1378.9003049018322|2081.017775671046|1391.5183067692706|[[2832.88718694667, 0.0, 2027.3101376941806], [0.0, 2857.5529688242154, 1492.5272084030742], [0.0, 0.0, 1.0]]|[-0.12725704527417409, -0.02928287723648356, -0.003002611873808373, -0.0008914728701532138, 0.02515944404058419]
522|3931|3|Box|0.15|0.14919630400338738|1.0137745141983032|1691.3169703114115|1323.8807559316126|2108.215752011569|1327.4137964544948|[[2832.88718694667, 0.0, 2027.3101376941806], [0.0, 2857.5529688242154, 1492.5272084030742], [0.0, 0.0, 1.0]]|[-0.12725704527417409, -0.02928287723648356, -0.003002611873808373, -0.0008914728701532138, 0.02515944404058419]
522|3932|3|Box|0.15|0.1490717643959411|1.0643483400344849|1713.869755444458|1326.490827471898|2110.579734156714|1333.5569085176635|[[2832.88718694667, 0.0, 2027.3101376941806], [0.0, 2857.5529688242154, 1492.5272084030742], [0.0, 0.0, 1.0]]|[-0.12725704527417409, -0.02928287723648356, -0.003002611873808373, -0.0008914728701532138, 0.02515944404058419]
522|3933|3|Box|0.15|0.14848329914342095|1.1230378150939941|1757.620712044549|1360.3227399971915|2132.077582663391|1368.8525092595796|[[2832.88718694667, 0.0, 2027.3101376941806], [0.0, 2857.5529688242154, 1492.5272084030742], [0.0, 0.0, 1.0]]|[-0.12725704527417409, -0.02928287723648356, -0.003002611873808373, -0.0008914728701532138, 0.02515944404058419]
522|3934|3|Box|0.15|0.14819079305349572|1.179242730140686|1793.0245104800335|1382.4230734692683|2149.0164211542656|1384.513629991684|[[2832.88718694667, 0.0, 2027.3101376941806], [0.0, 2857.5529688242154, 1492.5272084030742], [0.0, 0.0, 1.0]]|[-0.12725704527417409, -0.02928287723648356, -0.003002611873808373, -0.0008914728701532138, 0.02515944404058419]
522|3935|3|Box|0.15|0.14861497901825396|1.2449907064437866|1789.1163237971941|1408.0901317622659|2127.2787738445368|1407.585411687568|[[2832.88718694667, 0.0, 2027.3101376941806], [0.0, 2857.5529688242154, 1492.5272084030742], [0.0, 0.0, 1.0]]|[-0.12725704527417409, -0.02928287723648356, -0.003002611873808373, -0.0008914728701532138, 0.02515944404058419]
522|3936|3|Box|0.15|0.14840827675028279|1.302839756011963|1801.1442008966549|1404.6056342067275|2123.8253720928005|1401.279024194396|[[2832.88718694667, 0.0, 2027.3101376941806], [0.0, 2857.5529688242154, 1492.5272084030742], [0.0, 0.0, 1.0]]|[-0.12725704527417409, -0.02928287723648356, -0.003002611873808373, -0.0008914728701532138, 0.02515944404058419]
522|3937|3|Box|0.15|0.14868842026438553|1.3578485250473022|1777.3785298702505|1395.0427991976692|2087.5872527035763|1394.2663067750577|[[2832.88718694667, 0.0, 2027.3101376941806], [0.0, 2857.5529688242154, 1492.5272084030742], [0.0, 0.0, 1.0]]|[-0.12725704527417409, -0.02928287723648356, -0.003002611873808373, -0.0008914728701532138, 0.02515944404058419]
522|3938|3|Box|0.15|0.14809238010074377|1.39275062084198|1788.537073075291|1433.0743033969914|2089.703541647305|1427.1690785230305|[[2832.88718694667, 0.0, 2027.3101376941806], [0.0, 2857.5529688242154, 1492.5272084030742], [0.0, 0.0, 1.0]]|[-0.12725704527417409, -0.02928287723648356, -0.003002611873808373, -0.0008914728701532138, 0.02515944404058419]
522|3939|3|Box|0.15|0.14889919329040047|1.3585178852081299|1828.921910332498|1412.874125944906|2138.6229265818088|1390.4753060618796|[[2832.88718694667, 0.0, 2027.3101376941806], [0.0, 2857.5529688242154, 1492.5272084030742], [0.0, 0.0, 1.0]]|[-0.12725704527417409, -0.02928287723648356, -0.003002611873808373, -0.0008914728701532138, 0.02515944404058419]
522|3940|3|Box|0.15|0.14787192499309604|1.4154613018035889|1826.6871789140027|1430.4802824598016|2121.9484226120553|1410.1400634494917|[[2832.88718694667, 0.0, 2027.3101376941806], [0.0, 2857.5529688242154, 1492.5272084030742], [0.0, 0.0, 1.0]]|[-0.12725704527417409, -0.02928287723648356, -0.003002611873808373, -0.0008914728701532138, 0.02515944404058419]
522|3941|3|Box|0.15|0.1488542951911929|1.4773532152175903|1795.0378750140744|1424.080857430485|2079.2341016899127|1397.2918688503858|[[2832.88718694667, 0.0, 2027.3101376941806], [0.0, 2857.5529688242154, 1492.5272084030742], [0.0, 0.0, 1.0]]|[-0.12725704527417409, -0.02928287723648356, -0.003002611873808373, -0.0008914728701532138, 0.02515944404058419]
522|3942|3|Box|0.15|0.1458601298176745|1.5325582027435303|1819.296337250333|1431.7844841800213|2087.656000967008|1405.5390402957498|[[2832.88718694667, 0.0, 2027.3101376941806], [0.0, 2857.5529688242154, 1492.5272084030742], [0.0, 0.0, 1.0]]|[-0.12725704527417409, -0.02928287723648356, -0.003002611873808373, -0.0008914728701532138, 0.02515944404058419]
522|3943|3|Box|0.15|0.1489213484452715|1.6707885265350342|1862.2225171951077|1433.6271606829184|2114.5825545438706|1425.0857440341906|[[2832.88718694667, 0.0, 2027.3101376941806], [0.0, 2857.5529688242154, 1492.5272084030742], [0.0, 0.0, 1.0]]|[-0.12725704527417409, -0.02928287723648356, -0.003002611873808373, -0.0008914728701532138, 0.02515944404058419]
522|3944|3|Box|0.15|0.1475459075017626|1.7132294178009033|1856.7701575943452|1440.0974668225526|2100.4693179216715|1428.4500804833795|[[2832.88718694667, 0.0, 2027.3101376941806], [0.0, 2857.5529688242154, 1492.5272084030742], [0.0, 0.0, 1.0]]|[-0.12725704527417409, -0.02928287723648356, -0.003002611873808373, -0.0008914728701532138, 0.02515944404058419]
522|3945|3|Box|0.15|0.1485637915863972|1.7796118259429932|1839.2903526103664|1428.7834357763525|2075.5649611785198|1418.5477126614867|[[2832.88718694667, 0.0, 2027.3101376941806], [0.0, 2857.5529688242154, 1492.5272084030742], [0.0, 0.0, 1.0]]|[-0.12725704527417409, -0.02928287723648356, -0.003002611873808373, -0.0008914728701532138, 0.02515944404058419]
522|3946|3|Box|0.15|0.149304199038922|1.8458882570266724|1843.3405728685373|1440.911272455038|2072.3828643903553|1434.249059361625|[[2832.88718694667, 0.0, 2027.3101376941806], [0.0, 2857.5529688242154, 1492.5272084030742], [0.0, 0.0, 1.0]]|[-0.12725704527417409, -0.02928287723648356, -0.003002611873808373, -0.0008914728701532138, 0.02515944404058419]
522|3947|3|Box|0.15|0.14825654720584286|1.9102176427841187|1872.6124211427627|1436.281916566751|2092.418013673536|1431.032827789897|[[2832.88718694667, 0.0, 2027.3101376941806], [0.0, 2857.5529688242154, 1492.5272084030742], [0.0, 0.0, 1.0]]|[-0.12725704527417409, -0.02928287723648356, -0.003002611873808373, -0.0008914728701532138, 0.02515944404058419]
522|3948|3|Box|0.15|0.1489228620511949|1.977914571762085|1859.6960724657692|1443.520988491822|2072.9328377521797|1438.443922651669|[[2832.88718694667, 0.0, 2027.3101376941806], [0.0, 2857.5529688242154, 1492.5272084030742], [0.0, 0.0, 1.0]]|[-0.12725704527417409, -0.02928287723648356, -0.003002611873808373, -0.0008914728701532138, 0.02515944404058419]
522|3949|3|Box|0.15|0.14914972103322102|2.051966428756714|1868.5385587971934|1451.8874397090146|2074.3779702350557|1446.3738840455005|[[2832.88718694667, 0.0, 2027.3101376941806], [0.0, 2857.5529688242154, 1492.5272084030742], [0.0, 0.0, 1.0]]|[-0.12725704527417409, -0.02928287723648356, -0.003002611873808373, -0.0008914728701532138, 0.02515944404058419]
522|3950|3|Box|0.15|0.14937941940294258|2.1231284141540527|1888.6959603394127|1444.400355486645|2087.8961318324605|1437.53138405585|[[2832.88718694667, 0.0, 2027.3101376941806], [0.0, 2857.5529688242154, 1492.5272084030742], [0.0, 0.0, 1.0]]|[-0.12725704527417409, -0.02928287723648356, -0.003002611873808373, -0.0008914728701532138, 0.02515944404058419]
522|3951|3|Box|0.15|0.14821276713034776|2.191636085510254|1914.1925807572602|1461.2640969553488|2105.627828024192|1453.7978236610068|[[2832.88718694667, 0.0, 2027.3101376941806], [0.0, 2857.5529688242154, 1492.5272084030742], [0.0, 0.0, 1.0]]|[-0.12725704527417409, -0.02928287723648356, -0.003002611873808373, -0.0008914728701532138, 0.02515944404058419]
522|3952|3|Box|0.15|0.14809434933176602|2.2694690227508545|1901.7852414602803|1457.1268556517596|2086.5127887995754|1450.0607746059939|[[2832.88718694667, 0.0, 2027.3101376941806], [0.0, 2857.5529688242154, 1492.5272084030742], [0.0, 0.0, 1.0]]|[-0.12725704527417409, -0.02928287723648356, -0.003002611873808373, -0.0008914728701532138, 0.02515944404058419]
522|3953|3|Box|0.15|0.15012687830615465|2.3444507122039795|1890.6276236883402|1460.5867557132824|2071.7961708468374|1451.2688466419436|[[2832.88718694667, 0.0, 2027.3101376941806], [0.0, 2857.5529688242154, 1492.5272084030742], [0.0, 0.0, 1.0]]|[-0.12725704527417409, -0.02928287723648356, -0.003002611873808373, -0.0008914728701532138, 0.02515944404058419]
522|3954|3|Box|0.15|0.14967477799260515|2.4137372970581055|1912.5726534370988|1445.9578815545306|2088.0875087256327|1438.606474003178|[[2832.88718694667, 0.0, 2027.3101376941806], [0.0, 2857.5529688242154, 1492.5272084030742], [0.0, 0.0, 1.0]]|[-0.12725704527417409, -0.02928287723648356, -0.003002611873808373, -0.0008914728701532138, 0.02515944404058419]
522|3955|3|Box|0.15|0.1478639571922125|2.4397130012512207|1895.9866370400048|1435.6631898168614|2067.5914624371635|1430.1112689951888|[[2832.88718694667, 0.0, 2027.3101376941806], [0.0, 2857.5529688242154, 1492.5272084030742], [0.0, 0.0, 1.0]]|[-0.12725704527417409, -0.02928287723648356, -0.003002611873808373, -0.0008914728701532138, 0.02515944404058419]
522|3956|3|Box|0.15|0.1499693228891535|2.5490033626556396|1892.5568131627197|1460.8531042227999|2059.114437812904|1454.6411648419075|[[2832.88718694667, 0.0, 2027.3101376941806], [0.0, 2857.5529688242154, 1492.5272084030742], [0.0, 0.0, 1.0]]|[-0.12725704527417409, -0.02928287723648356, -0.003002611873808373, -0.0008914728701532138, 0.02515944404058419]
522|3957|3|Box|0.15|0.14677498169749076|2.571791887283325|1900.568583510531|1478.3221122797374|2062.0698181543003|1470.7409732424055|[[2832.88718694667, 0.0, 2027.3101376941806], [0.0, 2857.5529688242154, 1492.5272084030742], [0.0, 0.0, 1.0]]|[-0.12725704527417409, -0.02928287723648356, -0.003002611873808373, -0.0008914728701532138, 0.02515944404058419]
522|3958|3|Box|0.15|0.15016030134718011|2.6900737285614014|1905.9088002499632|1502.9551637991567|2063.893375992966|1496.063219219764|[[2832.88718694667, 0.0, 2027.3101376941806], [0.0, 2857.5529688242154, 1492.5272084030742], [0.0, 0.0, 1.0]]|[-0.12725704527417409, -0.02928287723648356, -0.003002611873808373, -0.0008914728701532138, 0.02515944404058419]
522|3959|3|Box|0.15|0.15014439004111083|2.739227056503296|1920.0377279077286|1459.4795819403464|2075.194839207903|1453.2945034716606|[[2832.88718694667, 0.0, 2027.3101376941806], [0.0, 2857.5529688242154, 1492.5272084030742], [0.0, 0.0, 1.0]]|[-0.12725704527417409, -0.02928287723648356, -0.003002611873808373, -0.0008914728701532138, 0.02515944404058419]
522|3960|3|Box|0.15|0.15179146888567097|2.8278567790985107|1927.5858357486338|1457.078492129287|2079.438347981253|1449.0378901199956|[[2832.88718694667, 0.0, 2027.3101376941806], [0.0, 2857.5529688242154, 1492.5272084030742], [0.0, 0.0, 1.0]]|[-0.12725704527417409, -0.02928287723648356, -0.003002611873808373, -0.0008914728701532138, 0.02515944404058419]
522|3961|3|Box|0.15|0.14970182270985813|2.8637542724609375|1908.3794540338429|1479.2410382236567|2056.0967995188266|1468.6733898685875|[[2832.88718694667, 0.0, 2027.3101376941806], [0.0, 2857.5529688242154, 1492.5272084030742], [0.0, 0.0, 1.0]]|[-0.12725704527417409, -0.02928287723648356, -0.003002611873808373, -0.0008914728701532138, 0.02515944404058419]
522|3962|3|Box|0.15|0.14963392746501827|2.983804941177368|1919.375950745396|1481.3058840697809|2061.1026059421383|1471.4097585198836|[[2832.88718694667, 0.0, 2027.3101376941806], [0.0, 2857.5529688242154, 1492.5272084030742], [0.0, 0.0, 1.0]]|[-0.12725704527417409, -0.02928287723648356, -0.003002611873808373, -0.0008914728701532138, 0.02515944404058419]
522|3963|3|Box|0.15|0.14939454440222033|2.5823819637298584|1892.6324554050166|1480.4873726234928|2056.509820479927|1482.2518871523446|[[2832.88718694667, 0.0, 2027.3101376941806], [0.0, 2857.5529688242154, 1492.5272084030742], [0.0, 0.0, 1.0]]|[-0.12725704527417409, -0.02928287723648356, -0.003002611873808373, -0.0008914728701532138, 0.02515944404058419]
522|3964|3|Box|0.15|0.1493564538874263|2.5741724967956543|1894.4059120001561|1450.0239912434658|2058.7522827395205|1447.3732433283149|[[2832.88718694667, 0.0, 2027.3101376941806], [0.0, 2857.5529688242154, 1492.5272084030742], [0.0, 0.0, 1.0]]|[-0.12725704527417409, -0.02928287723648356, -0.003002611873808373, -0.0008914728701532138, 0.02515944404058419]
522|3965|3|Box|0.15|0.14814380398709742|2.573482036590576|1928.6877173944533|1471.154489917169|2091.751126142885|1469.0639333947533|[[2832.88718694667, 0.0, 2027.3101376941806], [0.0, 2857.5529688242154, 1492.5272084030742], [0.0, 0.0, 1.0]]|[-0.12725704527417409, -0.02928287723648356, -0.003002611873808373, -0.0008914728701532138, 0.02515944404058419]
522|3966|3|Box|0.15|0.1499542968103832|2.6092891693115234|1878.973329999868|1433.4210394335873|2041.6884712529854|1427.9836078127646|[[2832.88718694667, 0.0, 2027.3101376941806], [0.0, 2857.5529688242154, 1492.5272084030742], [0.0, 0.0, 1.0]]|[-0.12725704527417409, -0.02928287723648356, -0.003002611873808373, -0.0008914728701532138, 0.02515944404058419]
522|3967|3|Box|0.15|0.14901177686879954|2.6263442039489746|1927.0956124414836|1472.6539327750322|2087.7717168367926|1468.4399232688947|[[2832.88718694667, 0.0, 2027.3101376941806], [0.0, 2857.5529688242154, 1492.5272084030742], [0.0, 0.0, 1.0]]|[-0.12725704527417409, -0.02928287723648356, -0.003002611873808373, -0.0008914728701532138, 0.02515944404058419]
522|3968|3|Box|0.15|0.1489684038596768|2.662597179412842|1918.474082502503|1449.7495380789662|2076.878536715265|1444.3140911206854|[[2832.88718694667, 0.0, 2027.3101376941806], [0.0, 2857.5529688242154, 1492.5272084030742], [0.0, 0.0, 1.0]]|[-0.12725704527417409, -0.02928287723648356, -0.003002611873808373, -0.0008914728701532138, 0.02515944404058419]
522|3969|3|Box|0.15|0.14874577293029306|2.7317066192626953|1871.6636255586263|1455.971845950402|2025.5837211650642|1445.7222873451508|[[2832.88718694667, 0.0, 2027.3101376941806], [0.0, 2857.5529688242154, 1492.5272084030742], [0.0, 0.0, 1.0]]|[-0.12725704527417409, -0.02928287723648356, -0.003002611873808373, -0.0008914728701532138, 0.02515944404058419]
522|3970|3|Box|0.15|0.15080164066629995|2.8351621627807617|1882.2396084565057|1394.9236799027908|2032.4486569817318|1382.906956020773|[[2832.88718694667, 0.0, 2027.3101376941806], [0.0, 2857.5529688242154, 1492.5272084030742], [0.0, 0.0, 1.0]]|[-0.12725704527417409, -0.02928287723648356, -0.003002611873808373, -0.0008914728701532138, 0.02515944404058419]
522|3971|3|Box|0.15|0.1473294029800175|2.889889717102051|1894.9091476258595|1489.9450030574458|2039.1575476725493|1482.7773806948776|[[2832.88718694667, 0.0, 2027.3101376941806], [0.0, 2857.5529688242154, 1492.5272084030742], [0.0, 0.0, 1.0]]|[-0.12725704527417409, -0.02928287723648356, -0.003002611873808373, -0.0008914728701532138, 0.02515944404058419]
522|3972|3|Box|0.15|0.1454615060583622|2.9179930686950684|1898.8476579250291|1474.8260017006369|2039.9169188029878|1468.264640729569|[[2832.88718694667, 0.0, 2027.3101376941806], [0.0, 2857.5529688242154, 1492.5272084030742], [0.0, 0.0, 1.0]]|[-0.12725704527417409, -0.02928287723648356, -0.003002611873808373, -0.0008914728701532138, 0.02515944404058419]
522|3973|3|Box|0.15|0.147614304292513|2.9742605686187744|1888.5929476994854|1475.8410037487813|2029.138076192181|1471.9585416357233|[[2832.88718694667, 0.0, 2027.3101376941806], [0.0, 2857.5529688242154, 1492.5272084030742], [0.0, 0.0, 1.0]]|[-0.12725704527417409, -0.02928287723648356, -0.003002611873808373, -0.0008914728701532138, 0.02515944404058419]
522|3974|3|Box|0.15|0.15044231941208955|3.071636438369751|1876.7934273454985|1471.845614058741|2015.4479336764762|1466.6800540189593|[[2832.88718694667, 0.0, 2027.3101376941806], [0.0, 2857.5529688242154, 1492.5272084030742], [0.0, 0.0, 1.0]]|[-0.12725704527417409, -0.02928287723648356, -0.003002611873808373, -0.0008914728701532138, 0.02515944404058419]
522|3975|3|Box|0.15|0.14813900645167952|3.061812162399292|1851.9039669225504|1501.4277061148657|1988.859275872021|1495.9494937568868|[[2832.88718694667, 0.0, 2027.3101376941806], [0.0, 2857.5529688242154, 1492.5272084030742], [0.0, 0.0, 1.0]]|[-0.12725704527417409, -0.02928287723648356, -0.003002611873808373, -0.0008914728701532138, 0.02515944404058419]
522|3976|3|Box|0.15|0.14894121292214285|2.4311611652374268|1897.5492735367159|1532.2901461538268|2071.0654648972263|1528.7063349725424|[[2832.88718694667, 0.0, 2027.3101376941806], [0.0, 2857.5529688242154, 1492.5272084030742], [0.0, 0.0, 1.0]]|[-0.12725704527417409, -0.02928287723648356, -0.003002611873808373, -0.0008914728701532138, 0.02515944404058419]
522|3977|3|Box|0.15|0.148273165700533|2.412090539932251|1889.7932762035757|1511.242446425715|2063.9217019742223|1509.223566126925|[[2832.88718694667, 0.0, 2027.3101376941806], [0.0, 2857.5529688242154, 1492.5272084030742], [0.0, 0.0, 1.0]]|[-0.12725704527417409, -0.02928287723648356, -0.003002611873808373, -0.0008914728701532138, 0.02515944404058419]
522|3978|3|Box|0.15|0.14796396717336655|2.3392155170440674|1932.338037041524|1499.1773111179862|2111.528596105735|1499.0005945903094|[[2832.88718694667, 0.0, 2027.3101376941806], [0.0, 2857.5529688242154, 1492.5272084030742], [0.0, 0.0, 1.0]]|[-0.12725704527417409, -0.02928287723648356, -0.003002611873808373, -0.0008914728701532138, 0.02515944404058419]
522|3979|3|Box|0.15|0.14851219175300906|2.2860281467437744|1926.2805612641594|1401.168675109111|2110.3092654231036|1399.2274440525819|[[2832.88718694667, 0.0, 2027.3101376941806], [0.0, 2857.5529688242154, 1492.5272084030742], [0.0, 0.0, 1.0]]|[-0.12725704527417409, -0.02928287723648356, -0.003002611873808373, -0.0008914728701532138, 0.02515944404058419]
522|3980|3|Box|0.15|0.1481353492214605|2.230069637298584|1895.072362428131|1443.0154607276252|2083.222449445552|1439.7303004781147|[[2832.88718694667, 0.0, 2027.3101376941806], [0.0, 2857.5529688242154, 1492.5272084030742], [0.0, 0.0, 1.0]]|[-0.12725704527417409, -0.02928287723648356, -0.003002611873808373, -0.0008914728701532138, 0.02515944404058419]
522|3981|3|Box|0.15|0.15085341797267646|2.1856045722961426|1883.1703858176415|1446.9754980115395|2078.6989427554636|1446.3193619144329|[[2832.88718694667, 0.0, 2027.3101376941806], [0.0, 2857.5529688242154, 1492.5272084030742], [0.0, 0.0, 1.0]]|[-0.12725704527417409, -0.02928287723648356, -0.003002611873808373, -0.0008914728701532138, 0.02515944404058419]
522|3982|3|Box|0.15|0.14876014826960218|2.0873641967773438|1896.6122752324743|1456.890946227578|2098.500305111485|1455.7262075936608|[[2832.88718694667, 0.0, 2027.3101376941806], [0.0, 2857.5529688242154, 1492.5272084030742], [0.0, 0.0, 1.0]]|[-0.12725704527417409, -0.02928287723648356, -0.003002611873808373, -0.0008914728701532138, 0.02515944404058419]
522|3983|3|Box|0.15|0.1477928906263387|2.021627187728882|1872.1662751592046|1478.8556451273928|2079.154344026966|1471.9637005480001|[[2832.88718694667, 0.0, 2027.3101376941806], [0.0, 2857.5529688242154, 1492.5272084030742], [0.0, 0.0, 1.0]]|[-0.12725704527417409, -0.02928287723648356, -0.003002611873808373, -0.0008914728701532138, 0.02515944404058419]
522|3984|3|Box|0.15|0.1485710501502409|1.9599581956863403|1840.8862680595412|1441.1677020877955|2055.586422911643|1436.896993763432|[[2832.88718694667, 0.0, 2027.3101376941806], [0.0, 2857.5529688242154, 1492.5272084030742], [0.0, 0.0, 1.0]]|[-0.12725704527417409, -0.02928287723648356, -0.003002611873808373, -0.0008914728701532138, 0.02515944404058419]
522|3985|3|Box|0.15|0.14887958600415033|1.9044342041015625|1870.7034903331626|1415.3756851212838|2092.164642817648|1414.916222149324|[[2832.88718694667, 0.0, 2027.3101376941806], [0.0, 2857.5529688242154, 1492.5272084030742], [0.0, 0.0, 1.0]]|[-0.12725704527417409, -0.02928287723648356, -0.003002611873808373, -0.0008914728701532138, 0.02515944404058419]
522|3986|3|Box|0.15|0.1499648606595661|1.2727413177490234|1756.422364760876|1156.5292368871344|2089.083365994016|1128.8074867843727|[[2832.88718694667, 0.0, 2027.3101376941806], [0.0, 2857.5529688242154, 1492.5272084030742], [0.0, 0.0, 1.0]]|[-0.12725704527417409, -0.02928287723648356, -0.003002611873808373, -0.0008914728701532138, 0.02515944404058419]
522|3987|3|Box|0.15|0.1499275530746092|1.2590869665145874|1739.9516362082823|1202.3469777777455|2075.8933179269557|1171.5085812137265|[[2832.88718694667, 0.0, 2027.3101376941806], [0.0, 2857.5529688242154, 1492.5272084030742], [0.0, 0.0, 1.0]]|[-0.12725704527417409, -0.02928287723648356, -0.003002611873808373, -0.0008914728701532138, 0.02515944404058419]
522|3988|3|Box|0.15|0.1473551534650835|1.2159866094589233|1770.4966915614164|1354.0773693174117|2112.1533575105113|1320.299948933808|[[2832.88718694667, 0.0, 2027.3101376941806], [0.0, 2857.5529688242154, 1492.5272084030742], [0.0, 0.0, 1.0]]|[-0.12725704527417409, -0.02928287723648356, -0.003002611873808373, -0.0008914728701532138, 0.02515944404058419]
522|3989|3|Box|0.15|0.14742884403041806|1.1965460777282715|1766.3141605130015|1377.4672960949497|2114.066291979597|1347.1840916130986|[[2832.88718694667, 0.0, 2027.3101376941806], [0.0, 2857.5529688242154, 1492.5272084030742], [0.0, 0.0, 1.0]]|[-0.12725704527417409, -0.02928287723648356, -0.003002611873808373, -0.0008914728701532138, 0.02515944404058419]
522|3990|3|Box|0.15|0.14663848231465113|1.1733347177505493|1758.3802879973643|1382.5456890472612|2111.512735460236|1356.956381260097|[[2832.88718694667, 0.0, 2027.3101376941806], [0.0, 2857.5529688242154, 1492.5272084030742], [0.0, 0.0, 1.0]]|[-0.12725704527417409, -0.02928287723648356, -0.003002611873808373, -0.0008914728701532138, 0.02515944404058419]
522|3991|3|Box|0.15|0.1478450825793961|1.147638201713562|1792.5182791433047|1294.818335920149|2155.916732925524|1260.9299880476005|[[2832.88718694667, 0.0, 2027.3101376941806], [0.0, 2857.5529688242154, 1492.5272084030742], [0.0, 0.0, 1.0]]|[-0.12725704527417409, -0.02928287723648356, -0.003002611873808373, -0.0008914728701532138, 0.02515944404058419]
522|3992|3|Box|0.15|0.1479107011292931|1.1063811779022217|1776.4943231952657|1350.683509587011|2153.869640584493|1318.4590740486308|[[2832.88718694667, 0.0, 2027.3101376941806], [0.0, 2857.5529688242154, 1492.5272084030742], [0.0, 0.0, 1.0]]|[-0.12725704527417409, -0.02928287723648356, -0.003002611873808373, -0.0008914728701532138, 0.02515944404058419]
522|3993|3|Box|0.15|0.14641094874739147|1.0534048080444336|1760.7562264563583|1395.9095142549202|2153.933164645731|1374.711271117624|[[2832.88718694667, 0.0, 2027.3101376941806], [0.0, 2857.5529688242154, 1492.5272084030742], [0.0, 0.0, 1.0]]|[-0.12725704527417409, -0.02928287723648356, -0.003002611873808373, -0.0008914728701532138, 0.02515944404058419]
522|3994|3|Box|0.15|0.1475957393397816|1.0098611116409302|1744.0850991548912|1341.2169098263676|2157.778908380719|1324.157371301591|[[2832.88718694667, 0.0, 2027.3101376941806], [0.0, 2857.5529688242154, 1492.5272084030742], [0.0, 0.0, 1.0]]|[-0.12725704527417409, -0.02928287723648356, -0.003002611873808373, -0.0008914728701532138, 0.02515944404058419]
522|3995|3|Box|0.15|0.14600774880817474|0.9564417600631714|1732.9220827637625|1402.6240835093827|2165.3813843668445|1403.7329535134932|[[2832.88718694667, 0.0, 2027.3101376941806], [0.0, 2857.5529688242154, 1492.5272084030742], [0.0, 0.0, 1.0]]|[-0.12725704527417409, -0.02928287723648356, -0.003002611873808373, -0.0008914728701532138, 0.02515944404058419]
522|3996|3|Box|0.15|0.14664468639302777|0.9027313590049744|1710.83236870957|1357.488724159763|2171.012330339513|1360.5182093465817|[[2832.88718694667, 0.0, 2027.3101376941806], [0.0, 2857.5529688242154, 1492.5272084030742], [0.0, 0.0, 1.0]]|[-0.12725704527417409, -0.02928287723648356, -0.003002611873808373, -0.0008914728701532138, 0.02515944404058419]
522|3997|3|Box|0.15|0.14719294197969146|0.8546048402786255|1700.6199539245395|1337.2484346770416|2188.522755733145|1332.8129546605999|[[2832.88718694667, 0.0, 2027.3101376941806], [0.0, 2857.5529688242154, 1492.5272084030742], [0.0, 0.0, 1.0]]|[-0.12725704527417409, -0.02928287723648356, -0.003002611873808373, -0.0008914728701532138, 0.02515944404058419]
522|3998|3|Box|0.15|0.14688503160603814|0.8206917643547058|1688.1562550783378|1324.8446148110618|2194.909846956821|1308.2115647494047|[[2832.88718694667, 0.0, 2027.3101376941806], [0.0, 2857.5529688242154, 1492.5272084030742], [0.0, 0.0, 1.0]]|[-0.12725704527417409, -0.02928287723648356, -0.003002611873808373, -0.0008914728701532138, 0.02515944404058419]
522|3999|3|Box|0.15|0.14703774817434595|0.7821584939956665|1668.7883683360258|1301.8935646567536|2201.045970309049|1283.9810492057386|[[2832.88718694667, 0.0, 2027.3101376941806], [0.0, 2857.5529688242154, 1492.5272084030742], [0.0, 0.0, 1.0]]|[-0.12725704527417409, -0.02928287723648356, -0.003002611873808373, -0.0008914728701532138, 0.02515944404058419]
522|4000|3|Box|0.15|0.14685292905951508|0.7300871014595032|1689.46794093576|1323.906425489892|2259.2565276632913|1317.93558700622|[[2832.88718694667, 0.0, 2027.3101376941806], [0.0, 2857.5529688242154, 1492.5272084030742], [0.0, 0.0, 1.0]]|[-0.12725704527417409, -0.02928287723648356, -0.003002611873808373, -0.0008914728701532138, 0.02515944404058419]
522|4001|3|Box|0.15|0.14553099769159436|0.6707111597061157|1685.0920840064618|1350.9596122778673|2299.7609046849757|1347.2116316639742|[[2832.88718694667, 0.0, 2027.3101376941806], [0.0, 2857.5529688242154, 1492.5272084030742], [0.0, 0.0, 1.0]]|[-0.12725704527417409, -0.02928287723648356, -0.003002611873808373, -0.0008914728701532138, 0.02515944404058419]
522|4002|3|Box|0.15|0.14446176441676842|0.6291195750236511|1571.340872374798|1361.8287560581584|2221.8029079159933|1369.1373182552502|[[2832.88718694667, 0.0, 2027.3101376941806], [0.0, 2857.5529688242154, 1492.5272084030742], [0.0, 0.0, 1.0]]|[-0.12725704527417409, -0.02928287723648356, -0.003002611873808373, -0.0008914728701532138, 0.02515944404058419]
522|4003|3|Box|0.15|0.14559296322615303|0.5857934355735779|1545.3991342057948|1284.6624394765033|2249.483638408845|1285.6718796258983|[[2832.88718694667, 0.0, 2027.3101376941806], [0.0, 2857.5529688242154, 1492.5272084030742], [0.0, 0.0, 1.0]]|[-0.12725704527417409, -0.02928287723648356, -0.003002611873808373, -0.0008914728701532138, 0.02515944404058419]
522|4004|3|Box|0.15|0.14440214862926343|0.47839149832725525|1427.6058158319872|1278.9983844911146|2282.7075928917607|1276.562197092084|[[2832.88718694667, 0.0, 2027.3101376941806], [0.0, 2857.5529688242154, 1492.5272084030742], [0.0, 0.0, 1.0]]|[-0.12725704527417409, -0.02928287723648356, -0.003002611873808373, -0.0008914728701532138, 0.02515944404058419]
522|4005|3|Box|0.15|0.14250936513254683|0.43145766854286194|1366.7011308562196|1232.7108239095314|2302.1970920840067|1252.200323101777|[[2832.88718694667, 0.0, 2027.3101376941806], [0.0, 2857.5529688242154, 1492.5272084030742], [0.0, 0.0, 1.0]]|[-0.12725704527417409, -0.02928287723648356, -0.003002611873808373, -0.0008914728701532138, 0.02515944404058419]
522|4006|3|Box|0.15|0.14341386687278052|0.39055368304252625|1320.4135702746364|1157.18901453958|2360.665589660743|1154.752827140549|[[2832.88718694667, 0.0, 2027.3101376941806], [0.0, 2857.5529688242154, 1492.5272084030742], [0.0, 0.0, 1.0]]|[-0.12725704527417409, -0.02928287723648356, -0.003002611873808373, -0.0008914728701532138, 0.02515944404058419]
522|4007|3|Weasly Fish|0.313|0.28631578722336376|0.5585503578186035|1291.6672668457031|1262.951904296875|2700.05517578125|906.048095703125|[[2832.88718694667, 0.0, 2027.3101376941806], [0.0, 2857.5529688242154, 1492.5272084030742], [0.0, 0.0, 1.0]]|[-0.12725704527417409, -0.02928287723648356, -0.003002611873808373, -0.0008914728701532138, 0.02515944404058419]
522|4008|3|Weasly Fish|0.313|0.28806151154869875|0.47150784730911255|1157.18901453958|1057.3053311793215|2867.3925686591274|789.3247172859451|[[2832.88718694667, 0.0, 2027.3101376941806], [0.0, 2857.5529688242154, 1492.5272084030742], [0.0, 0.0, 1.0]]|[-0.12725704527417409, -0.02928287723648356, -0.003002611873808373, -0.0008914728701532138, 0.02515944404058419]
522|4009|3|Weasly Fish|0.313|0.2912106685805293|0.5181049704551697|2858.809369951535|838.6284329563813|1285.3235056542812|1084.659127625202|[[2832.88718694667, 0.0, 2027.3101376941806], [0.0, 2857.5529688242154, 1492.5272084030742], [0.0, 0.0, 1.0]]|[-0.12725704527417409, -0.02928287723648356, -0.003002611873808373, -0.0008914728701532138, 0.02515944404058419]
522|4010|3|Weasly Fish|0.313|0.29070306343805874|0.6148462295532227|1341.6544799804688|1243.4207763671875|2655.14306640625|978.9207763671874|[[2832.88718694667, 0.0, 2027.3101376941806], [0.0, 2857.5529688242154, 1492.5272084030742], [0.0, 0.0, 1.0]]|[-0.12725704527417409, -0.02928287723648356, -0.003002611873808373, -0.0008914728701532138, 0.02515944404058419]
522|4011|3|Weasly Fish|0.313|0.2918520397308006|0.691185474395752|1447.99169921875|1289.5192871093752|2622.144775390625|1059.019287109375|[[2832.88718694667, 0.0, 2027.3101376941806], [0.0, 2857.5529688242154, 1492.5272084030742], [0.0, 0.0, 1.0]]|[-0.12725704527417409, -0.02928287723648356, -0.003002611873808373, -0.0008914728701532138, 0.02515944404058419]
522|4012|3|Weasly Fish|0.313|0.2933088365953354|0.7525768876075745|1511.8577880859377|1319.5044555664065|2595.371215820312|1105.5044555664062|[[2832.88718694667, 0.0, 2027.3101376941806], [0.0, 2857.5529688242154, 1492.5272084030742], [0.0, 0.0, 1.0]]|[-0.12725704527417409, -0.02928287723648356, -0.003002611873808373, -0.0008914728701532138, 0.02515944404058419]
522|4013|3|Weasly Fish|0.313|0.29262473141596274|0.8104895949363708|1553.9122314453125|1309.1495971679685|2555.511108398437|1100.1495971679685|[[2832.88718694667, 0.0, 2027.3101376941806], [0.0, 2857.5529688242154, 1492.5272084030742], [0.0, 0.0, 1.0]]|[-0.12725704527417409, -0.02928287723648356, -0.003002611873808373, -0.0008914728701532138, 0.02515944404058419]
522|4014|3|Weasly Fish|0.313|0.29393713898290635|0.8661800026893616|1565.3317260742188|1283.6943359374998|2508.232421875|1094.6943359375|[[2832.88718694667, 0.0, 2027.3101376941806], [0.0, 2857.5529688242154, 1492.5272084030742], [0.0, 0.0, 1.0]]|[-0.12725704527417409, -0.02928287723648356, -0.003002611873808373, -0.0008914728701532138, 0.02515944404058419]
522|4015|3|Weasly Fish|0.313|0.29372843396296017|0.9376105666160583|1581.0968017578125|1288.0309448242185|2452.2233886718755|1117.0309448242188|[[2832.88718694667, 0.0, 2027.3101376941806], [0.0, 2857.5529688242154, 1492.5272084030742], [0.0, 0.0, 1.0]]|[-0.12725704527417409, -0.02928287723648356, -0.003002611873808373, -0.0008914728701532138, 0.02515944404058419]
522|4016|3|Weasly Fish|0.313|0.29427459413066887|1.0253585577011108|1632.2839965820312|1333.703369140625|2428.5865478515625|1168.2033691406252|[[2832.88718694667, 0.0, 2027.3101376941806], [0.0, 2857.5529688242154, 1492.5272084030742], [0.0, 0.0, 1.0]]|[-0.12725704527417409, -0.02928287723648356, -0.003002611873808373, -0.0008914728701532138, 0.02515944404058419]
522|4017|3|Weasly Fish|0.313|0.29449499649822203|1.0812087059020996|1654.8530883789062|1323.3016357421875|2412.1917724609375|1174.3016357421873|[[2832.88718694667, 0.0, 2027.3101376941806], [0.0, 2857.5529688242154, 1492.5272084030742], [0.0, 0.0, 1.0]]|[-0.12725704527417409, -0.02928287723648356, -0.003002611873808373, -0.0008914728701532138, 0.02515944404058419]
522|4018|3|Weasly Fish|0.313|0.295297480423609|1.1365759372711182|1683.8867797851562|1351.0338134765625|2401.950439453125|1188.0338134765625|[[2832.88718694667, 0.0, 2027.3101376941806], [0.0, 2857.5529688242154, 1492.5272084030742], [0.0, 0.0, 1.0]]|[-0.12725704527417409, -0.02928287723648356, -0.003002611873808373, -0.0008914728701532138, 0.02515944404058419]
522|4019|3|Weasly Fish|0.313|0.2920144327492764|1.1954413652420044|1678.3555297851565|1376.6748657226562|2355.781005859375|1234.1748657226562|[[2832.88718694667, 0.0, 2027.3101376941806], [0.0, 2857.5529688242154, 1492.5272084030742], [0.0, 0.0, 1.0]]|[-0.12725704527417409, -0.02928287723648356, -0.003002611873808373, -0.0008914728701532138, 0.02515944404058419]
522|4020|3|Weasly Fish|0.313|0.293713519072697|1.2549914121627808|1693.913330078125|1386.0228271484375|2340.247436523437|1237.0228271484375|[[2832.88718694667, 0.0, 2027.3101376941806], [0.0, 2857.5529688242154, 1492.5272084030742], [0.0, 0.0, 1.0]]|[-0.12725704527417409, -0.02928287723648356, -0.003002611873808373, -0.0008914728701532138, 0.02515944404058419]
522|4021|3|Weasly Fish|0.313|0.29310680389855825|1.301749348640442|1691.2135620117188|1415.2544555664062|2314.772216796875|1279.7544555664065|[[2832.88718694667, 0.0, 2027.3101376941806], [0.0, 2857.5529688242154, 1492.5272084030742], [0.0, 0.0, 1.0]]|[-0.12725704527417409, -0.02928287723648356, -0.003002611873808373, -0.0008914728701532138, 0.02515944404058419]
522|4022|3|Weasly Fish|0.313|0.292909054617817|1.3474093675613403|1744.3442993164062|1411.9775390625|2343.870971679687|1269.9775390625|[[2832.88718694667, 0.0, 2027.3101376941806], [0.0, 2857.5529688242154, 1492.5272084030742], [0.0, 0.0, 1.0]]|[-0.12725704527417409, -0.02928287723648356, -0.003002611873808373, -0.0008914728701532138, 0.02515944404058419]
522|4023|3|Weasly Fish|0.313|0.2931847531940607|1.3896182775497437|1726.9117431640625|1410.0310668945312|2310.0989990234375|1278.031066894531|[[2832.88718694667, 0.0, 2027.3101376941806], [0.0, 2857.5529688242154, 1492.5272084030742], [0.0, 0.0, 1.0]]|[-0.12725704527417409, -0.02928287723648356, -0.003002611873808373, -0.0008914728701532138, 0.02515944404058419]
522|4024|3|Weasly Fish|0.313|0.29444616908687915|1.4254523515701294|1756.7665405273438|1415.9251098632812|2330.155639648437|1298.0748901367188|[[2832.88718694667, 0.0, 2027.3101376941806], [0.0, 2857.5529688242154, 1492.5272084030742], [0.0, 0.0, 1.0]]|[-0.12725704527417409, -0.02928287723648356, -0.003002611873808373, -0.0008914728701532138, 0.02515944404058419]
522|4025|3|Weasly Fish|0.313|0.29383514905108227|1.5074167251586914|1752.2102661132812|1397.0455322265625|2275.7928466796875|1220.0455322265625|[[2832.88718694667, 0.0, 2027.3101376941806], [0.0, 2857.5529688242154, 1492.5272084030742], [0.0, 0.0, 1.0]]|[-0.12725704527417409, -0.02928287723648356, -0.003002611873808373, -0.0008914728701532138, 0.02515944404058419]
522|4026|3|Weasly Fish|0.313|0.29242130542829947|1.5532186031341553|1738.7593994140625|1426.8798828125|2246.0771484375005|1260.8798828125|[[2832.88718694667, 0.0, 2027.3101376941806], [0.0, 2857.5529688242154, 1492.5272084030742], [0.0, 0.0, 1.0]]|[-0.12725704527417409, -0.02928287723648356, -0.003002611873808373, -0.0008914728701532138, 0.02515944404058419]
522|4027|3|Weasly Fish|0.313|0.2910447235355709|1.6212916374206543|1755|1465|2233.7499999999995|1292|[[2832.88718694667, 0.0, 2027.3101376941806], [0.0, 2857.5529688242154, 1492.5272084030742], [0.0, 0.0, 1.0]]|[-0.12725704527417409, -0.02928287723648356, -0.003002611873808373, -0.0008914728701532138, 0.02515944404058419]
522|4028|3|Weasly Fish|0.313|0.29542201036218074|1.6858948469161987|1766.7963256835935|1441.1556396484375|2233.9691162109375|1271.8443603515627|[[2832.88718694667, 0.0, 2027.3101376941806], [0.0, 2857.5529688242154, 1492.5272084030742], [0.0, 0.0, 1.0]]|[-0.12725704527417409, -0.02928287723648356, -0.003002611873808373, -0.0008914728701532138, 0.02515944404058419]
522|4029|3|Weasly Fish|0.313|0.2926856758026514|1.7599053382873535|1780.9126586914062|1451.7444458007812|2222.918579101562|1287.2444458007812|[[2832.88718694667, 0.0, 2027.3101376941806], [0.0, 2857.5529688242154, 1492.5272084030742], [0.0, 0.0, 1.0]]|[-0.12725704527417409, -0.02928287723648356, -0.003002611873808373, -0.0008914728701532138, 0.02515944404058419]
522|4030|3|Weasly Fish|0.313|0.29204452170877704|1.8539745807647705|1774.18017578125|1461.2054443359375|2191.8798828125|1302.7945556640625|[[2832.88718694667, 0.0, 2027.3101376941806], [0.0, 2857.5529688242154, 1492.5272084030742], [0.0, 0.0, 1.0]]|[-0.12725704527417409, -0.02928287723648356, -0.003002611873808373, -0.0008914728701532138, 0.02515944404058419]
522|4031|3|Weasly Fish|0.313|0.292300715938318|1.8950612545013428|1783.0369262695312|1449.0792846679688|2200.8574218749995|1320.0792846679688|[[2832.88718694667, 0.0, 2027.3101376941806], [0.0, 2857.5529688242154, 1492.5272084030742], [0.0, 0.0, 1.0]]|[-0.12725704527417409, -0.02928287723648356, -0.003002611873808373, -0.0008914728701532138, 0.02515944404058419]
522|4032|3|Weasly Fish|0.313|0.28979930203284227|1.939408779144287|1790.9310913085938|1482.9188232421875|2191.8599853515625|1345.9188232421875|[[2832.88718694667, 0.0, 2027.3101376941806], [0.0, 2857.5529688242154, 1492.5272084030742], [0.0, 0.0, 1.0]]|[-0.12725704527417409, -0.02928287723648356, -0.003002611873808373, -0.0008914728701532138, 0.02515944404058419]
522|4033|3|Weasly Fish|0.313|0.29555530886106673|2.006258726119995|1807.8755493164062|1410.16552734375|2215.916259765625|1321.83447265625|[[2832.88718694667, 0.0, 2027.3101376941806], [0.0, 2857.5529688242154, 1492.5272084030742], [0.0, 0.0, 1.0]]|[-0.12725704527417409, -0.02928287723648356, -0.003002611873808373, -0.0008914728701532138, 0.02515944404058419]
522|4034|3|Weasly Fish|0.313|0.2923594702107341|2.0770719051361084|1848.9999999999998|1466|2228|1341|[[2832.88718694667, 0.0, 2027.3101376941806], [0.0, 2857.5529688242154, 1492.5272084030742], [0.0, 0.0, 1.0]]|[-0.12725704527417409, -0.02928287723648356, -0.003002611873808373, -0.0008914728701532138, 0.02515944404058419]
522|4035|3|Weasly Fish|0.313|0.29000527436066764|2.15047025680542|1818|1505|2181.9999999999995|1388|[[2832.88718694667, 0.0, 2027.3101376941806], [0.0, 2857.5529688242154, 1492.5272084030742], [0.0, 0.0, 1.0]]|[-0.12725704527417409, -0.02928287723648356, -0.003002611873808373, -0.0008914728701532138, 0.02515944404058419]
522|4036|3|Weasly Fish|0.313|0.28535483478612805|2.188377618789673|1839|1483|2191|1370|[[2832.88718694667, 0.0, 2027.3101376941806], [0.0, 2857.5529688242154, 1492.5272084030742], [0.0, 0.0, 1.0]]|[-0.12725704527417409, -0.02928287723648356, -0.003002611873808373, -0.0008914728701532138, 0.02515944404058419]
522|4037|3|Weasly Fish|0.313|0.29046118511366803|2.2729461193084717|1835.9089965820312|1455.9503173828125|2182.0357666015625|1348.9503173828125|[[2832.88718694667, 0.0, 2027.3101376941806], [0.0, 2857.5529688242154, 1492.5272084030742], [0.0, 0.0, 1.0]]|[-0.12725704527417409, -0.02928287723648356, -0.003002611873808373, -0.0008914728701532138, 0.02515944404058419]
522|4038|3|Weasly Fish|0.313|0.29088489180529686|2.359066963195801|1841.1476440429688|1461.01904296875|2173.961181640625|1354.01904296875|[[2832.88718694667, 0.0, 2027.3101376941806], [0.0, 2857.5529688242154, 1492.5272084030742], [0.0, 0.0, 1.0]]|[-0.12725704527417409, -0.02928287723648356, -0.003002611873808373, -0.0008914728701532138, 0.02515944404058419]
522|4039|3|Weasly Fish|0.313|0.2913904390034182|2.4371354579925537|1846.1210327148438|1473.00439453125|2169.9954833984375|1373.00439453125|[[2832.88718694667, 0.0, 2027.3101376941806], [0.0, 2857.5529688242154, 1492.5272084030742], [0.0, 0.0, 1.0]]|[-0.12725704527417409, -0.02928287723648356, -0.003002611873808373, -0.0008914728701532138, 0.02515944404058419]
522|4040|3|Weasly Fish|0.313|0.28974707985015835|2.4997992515563965|1864|1477|2180.0000000000005|1387|[[2832.88718694667, 0.0, 2027.3101376941806], [0.0, 2857.5529688242154, 1492.5272084030742], [0.0, 0.0, 1.0]]|[-0.12725704527417409, -0.02928287723648356, -0.003002611873808373, -0.0008914728701532138, 0.02515944404058419]
522|4041|3|Weasly Fish|0.313|0.2839969076760311|2.4897561073303223|1844|1508|2156.9999999999995|1427|[[2832.88718694667, 0.0, 2027.3101376941806], [0.0, 2857.5529688242154, 1492.5272084030742], [0.0, 0.0, 1.0]]|[-0.12725704527417409, -0.02928287723648356, -0.003002611873808373, -0.0008914728701532138, 0.02515944404058419]
522|4042|3|Weasly Fish|0.313|0.29033498909402017|2.619929075241089|1811.9628295898438|1495.6723022460938|2113.024780273438|1405.9223022460938|[[2832.88718694667, 0.0, 2027.3101376941806], [0.0, 2857.5529688242154, 1492.5272084030742], [0.0, 0.0, 1.0]]|[-0.12725704527417409, -0.02928287723648356, -0.003002611873808373, -0.0008914728701532138, 0.02515944404058419]
522|4043|3|Weasly Fish|0.313|0.29217095301476015|1.945815920829773|1795.8453369140625|1423.1007080078125|2203.94873046875|1302.1007080078127|[[2832.88718694667, 0.0, 2027.3101376941806], [0.0, 2857.5529688242154, 1492.5272084030742], [0.0, 0.0, 1.0]]|[-0.12725704527417409, -0.02928287723648356, -0.003002611873808373, -0.0008914728701532138, 0.02515944404058419]
522|4044|3|Weasly Fish|0.313|0.29164316859431827|2.029148817062378|1819.7945556640623|1442.1951904296875|2209.970336914063|1324.8048095703125|[[2832.88718694667, 0.0, 2027.3101376941806], [0.0, 2857.5529688242154, 1492.5272084030742], [0.0, 0.0, 1.0]]|[-0.12725704527417409, -0.02928287723648356, -0.003002611873808373, -0.0008914728701532138, 0.02515944404058419]
522|4045|3|Weasly Fish|0.313|0.29163157676021445|2.1109137535095215|1818|1438|2193|1325.0000000000002|[[2832.88718694667, 0.0, 2027.3101376941806], [0.0, 2857.5529688242154, 1492.5272084030742], [0.0, 0.0, 1.0]]|[-0.12725704527417409, -0.02928287723648356, -0.003002611873808373, -0.0008914728701532138, 0.02515944404058419]
522|4046|3|Weasly Fish|0.313|0.2817915294583746|2.107795476913452|1803.94775390625|1464.8427124023438|2167.0079345703125|1356.092712402344|[[2832.88718694667, 0.0, 2027.3101376941806], [0.0, 2857.5529688242154, 1492.5272084030742], [0.0, 0.0, 1.0]]|[-0.12725704527417409, -0.02928287723648356, -0.003002611873808373, -0.0008914728701532138, 0.02515944404058419]
522|4047|3|Weasly Fish|0.313|0.2811252757915755|2.1612517833709717|1812.0862426757812|1473.1296997070312|2164.9017333984375|1365.8796997070312|[[2832.88718694667, 0.0, 2027.3101376941806], [0.0, 2857.5529688242154, 1492.5272084030742], [0.0, 0.0, 1.0]]|[-0.12725704527417409, -0.02928287723648356, -0.003002611873808373, -0.0008914728701532138, 0.02515944404058419]
522|4048|3|Weasly Fish|0.313|0.28153309123096515|2.214630603790283|1813.8918466529212|1418.3937188499967|2165.1134033203125|1338.10107421875|[[2832.88718694667, 0.0, 2027.3101376941806], [0.0, 2857.5529688242154, 1492.5272084030742], [0.0, 0.0, 1.0]]|[-0.12725704527417409, -0.02928287723648356, -0.003002611873808373, -0.0008914728701532138, 0.02515944404058419]
522|4049|3|Weasly Fish|0.313|0.2914567090877804|2.341332197189331|1838|1460|2177|1362|[[2832.88718694667, 0.0, 2027.3101376941806], [0.0, 2857.5529688242154, 1492.5272084030742], [0.0, 0.0, 1.0]]|[-0.12725704527417409, -0.02928287723648356, -0.003002611873808373, -0.0008914728701532138, 0.02515944404058419]
522|4050|3|Weasly Fish|0.313|0.2803125485188011|2.3159148693084717|1843.0881958007812|1470.9854736328125|2171.9219970703125|1372.9854736328125|[[2832.88718694667, 0.0, 2027.3101376941806], [0.0, 2857.5529688242154, 1492.5272084030742], [0.0, 0.0, 1.0]]|[-0.12725704527417409, -0.02928287723648356, -0.003002611873808373, -0.0008914728701532138, 0.02515944404058419]
522|4051|3|Weasly Fish|0.313|0.28910857608919843|2.452122688293457|1859.9009399414062|1464.6727905273438|2180.996215820312|1371.9227905273438|[[2832.88718694667, 0.0, 2027.3101376941806], [0.0, 2857.5529688242154, 1492.5272084030742], [0.0, 0.0, 1.0]]|[-0.12725704527417409, -0.02928287723648356, -0.003002611873808373, -0.0008914728701532138, 0.02515944404058419]
522|4052|3|Weasly Fish|0.313|0.28452480171512695|2.462658643722534|1848|1474|2164.0000000000005|1388|[[2832.88718694667, 0.0, 2027.3101376941806], [0.0, 2857.5529688242154, 1492.5272084030742], [0.0, 0.0, 1.0]]|[-0.12725704527417409, -0.02928287723648356, -0.003002611873808373, -0.0008914728701532138, 0.02515944404058419]
522|4053|3|Weasly Fish|0.313|0.283852118215799|2.5016913414001465|1836.909912109375|1482.126403808594|2147.0313720703125|1396.8764038085935|[[2832.88718694667, 0.0, 2027.3101376941806], [0.0, 2857.5529688242154, 1492.5272084030742], [0.0, 0.0, 1.0]]|[-0.12725704527417409, -0.02928287723648356, -0.003002611873808373, -0.0008914728701532138, 0.02515944404058419]
522|4054|3|Weasly Fish|0.313|0.294048371838711|2.5962140560150146|1866.0383911132815|1438.9808349609375|2167.068359375|1326.9808349609377|[[2832.88718694667, 0.0, 2027.3101376941806], [0.0, 2857.5529688242154, 1492.5272084030742], [0.0, 0.0, 1.0]]|[-0.12725704527417409, -0.02928287723648356, -0.003002611873808373, -0.0008914728701532138, 0.02515944404058419]
522|4055|3|Weasly Fish|0.313|0.29541176340571373|1.5909820795059204|1758.0704345703125|1417.7301635742188|2265.027587890625|1276.2301635742188|[[2832.88718694667, 0.0, 2027.3101376941806], [0.0, 2857.5529688242154, 1492.5272084030742], [0.0, 0.0, 1.0]]|[-0.12725704527417409, -0.02928287723648356, -0.003002611873808373, -0.0008914728701532138, 0.02515944404058419]
522|4056|3|Weasly Fish|0.313|0.2937756828121114|1.5367023944854736|1723.9646606445312|1447.7409057617188|2248.0998535156255|1310.240905761719|[[2832.88718694667, 0.0, 2027.3101376941806], [0.0, 2857.5529688242154, 1492.5272084030742], [0.0, 0.0, 1.0]]|[-0.12725704527417409, -0.02928287723648356, -0.003002611873808373, -0.0008914728701532138, 0.02515944404058419]
522|4057|3|Weasly Fish|0.313|0.2953945849351811|1.4906859397888184|1722.9857177734373|1404.0325927734373|2265.8961181640625|1260.0325927734377|[[2832.88718694667, 0.0, 2027.3101376941806], [0.0, 2857.5529688242154, 1492.5272084030742], [0.0, 0.0, 1.0]]|[-0.12725704527417409, -0.02928287723648356, -0.003002611873808373, -0.0008914728701532138, 0.02515944404058419]
522|4058|3|Weasly Fish|0.313|0.29193886632274907|1.4175045490264893|1702.053466796875|1418.687255859375|2273.1335449218755|1298.187255859375|[[2832.88718694667, 0.0, 2027.3101376941806], [0.0, 2857.5529688242154, 1492.5272084030742], [0.0, 0.0, 1.0]]|[-0.12725704527417409, -0.02928287723648356, -0.003002611873808373, -0.0008914728701532138, 0.02515944404058419]
522|4059|3|Weasly Fish|0.313|0.29471519749690533|1.3612571954727173|1678.839599609375|1400.9614868164062|2279.10400390625|1273.9614868164062|[[2832.88718694667, 0.0, 2027.3101376941806], [0.0, 2857.5529688242154, 1492.5272084030742], [0.0, 0.0, 1.0]]|[-0.12725704527417409, -0.02928287723648356, -0.003002611873808373, -0.0008914728701532138, 0.02515944404058419]
522|4060|3|Weasly Fish|0.313|0.2962491455517756|1.3148589134216309|1614.7523193359375|1355.8263549804688|2247.9984130859375|1275.1736450195312|[[2832.88718694667, 0.0, 2027.3101376941806], [0.0, 2857.5529688242154, 1492.5272084030742], [0.0, 0.0, 1.0]]|[-0.12725704527417409, -0.02928287723648356, -0.003002611873808373, -0.0008914728701532138, 0.02515944404058419]
522|4061|3|Weasly Fish|0.313|0.2938847791661503|1.0203388929367065|1634.7174682617188|1402.4904174804688|2409.0472412109375|1142.9904174804688|[[2832.88718694667, 0.0, 2027.3101376941806], [0.0, 2857.5529688242154, 1492.5272084030742], [0.0, 0.0, 1.0]]|[-0.12725704527417409, -0.02928287723648356, -0.003002611873808373, -0.0008914728701532138, 0.02515944404058419]
522|4062|3|Weasly Fish|0.313|0.29551997708974354|1.0046093463897705|1635.8906860351562|1308.8560791015625|2427.7120361328125|1046.8560791015625|[[2832.88718694667, 0.0, 2027.3101376941806], [0.0, 2857.5529688242154, 1492.5272084030742], [0.0, 0.0, 1.0]]|[-0.12725704527417409, -0.02928287723648356, -0.003002611873808373, -0.0008914728701532138, 0.02515944404058419]
522|4063|3|Weasly Fish|0.313|0.293674503520194|0.9632684588432312|1562.5514526367188|1377.3792724609375|2379.4656982421875|1094.6207275390625|[[2832.88718694667, 0.0, 2027.3101376941806], [0.0, 2857.5529688242154, 1492.5272084030742], [0.0, 0.0, 1.0]]|[-0.12725704527417409, -0.02928287723648356, -0.003002611873808373, -0.0008914728701532138, 0.02515944404058419]
522|4064|3|Weasly Fish|0.313|0.29454089812542783|0.9311794638633728|1508.2268371582031|1387.0562744140625|2363.3487548828125|1116.9437255859377|[[2832.88718694667, 0.0, 2027.3101376941806], [0.0, 2857.5529688242154, 1492.5272084030742], [0.0, 0.0, 1.0]]|[-0.12725704527417409, -0.02928287723648356, -0.003002611873808373, -0.0008914728701532138, 0.02515944404058419]
522|4065|3|Weasly Fish|0.313|0.2935514411935136|0.9021695256233215|1576.6673583984375|1347.3431396484375|2461.816040039062|1087.8431396484375|[[2832.88718694667, 0.0, 2027.3101376941806], [0.0, 2857.5529688242154, 1492.5272084030742], [0.0, 0.0, 1.0]]|[-0.12725704527417409, -0.02928287723648356, -0.003002611873808373, -0.0008914728701532138, 0.02515944404058419]
522|4066|3|Weasly Fish|0.313|0.2935482524247682|0.8731412291526794|1530.4125976562498|1312.51904296875|2449.0582275390625|1058.9809570312498|[[2832.88718694667, 0.0, 2027.3101376941806], [0.0, 2857.5529688242154, 1492.5272084030742], [0.0, 0.0, 1.0]]|[-0.12725704527417409, -0.02928287723648356, -0.003002611873808373, -0.0008914728701532138, 0.02515944404058419]
522|4067|3|Weasly Fish|0.313|0.29353454308586113|0.8423026204109192|1499.4562072753906|1338.50146484375|2447.2973632812505|1060.00146484375|[[2832.88718694667, 0.0, 2027.3101376941806], [0.0, 2857.5529688242154, 1492.5272084030742], [0.0, 0.0, 1.0]]|[-0.12725704527417409, -0.02928287723648356, -0.003002611873808373, -0.0008914728701532138, 0.02515944404058419]
522|4068|3|Weasly Fish|0.313|0.2927041376880671|0.8022013902664185|1501.4218444824219|1326.1060180664062|2498.5521240234375|1051.393981933594|[[2832.88718694667, 0.0, 2027.3101376941806], [0.0, 2857.5529688242154, 1492.5272084030742], [0.0, 0.0, 1.0]]|[-0.12725704527417409, -0.02928287723648356, -0.003002611873808373, -0.0008914728701532138, 0.02515944404058419]
522|4069|3|Weasly Fish|0.313|0.2924822242787562|0.7652053833007812|1454.5070190429688|1341.94384765625|2499.3984375|1055.4438476562502|[[2832.88718694667, 0.0, 2027.3101376941806], [0.0, 2857.5529688242154, 1492.5272084030742], [0.0, 0.0, 1.0]]|[-0.12725704527417409, -0.02928287723648356, -0.003002611873808373, -0.0008914728701532138, 0.02515944404058419]
522|4070|3|Weasly Fish|0.313|0.2925221433231287|0.732459306716919|1413.2639465332031|1339.1544189453125|2500.5396728515625|1023.6544189453125|[[2832.88718694667, 0.0, 2027.3101376941806], [0.0, 2857.5529688242154, 1492.5272084030742], [0.0, 0.0, 1.0]]|[-0.12725704527417409, -0.02928287723648356, -0.003002611873808373, -0.0008914728701532138, 0.02515944404058419]
522|4071|3|Weasly Fish|0.313|0.29132855392733203|0.6871456503868103|1379.4017639160156|1325.0924072265625|2538.5654296875|1007.9075927734375|[[2832.88718694667, 0.0, 2027.3101376941806], [0.0, 2857.5529688242154, 1492.5272084030742], [0.0, 0.0, 1.0]]|[-0.12725704527417409, -0.02928287723648356, -0.003002611873808373, -0.0008914728701532138, 0.02515944404058419]
522|4072|3|Weasly Fish|0.313|0.2911133830331572|0.6456266045570374|1405.8551025390625|1310.7716674804688|2641.25439453125|983.2716674804686|[[2832.88718694667, 0.0, 2027.3101376941806], [0.0, 2857.5529688242154, 1492.5272084030742], [0.0, 0.0, 1.0]]|[-0.12725704527417409, -0.02928287723648356, -0.003002611873808373, -0.0008914728701532138, 0.02515944404058419]
522|4073|3|Weasly Fish|0.313|0.291297329465177|0.6087964177131653|1303.1588745117185|1244.133544921875|2615.2274169921875|900.8664855957031|[[2832.88718694667, 0.0, 2027.3101376941806], [0.0, 2857.5529688242154, 1492.5272084030742], [0.0, 0.0, 1.0]]|[-0.12725704527417409, -0.02928287723648356, -0.003002611873808373, -0.0008914728701532138, 0.02515944404058419]
522|4074|3|Weasly Fish|0.313|0.28903724083735494|0.5734209418296814|1282.6470947265627|1242.4404907226562|2667.568603515625|891.5595092773438|[[2832.88718694667, 0.0, 2027.3101376941806], [0.0, 2857.5529688242154, 1492.5272084030742], [0.0, 0.0, 1.0]]|[-0.12725704527417409, -0.02928287723648356, -0.003002611873808373, -0.0008914728701532138, 0.02515944404058419]
522|4075|3|Weasly Fish|0.313|0.29083017195620153|0.5240721106529236|1222.2596130371096|1149.7789916992188|2746.3085621970927|760.7463651050082|[[2832.88718694667, 0.0, 2027.3101376941806], [0.0, 2857.5529688242154, 1492.5272084030742], [0.0, 0.0, 1.0]]|[-0.12725704527417409, -0.02928287723648356, -0.003002611873808373, -0.0008914728701532138, 0.02515944404058419]
522|4076|3|Weasly Fish|0.313|0.2881055652499264|0.47450143098831177|1179.1147011308562|1057.3053311793215|2884.445880452343|830.739903069467|[[2832.88718694667, 0.0, 2027.3101376941806], [0.0, 2857.5529688242154, 1492.5272084030742], [0.0, 0.0, 1.0]]|[-0.12725704527417409, -0.02928287723648356, -0.003002611873808373, -0.0008914728701532138, 0.02515944404058419]
522|4077|3|Weasly Fish|0.313|0.28850596973666487|0.4317556321620941|989.0920840064621|920.8788368336026|2869.828756058159|704.0581583198707|[[2832.88718694667, 0.0, 2027.3101376941806], [0.0, 2857.5529688242154, 1492.5272084030742], [0.0, 0.0, 1.0]]|[-0.12725704527417409, -0.02928287723648356, -0.003002611873808373, -0.0008914728701532138, 0.02515944404058419]
522|4078|3|Weasly Fish|0.313|0.2813743814813827|0.39060595631599426|894.0807754442649|959.8578352180937|2920.988691437803|721.1114701130857|[[2832.88718694667, 0.0, 2027.3101376941806], [0.0, 2857.5529688242154, 1492.5272084030742], [0.0, 0.0, 1.0]]|[-0.12725704527417409, -0.02928287723648356, -0.003002611873808373, -0.0008914728701532138, 0.02515944404058419]
522|4079|3|Weasly Fish|0.313|0.28147710160644973|0.3596043288707733|808.8142164781907|869.718901453958|3013.563812600969|630.9725363489499|[[2832.88718694667, 0.0, 2027.3101376941806], [0.0, 2857.5529688242154, 1492.5272084030742], [0.0, 0.0, 1.0]]|[-0.12725704527417409, -0.02928287723648356, -0.003002611873808373, -0.0008914728701532138, 0.02515944404058419]
521|4179|2|Weasly Fish|0.313|0.29408254663682365|0.597687840461731|1390.4451599121094|1243.7032470703127|2760.8957519531245|931.7032470703125|[[2855.292793016781, 0.0, 2031.7894533541553], [0.0, 2881.0734769839373, 1447.6913944790074], [0.0, 0.0, 1.0]]|[-0.11559555406536047, -0.08204727579183725, -0.0014575310792852196, -9.091755738331913e-05, 0.09918960513471031]
521|4180|2|Weasly Fish|0.313|0.30123448372932854|0.6704642176628113|1523.3207547169811|1118.4150943396226|2790.566037735849|917.0566037735849|[[2855.292793016781, 0.0, 2031.7894533541553], [0.0, 2881.0734769839373, 1447.6913944790074], [0.0, 0.0, 1.0]]|[-0.11559555406536047, -0.08204727579183725, -0.0014575310792852196, -9.091755738331913e-05, 0.09918960513471031]
521|4181|2|Weasly Fish|0.313|0.3001007611618834|0.9881369471549988|1690.3157348632812|1410.1592407226562|2539.13916015625|1231.1592407226562|[[2855.292793016781, 0.0, 2031.7894533541553], [0.0, 2881.0734769839373, 1447.6913944790074], [0.0, 0.0, 1.0]]|[-0.11559555406536047, -0.08204727579183725, -0.0014575310792852196, -9.091755738331913e-05, 0.09918960513471031]
521|4182|2|Weasly Fish|0.313|0.3047799026313538|1.4693795442581177|1810.2351684570315|1369.9033203125|2391.9876708984375|1257.9033203125|[[2855.292793016781, 0.0, 2031.7894533541553], [0.0, 2881.0734769839373, 1447.6913944790074], [0.0, 0.0, 1.0]]|[-0.11559555406536047, -0.08204727579183725, -0.0014575310792852196, -9.091755738331913e-05, 0.09918960513471031]
