dive_id|calibration_dive_id|camera_id|model|known_length_m|length_m|depth_m|dot|pos|ax|km
59|77|1|Shark|0.605|0.6209204098971791|1.3586183786392212|1920.5552096399333;1337.9368550326335|[-0.03057379275560379, -0.099056176841259, 0.0]|[0.005684984847903252, 0.032687537372112274, 0.9994494318962097]|[[2832.6628438838216, 0.0, 1968.0272553880557], [0.0, 2855.8825480621545, 1452.810040656435], [0.0, 0.0, 1.0]]
59|77|1|Shark|0.605|0.610298981187439|2.3366968631744385|1948.9792493724651;1424.5759991355203|[-0.03057379275560379, -0.099056176841259, 0.0]|[0.005684984847903252, 0.032687537372112274, 0.9994494318962097]|[[2832.6628438838216, 0.0, 1968.0272553880557], [0.0, 2855.8825480621545, 1452.810040656435], [0.0, 0.0, 1.0]]
59|77|1|Shark|0.605|0.6309580684218816|2.721863269805908|1953.6106104954854;1441.8915431377109|[-0.03057379275560379, -0.099056176841259, 0.0]|[0.005684984847903252, 0.032687537372112274, 0.9994494318962097]|[[2832.6628438838216, 0.0, 1968.0272553880557], [0.0, 2855.8825480621545, 1452.810040656435], [0.0, 0.0, 1.0]]
59|77|1|Grouper|0.36|0.33675788876273927|1.4309660196304321|1925.2463587877785;1348.0331230443455|[-0.03057379275560379, -0.099056176841259, 0.0]|[0.005684984847903252, 0.032687537372112274, 0.9994494318962097]|[[2832.6628438838216, 0.0, 1968.0272553880557], [0.0, 2855.8825480621545, 1452.810040656435], [0.0, 0.0, 1.0]]
59|77|1|Grouper|0.36|0.3567566773687199|2.1477909088134766|1944.593396190122;1414.2531032714653|[-0.03057379275560379, -0.099056176841259, 0.0]|[0.005684984847903252, 0.032687537372112274, 0.9994494318962097]|[[2832.6628438838216, 0.0, 1968.0272553880557], [0.0, 2855.8825480621545, 1452.810040656435], [0.0, 0.0, 1.0]]
59|77|1|Grouper|0.36|0.3258595560454979|2.089184045791626|1943.295585478611;1410.61339498388|[-0.03057379275560379, -0.099056176841259, 0.0]|[0.005684984847903252, 0.032687537372112274, 0.9994494318962097]|[[2832.6628438838216, 0.0, 1968.0272553880557], [0.0, 2855.8825480621545, 1452.810040656435], [0.0, 0.0, 1.0]]
59|77|1|Snook|0.455|0.4350152591909786|0.9681005477905273|1895.8183051925675;1253.6475571338979|[-0.03057379275560379, -0.099056176841259, 0.0]|[0.005684984847903252, 0.032687537372112274, 0.9994494318962097]|[[2832.6628438838216, 0.0, 1968.0272553880557], [0.0, 2855.8825480621545, 1452.810040656435], [0.0, 0.0, 1.0]]
59|77|1|Snook|0.455|0.43580405064174205|0.932100236415863|1893.9904610492845;1241.8823529411764|[-0.03057379275560379, -0.099056176841259, 0.0]|[0.005684984847903252, 0.032687537372112274, 0.9994494318962097]|[[2832.6628438838216, 0.0, 1968.0272553880557], [0.0, 2855.8825480621545, 1452.810040656435], [0.0, 0.0, 1.0]]
59|77|1|Snook|0.455|0.44441404301588844|2.2205259799957275|1946.0107208773218;1418.5349293734114|[-0.03057379275560379, -0.099056176841259, 0.0]|[0.005684984847903252, 0.032687537372112274, 0.9994494318962097]|[[2832.6628438838216, 0.0, 1968.0272553880557], [0.0, 2855.8825480621545, 1452.810040656435], [0.0, 0.0, 1.0]]
59|77|1|Snook|0.455|0.4432071543041697|2.22304105758667|1945.9846693147038;1418.7066028018255|[-0.03057379275560379, -0.099056176841259, 0.0]|[0.005684984847903252, 0.032687537372112274, 0.9994494318962097]|[[2832.6628438838216, 0.0, 1968.0272553880557], [0.0, 2855.8825480621545, 1452.810040656435], [0.0, 0.0, 1.0]]
59|77|1|Snook|0.455|0.43937793570400613|2.278963804244995|1948.0661782235263;1421.4976332790663|[-0.03057379275560379, -0.099056176841259, 0.0]|[0.005684984847903252, 0.032687537372112274, 0.9994494318962097]|[[2832.6628438838216, 0.0, 1968.0272553880557], [0.0, 2855.8825480621545, 1452.810040656435], [0.0, 0.0, 1.0]]
59|77|1|Purple Angel|0.192|0.19018057218046486|1.2439992427825928|1915.150037545515;1318.613188633288|[-0.03057379275560379, -0.099056176841259, 0.0]|[0.005684984847903252, 0.032687537372112274, 0.9994494318962097]|[[2832.6628438838216, 0.0, 1968.0272553880557], [0.0, 2855.8825480621545, 1452.810040656435], [0.0, 0.0, 1.0]]
59|77|1|Purple Angel|0.192|0.19063704843453008|1.1543256044387817|1909.4543844201066;1301.0314517303566|[-0.03057379275560379, -0.099056176841259, 0.0]|[0.005684984847903252, 0.032687537372112274, 0.9994494318962097]|[[2832.6628438838216, 0.0, 1968.0272553880557], [0.0, 2855.8825480621545, 1452.810040656435], [0.0, 0.0, 1.0]]
59|77|1|Purple Angel|0.192|0.1973078542760444|2.072347402572632|1943.1252431645678;1409.4666284766765|[-0.03057379275560379, -0.099056176841259, 0.0]|[0.005684984847903252, 0.032687537372112274, 0.9994494318962097]|[[2832.6628438838216, 0.0, 1968.0272553880557], [0.0, 2855.8825480621545, 1452.810040656435], [0.0, 0.0, 1.0]]
59|77|1|Purple Angel|0.192|0.19216339454161818|1.9071383476257324|1939.4736509088928;1397.6475457874715|[-0.03057379275560379, -0.099056176841259, 0.0]|[0.005684984847903252, 0.032687537372112274, 0.9994494318962097]|[[2832.6628438838216, 0.0, 1968.0272553880557], [0.0, 2855.8825480621545, 1452.810040656435], [0.0, 0.0, 1.0]]
59|77|1|Purple Angel|0.192|0.1910902344185472|2.273580312728882|1947.1698499803106;1421.4321135967414|[-0.03057379275560379, -0.099056176841259, 0.0]|[0.005684984847903252, 0.032687537372112274, 0.9994494318962097]|[[2832.6628438838216, 0.0, 1968.0272553880557], [0.0, 2855.8825480621545, 1452.810040656435], [0.0, 0.0, 1.0]]
60|65|4|Shark|0.605|0.611001808437446|0.6954958438873291|1935.3964495969385;1122.3827720824165|[-0.03170420974493027, -0.09955649077892303, 0.0]|[0.026946846395730972, 0.02996676415205002, 0.9991876482963562]|[[2827.300073606339, 0.0, 1993.2574097262354], [0.0, 2852.2438974589363, 1443.3722632010733], [0.0, 0.0, 1.0]]
60|65|4|Shark|0.605|0.6124504369235394|0.6261482238769531|1924.0425271397773;1076.162230143667|[-0.03170420974493027, -0.09955649077892303, 0.0]|[0.026946846395730972, 0.02996676415205002, 0.9991876482963562]|[[2827.300073606339, 0.0, 1993.2574097262354], [0.0, 2852.2438974589363, 1443.3722632010733], [0.0, 0.0, 1.0]]
60|65|4|Shark|0.605|0.612007153854119|0.6320545077323914|1925.0430872496158;1080.5159223289982|[-0.03170420974493027, -0.09955649077892303, 0.0]|[0.026946846395730972, 0.02996676415205002, 0.9991876482963562]|[[2827.300073606339, 0.0, 1993.2574097262354], [0.0, 2852.2438974589363, 1443.3722632010733], [0.0, 0.0, 1.0]]
60|65|4|Shark|0.605|0.6132370592339322|1.4061509370803833|2002.0138271711292;1328.2544620644123|[-0.03170420974493027, -0.09955649077892303, 0.0]|[0.026946846395730972, 0.02996676415205002, 0.9991876482963562]|[[2827.300073606339, 0.0, 1993.2574097262354], [0.0, 2852.2438974589363, 1443.3722632010733], [0.0, 0.0, 1.0]]
60|65|4|Shark|0.605|0.6042332737505763|1.4819285869598389|2004.3816572884716;1338.916803820006|[-0.03170420974493027, -0.09955649077892303, 0.0]|[0.026946846395730972, 0.02996676415205002, 0.9991876482963562]|[[2827.300073606339, 0.0, 1993.2574097262354], [0.0, 2852.2438974589363, 1443.3722632010733], [0.0, 0.0, 1.0]]
60|65|4|Grouper|0.36|0.3499261479471178|1.4234912395477295|2002.983683773056;1330.6425954943084|[-0.03170420974493027, -0.09955649077892303, 0.0]|[0.026946846395730972, 0.02996676415205002, 0.9991876482963562]|[[2827.300073606339, 0.0, 1993.2574097262354], [0.0, 2852.2438974589363, 1443.3722632010733], [0.0, 0.0, 1.0]]
60|65|4|Grouper|0.36|0.3219816885762482|1.398339033126831|2001.3337415342971;1327.237366957762|[-0.03170420974493027, -0.09955649077892303, 0.0]|[0.026946846395730972, 0.02996676415205002, 0.9991876482963562]|[[2827.300073606339, 0.0, 1993.2574097262354], [0.0, 2852.2438974589363, 1443.3722632010733], [0.0, 0.0, 1.0]]
60|65|4|Grouper|0.36|0.34681893320503243|1.8296353816986084|2016.3670900589614;1375.1658346803522|[-0.03170420974493027, -0.09955649077892303, 0.0]|[0.026946846395730972, 0.02996676415205002, 0.9991876482963562]|[[2827.300073606339, 0.0, 1993.2574097262354], [0.0, 2852.2438974589363, 1443.3722632010733], [0.0, 0.0, 1.0]]
60|65|4|Snook|0.455|0.43390140229827506|1.5424506664276123|2006.9855445978844;1346.3445331448877|[-0.03170420974493027, -0.09955649077892303, 0.0]|[0.026946846395730972, 0.02996676415205002, 0.9991876482963562]|[[2827.300073606339, 0.0, 1993.2574097262354], [0.0, 2852.2438974589363, 1443.3722632010733], [0.0, 0.0, 1.0]]
60|65|4|Snook|0.455|0.42767210040963366|2.1186954975128174|2020.6422819992652;1397.35528338114|[-0.03170420974493027, -0.09955649077892303, 0.0]|[0.026946846395730972, 0.02996676415205002, 0.9991876482963562]|[[2827.300073606339, 0.0, 1993.2574097262354], [0.0, 2852.2438974589363, 1443.3722632010733], [0.0, 0.0, 1.0]]
60|65|4|Snook|0.455|0.4291248754225744|2.157857894897461|2021.906962344772;1399.5818193875575|[-0.03170420974493027, -0.09955649077892303, 0.0]|[0.026946846395730972, 0.02996676415205002, 0.9991876482963562]|[[2827.300073606339, 0.0, 1993.2574097262354], [0.0, 2852.2438974589363, 1443.3722632010733], [0.0, 0.0, 1.0]]
60|65|4|Snook|0.455|0.4169796249365541|2.121368885040283|2022.4289780029897;1396.7898110887647|[-0.03170420974493027, -0.09955649077892303, 0.0]|[0.026946846395730972, 0.02996676415205002, 0.9991876482963562]|[[2827.300073606339, 0.0, 1993.2574097262354], [0.0, 2852.2438974589363, 1443.3722632010733], [0.0, 0.0, 1.0]]
60|65|4|Purple Angel|0.192|0.18701155369880698|0.7944920659065247|1952.0544875429855;1173.0548318493156|[-0.03170420974493027, -0.09955649077892303, 0.0]|[0.026946846395730972, 0.02996676415205002, 0.9991876482963562]|[[2827.300073606339, 0.0, 1993.2574097262354], [0.0, 2852.2438974589363, 1443.3722632010733], [0.0, 0.0, 1.0]]
60|65|4|Purple Angel|0.192|0.18523744732378217|1.6807433366775513|2010.4950601458027;1361.9990532737816|[-0.03170420974493027, -0.09955649077892303, 0.0]|[0.026946846395730972, 0.02996676415205002, 0.9991876482963562]|[[2827.300073606339, 0.0, 1993.2574097262354], [0.0, 2852.2438974589363, 1443.3722632010733], [0.0, 0.0, 1.0]]
60|65|4|Purple Angel|0.192|0.18508826647873208|1.7050666809082031|2011.644819035344;1364.2552570114633|[-0.03170420974493027, -0.09955649077892303, 0.0]|[0.026946846395730972, 0.02996676415205002, 0.9991876482963562]|[[2827.300073606339, 0.0, 1993.2574097262354], [0.0, 2852.2438974589363, 1443.3722632010733], [0.0, 0.0, 1.0]]
60|65|4|Purple Angel|0.192|0.1856890560195361|1.6634141206741333|2010.987135710454;1359.8408149464628|[-0.03170420974493027, -0.09955649077892303, 0.0]|[0.026946846395730972, 0.02996676415205002, 0.9991876482963562]|[[2827.300073606339, 0.0, 1993.2574097262354], [0.0, 2852.2438974589363, 1443.3722632010733], [0.0, 0.0, 1.0]]
61|80|6|Purple Angel|0.192|0.187747307260415|1.649930715560913|2071.336265758005;1365.9020003099192|[-0.029877623543143272, -0.10001984238624573, 0.0]|[0.022014986723661423, 0.027923760935664177, 0.9993675947189331]|[[2825.1480807147805, 0.0, 2061.852601572974], [0.0, 2850.606508156248, 1458.5627645450384], [0.0, 0.0, 1.0]]
61|80|6|Purple Angel|0.192|0.18983921810351098|1.674118995666504|2072.013192089299;1368.4209918412473|[-0.029877623543143272, -0.10001984238624573, 0.0]|[0.022014986723661423, 0.027923760935664177, 0.9993675947189331]|[[2825.1480807147805, 0.0, 2061.852601572974], [0.0, 2850.606508156248, 1458.5627645450384], [0.0, 0.0, 1.0]]
61|80|6|Grouper|0.36|0.3518685737179744|1.2128413915634155|2051.6040123738408;1304.034719670022|[-0.029877623543143272, -0.10001984238624573, 0.0]|[0.022014986723661423, 0.027923760935664177, 0.9993675947189331]|[[2825.1480807147805, 0.0, 2061.852601572974], [0.0, 2850.606508156248, 1458.5627645450384], [0.0, 0.0, 1.0]]
61|80|6|Grouper|0.36|0.3578160926753251|1.2450666427612305|2053.7840227507886;1310.0042497163415|[-0.029877623543143272, -0.10001984238624573, 0.0]|[0.022014986723661423, 0.027923760935664177, 0.9993675947189331]|[[2825.1480807147805, 0.0, 2061.852601572974], [0.0, 2850.606508156248, 1458.5627645450384], [0.0, 0.0, 1.0]]
66|83|10|Grouper|0.36|0.3049862521605992|2.198831558227539|2043.1141187665821;1388.0852797623602|[-0.029473014175891876, -0.09940780699253082, 0.0]|[0.02901473641395569, 0.013735744170844555, 0.9994845986366272]|[[2841.3712142828917, 0.0, 2004.355023481056], [0.0, 2863.7600731700495, 1476.2484742699291], [0.0, 0.0, 1.0]]
66|83|10|Grouper|0.36|0.3164271480302645|2.2647945880889893|2047.5747048312408;1390.628120541091|[-0.029473014175891876, -0.09940780699253082, 0.0]|[0.02901473641395569, 0.013735744170844555, 0.9994845986366272]|[[2841.3712142828917, 0.0, 2004.355023481056], [0.0, 2863.7600731700495, 1476.2484742699291], [0.0, 0.0, 1.0]]
66|83|10|Grouper|0.36|0.30367747068423806|2.214240312576294|2046.913674151784;1387.7005098169334|[-0.029473014175891876, -0.09940780699253082, 0.0]|[0.02901473641395569, 0.013735744170844555, 0.9994845986366272]|[[2841.3712142828917, 0.0, 2004.355023481056], [0.0, 2863.7600731700495, 1476.2484742699291], [0.0, 0.0, 1.0]]
66|83|10|Shark|0.605|0.6028819290070336|1.3332633972167969|2019.0971389097467;1303.6771962115847|[-0.029473014175891876, -0.09940780699253082, 0.0]|[0.02901473641395569, 0.013735744170844555, 0.9994845986366272]|[[2841.3712142828917, 0.0, 2004.355023481056], [0.0, 2863.7600731700495, 1476.2484742699291], [0.0, 0.0, 1.0]]
66|83|10|Shark|0.605|0.5997940778799594|1.537984848022461|2028.9258673454847;1331.6089512620433|[-0.029473014175891876, -0.09940780699253082, 0.0]|[0.02901473641395569, 0.013735744170844555, 0.9994845986366272]|[[2841.3712142828917, 0.0, 2004.355023481056], [0.0, 2863.7600731700495, 1476.2484742699291], [0.0, 0.0, 1.0]]
66|83|10|Shark|0.605|0.5974067842603665|1.6063196659088135|2030.637574990862;1339.7011703605206|[-0.029473014175891876, -0.09940780699253082, 0.0]|[0.02901473641395569, 0.013735744170844555, 0.9994845986366272]|[[2841.3712142828917, 0.0, 2004.355023481056], [0.0, 2863.7600731700495, 1476.2484742699291], [0.0, 0.0, 1.0]]
66|83|10|Shark|0.605|0.60414764012131|1.6512272357940674|2031.816396042133;1344.5929028550165|[-0.029473014175891876, -0.09940780699253082, 0.0]|[0.02901473641395569, 0.013735744170844555, 0.9994845986366272]|[[2841.3712142828917, 0.0, 2004.355023481056], [0.0, 2863.7600731700495, 1476.2484742699291], [0.0, 0.0, 1.0]]
66|83|10|Shark|0.605|0.5831759917585385|2.487372875213623|2051.051426662005;1401.8220167265476|[-0.029473014175891876, -0.09940780699253082, 0.0]|[0.02901473641395569, 0.013735744170844555, 0.9994845986366272]|[[2841.3712142828917, 0.0, 2004.355023481056], [0.0, 2863.7600731700495, 1476.2484742699291], [0.0, 0.0, 1.0]]
66|83|10|Shark|0.605|0.5882838251755056|2.5119619369506836|2052.065501911899;1402.7211539387|[-0.029473014175891876, -0.09940780699253082, 0.0]|[0.02901473641395569, 0.013735744170844555, 0.9994845986366272]|[[2841.3712142828917, 0.0, 2004.355023481056], [0.0, 2863.7600731700495, 1476.2484742699291], [0.0, 0.0, 1.0]]
66|83|10|Purple Angel|0.192|0.17846061917343728|2.4217333793640137|2049.0988879203323;1399.0940927023007|[-0.029473014175891876, -0.09940780699253082, 0.0]|[0.02901473641395569, 0.013735744170844555, 0.9994845986366272]|[[2841.3712142828917, 0.0, 2004.355023481056], [0.0, 2863.7600731700495, 1476.2484742699291], [0.0, 0.0, 1.0]]
66|83|10|Purple Angel|0.192|0.1990307171748578|3.1314473152160645|2059.259296494233;1424.9291247455687|[-0.029473014175891876, -0.09940780699253082, 0.0]|[0.02901473641395569, 0.013735744170844555, 0.9994845986366272]|[[2841.3712142828917, 0.0, 2004.355023481056], [0.0, 2863.7600731700495, 1476.2484742699291], [0.0, 0.0, 1.0]]
66|83|10|Purple Angel|0.192|0.1799861545326396|2.889155387878418|2053.618439398751;1418.5304643274578|[-0.029473014175891876, -0.09940780699253082, 0.0]|[0.02901473641395569, 0.013735744170844555, 0.9994845986366272]|[[2841.3712142828917, 0.0, 2004.355023481056], [0.0, 2863.7600731700495, 1476.2484742699291], [0.0, 0.0, 1.0]]
66|83|10|Snook|0.455|0.42247349787641614|1.9587785005569458|2040.406562230841;1371.4814120743654|[-0.029473014175891876, -0.09940780699253082, 0.0]|[0.02901473641395569, 0.013735744170844555, 0.9994845986366272]|[[2841.3712142828917, 0.0, 2004.355023481056], [0.0, 2863.7600731700495, 1476.2484742699291], [0.0, 0.0, 1.0]]
66|83|10|Snook|0.455|0.42087012918601274|1.8131123781204224|2038.684921753198;1359.1987986847228|[-0.029473014175891876, -0.09940780699253082, 0.0]|[0.02901473641395569, 0.013735744170844555, 0.9994845986366272]|[[2841.3712142828917, 0.0, 2004.355023481056], [0.0, 2863.7600731700495, 1476.2484742699291], [0.0, 0.0, 1.0]]
66|83|10|Snook|0.455|0.412817567366683|1.830470323562622|2038.4448339539301;1360.907405600756|[-0.029473014175891876, -0.09940780699253082, 0.0]|[0.02901473641395569, 0.013735744170844555, 0.9994845986366272]|[[2841.3712142828917, 0.0, 2004.355023481056], [0.0, 2863.7600731700495, 1476.2484742699291], [0.0, 0.0, 1.0]]
66|83|10|Snook|0.455|0.4378712219294786|1.6511561870574951|2032.7766428840268;1344.254382020326|[-0.029473014175891876, -0.09940780699253082, 0.0]|[0.02901473641395569, 0.013735744170844555, 0.9994845986366272]|[[2841.3712142828917, 0.0, 2004.355023481056], [0.0, 2863.7600731700495, 1476.2484742699291], [0.0, 0.0, 1.0]]
66|83|10|Snook|0.455|0.3159260205019322|1.7157938480377197|2034.1963367572173;1350.920944793342|[-0.029473014175891876, -0.09940780699253082, 0.0]|[0.02901473641395569, 0.013735744170844555, 0.9994845986366272]|[[2841.3712142828917, 0.0, 2004.355023481056], [0.0, 2863.7600731700495, 1476.2484742699291], [0.0, 0.0, 1.0]]
66|83|10|Snook|0.455|0.33078809542437515|1.080966830253601|2002.3478436944997;1254.5415874902612|[-0.029473014175891876, -0.09940780699253082, 0.0]|[0.02901473641395569, 0.013735744170844555, 0.9994845986366272]|[[2841.3712142828917, 0.0, 2004.355023481056], [0.0, 2863.7600731700495, 1476.2484742699291], [0.0, 0.0, 1.0]]
76|63|3|Shark|0.605|0.5203286854604017|1.2597874402999878|1957.8838821851498;1346.4949641950564|[-0.03206002712249756, -0.09930168092250824, 0.0]|[0.0013077228795737028, 0.027590053156018257, 0.999618411064148]|[[2832.88718694667, 0.0, 2027.3101376941806], [0.0, 2857.5529688242154, 1492.5272084030742], [0.0, 0.0, 1.0]]
76|63|3|Shark|0.605|0.5274991592017664|1.2414071559906006|1956.2587934744608;1343.3558410273827|[-0.03206002712249756, -0.09930168092250824, 0.0]|[0.0013077228795737028, 0.027590053156018257, 0.999618411064148]|[[2832.88718694667, 0.0, 2027.3101376941806], [0.0, 2857.5529688242154, 1492.5272084030742], [0.0, 0.0, 1.0]]
76|63|3|Shark|0.605|0.5360814311627861|1.3247697353363037|1959.0457098222178;1358.3812046447686|[-0.03206002712249756, -0.09930168092250824, 0.0]|[0.0013077228795737028, 0.027590053156018257, 0.999618411064148]|[[2832.88718694667, 0.0, 2027.3101376941806], [0.0, 2857.5529688242154, 1492.5272084030742], [0.0, 0.0, 1.0]]
76|63|3|Shark|0.605|0.5298737907270785|1.157069444656372|1951.355142106505;1326.545687718992|[-0.03206002712249756, -0.09930168092250824, 0.0]|[0.0013077228795737028, 0.027590053156018257, 0.999618411064148]|[[2832.88718694667, 0.0, 2027.3101376941806], [0.0, 2857.5529688242154, 1492.5272084030742], [0.0, 0.0, 1.0]]
76|63|3|Shark|0.605|0.5385802641144453|1.1494038105010986|1950.446023822057;1325.034934327523|[-0.03206002712249756, -0.09930168092250824, 0.0]|[0.0013077228795737028, 0.027590053156018257, 0.999618411064148]|[[2832.88718694667, 0.0, 2027.3101376941806], [0.0, 2857.5529688242154, 1492.5272084030742], [0.0, 0.0, 1.0]]
76|63|3|Shark|0.605|0.5563632585100188|1.8922933340072632|1981.6530273871708;1421.8930605477444|[-0.03206002712249756, -0.09930168092250824, 0.0]|[0.0013077228795737028, 0.027590053156018257, 0.999618411064148]|[[2832.88718694667, 0.0, 2027.3101376941806], [0.0, 2857.5529688242154, 1492.5272084030742], [0.0, 0.0, 1.0]]
76|63|3|Shark|0.605|0.549427023524329|1.8810621500015259|1980.251436159591;1421.3991418367893|[-0.03206002712249756, -0.09930168092250824, 0.0]|[0.0013077228795737028, 0.027590053156018257, 0.999618411064148]|[[2832.88718694667, 0.0, 2027.3101376941806], [0.0, 2857.5529688242154, 1492.5272084030742], [0.0, 0.0, 1.0]]
76|63|3|Shark|0.605|0.5495183214856068|1.8770583868026733|1980.1698981296656;1421.0760602065532|[-0.03206002712249756, -0.09930168092250824, 0.0]|[0.0013077228795737028, 0.027590053156018257, 0.999618411064148]|[[2832.88718694667, 0.0, 2027.3101376941806], [0.0, 2857.5529688242154, 1492.5272084030742], [0.0, 0.0, 1.0]]
76|63|3|Shark|0.605|0.5490540302184357|1.8776259422302246|1980.6388691423092;1420.9507896692405|[-0.03206002712249756, -0.09930168092250824, 0.0]|[0.0013077228795737028, 0.027590053156018257, 0.999618411064148]|[[2832.88718694667, 0.0, 2027.3101376941806], [0.0, 2857.5529688242154, 1492.5272084030742], [0.0, 0.0, 1.0]]
76|63|3|Shark|0.605|0.5491464718268031|1.8756682872772217|1980.8345139253472;1420.712609278765|[-0.03206002712249756, -0.09930168092250824, 0.0]|[0.0013077228795737028, 0.027590053156018257, 0.999618411064148]|[[2832.88718694667, 0.0, 2027.3101376941806], [0.0, 2857.5529688242154, 1492.5272084030742], [0.0, 0.0, 1.0]]
76|63|3|Shark|0.605|0.5699321265116303|2.2334482669830322|1987.984743048018;1445.1683779173368|[-0.03206002712249756, -0.09930168092250824, 0.0]|[0.0013077228795737028, 0.027590053156018257, 0.999618411064148]|[[2832.88718694667, 0.0, 2027.3101376941806], [0.0, 2857.5529688242154, 1492.5272084030742], [0.0, 0.0, 1.0]]
76|63|3|Shark|0.605|0.569513986406479|2.3605098724365234|1991.5442179136583;1451.5120902083402|[-0.03206002712249756, -0.09930168092250824, 0.0]|[0.0013077228795737028, 0.027590053156018257, 0.999618411064148]|[[2832.88718694667, 0.0, 2027.3101376941806], [0.0, 2857.5529688242154, 1492.5272084030742], [0.0, 0.0, 1.0]]
76|63|3|Shark|0.605|0.5717790468526295|2.4827330112457275|1992.0143872184108;1457.9441483428404|[-0.03206002712249756, -0.09930168092250824, 0.0]|[0.0013077228795737028, 0.027590053156018257, 0.999618411064148]|[[2832.88718694667, 0.0, 2027.3101376941806], [0.0, 2857.5529688242154, 1492.5272084030742], [0.0, 0.0, 1.0]]
76|63|3|Purple Angel|0.192|0.18821989766073713|0.8735721111297607|1925.041509565361;1247.2345222425283|[-0.03206002712249756, -0.09930168092250824, 0.0]|[0.0013077228795737028, 0.027590053156018257, 0.999618411064148]|[[2832.88718694667, 0.0, 2027.3101376941806], [0.0, 2857.5529688242154, 1492.5272084030742], [0.0, 0.0, 1.0]]
76|63|3|Purple Angel|0.192|0.18938567491907787|0.8653489351272583|1924.5;1244|[-0.03206002712249756, -0.09930168092250824, 0.0]|[0.0013077228795737028, 0.027590053156018257, 0.999618411064148]|[[2832.88718694667, 0.0, 2027.3101376941806], [0.0, 2857.5529688242154, 1492.5272084030742], [0.0, 0.0, 1.0]]
76|63|3|Purple Angel|0.192|0.18283727813061354|1.815151333808899|1978.367609618879;1415.9771979775392|[-0.03206002712249756, -0.09930168092250824, 0.0]|[0.0013077228795737028, 0.027590053156018257, 0.999618411064148]|[[2832.88718694667, 0.0, 2027.3101376941806], [0.0, 2857.5529688242154, 1492.5272084030742], [0.0, 0.0, 1.0]]
76|63|3|Purple Angel|0.192|0.1865484173663072|1.8117141723632812|1977.6178075795847;1415.911542709085|[-0.03206002712249756, -0.09930168092250824, 0.0]|[0.0013077228795737028, 0.027590053156018257, 0.999618411064148]|[[2832.88718694667, 0.0, 2027.3101376941806], [0.0, 2857.5529688242154, 1492.5272084030742], [0.0, 0.0, 1.0]]
76|63|3|Purple Angel|0.192|0.18277527204654143|1.8369578123092651|1977.9909601858717;1418.1867042414322|[-0.03206002712249756, -0.09930168092250824, 0.0]|[0.0013077228795737028, 0.027590053156018257, 0.999618411064148]|[[2832.88718694667, 0.0, 2027.3101376941806], [0.0, 2857.5529688242154, 1492.5272084030742], [0.0, 0.0, 1.0]]
76|63|3|Purple Angel|0.192|0.18511956641558971|1.8484163284301758|1977.4735357595368;1419.4669877449473|[-0.03206002712249756, -0.09930168092250824, 0.0]|[0.0013077228795737028, 0.027590053156018257, 0.999618411064148]|[[2832.88718694667, 0.0, 2027.3101376941806], [0.0, 2857.5529688242154, 1492.5272084030742], [0.0, 0.0, 1.0]]
76|63|3|Grouper|0.36|0.3406396118260624|1.4952865839004517|1969.0632220957546;1382.0416876652987|[-0.03206002712249756, -0.09930168092250824, 0.0]|[0.0013077228795737028, 0.027590053156018257, 0.999618411064148]|[[2832.88718694667, 0.0, 2027.3101376941806], [0.0, 2857.5529688242154, 1492.5272084030742], [0.0, 0.0, 1.0]]
76|63|3|Grouper|0.36|0.34577461954441824|1.5741288661956787|1970.9694880401046;1391.9289863619003|[-0.03206002712249756, -0.09930168092250824, 0.0]|[0.0013077228795737028, 0.027590053156018257, 0.999618411064148]|[[2832.88718694667, 0.0, 2027.3101376941806], [0.0, 2857.5529688242154, 1492.5272084030742], [0.0, 0.0, 1.0]]
76|63|3|Grouper|0.36|0.33517123199845333|1.4232327938079834|1965.9607821544528;1372.4315576816036|[-0.03206002712249756, -0.09930168092250824, 0.0]|[0.0013077228795737028, 0.027590053156018257, 0.999618411064148]|[[2832.88718694667, 0.0, 2027.3101376941806], [0.0, 2857.5529688242154, 1492.5272084030742], [0.0, 0.0, 1.0]]
76|63|3|Grouper|0.36|0.33909025138002474|1.4678863286972046|1966.7819901542935;1378.8895811282734|[-0.03206002712249756, -0.09930168092250824, 0.0]|[0.0013077228795737028, 0.027590053156018257, 0.999618411064148]|[[2832.88718694667, 0.0, 2027.3101376941806], [0.0, 2857.5529688242154, 1492.5272084030742], [0.0, 0.0, 1.0]]
76|63|3|Grouper|0.36|0.34615446662767274|1.3977930545806885|1965.5767779619414;1368.5458823386468|[-0.03206002712249756, -0.09930168092250824, 0.0]|[0.0013077228795737028, 0.027590053156018257, 0.999618411064148]|[[2832.88718694667, 0.0, 2027.3101376941806], [0.0, 2857.5529688242154, 1492.5272084030742], [0.0, 0.0, 1.0]]
76|63|3|Grouper|0.36|0.3411909586443384|1.2962359189987183|1960.0094878317987;1352.7929594934403|[-0.03206002712249756, -0.09930168092250824, 0.0]|[0.0013077228795737028, 0.027590053156018257, 0.999618411064148]|[[2832.88718694667, 0.0, 2027.3101376941806], [0.0, 2857.5529688242154, 1492.5272084030742], [0.0, 0.0, 1.0]]
76|63|3|Grouper|0.36|0.3246816918635769|1.2901562452316284|1958.8331663104693;1352.046905687|[-0.03206002712249756, -0.09930168092250824, 0.0]|[0.0013077228795737028, 0.027590053156018257, 0.999618411064148]|[[2832.88718694667, 0.0, 2027.3101376941806], [0.0, 2857.5529688242154, 1492.5272084030742], [0.0, 0.0, 1.0]]
76|63|3|Grouper|0.36|0.3069196936381781|1.302162766456604|1959.1074060190274;1354.2111569829112|[-0.03206002712249756, -0.09930168092250824, 0.0]|[0.0013077228795737028, 0.027590053156018257, 0.999618411064148]|[[2832.88718694667, 0.0, 2027.3101376941806], [0.0, 2857.5529688242154, 1492.5272084030742], [0.0, 0.0, 1.0]]
76|63|3|Grouper|0.36|0.33661301675167116|1.7646396160125732|1978.7623301521517;1410.8494303005964|[-0.03206002712249756, -0.09930168092250824, 0.0]|[0.0013077228795737028, 0.027590053156018257, 0.999618411064148]|[[2832.88718694667, 0.0, 2027.3101376941806], [0.0, 2857.5529688242154, 1492.5272084030742], [0.0, 0.0, 1.0]]
76|63|3|Grouper|0.36|0.3311704165155826|1.768940806388855|1977.63949238422;1411.6767881418116|[-0.03206002712249756, -0.09930168092250824, 0.0]|[0.0013077228795737028, 0.027590053156018257, 0.999618411064148]|[[2832.88718694667, 0.0, 2027.3101376941806], [0.0, 2857.5529688242154, 1492.5272084030742], [0.0, 0.0, 1.0]]
76|63|3|Grouper|0.36|0.32650238804658127|1.7730064392089844|1978.3643329190288;1411.824718822432|[-0.03206002712249756, -0.09930168092250824, 0.0]|[0.0013077228795737028, 0.027590053156018257, 0.999618411064148]|[[2832.88718694667, 0.0, 2027.3101376941806], [0.0, 2857.5529688242154, 1492.5272084030742], [0.0, 0.0, 1.0]]
58|71|2|Grouper|0.36|0.36575497011242525|1.5735011100769043|2068.301377603705;1400.9540507906854|[-0.031173786148428917, -0.10015573352575302, 0.0]|[0.03132905066013336, 0.047706976532936096, 0.9983699321746826]|[[2855.292793016781, 0.0, 2031.7894533541553], [0.0, 2881.0734769839373, 1447.6913944790074], [0.0, 0.0, 1.0]]
58|71|2|Shark|0.605|0.6300027818040079|1.5048789978027344|2064.4178897484644;1392.9571636537123|[-0.031173786148428917, -0.10015573352575302, 0.0]|[0.03132905066013336, 0.047706976532936096, 0.9983699321746826]|[[2855.292793016781, 0.0, 2031.7894533541553], [0.0, 2881.0734769839373, 1447.6913944790074], [0.0, 0.0, 1.0]]
58|71|2|Shark|0.605|0.6272098189822727|2.3377816677093506|2083.9961270001204;1461.711602712053|[-0.031173786148428917, -0.10015573352575302, 0.0]|[0.03132905066013336, 0.047706976532936096, 0.9983699321746826]|[[2855.292793016781, 0.0, 2031.7894533541553], [0.0, 2881.0734769839373, 1447.6913944790074], [0.0, 0.0, 1.0]]
58|71|2|Shark|0.605|0.6343356022929032|2.695801019668579|2090.2083947392775;1477.7829540149357|[-0.031173786148428917, -0.10015573352575302, 0.0]|[0.03132905066013336, 0.047706976532936096, 0.9983699321746826]|[[2855.292793016781, 0.0, 2031.7894533541553], [0.0, 2881.0734769839373, 1447.6913944790074], [0.0, 0.0, 1.0]]
59|77|1|Shark|0.605|0.6165849702713315|1.3297557830810547|1918.9757846836235;1333.4800615043193|[-0.03057379275560379, -0.099056176841259, 0.0]|[0.005684984847903252, 0.032687537372112274, 0.9994494318962097]|[[2832.6628438838216, 0.0, 1968.0272553880557], [0.0, 2855.8825480621545, 1452.810040656435], [0.0, 0.0, 1.0]]
59|77|1|Shark|0.605|0.6311706150877782|2.44895076751709|1949.4301708020148;1430.4977411081109|[-0.03057379275560379, -0.099056176841259, 0.0]|[0.005684984847903252, 0.032687537372112274, 0.9994494318962097]|[[2832.6628438838216, 0.0, 1968.0272553880557], [0.0, 2855.8825480621545, 1452.810040656435], [0.0, 0.0, 1.0]]
59|77|1|Shark|0.605|0.6239516232560953|2.74080491065979|1953.1522251515432;1442.798216848619|[-0.03057379275560379, -0.099056176841259, 0.0]|[0.005684984847903252, 0.032687537372112274, 0.9994494318962097]|[[2832.6628438838216, 0.0, 1968.0272553880557], [0.0, 2855.8825480621545, 1452.810040656435], [0.0, 0.0, 1.0]]
59|77|1|Grouper|0.36|0.35150461047572673|1.5982246398925781|1930.1544619281715;1369.134160876532|[-0.03057379275560379, -0.099056176841259, 0.0]|[0.005684984847903252, 0.032687537372112274, 0.9994494318962097]|[[2832.6628438838216, 0.0, 1968.0272553880557], [0.0, 2855.8825480621545, 1452.810040656435], [0.0, 0.0, 1.0]]
59|77|1|Grouper|0.36|0.3605327047051573|2.1267237663269043|1944.2267882140886;1412.9437890713461|[-0.03057379275560379, -0.099056176841259, 0.0]|[0.005684984847903252, 0.032687537372112274, 0.9994494318962097]|[[2832.6628438838216, 0.0, 1968.0272553880557], [0.0, 2855.8825480621545, 1452.810040656435], [0.0, 0.0, 1.0]]
59|77|1|Grouper|0.36|0.36015730671215757|2.1308436393737793|1945.2493082865258;1412.9344368270586|[-0.03057379275560379, -0.099056176841259, 0.0]|[0.005684984847903252, 0.032687537372112274, 0.9994494318962097]|[[2832.6628438838216, 0.0, 1968.0272553880557], [0.0, 2855.8825480621545, 1452.810040656435], [0.0, 0.0, 1.0]]
59|77|1|Grouper|0.36|0.34462055414439396|2.2544620037078857|1948.0703284032766;1420.0353980542586|[-0.03057379275560379, -0.099056176841259, 0.0]|[0.005684984847903252, 0.032687537372112274, 0.9994494318962097]|[[2832.6628438838216, 0.0, 1968.0272553880557], [0.0, 2855.8825480621545, 1452.810040656435], [0.0, 0.0, 1.0]]
59|77|1|Snook|0.455|0.45477834405042733|2.2660634517669678|1946.4268707828505;1421.2085889949524|[-0.03057379275560379, -0.099056176841259, 0.0]|[0.005684984847903252, 0.032687537372112274, 0.9994494318962097]|[[2832.6628438838216, 0.0, 1968.0272553880557], [0.0, 2855.8825480621545, 1452.810040656435], [0.0, 0.0, 1.0]]
59|77|1|Snook|0.455|0.4414621131026961|2.210994005203247|1946.3622991296902;1417.852206331141|[-0.03057379275560379, -0.099056176841259, 0.0]|[0.005684984847903252, 0.032687537372112274, 0.9994494318962097]|[[2832.6628438838216, 0.0, 1968.0272553880557], [0.0, 2855.8825480621545, 1452.810040656435], [0.0, 0.0, 1.0]]
59|77|1|Snook|0.455|0.44662451956722665|2.255138635635376|1947.072449548222;1420.3665453986632|[-0.03057379275560379, -0.099056176841259, 0.0]|[0.005684984847903252, 0.032687537372112274, 0.9994494318962097]|[[2832.6628438838216, 0.0, 1968.0272553880557], [0.0, 2855.8825480621545, 1452.810040656435], [0.0, 0.0, 1.0]]
59|77|1|Snook|0.455|0.4295881090723905|2.2477269172668457|1947.140278189255;1419.8915120719416|[-0.03057379275560379, -0.099056176841259, 0.0]|[0.005684984847903252, 0.032687537372112274, 0.9994494318962097]|[[2832.6628438838216, 0.0, 1968.0272553880557], [0.0, 2855.8825480621545, 1452.810040656435], [0.0, 0.0, 1.0]]
59|77|1|Purple Angel|0.192|0.1979962742064311|1.1866589784622192|1912.3201977791844;1307.4653130467718|[-0.03057379275560379, -0.099056176841259, 0.0]|[0.005684984847903252, 0.032687537372112274, 0.9994494318962097]|[[2832.6628438838216, 0.0, 1968.0272553880557], [0.0, 2855.8825480621545, 1452.810040656435], [0.0, 0.0, 1.0]]
59|77|1|Purple Angel|0.192|0.1918483512043884|1.1249971389770508|1906.3305564160933;1295.0109287259277|[-0.03057379275560379, -0.099056176841259, 0.0]|[0.005684984847903252, 0.032687537372112274, 0.9994494318962097]|[[2832.6628438838216, 0.0, 1968.0272553880557], [0.0, 2855.8825480621545, 1452.810040656435], [0.0, 0.0, 1.0]]
60|65|4|Shark|0.605|0.6112569085979076|0.6278536915779114|1926.199068684517;1076.8149010477298|[-0.03170420974493027, -0.09955649077892303, 0.0]|[0.026946846395730972, 0.02996676415205002, 0.9991876482963562]|[[2827.300073606339, 0.0, 1993.2574097262354], [0.0, 2852.2438974589363, 1443.3722632010733], [0.0, 0.0, 1.0]]
60|65|4|Shark|0.605|0.6014265332946892|1.359297275543213|1999.7151809716386;1321.3232769572808|[-0.03170420974493027, -0.09955649077892303, 0.0]|[0.026946846395730972, 0.02996676415205002, 0.9991876482963562]|[[2827.300073606339, 0.0, 1993.2574097262354], [0.0, 2852.2438974589363, 1443.3722632010733], [0.0, 0.0, 1.0]]
60|65|4|Shark|0.605|0.6014602210851712|1.4666094779968262|2004.694622816852;1336.5517894890654|[-0.03170420974493027, -0.09955649077892303, 0.0]|[0.026946846395730972, 0.02996676415205002, 0.9991876482963562]|[[2827.300073606339, 0.0, 1993.2574097262354], [0.0, 2852.2438974589363, 1443.3722632010733], [0.0, 0.0, 1.0]]
60|65|4|Shark|0.605|0.6113621630836773|1.5006359815597534|2007.7672604290708;1340.356489971424|[-0.03170420974493027, -0.09955649077892303, 0.0]|[0.026946846395730972, 0.02996676415205002, 0.9991876482963562]|[[2827.300073606339, 0.0, 1993.2574097262354], [0.0, 2852.2438974589363, 1443.3722632010733], [0.0, 0.0, 1.0]]
60|65|4|Grouper|0.36|0.3484230696599163|1.413307785987854|2002.570581312318;1329.186447755951|[-0.03170420974493027, -0.09955649077892303, 0.0]|[0.026946846395730972, 0.02996676415205002, 0.9991876482963562]|[[2827.300073606339, 0.0, 1993.2574097262354], [0.0, 2852.2438974589363, 1443.3722632010733], [0.0, 0.0, 1.0]]
60|65|4|Grouper|0.36|0.34810583220527846|1.4115904569625854|2000.393127880133;1329.7224017933272|[-0.03170420974493027, -0.09955649077892303, 0.0]|[0.026946846395730972, 0.02996676415205002, 0.9991876482963562]|[[2827.300073606339, 0.0, 1993.2574097262354], [0.0, 2852.2438974589363, 1443.3722632010733], [0.0, 0.0, 1.0]]
60|65|4|Grouper|0.36|0.35457518460760595|1.859976053237915|2018.640712787074;1377.1509399020906|[-0.03170420974493027, -0.09955649077892303, 0.0]|[0.026946846395730972, 0.02996676415205002, 0.9991876482963562]|[[2827.300073606339, 0.0, 1993.2574097262354], [0.0, 2852.2438974589363, 1443.3722632010733], [0.0, 0.0, 1.0]]
60|65|4|Grouper|0.36|0.34322099761737823|1.871742844581604|2017.3445172225756;1378.702082315933|[-0.03170420974493027, -0.09955649077892303, 0.0]|[0.026946846395730972, 0.02996676415205002, 0.9991876482963562]|[[2827.300073606339, 0.0, 1993.2574097262354], [0.0, 2852.2438974589363, 1443.3722632010733], [0.0, 0.0, 1.0]]
60|65|4|Snook|0.455|0.43078469847020046|1.555776834487915|2007.9642034758915;1347.7399419054095|[-0.03170420974493027, -0.09955649077892303, 0.0]|[0.026946846395730972, 0.02996676415205002, 0.9991876482963562]|[[2827.300073606339, 0.0, 1993.2574097262354], [0.0, 2852.2438974589363, 1443.3722632010733], [0.0, 0.0, 1.0]]
60|65|4|Snook|0.455|0.43315674284863437|1.3250911235809326|1997.9435647609534;1315.953991689132|[-0.03170420974493027, -0.09955649077892303, 0.0]|[0.026946846395730972, 0.02996676415205002, 0.9991876482963562]|[[2827.300073606339, 0.0, 1993.2574097262354], [0.0, 2852.2438974589363, 1443.3722632010733], [0.0, 0.0, 1.0]]
60|65|4|Snook|0.455|0.4319926072311593|2.142928123474121|2022.8708016271214;1398.140678707033|[-0.03170420974493027, -0.09955649077892303, 0.0]|[0.026946846395730972, 0.02996676415205002, 0.9991876482963562]|[[2827.300073606339, 0.0, 1993.2574097262354], [0.0, 2852.2438974589363, 1443.3722632010733], [0.0, 0.0, 1.0]]
60|65|4|Snook|0.455|0.4127362958899489|2.074381113052368|2022.493430457111;1393.3610771279518|[-0.03170420974493027, -0.09955649077892303, 0.0]|[0.026946846395730972, 0.02996676415205002, 0.9991876482963562]|[[2827.300073606339, 0.0, 1993.2574097262354], [0.0, 2852.2438974589363, 1443.3722632010733], [0.0, 0.0, 1.0]]
60|65|4|Purple Angel|0.192|0.188151594935369|0.7743909955024719|1950.7531040491692;1163.2167613153615|[-0.03170420974493027, -0.09955649077892303, 0.0]|[0.026946846395730972, 0.02996676415205002, 0.9991876482963562]|[[2827.300073606339, 0.0, 1993.2574097262354], [0.0, 2852.2438974589363, 1443.3722632010733], [0.0, 0.0, 1.0]]
60|65|4|Purple Angel|0.192|0.18539491284994158|1.6628432273864746|2011.3028214671392;1359.6438130018264|[-0.03170420974493027, -0.09955649077892303, 0.0]|[0.026946846395730972, 0.02996676415205002, 0.9991876482963562]|[[2827.300073606339, 0.0, 1993.2574097262354], [0.0, 2852.2438974589363, 1443.3722632010733], [0.0, 0.0, 1.0]]
60|65|4|Purple Angel|0.192|0.18415692234266087|1.7361953258514404|2011.7104148557682;1367.596736808189|[-0.03170420974493027, -0.09955649077892303, 0.0]|[0.026946846395730972, 0.02996676415205002, 0.9991876482963562]|[[2827.300073606339, 0.0, 1993.2574097262354], [0.0, 2852.2438974589363, 1443.3722632010733], [0.0, 0.0, 1.0]]
60|65|4|Purple Angel|0.192|0.1832410409860824|1.6929174661636353|2011.7588146727646;1362.871619344709|[-0.03170420974493027, -0.09955649077892303, 0.0]|[0.026946846395730972, 0.02996676415205002, 0.9991876482963562]|[[2827.300073606339, 0.0, 1993.2574097262354], [0.0, 2852.2438974589363, 1443.3722632010733], [0.0, 0.0, 1.0]]
66|83|10|Grouper|0.36|0.3046287541977297|2.212307929992676|2046.001467880291;1387.8835719888875|[-0.029473014175891876, -0.09940780699253082, 0.0]|[0.02901473641395569, 0.013735744170844555, 0.9994845986366272]|[[2841.3712142828917, 0.0, 2004.355023481056], [0.0, 2863.7600731700495, 1476.2484742699291], [0.0, 0.0, 1.0]]
66|83|10|Shark|0.605|0.6013915219204907|1.3344919681549072|2019.9021427334114;1303.617709311108|[-0.029473014175891876, -0.09940780699253082, 0.0]|[0.02901473641395569, 0.013735744170844555, 0.9994845986366272]|[[2841.3712142828917, 0.0, 2004.355023481056], [0.0, 2863.7600731700495, 1476.2484742699291], [0.0, 0.0, 1.0]]
66|83|10|Shark|0.605|0.5951196649419139|1.560592770576477|2030.3865926442747;1334.0591833282776|[-0.029473014175891876, -0.09940780699253082, 0.0]|[0.02901473641395569, 0.013735744170844555, 0.9994845986366272]|[[2841.3712142828917, 0.0, 2004.355023481056], [0.0, 2863.7600731700495, 1476.2484742699291], [0.0, 0.0, 1.0]]
66|83|10|Shark|0.605|0.5984507661756732|1.5506017208099365|2028.6510277855546;1333.3663783477116|[-0.029473014175891876, -0.09940780699253082, 0.0]|[0.02901473641395569, 0.013735744170844555, 0.9994845986366272]|[[2841.3712142828917, 0.0, 2004.355023481056], [0.0, 2863.7600731700495, 1476.2484742699291], [0.0, 0.0, 1.0]]
66|83|10|Shark|0.605|0.58867037195385|2.413271427154541|2049.0841513987;1398.6310906256924|[-0.029473014175891876, -0.09940780699253082, 0.0]|[0.02901473641395569, 0.013735744170844555, 0.9994845986366272]|[[2841.3712142828917, 0.0, 2004.355023481056], [0.0, 2863.7600731700495, 1476.2484742699291], [0.0, 0.0, 1.0]]
66|83|10|Shark|0.605|0.5853996930393571|2.4956820011138916|2050.300328597378;1402.5039447347167|[-0.029473014175891876, -0.09940780699253082, 0.0]|[0.02901473641395569, 0.013735744170844555, 0.9994845986366272]|[[2841.3712142828917, 0.0, 2004.355023481056], [0.0, 2863.7600731700495, 1476.2484742699291], [0.0, 0.0, 1.0]]
66|83|10|Purple Angel|0.192|0.18259034231816731|1.3243893384933472|2019.6823707571134;1301.8950085025372|[-0.029473014175891876, -0.09940780699253082, 0.0]|[0.02901473641395569, 0.013735744170844555, 0.9994845986366272]|[[2841.3712142828917, 0.0, 2004.355023481056], [0.0, 2863.7600731700495, 1476.2484742699291], [0.0, 0.0, 1.0]]
66|83|10|Purple Angel|0.192|0.18621867310068274|1.3441377878189087|2020.2163409123498;1305.189680908703|[-0.029473014175891876, -0.09940780699253082, 0.0]|[0.02901473641395569, 0.013735744170844555, 0.9994845986366272]|[[2841.3712142828917, 0.0, 2004.355023481056], [0.0, 2863.7600731700495, 1476.2484742699291], [0.0, 0.0, 1.0]]
66|83|10|Purple Angel|0.192|0.1782544875936144|2.7684166431427|2053.8087074523523;1413.6812117823065|[-0.029473014175891876, -0.09940780699253082, 0.0]|[0.02901473641395569, 0.013735744170844555, 0.9994845986366272]|[[2841.3712142828917, 0.0, 2004.355023481056], [0.0, 2863.7600731700495, 1476.2484742699291], [0.0, 0.0, 1.0]]
66|83|10|Snook|0.455|0.41726333892379414|1.8242197036743164|2036.5969312931888;1360.9621300261028|[-0.029473014175891876, -0.09940780699253082, 0.0]|[0.02901473641395569, 0.013735744170844555, 0.9994845986366272]|[[2841.3712142828917, 0.0, 2004.355023481056], [0.0, 2863.7600731700495, 1476.2484742699291], [0.0, 0.0, 1.0]]
66|83|10|Snook|0.455|0.41753219883623477|1.8148372173309326|2036.9797593694245;1359.9382472815475|[-0.029473014175891876, -0.09940780699253082, 0.0]|[0.02901473641395569, 0.013735744170844555, 0.9994845986366272]|[[2841.3712142828917, 0.0, 2004.355023481056], [0.0, 2863.7600731700495, 1476.2484742699291], [0.0, 0.0, 1.0]]
66|83|10|Snook|0.455|0.42982125426715934|1.6611964702606201|2032.1939851524648;1345.607651590406|[-0.029473014175891876, -0.09940780699253082, 0.0]|[0.02901473641395569, 0.013735744170844555, 0.9994845986366272]|[[2841.3712142828917, 0.0, 2004.355023481056], [0.0, 2863.7600731700495, 1476.2484742699291], [0.0, 0.0, 1.0]]
66|83|10|Snook|0.455|0.4070727739218568|1.7384110689163208|2035.1959307448956;1352.9609325232987|[-0.029473014175891876, -0.09940780699253082, 0.0]|[0.02901473641395569, 0.013735744170844555, 0.9994845986366272]|[[2841.3712142828917, 0.0, 2004.355023481056], [0.0, 2863.7600731700495, 1476.2484742699291], [0.0, 0.0, 1.0]]
66|83|10|Snook|0.455|0.33392214034912543|1.7174961566925049|2035.0121993797898;1350.8309005055082|[-0.029473014175891876, -0.09940780699253082, 0.0]|[0.02901473641395569, 0.013735744170844555, 0.9994845986366272]|[[2841.3712142828917, 0.0, 2004.355023481056], [0.0, 2863.7600731700495, 1476.2484742699291], [0.0, 0.0, 1.0]]
66|83|10|Snook|0.455|0.3498868528429898|1.792510747909546|2037.0850960823584;1357.749750035484|[-0.029473014175891876, -0.09940780699253082, 0.0]|[0.02901473641395569, 0.013735744170844555, 0.9994845986366272]|[[2841.3712142828917, 0.0, 2004.355023481056], [0.0, 2863.7600731700495, 1476.2484742699291], [0.0, 0.0, 1.0]]
66|83|10|Snook|0.455|0.3541063765413306|1.7830054759979248|2036.768756352276;1356.92449622786|[-0.029473014175891876, -0.09940780699253082, 0.0]|[0.02901473641395569, 0.013735744170844555, 0.9994845986366272]|[[2841.3712142828917, 0.0, 2004.355023481056], [0.0, 2863.7600731700495, 1476.2484742699291], [0.0, 0.0, 1.0]]
76|63|3|Shark|0.605|0.5358475999019513|1.123928427696228|1949.5279964618933;1319.1466047709305|[-0.03206002712249756, -0.09930168092250824, 0.0]|[0.0013077228795737028, 0.027590053156018257, 0.999618411064148]|[[2832.88718694667, 0.0, 2027.3101376941806], [0.0, 2857.5529688242154, 1492.5272084030742], [0.0, 0.0, 1.0]]
76|63|3|Shark|0.605|0.5384755302380534|1.1054017543792725|1947.6686900624945;1315.0852246655375|[-0.03206002712249756, -0.09930168092250824, 0.0]|[0.0013077228795737028, 0.027590053156018257, 0.999618411064148]|[[2832.88718694667, 0.0, 2027.3101376941806], [0.0, 2857.5529688242154, 1492.5272084030742], [0.0, 0.0, 1.0]]
76|63|3|Shark|0.605|0.549182020117657|1.8731689453125|1979.812186443273;1420.8484254970306|[-0.03206002712249756, -0.09930168092250824, 0.0]|[0.0013077228795737028, 0.027590053156018257, 0.999618411064148]|[[2832.88718694667, 0.0, 2027.3101376941806], [0.0, 2857.5529688242154, 1492.5272084030742], [0.0, 0.0, 1.0]]
76|63|3|Shark|0.605|0.5530289257548082|1.886426329612732|1981.623760430796;1421.3903504587297|[-0.03206002712249756, -0.09930168092250824, 0.0]|[0.0013077228795737028, 0.027590053156018257, 0.999618411064148]|[[2832.88718694667, 0.0, 2027.3101376941806], [0.0, 2857.5529688242154, 1492.5272084030742], [0.0, 0.0, 1.0]]
76|63|3|Shark|0.605|0.5481153649720252|1.8759925365447998|1981.0692639237275;1420.6590124651295|[-0.03206002712249756, -0.09930168092250824, 0.0]|[0.0013077228795737028, 0.027590053156018257, 0.999618411064148]|[[2832.88718694667, 0.0, 2027.3101376941806], [0.0, 2857.5529688242154, 1492.5272084030742], [0.0, 0.0, 1.0]]
76|63|3|Shark|0.605|0.5714652417625938|2.304943799972534|1990.8307684922333;1448.5474679595527|[-0.03206002712249756, -0.09930168092250824, 0.0]|[0.0013077228795737028, 0.027590053156018257, 0.999618411064148]|[[2832.88718694667, 0.0, 2027.3101376941806], [0.0, 2857.5529688242154, 1492.5272084030742], [0.0, 0.0, 1.0]]
76|63|3|Shark|0.605|0.5637008076399033|2.240142583847046|1988.2569417525187;1445.4988082386915|[-0.03206002712249756, -0.09930168092250824, 0.0]|[0.0013077228795737028, 0.027590053156018257, 0.999618411064148]|[[2832.88718694667, 0.0, 2027.3101376941806], [0.0, 2857.5529688242154, 1492.5272084030742], [0.0, 0.0, 1.0]]
76|63|3|Shark|0.605|0.5584417789041491|2.3505020141601562|1991.905796395122;1450.8184338566646|[-0.03206002712249756, -0.09930168092250824, 0.0]|[0.0013077228795737028, 0.027590053156018257, 0.999618411064148]|[[2832.88718694667, 0.0, 2027.3101376941806], [0.0, 2857.5529688242154, 1492.5272084030742], [0.0, 0.0, 1.0]]
76|63|3|Purple Angel|0.192|0.18785360391027123|0.8568137288093567|1926.6632396194682;1239.686050764895|[-0.03206002712249756, -0.09930168092250824, 0.0]|[0.0013077228795737028, 0.027590053156018257, 0.999618411064148]|[[2832.88718694667, 0.0, 2027.3101376941806], [0.0, 2857.5529688242154, 1492.5272084030742], [0.0, 0.0, 1.0]]
76|63|3|Purple Angel|0.192|0.1847540086961635|1.7782914638519287|1977.3377947402387;1412.7273410049872|[-0.03206002712249756, -0.09930168092250824, 0.0]|[0.0013077228795737028, 0.027590053156018257, 0.999618411064148]|[[2832.88718694667, 0.0, 2027.3101376941806], [0.0, 2857.5529688242154, 1492.5272084030742], [0.0, 0.0, 1.0]]
76|63|3|Purple Angel|0.192|0.18377185925666853|1.8169031143188477|1978.6780541619942;1416.028644825029|[-0.03206002712249756, -0.09930168092250824, 0.0]|[0.0013077228795737028, 0.027590053156018257, 0.999618411064148]|[[2832.88718694667, 0.0, 2027.3101376941806], [0.0, 2857.5529688242154, 1492.5272084030742], [0.0, 0.0, 1.0]]
76|63|3|Purple Angel|0.192|0.186018359417984|1.8749659061431885|1981.8963911525027;1420.2817229336436|[-0.03206002712249756, -0.09930168092250824, 0.0]|[0.0013077228795737028, 0.027590053156018257, 0.999618411064148]|[[2832.88718694667, 0.0, 2027.3101376941806], [0.0, 2857.5529688242154, 1492.5272084030742], [0.0, 0.0, 1.0]]
76|63|3|Grouper|0.36|0.33545022633929295|1.505768060684204|1968.9514627644608;1383.5359993712516|[-0.03206002712249756, -0.09930168092250824, 0.0]|[0.0013077228795737028, 0.027590053156018257, 0.999618411064148]|[[2832.88718694667, 0.0, 2027.3101376941806], [0.0, 2857.5529688242154, 1492.5272084030742], [0.0, 0.0, 1.0]]
76|63|3|Grouper|0.36|0.3375105128971768|1.4475725889205933|1965.3697649046405;1376.372603651611|[-0.03206002712249756, -0.09930168092250824, 0.0]|[0.0013077228795737028, 0.027590053156018257, 0.999618411064148]|[[2832.88718694667, 0.0, 2027.3101376941806], [0.0, 2857.5529688242154, 1492.5272084030742], [0.0, 0.0, 1.0]]
76|63|3|Grouper|0.36|0.34061520901905434|1.4077043533325195|1965.316412140687;1370.2195441864387|[-0.03206002712249756, -0.09930168092250824, 0.0]|[0.0013077228795737028, 0.027590053156018257, 0.999618411064148]|[[2832.88718694667, 0.0, 2027.3101376941806], [0.0, 2857.5529688242154, 1492.5272084030742], [0.0, 0.0, 1.0]]
76|63|3|Grouper|0.36|0.31933082284141145|1.3126215934753418|1960.6775394364113;1355.5919711527129|[-0.03206002712249756, -0.09930168092250824, 0.0]|[0.0013077228795737028, 0.027590053156018257, 0.999618411064148]|[[2832.88718694667, 0.0, 2027.3101376941806], [0.0, 2857.5529688242154, 1492.5272084030742], [0.0, 0.0, 1.0]]
84|62|5|Grouper|0.36|0.3487524866662192|1.4354692697525024|1976.4889076224429;1326.1235475985904|[-0.030078189447522163, -0.09927792847156525, 0.0]|[0.014451604336500168, 0.03844136372208595, 0.9991563558578491]|[[2833.277965760987, 0.0, 2009.7572163743287], [0.0, 2858.7736950651392, 1407.9866181636053], [0.0, 0.0, 1.0]]
84|62|5|Grouper|0.36|0.3557916974977759|1.7854058742523193|1988.2730432630692;1365.1462746854615|[-0.030078189447522163, -0.09927792847156525, 0.0]|[0.014451604336500168, 0.03844136372208595, 0.9991563558578491]|[[2833.277965760987, 0.0, 2009.7572163743287], [0.0, 2858.7736950651392, 1407.9866181636053], [0.0, 0.0, 1.0]]
58|71|2|Grouper|0.36|0.36459743720754245|1.2636668682098389|2053.0024574107456;1356.3942886424134|[-0.031173786148428917, -0.10015573352575302, 0.0]|[0.03132905066013336, 0.047706976532936096, 0.9983699321746826]|[[2855.292793016781, 0.0, 2031.7894533541553], [0.0, 2881.0734769839373, 1447.6913944790074], [0.0, 0.0, 1.0]]
58|71|2|Grouper|0.36|0.36385661530726077|1.8602747917175293|2076.78275327372;1429.3066030154355|[-0.031173786148428917, -0.10015573352575302, 0.0]|[0.03132905066013336, 0.047706976532936096, 0.9983699321746826]|[[2855.292793016781, 0.0, 2031.7894533541553], [0.0, 2881.0734769839373, 1447.6913944790074], [0.0, 0.0, 1.0]]
58|71|2|Shark|0.605|0.6245815936599836|1.3912490606307983|2057.5624398214036;1377.903561086015|[-0.031173786148428917, -0.10015573352575302, 0.0]|[0.03132905066013336, 0.047706976532936096, 0.9983699321746826]|[[2855.292793016781, 0.0, 2031.7894533541553], [0.0, 2881.0734769839373, 1447.6913944790074], [0.0, 0.0, 1.0]]
58|71|2|Shark|0.605|0.6262355393709188|2.272308588027954|2081.5598154476065;1458.5874383149035|[-0.031173786148428917, -0.10015573352575302, 0.0]|[0.03132905066013336, 0.047706976532936096, 0.9983699321746826]|[[2855.292793016781, 0.0, 2031.7894533541553], [0.0, 2881.0734769839373, 1447.6913944790074], [0.0, 0.0, 1.0]]
58|71|2|Shark|0.605|0.6362258683327812|2.6695621013641357|2089.466079381032;1476.854214958234|[-0.031173786148428917, -0.10015573352575302, 0.0]|[0.03132905066013336, 0.047706976532936096, 0.9983699321746826]|[[2855.292793016781, 0.0, 2031.7894533541553], [0.0, 2881.0734769839373, 1447.6913944790074], [0.0, 0.0, 1.0]]
58|71|2|Shark|0.605|0.634169546764895|2.6705751419067383|2090.344965426617;1476.6614044462176|[-0.031173786148428917, -0.10015573352575302, 0.0]|[0.03132905066013336, 0.047706976532936096, 0.9983699321746826]|[[2855.292793016781, 0.0, 2031.7894533541553], [0.0, 2881.0734769839373, 1447.6913944790074], [0.0, 0.0, 1.0]]
58|71|2|Purple Angel|0.192|0.17466436005033073|1.4582663774490356|2062.077916609748;1386.9609052669318|[-0.031173786148428917, -0.10015573352575302, 0.0]|[0.03132905066013336, 0.047706976532936096, 0.9983699321746826]|[[2855.292793016781, 0.0, 2031.7894533541553], [0.0, 2881.0734769839373, 1447.6913944790074], [0.0, 0.0, 1.0]]
59|77|1|Shark|0.605|0.6129197906263839|1.3136996030807495|1917.7704663480104;1331.004669107231|[-0.03057379275560379, -0.099056176841259, 0.0]|[0.005684984847903252, 0.032687537372112274, 0.9994494318962097]|[[2832.6628438838216, 0.0, 1968.0272553880557], [0.0, 2855.8825480621545, 1452.810040656435], [0.0, 0.0, 1.0]]
59|77|1|Shark|0.605|0.6118348294039523|1.292711853981018|1916.9161816065189;1327.452852153667|[-0.03057379275560379, -0.099056176841259, 0.0]|[0.005684984847903252, 0.032687537372112274, 0.9994494318962097]|[[2832.6628438838216, 0.0, 1968.0272553880557], [0.0, 2855.8825480621545, 1452.810040656435], [0.0, 0.0, 1.0]]
59|77|1|Shark|0.605|0.6175337957050009|2.4337685108184814|1950.194380851961;1429.490303014051|[-0.03057379275560379, -0.099056176841259, 0.0]|[0.005684984847903252, 0.032687537372112274, 0.9994494318962097]|[[2832.6628438838216, 0.0, 1968.0272553880557], [0.0, 2855.8825480621545, 1452.810040656435], [0.0, 0.0, 1.0]]
59|77|1|Shark|0.605|0.6059778676095837|2.6264772415161133|1954.1367676364575;1437.6674998498547|[-0.03057379275560379, -0.099056176841259, 0.0]|[0.005684984847903252, 0.032687537372112274, 0.9994494318962097]|[[2832.6628438838216, 0.0, 1968.0272553880557], [0.0, 2855.8825480621545, 1452.810040656435], [0.0, 0.0, 1.0]]
59|77|1|Shark|0.605|0.6297685966347787|2.784973382949829|1953.6489763228087;1444.4396590293818|[-0.03057379275560379, -0.099056176841259, 0.0]|[0.005684984847903252, 0.032687537372112274, 0.9994494318962097]|[[2832.6628438838216, 0.0, 1968.0272553880557], [0.0, 2855.8825480621545, 1452.810040656435], [0.0, 0.0, 1.0]]
59|77|1|Grouper|0.36|0.3525296225708938|1.6128841638565063|1931.8122407063431;1370.400122470361|[-0.03057379275560379, -0.099056176841259, 0.0]|[0.005684984847903252, 0.032687537372112274, 0.9994494318962097]|[[2832.6628438838216, 0.0, 1968.0272553880557], [0.0, 2855.8825480621545, 1452.810040656435], [0.0, 0.0, 1.0]]
59|77|1|Grouper|0.36|0.34638284553169063|1.439164638519287|1924.5681617498567;1349.4500638667705|[-0.03057379275560379, -0.099056176841259, 0.0]|[0.005684984847903252, 0.032687537372112274, 0.9994494318962097]|[[2832.6628438838216, 0.0, 1968.0272553880557], [0.0, 2855.8825480621545, 1452.810040656435], [0.0, 0.0, 1.0]]
59|77|1|Grouper|0.36|0.3610486152104037|2.1281747817993164|1943.9786044955274;1413.1121604782015|[-0.03057379275560379, -0.099056176841259, 0.0]|[0.005684984847903252, 0.032687537372112274, 0.9994494318962097]|[[2832.6628438838216, 0.0, 1968.0272553880557], [0.0, 2855.8825480621545, 1452.810040656435], [0.0, 0.0, 1.0]]
59|77|1|Grouper|0.36|0.3646481284087374|2.184995412826538|1945.3791971001876;1416.475970378418|[-0.03057379275560379, -0.099056176841259, 0.0]|[0.005684984847903252, 0.032687537372112274, 0.9994494318962097]|[[2832.6628438838216, 0.0, 1968.0272553880557], [0.0, 2855.8825480621545, 1452.810040656435], [0.0, 0.0, 1.0]]
59|77|1|Snook|0.455|0.44398968611485623|0.972173273563385|1896.1658737000646;1254.8795494280137|[-0.03057379275560379, -0.099056176841259, 0.0]|[0.005684984847903252, 0.032687537372112274, 0.9994494318962097]|[[2832.6628438838216, 0.0, 1968.0272553880557], [0.0, 2855.8825480621545, 1452.810040656435], [0.0, 0.0, 1.0]]
59|77|1|Snook|0.455|0.41952960589409705|0.8932755589485168|1886.7448572199116;1229.6564031587143|[-0.03057379275560379, -0.099056176841259, 0.0]|[0.005684984847903252, 0.032687537372112274, 0.9994494318962097]|[[2832.6628438838216, 0.0, 1968.0272553880557], [0.0, 2855.8825480621545, 1452.810040656435], [0.0, 0.0, 1.0]]
59|77|1|Snook|0.455|0.45073481658652703|2.2427353858947754|1946.2654446051995;1419.8362578539757|[-0.03057379275560379, -0.099056176841259, 0.0]|[0.005684984847903252, 0.032687537372112274, 0.9994494318962097]|[[2832.6628438838216, 0.0, 1968.0272553880557], [0.0, 2855.8825480621545, 1452.810040656435], [0.0, 0.0, 1.0]]
59|77|1|Snook|0.455|0.4373319439364938|2.1917777061462402|1945.6026034735187;1416.8419239492407|[-0.03057379275560379, -0.099056176841259, 0.0]|[0.005684984847903252, 0.032687537372112274, 0.9994494318962097]|[[2832.6628438838216, 0.0, 1968.0272553880557], [0.0, 2855.8825480621545, 1452.810040656435], [0.0, 0.0, 1.0]]
59|77|1|Snook|0.455|0.44206642543296004|2.225972890853882|1946.2551530673197;1418.806527949778|[-0.03057379275560379, -0.099056176841259, 0.0]|[0.005684984847903252, 0.032687537372112274, 0.9994494318962097]|[[2832.6628438838216, 0.0, 1968.0272553880557], [0.0, 2855.8825480621545, 1452.810040656435], [0.0, 0.0, 1.0]]
59|77|1|Snook|0.455|0.44382767600702705|2.2288622856140137|1945.6271128243143;1419.1818016553352|[-0.03057379275560379, -0.099056176841259, 0.0]|[0.005684984847903252, 0.032687537372112274, 0.9994494318962097]|[[2832.6628438838216, 0.0, 1968.0272553880557], [0.0, 2855.8825480621545, 1452.810040656435], [0.0, 0.0, 1.0]]
59|77|1|Purple Angel|0.192|0.19032190675459626|1.1638033390045166|1910.7680110137385;1302.8058529942837|[-0.03057379275560379, -0.099056176841259, 0.0]|[0.005684984847903252, 0.032687537372112274, 0.9994494318962097]|[[2832.6628438838216, 0.0, 1968.0272553880557], [0.0, 2855.8825480621545, 1452.810040656435], [0.0, 0.0, 1.0]]
59|77|1|Purple Angel|0.192|0.19282083663882812|2.0707266330718994|1942.9642854994368;1409.3982737270926|[-0.03057379275560379, -0.099056176841259, 0.0]|[0.005684984847903252, 0.032687537372112274, 0.9994494318962097]|[[2832.6628438838216, 0.0, 1968.0272553880557], [0.0, 2855.8825480621545, 1452.810040656435], [0.0, 0.0, 1.0]]
60|65|4|Shark|0.605|0.6093503642856928|0.6827916502952576|1934.6116108971867;1114.2276965336082|[-0.03170420974493027, -0.09955649077892303, 0.0]|[0.026946846395730972, 0.02996676415205002, 0.9991876482963562]|[[2827.300073606339, 0.0, 1993.2574097262354], [0.0, 2852.2438974589363, 1443.3722632010733], [0.0, 0.0, 1.0]]
60|65|4|Shark|0.605|0.6113139414681134|0.6378361582756042|1927.5672861674689;1084.175167893728|[-0.03170420974493027, -0.09955649077892303, 0.0]|[0.026946846395730972, 0.02996676415205002, 0.9991876482963562]|[[2827.300073606339, 0.0, 1993.2574097262354], [0.0, 2852.2438974589363, 1443.3722632010733], [0.0, 0.0, 1.0]]
60|65|4|Shark|0.605|0.6067595638312172|1.347687840461731|2000.1659280999816;1319.1549942884071|[-0.03170420974493027, -0.09955649077892303, 0.0]|[0.026946846395730972, 0.02996676415205002, 0.9991876482963562]|[[2827.300073606339, 0.0, 1993.2574097262354], [0.0, 2852.2438974589363, 1443.3722632010733], [0.0, 0.0, 1.0]]
60|65|4|Shark|0.605|0.599939650109113|1.4722036123275757|2003.3208384776515;1337.8962143924937|[-0.03170420974493027, -0.09955649077892303, 0.0]|[0.026946846395730972, 0.02996676415205002, 0.9991876482963562]|[[2827.300073606339, 0.0, 1993.2574097262354], [0.0, 2852.2438974589363, 1443.3722632010733], [0.0, 0.0, 1.0]]
60|65|4|Shark|0.605|0.6008599209970732|1.4756028652191162|2005.4549334524613;1337.6007243190588|[-0.03170420974493027, -0.09955649077892303, 0.0]|[0.026946846395730972, 0.02996676415205002, 0.9991876482963562]|[[2827.300073606339, 0.0, 1993.2574097262354], [0.0, 2852.2438974589363, 1443.3722632010733], [0.0, 0.0, 1.0]]
60|65|4|Grouper|0.36|0.3475684093932937|1.412384271621704|2001.7652681086856;1329.3341215358084|[-0.03170420974493027, -0.09955649077892303, 0.0]|[0.026946846395730972, 0.02996676415205002, 0.9991876482963562]|[[2827.300073606339, 0.0, 1993.2574097262354], [0.0, 2852.2438974589363, 1443.3722632010733], [0.0, 0.0, 1.0]]
60|65|4|Grouper|0.36|0.3499294876830977|1.4128915071487427|2003.516765905922;1328.7854933486178|[-0.03170420974493027, -0.09955649077892303, 0.0]|[0.026946846395730972, 0.02996676415205002, 0.9991876482963562]|[[2827.300073606339, 0.0, 1993.2574097262354], [0.0, 2852.2438974589363, 1443.3722632010733], [0.0, 0.0, 1.0]]
60|65|4|Grouper|0.36|0.34337998491002797|1.4030801057815552|2001.697329290172;1327.8757750407428|[-0.03170420974493027, -0.09955649077892303, 0.0]|[0.026946846395730972, 0.02996676415205002, 0.9991876482963562]|[[2827.300073606339, 0.0, 1993.2574097262354], [0.0, 2852.2438974589363, 1443.3722632010733], [0.0, 0.0, 1.0]]
60|65|4|Grouper|0.36|0.3446091195324492|1.8189091682434082|2015.4093774203577;1374.515965405241|[-0.03170420974493027, -0.09955649077892303, 0.0]|[0.026946846395730972, 0.02996676415205002, 0.9991876482963562]|[[2827.300073606339, 0.0, 1993.2574097262354], [0.0, 2852.2438974589363, 1443.3722632010733], [0.0, 0.0, 1.0]]
60|65|4|Grouper|0.36|0.35124661702021287|1.8789139986038208|2017.3340866119506;1379.3628765369806|[-0.03170420974493027, -0.09955649077892303, 0.0]|[0.026946846395730972, 0.02996676415205002, 0.9991876482963562]|[[2827.300073606339, 0.0, 1993.2574097262354], [0.0, 2852.2438974589363, 1443.3722632010733], [0.0, 0.0, 1.0]]
60|65|4|Snook|0.455|0.42685362521356324|1.5553828477859497|2008.7127491297779;1347.4156124832723|[-0.03170420974493027, -0.09955649077892303, 0.0]|[0.026946846395730972, 0.02996676415205002, 0.9991876482963562]|[[2827.300073606339, 0.0, 1993.2574097262354], [0.0, 2852.2438974589363, 1443.3722632010733], [0.0, 0.0, 1.0]]
60|65|4|Snook|0.455|0.4382118702096138|1.350273609161377|1999.8040807094421;1319.734370056889|[-0.03170420974493027, -0.09955649077892303, 0.0]|[0.026946846395730972, 0.02996676415205002, 0.9991876482963562]|[[2827.300073606339, 0.0, 1993.2574097262354], [0.0, 2852.2438974589363, 1443.3722632010733], [0.0, 0.0, 1.0]]
60|65|4|Snook|0.455|0.4315963651846689|2.140101194381714|2023.1708776713306;1397.8259634799276|[-0.03170420974493027, -0.09955649077892303, 0.0]|[0.026946846395730972, 0.02996676415205002, 0.9991876482963562]|[[2827.300073606339, 0.0, 1993.2574097262354], [0.0, 2852.2438974589363, 1443.3722632010733], [0.0, 0.0, 1.0]]
60|65|4|Snook|0.455|0.417183607681298|2.092135429382324|2022.5182130999078;1394.6390245627667|[-0.03170420974493027, -0.09955649077892303, 0.0]|[0.026946846395730972, 0.02996676415205002, 0.9991876482963562]|[[2827.300073606339, 0.0, 1993.2574097262354], [0.0, 2852.2438974589363, 1443.3722632010733], [0.0, 0.0, 1.0]]
60|65|4|Purple Angel|0.192|0.189105146220764|0.8942340612411499|1965.3656845753899;1212.6724436741767|[-0.03170420974493027, -0.09955649077892303, 0.0]|[0.026946846395730972, 0.02996676415205002, 0.9991876482963562]|[[2827.300073606339, 0.0, 1993.2574097262354], [0.0, 2852.2438974589363, 1443.3722632010733], [0.0, 0.0, 1.0]]
60|65|4|Purple Angel|0.192|0.18693760096457596|0.8704127669334412|1961.9910484179327;1204.2021373967395|[-0.03170420974493027, -0.09955649077892303, 0.0]|[0.026946846395730972, 0.02996676415205002, 0.9991876482963562]|[[2827.300073606339, 0.0, 1993.2574097262354], [0.0, 2852.2438974589363, 1443.3722632010733], [0.0, 0.0, 1.0]]
60|65|4|Purple Angel|0.192|0.18763690539785588|0.7852118015289307|1951.243189973999;1168.6484911221692|[-0.03170420974493027, -0.09955649077892303, 0.0]|[0.026946846395730972, 0.02996676415205002, 0.9991876482963562]|[[2827.300073606339, 0.0, 1993.2574097262354], [0.0, 2852.2438974589363, 1443.3722632010733], [0.0, 0.0, 1.0]]
60|65|4|Purple Angel|0.192|0.18454721693966897|1.6923187971115112|2011.57267341142;1362.8808513155882|[-0.03170420974493027, -0.09955649077892303, 0.0]|[0.026946846395730972, 0.02996676415205002, 0.9991876482963562]|[[2827.300073606339, 0.0, 1993.2574097262354], [0.0, 2852.2438974589363, 1443.3722632010733], [0.0, 0.0, 1.0]]
60|65|4|Purple Angel|0.192|0.18373184075480345|1.722665786743164|2012.1855880895785;1365.9574243721024|[-0.03170420974493027, -0.09955649077892303, 0.0]|[0.026946846395730972, 0.02996676415205002, 0.9991876482963562]|[[2827.300073606339, 0.0, 1993.2574097262354], [0.0, 2852.2438974589363, 1443.3722632010733], [0.0, 0.0, 1.0]]
60|65|4|Purple Angel|0.192|0.1844546682525621|1.71432626247406|2011.948576503292;1365.1516706642503|[-0.03170420974493027, -0.09955649077892303, 0.0]|[0.026946846395730972, 0.02996676415205002, 0.9991876482963562]|[[2827.300073606339, 0.0, 1993.2574097262354], [0.0, 2852.2438974589363, 1443.3722632010733], [0.0, 0.0, 1.0]]
60|65|4|Purple Angel|0.192|0.18651576673478837|1.6719744205474854|2010.8623334492663;1360.8608667668857|[-0.03170420974493027, -0.09955649077892303, 0.0]|[0.026946846395730972, 0.02996676415205002, 0.9991876482963562]|[[2827.300073606339, 0.0, 1993.2574097262354], [0.0, 2852.2438974589363, 1443.3722632010733], [0.0, 0.0, 1.0]]
61|80|6|Purple Angel|0.192|0.19085715688350743|1.6722187995910645|2070.978119172275;1368.5427640497032|[-0.029877623543143272, -0.10001984238624573, 0.0]|[0.022014986723661423, 0.027923760935664177, 0.9993675947189331]|[[2825.1480807147805, 0.0, 2061.852601572974], [0.0, 2850.606508156248, 1458.5627645450384], [0.0, 0.0, 1.0]]
61|80|6|Purple Angel|0.192|0.18911309357580566|1.6765172481536865|2072.5777882385623;1368.5048660151265|[-0.029877623543143272, -0.10001984238624573, 0.0]|[0.022014986723661423, 0.027923760935664177, 0.9993675947189331]|[[2825.1480807147805, 0.0, 2061.852601572974], [0.0, 2850.606508156248, 1458.5627645450384], [0.0, 0.0, 1.0]]
61|80|6|Grouper|0.36|0.3532648657881582|1.2527464628219604|2052.4348003702926;1311.9970554851059|[-0.029877623543143272, -0.10001984238624573, 0.0]|[0.022014986723661423, 0.027923760935664177, 0.9993675947189331]|[[2825.1480807147805, 0.0, 2061.852601572974], [0.0, 2850.606508156248, 1458.5627645450384], [0.0, 0.0, 1.0]]
61|80|6|Grouper|0.36|0.3574292774121939|1.2315272092819214|2051.7266028442514;1307.920305093096|[-0.029877623543143272, -0.10001984238624573, 0.0]|[0.022014986723661423, 0.027923760935664177, 0.9993675947189331]|[[2825.1480807147805, 0.0, 2061.852601572974], [0.0, 2850.606508156248, 1458.5627645450384], [0.0, 0.0, 1.0]]
61|80|6|Grouper|0.36|0.35658063594609224|1.9475067853927612|2079.097808312943;1392.3387034436728|[-0.029877623543143272, -0.10001984238624573, 0.0]|[0.022014986723661423, 0.027923760935664177, 0.9993675947189331]|[[2825.1480807147805, 0.0, 2061.852601572974], [0.0, 2850.606508156248, 1458.5627645450384], [0.0, 0.0, 1.0]]
61|80|6|Grouper|0.36|0.3588638143957399|1.8422605991363525|2076.3902268201837;1384.0369189813568|[-0.029877623543143272, -0.10001984238624573, 0.0]|[0.022014986723661423, 0.027923760935664177, 0.9993675947189331]|[[2825.1480807147805, 0.0, 2061.852601572974], [0.0, 2850.606508156248, 1458.5627645450384], [0.0, 0.0, 1.0]]
61|80|6|Grouper|0.36|0.35787302429901074|1.7866650819778442|2074.602175510266;1379.3462950835121|[-0.029877623543143272, -0.10001984238624573, 0.0]|[0.022014986723661423, 0.027923760935664177, 0.9993675947189331]|[[2825.1480807147805, 0.0, 2061.852601572974], [0.0, 2850.606508156248, 1458.5627645450384], [0.0, 0.0, 1.0]]
61|80|6|Snook|0.455|0.43951077121529647|1.2214300632476807|2052.7108925091115;1305.4903408578286|[-0.029877623543143272, -0.10001984238624573, 0.0]|[0.022014986723661423, 0.027923760935664177, 0.9993675947189331]|[[2825.1480807147805, 0.0, 2061.852601572974], [0.0, 2850.606508156248, 1458.5627645450384], [0.0, 0.0, 1.0]]
61|80|6|Snook|0.455|0.44913265605431274|1.7450484037399292|2075.0592618616315;1375.0294669541786|[-0.029877623543143272, -0.10001984238624573, 0.0]|[0.022014986723661423, 0.027923760935664177, 0.9993675947189331]|[[2825.1480807147805, 0.0, 2061.852601572974], [0.0, 2850.606508156248, 1458.5627645450384], [0.0, 0.0, 1.0]]
61|80|6|Snook|0.455|0.4445628881885859|1.998890995979309|2080.3361035659036;1396.059736306046|[-0.029877623543143272, -0.10001984238624573, 0.0]|[0.022014986723661423, 0.027923760935664177, 0.9993675947189331]|[[2825.1480807147805, 0.0, 2061.852601572974], [0.0, 2850.606508156248, 1458.5627645450384], [0.0, 0.0, 1.0]]
61|80|6|Snook|0.455|0.4377253281115809|1.9618234634399414|2080.6092093515804;1393.0125137225896|[-0.029877623543143272, -0.10001984238624573, 0.0]|[0.022014986723661423, 0.027923760935664177, 0.9993675947189331]|[[2825.1480807147805, 0.0, 2061.852601572974], [0.0, 2850.606508156248, 1458.5627645450384], [0.0, 0.0, 1.0]]
61|80|6|Snook|0.455|0.4486569620672724|1.577398419380188|2068.1480773662875;1358.2292146678708|[-0.029877623543143272, -0.10001984238624573, 0.0]|[0.022014986723661423, 0.027923760935664177, 0.9993675947189331]|[[2825.1480807147805, 0.0, 2061.852601572974], [0.0, 2850.606508156248, 1458.5627645450384], [0.0, 0.0, 1.0]]
61|80|6|Snook|0.455|0.4479999294063894|1.5340689420700073|2066.579361843498;1353.1492849063293|[-0.029877623543143272, -0.10001984238624573, 0.0]|[0.022014986723661423, 0.027923760935664177, 0.9993675947189331]|[[2825.1480807147805, 0.0, 2061.852601572974], [0.0, 2850.606508156248, 1458.5627645450384], [0.0, 0.0, 1.0]]
66|83|10|Purple Angel|0.192|0.18583302293150905|1.3485617637634277|2019.6108425807595;1306.1751618784633|[-0.029473014175891876, -0.09940780699253082, 0.0]|[0.02901473641395569, 0.013735744170844555, 0.9994845986366272]|[[2841.3712142828917, 0.0, 2004.355023481056], [0.0, 2863.7600731700495, 1476.2484742699291], [0.0, 0.0, 1.0]]
66|83|10|Purple Angel|0.192|0.1788986184085381|2.8112964630126953|2054.156277637424;1415.2892338063064|[-0.029473014175891876, -0.09940780699253082, 0.0]|[0.02901473641395569, 0.013735744170844555, 0.9994845986366272]|[[2841.3712142828917, 0.0, 2004.355023481056], [0.0, 2863.7600731700495, 1476.2484742699291], [0.0, 0.0, 1.0]]
76|63|3|Shark|0.605|0.5503106508680008|1.8810081481933594|1980.572274083535;1421.2802707657863|[-0.03206002712249756, -0.09930168092250824, 0.0]|[0.0013077228795737028, 0.027590053156018257, 0.999618411064148]|[[2832.88718694667, 0.0, 2027.3101376941806], [0.0, 2857.5529688242154, 1492.5272084030742], [0.0, 0.0, 1.0]]
76|63|3|Shark|0.605|0.5574919033892698|2.276691198348999|1989.8473649973441;1447.1845013258758|[-0.03206002712249756, -0.09930168092250824, 0.0]|[0.0013077228795737028, 0.027590053156018257, 0.999618411064148]|[[2832.88718694667, 0.0, 2027.3101376941806], [0.0, 2857.5529688242154, 1492.5272084030742], [0.0, 0.0, 1.0]]
76|63|3|Purple Angel|0.192|0.18413629039995286|1.735823392868042|1977.5715622876596;1408.2967211028215|[-0.03206002712249756, -0.09930168092250824, 0.0]|[0.0013077228795737028, 0.027590053156018257, 0.999618411064148]|[[2832.88718694667, 0.0, 2027.3101376941806], [0.0, 2857.5529688242154, 1492.5272084030742], [0.0, 0.0, 1.0]]
76|63|3|Grouper|0.36|0.34222096682994624|1.7216224670410156|1975.559595101064;1407.5073257072897|[-0.03206002712249756, -0.09930168092250824, 0.0]|[0.0013077228795737028, 0.027590053156018257, 0.999618411064148]|[[2832.88718694667, 0.0, 2027.3101376941806], [0.0, 2857.5529688242154, 1492.5272084030742], [0.0, 0.0, 1.0]]
76|63|3|Grouper|0.36|0.339991496402525|1.719670295715332|1974.9378729935759;1407.5277300844248|[-0.03206002712249756, -0.09930168092250824, 0.0]|[0.0013077228795737028, 0.027590053156018257, 0.999618411064148]|[[2832.88718694667, 0.0, 2027.3101376941806], [0.0, 2857.5529688242154, 1492.5272084030742], [0.0, 0.0, 1.0]]
76|63|3|Snook|0.455|0.3938877283886475|1.1565548181533813|1952.8775824070758;1325.9197334752037|[-0.03206002712249756, -0.09930168092250824, 0.0]|[0.0013077228795737028, 0.027590053156018257, 0.999618411064148]|[[2832.88718694667, 0.0, 2027.3101376941806], [0.0, 2857.5529688242154, 1492.5272084030742], [0.0, 0.0, 1.0]]
76|63|3|Snook|0.455|0.3635636187490082|2.1010847091674805|1985.5580632358494;1437.1238222749569|[-0.03206002712249756, -0.09930168092250824, 0.0]|[0.0013077228795737028, 0.027590053156018257, 0.999618411064148]|[[2832.88718694667, 0.0, 2027.3101376941806], [0.0, 2857.5529688242154, 1492.5272084030742], [0.0, 0.0, 1.0]]
76|63|3|Snook|0.455|0.363295212921425|2.1148626804351807|1985.1442263983045;1438.2587005757546|[-0.03206002712249756, -0.09930168092250824, 0.0]|[0.0013077228795737028, 0.027590053156018257, 0.999618411064148]|[[2832.88718694667, 0.0, 2027.3101376941806], [0.0, 2857.5529688242154, 1492.5272084030742], [0.0, 0.0, 1.0]]
76|63|3|Snook|0.455|0.41194918785603046|2.0904123783111572|1986.0469642822861;1436.1657192033485|[-0.03206002712249756, -0.09930168092250824, 0.0]|[0.0013077228795737028, 0.027590053156018257, 0.999618411064148]|[[2832.88718694667, 0.0, 2027.3101376941806], [0.0, 2857.5529688242154, 1492.5272084030742], [0.0, 0.0, 1.0]]
84|62|5|Grouper|0.36|0.3609908147793266|2.497807025909424|2000.4692382812502;1412.16015625|[-0.030078189447522163, -0.09927792847156525, 0.0]|[0.014451604336500168, 0.03844136372208595, 0.9991563558578491]|[[2833.277965760987, 0.0, 2009.7572163743287], [0.0, 2858.7736950651392, 1407.9866181636053], [0.0, 0.0, 1.0]]
84|62|5|Snook|0.455|0.4514335588346388|1.2093108892440796|1960.9500732421875;1291.0722656250002|[-0.030078189447522163, -0.09927792847156525, 0.0]|[0.014451604336500168, 0.03844136372208595, 0.9991563558578491]|[[2833.277965760987, 0.0, 2009.7572163743287], [0.0, 2858.7736950651392, 1407.9866181636053], [0.0, 0.0, 1.0]]
84|62|5|Snook|0.455|0.4456469046517294|1.208193302154541|1959.879150390625;1291.358642578125|[-0.030078189447522163, -0.09927792847156525, 0.0]|[0.014451604336500168, 0.03844136372208595, 0.9991563558578491]|[[2833.277965760987, 0.0, 2009.7572163743287], [0.0, 2858.7736950651392, 1407.9866181636053], [0.0, 0.0, 1.0]]
84|62|5|Snook|0.455|0.4354129101626286|1.224752426147461|1962.95556640625;1293.486083984375|[-0.030078189447522163, -0.09927792847156525, 0.0]|[0.014451604336500168, 0.03844136372208595, 0.9991563558578491]|[[2833.277965760987, 0.0, 2009.7572163743287], [0.0, 2858.7736950651392, 1407.9866181636053], [0.0, 0.0, 1.0]]
84|62|5|Purple Angel|0.192|0.185052577776737|1.520134687423706|1974.001220703125;1340.3663330078125|[-0.030078189447522163, -0.09927792847156525, 0.0]|[0.014451604336500168, 0.03844136372208595, 0.9991563558578491]|[[2833.277965760987, 0.0, 2009.7572163743287], [0.0, 2858.7736950651392, 1407.9866181636053], [0.0, 0.0, 1.0]]
84|62|5|Purple Angel|0.192|0.19258035291738865|1.6496999263763428|1978.283447265625;1355.37109375|[-0.030078189447522163, -0.09927792847156525, 0.0]|[0.014451604336500168, 0.03844136372208595, 0.9991563558578491]|[[2833.277965760987, 0.0, 2009.7572163743287], [0.0, 2858.7736950651392, 1407.9866181636053], [0.0, 0.0, 1.0]]
84|62|5|Shark|0.605|0.6184904899504076|1.6022818088531494|1976.261474609375;1350.4803466796875|[-0.030078189447522163, -0.09927792847156525, 0.0]|[0.014451604336500168, 0.03844136372208595, 0.9991563558578491]|[[2833.277965760987, 0.0, 2009.7572163743287], [0.0, 2858.7736950651392, 1407.9866181636053], [0.0, 0.0, 1.0]]
84|62|5|Shark|0.605|0.5975364150267437|2.4291539192199707|1995.4278781620221;1411.8801869880765|[-0.030078189447522163, -0.09927792847156525, 0.0]|[0.014451604336500168, 0.03844136372208595, 0.9991563558578491]|[[2833.277965760987, 0.0, 2009.7572163743287], [0.0, 2858.7736950651392, 1407.9866181636053], [0.0, 0.0, 1.0]]
84|62|5|Grouper|0.36|0.3531331391026754|1.4472917318344116|1976.084484658686;1328.184106892861|[-0.030078189447522163, -0.09927792847156525, 0.0]|[0.014451604336500168, 0.03844136372208595, 0.9991563558578491]|[[2833.277965760987, 0.0, 2009.7572163743287], [0.0, 2858.7736950651392, 1407.9866181636053], [0.0, 0.0, 1.0]]
84|62|5|Grouper|0.36|0.3588348088818995|1.7759230136871338|1988.032074189924;1364.2773698807453|[-0.030078189447522163, -0.09927792847156525, 0.0]|[0.014451604336500168, 0.03844136372208595, 0.9991563558578491]|[[2833.277965760987, 0.0, 2009.7572163743287], [0.0, 2858.7736950651392, 1407.9866181636053], [0.0, 0.0, 1.0]]
84|62|5|Snook|0.455|0.4375930123440044|1.3099734783172607|1961.4420166015625;1312.015380859375|[-0.030078189447522163, -0.09927792847156525, 0.0]|[0.014451604336500168, 0.03844136372208595, 0.9991563558578491]|[[2833.277965760987, 0.0, 2009.7572163743287], [0.0, 2858.7736950651392, 1407.9866181636053], [0.0, 0.0, 1.0]]
58|71|2|Grouper|0.36|0.3632356320534927|1.528298020362854|2067.1496790878623;1395.3935900132317|[-0.031173786148428917, -0.10015573352575302, 0.0]|[0.03132905066013336, 0.047706976532936096, 0.9983699321746826]|[[2855.292793016781, 0.0, 2031.7894533541553], [0.0, 2881.0734769839373, 1447.6913944790074], [0.0, 0.0, 1.0]]
58|71|2|Grouper|0.36|0.3562232414718988|1.8587162494659424|2076.658746727006;1429.2003596316972|[-0.031173786148428917, -0.10015573352575302, 0.0]|[0.03132905066013336, 0.047706976532936096, 0.9983699321746826]|[[2855.292793016781, 0.0, 2031.7894533541553], [0.0, 2881.0734769839373, 1447.6913944790074], [0.0, 0.0, 1.0]]
58|71|2|Shark|0.605|0.6305193868932951|1.3824542760849|2056.4552656809738;1376.8145975460334|[-0.031173786148428917, -0.10015573352575302, 0.0]|[0.03132905066013336, 0.047706976532936096, 0.9983699321746826]|[[2855.292793016781, 0.0, 2031.7894533541553], [0.0, 2881.0734769839373, 1447.6913944790074], [0.0, 0.0, 1.0]]
58|71|2|Shark|0.605|0.6292986162802392|2.199448347091675|2081.6261099519656;1453.9504955610298|[-0.031173786148428917, -0.10015573352575302, 0.0]|[0.03132905066013336, 0.047706976532936096, 0.9983699321746826]|[[2855.292793016781, 0.0, 2031.7894533541553], [0.0, 2881.0734769839373, 1447.6913944790074], [0.0, 0.0, 1.0]]
58|71|2|Shark|0.605|0.628340440032473|2.715808391571045|2090.1096317137744;1478.6664016829352|[-0.031173786148428917, -0.10015573352575302, 0.0]|[0.03132905066013336, 0.047706976532936096, 0.9983699321746826]|[[2855.292793016781, 0.0, 2031.7894533541553], [0.0, 2881.0734769839373, 1447.6913944790074], [0.0, 0.0, 1.0]]
59|77|1|Shark|0.605|0.608563152093008|1.2828024625778198|1916.6583486467239;1325.6737169478338|[-0.03057379275560379, -0.099056176841259, 0.0]|[0.005684984847903252, 0.032687537372112274, 0.9994494318962097]|[[2832.6628438838216, 0.0, 1968.0272553880557], [0.0, 2855.8825480621545, 1452.810040656435], [0.0, 0.0, 1.0]]
59|77|1|Shark|0.605|0.6143619085519185|2.466489315032959|1950.7894998995964;1431.0028294495846|[-0.03057379275560379, -0.099056176841259, 0.0]|[0.005684984847903252, 0.032687537372112274, 0.9994494318962097]|[[2832.6628438838216, 0.0, 1968.0272553880557], [0.0, 2855.8825480621545, 1452.810040656435], [0.0, 0.0, 1.0]]
59|77|1|Shark|0.605|0.6089145620872553|2.7050466537475586|1953.0796824970282;1441.3355750206592|[-0.03057379275560379, -0.099056176841259, 0.0]|[0.005684984847903252, 0.032687537372112274, 0.9994494318962097]|[[2832.6628438838216, 0.0, 1968.0272553880557], [0.0, 2855.8825480621545, 1452.810040656435], [0.0, 0.0, 1.0]]
59|77|1|Grouper|0.36|0.35470186536197956|1.6431807279586792|1932.2871682576658;1373.7965972974218|[-0.03057379275560379, -0.099056176841259, 0.0]|[0.005684984847903252, 0.032687537372112274, 0.9994494318962097]|[[2832.6628438838216, 0.0, 1968.0272553880557], [0.0, 2855.8825480621545, 1452.810040656435], [0.0, 0.0, 1.0]]
59|77|1|Grouper|0.36|0.3511606306344865|1.5794833898544312|1930.162289507423;1366.8368626479335|[-0.03057379275560379, -0.099056176841259, 0.0]|[0.005684984847903252, 0.032687537372112274, 0.9994494318962097]|[[2832.6628438838216, 0.0, 1968.0272553880557], [0.0, 2855.8825480621545, 1452.810040656435], [0.0, 0.0, 1.0]]
59|77|1|Grouper|0.36|0.3500939317353681|1.4445370435714722|1924.6144308397666;1350.2440879167411|[-0.03057379275560379, -0.099056176841259, 0.0]|[0.005684984847903252, 0.032687537372112274, 0.9994494318962097]|[[2832.6628438838216, 0.0, 1968.0272553880557], [0.0, 2855.8825480621545, 1452.810040656435], [0.0, 0.0, 1.0]]
59|77|1|Grouper|0.36|0.3156905166791478|1.4473788738250732|1925.1494621498705;1350.498701841144|[-0.03057379275560379, -0.099056176841259, 0.0]|[0.005684984847903252, 0.032687537372112274, 0.9994494318962097]|[[2832.6628438838216, 0.0, 1968.0272553880557], [0.0, 2855.8825480621545, 1452.810040656435], [0.0, 0.0, 1.0]]
59|77|1|Grouper|0.36|0.360155511668187|2.1429431438446045|1945.4121914512416;1413.6968345535158|[-0.03057379275560379, -0.099056176841259, 0.0]|[0.005684984847903252, 0.032687537372112274, 0.9994494318962097]|[[2832.6628438838216, 0.0, 1968.0272553880557], [0.0, 2855.8825480621545, 1452.810040656435], [0.0, 0.0, 1.0]]
59|77|1|Grouper|0.36|0.3256727101317345|2.13260817527771|1943.961957180627;1413.4273140759933|[-0.03057379275560379, -0.099056176841259, 0.0]|[0.005684984847903252, 0.032687537372112274, 0.9994494318962097]|[[2832.6628438838216, 0.0, 1968.0272553880557], [0.0, 2855.8825480621545, 1452.810040656435], [0.0, 0.0, 1.0]]
59|77|1|Grouper|0.36|0.33574176200143657|2.1515986919403076|1944.9844454555903;1414.3943137781368|[-0.03057379275560379, -0.099056176841259, 0.0]|[0.005684984847903252, 0.032687537372112274, 0.9994494318962097]|[[2832.6628438838216, 0.0, 1968.0272553880557], [0.0, 2855.8825480621545, 1452.810040656435], [0.0, 0.0, 1.0]]
59|77|1|Snook|0.455|0.42892189620605653|0.9130697846412659|1889.6863018859258;1236.2597558835816|[-0.03057379275560379, -0.099056176841259, 0.0]|[0.005684984847903252, 0.032687537372112274, 0.9994494318962097]|[[2832.6628438838216, 0.0, 1968.0272553880557], [0.0, 2855.8825480621545, 1452.810040656435], [0.0, 0.0, 1.0]]
59|77|1|Snook|0.455|0.4524510648380065|2.25532865524292|1946.7695451476757;1420.4569296302548|[-0.03057379275560379, -0.099056176841259, 0.0]|[0.005684984847903252, 0.032687537372112274, 0.9994494318962097]|[[2832.6628438838216, 0.0, 1968.0272553880557], [0.0, 2855.8825480621545, 1452.810040656435], [0.0, 0.0, 1.0]]
59|77|1|Snook|0.455|0.40873827738207447|2.185542583465576|1946.3146894080326;1416.2323771758563|[-0.03057379275560379, -0.099056176841259, 0.0]|[0.005684984847903252, 0.032687537372112274, 0.9994494318962097]|[[2832.6628438838216, 0.0, 1968.0272553880557], [0.0, 2855.8825480621545, 1452.810040656435], [0.0, 0.0, 1.0]]
59|77|1|Snook|0.455|0.41014378343426056|2.2638092041015625|1946.6262349156355;1421.0099236309793|[-0.03057379275560379, -0.099056176841259, 0.0]|[0.005684984847903252, 0.032687537372112274, 0.9994494318962097]|[[2832.6628438838216, 0.0, 1968.0272553880557], [0.0, 2855.8825480621545, 1452.810040656435], [0.0, 0.0, 1.0]]
59|77|1|Purple Angel|0.192|0.19101620428006647|1.2441617250442505|1914.5803767380821;1318.820086066586|[-0.03057379275560379, -0.099056176841259, 0.0]|[0.005684984847903252, 0.032687537372112274, 0.9994494318962097]|[[2832.6628438838216, 0.0, 1968.0272553880557], [0.0, 2855.8825480621545, 1452.810040656435], [0.0, 0.0, 1.0]]
59|77|1|Purple Angel|0.192|0.19053166481792572|1.180629014968872|1910.8291622694092;1306.5841162774814|[-0.03057379275560379, -0.099056176841259, 0.0]|[0.005684984847903252, 0.032687537372112274, 0.9994494318962097]|[[2832.6628438838216, 0.0, 1968.0272553880557], [0.0, 2855.8825480621545, 1452.810040656435], [0.0, 0.0, 1.0]]
59|77|1|Purple Angel|0.192|0.19075465477700762|1.1010303497314453|1906.2981147704654;1289.0235924017404|[-0.03057379275560379, -0.099056176841259, 0.0]|[0.005684984847903252, 0.032687537372112274, 0.9994494318962097]|[[2832.6628438838216, 0.0, 1968.0272553880557], [0.0, 2855.8825480621545, 1452.810040656435], [0.0, 0.0, 1.0]]
59|77|1|Purple Angel|0.192|0.19163094934562935|2.301151752471924|1947.1906022125318;1423.0649867789716|[-0.03057379275560379, -0.099056176841259, 0.0]|[0.005684984847903252, 0.032687537372112274, 0.9994494318962097]|[[2832.6628438838216, 0.0, 1968.0272553880557], [0.0, 2855.8825480621545, 1452.810040656435], [0.0, 0.0, 1.0]]
59|77|1|Purple Angel|0.192|0.1942294315515249|2.3318886756896973|1947.3954489239563;1424.7713388933512|[-0.03057379275560379, -0.099056176841259, 0.0]|[0.005684984847903252, 0.032687537372112274, 0.9994494318962097]|[[2832.6628438838216, 0.0, 1968.0272553880557], [0.0, 2855.8825480621545, 1452.810040656435], [0.0, 0.0, 1.0]]
60|65|4|Shark|0.605|0.6167927691751458|0.6306596398353577|1927.032328634992;1078.7644155202136|[-0.03170420974493027, -0.09955649077892303, 0.0]|[0.026946846395730972, 0.02996676415205002, 0.9991876482963562]|[[2827.300073606339, 0.0, 1993.2574097262354], [0.0, 2852.2438974589363, 1443.3722632010733], [0.0, 0.0, 1.0]]
60|65|4|Shark|0.605|0.611311639189521|0.6353991627693176|1926.7303408424755;1082.5675485625968|[-0.03170420974493027, -0.09955649077892303, 0.0]|[0.026946846395730972, 0.02996676415205002, 0.9991876482963562]|[[2827.300073606339, 0.0, 1993.2574097262354], [0.0, 2852.2438974589363, 1443.3722632010733], [0.0, 0.0, 1.0]]
60|65|4|Shark|0.605|0.6029508993498283|1.3896650075912476|2000.6236801834946;1326.0817253660855|[-0.03170420974493027, -0.09955649077892303, 0.0]|[0.026946846395730972, 0.02996676415205002, 0.9991876482963562]|[[2827.300073606339, 0.0, 1993.2574097262354], [0.0, 2852.2438974589363, 1443.3722632010733], [0.0, 0.0, 1.0]]
60|65|4|Shark|0.605|0.6002833654951986|1.4722411632537842|2004.003450656552;1337.6399424964022|[-0.03170420974493027, -0.09955649077892303, 0.0]|[0.026946846395730972, 0.02996676415205002, 0.9991876482963562]|[[2827.300073606339, 0.0, 1993.2574097262354], [0.0, 2852.2438974589363, 1443.3722632010733], [0.0, 0.0, 1.0]]
60|65|4|Grouper|0.36|0.3473984838749527|1.4068251848220825|2002.7788641860125;1328.0892643322024|[-0.03170420974493027, -0.09955649077892303, 0.0]|[0.026946846395730972, 0.02996676415205002, 0.9991876482963562]|[[2827.300073606339, 0.0, 1993.2574097262354], [0.0, 2852.2438974589363, 1443.3722632010733], [0.0, 0.0, 1.0]]
60|65|4|Grouper|0.36|0.3331525185410549|1.4001166820526123|2001.377422467555;1327.5068048329006|[-0.03170420974493027, -0.09955649077892303, 0.0]|[0.026946846395730972, 0.02996676415205002, 0.9991876482963562]|[[2827.300073606339, 0.0, 1993.2574097262354], [0.0, 2852.2438974589363, 1443.3722632010733], [0.0, 0.0, 1.0]]
60|65|4|Grouper|0.36|0.3318553148524912|1.3970922231674194|2002.2992405653617;1326.6950463520818|[-0.03170420974493027, -0.09955649077892303, 0.0]|[0.026946846395730972, 0.02996676415205002, 0.9991876482963562]|[[2827.300073606339, 0.0, 1993.2574097262354], [0.0, 2852.2438974589363, 1443.3722632010733], [0.0, 0.0, 1.0]]
60|65|4|Grouper|0.36|0.3482340533258657|1.8502390384674072|2017.0580849090572;1376.8360959865715|[-0.03170420974493027, -0.09955649077892303, 0.0]|[0.026946846395730972, 0.02996676415205002, 0.9991876482963562]|[[2827.300073606339, 0.0, 1993.2574097262354], [0.0, 2852.2438974589363, 1443.3722632010733], [0.0, 0.0, 1.0]]
60|65|4|Grouper|0.36|0.35489442084657014|1.940307378768921|2018.1085871059681;1384.4435668054437|[-0.03170420974493027, -0.09955649077892303, 0.0]|[0.026946846395730972, 0.02996676415205002, 0.9991876482963562]|[[2827.300073606339, 0.0, 1993.2574097262354], [0.0, 2852.2438974589363, 1443.3722632010733], [0.0, 0.0, 1.0]]
60|65|4|Snook|0.455|0.4340944883347706|1.3710057735443115|2000.219038971381;1323.135583344286|[-0.03170420974493027, -0.09955649077892303, 0.0]|[0.026946846395730972, 0.02996676415205002, 0.9991876482963562]|[[2827.300073606339, 0.0, 1993.2574097262354], [0.0, 2852.2438974589363, 1443.3722632010733], [0.0, 0.0, 1.0]]
60|65|4|Snook|0.455|0.433090830625778|2.1510205268859863|2022.5979113482797;1398.815948924019|[-0.03170420974493027, -0.09955649077892303, 0.0]|[0.026946846395730972, 0.02996676415205002, 0.9991876482963562]|[[2827.300073606339, 0.0, 1993.2574097262354], [0.0, 2852.2438974589363, 1443.3722632010733], [0.0, 0.0, 1.0]]
60|65|4|Snook|0.455|0.4263034950083961|2.1353673934936523|2023.266480102876;1397.4454642567428|[-0.03170420974493027, -0.09955649077892303, 0.0]|[0.026946846395730972, 0.02996676415205002, 0.9991876482963562]|[[2827.300073606339, 0.0, 1993.2574097262354], [0.0, 2852.2438974589363, 1443.3722632010733], [0.0, 0.0, 1.0]]
60|65|4|Snook|0.455|0.4242143779080199|2.1395339965820312|2022.4926485111396;1398.0538523993164|[-0.03170420974493027, -0.09955649077892303, 0.0]|[0.026946846395730972, 0.02996676415205002, 0.9991876482963562]|[[2827.300073606339, 0.0, 1993.2574097262354], [0.0, 2852.2438974589363, 1443.3722632010733], [0.0, 0.0, 1.0]]
60|65|4|Purple Angel|0.192|0.1887482533427805|0.9025177359580994|1967.631074914395;1215.1269045160786|[-0.03170420974493027, -0.09955649077892303, 0.0]|[0.026946846395730972, 0.02996676415205002, 0.9991876482963562]|[[2827.300073606339, 0.0, 1993.2574097262354], [0.0, 2852.2438974589363, 1443.3722632010733], [0.0, 0.0, 1.0]]
60|65|4|Purple Angel|0.192|0.18786128500154975|0.9052399396896362|1967.9720605355064;1216.058207217695|[-0.03170420974493027, -0.09955649077892303, 0.0]|[0.026946846395730972, 0.02996676415205002, 0.9991876482963562]|[[2827.300073606339, 0.0, 1993.2574097262354], [0.0, 2852.2438974589363, 1443.3722632010733], [0.0, 0.0, 1.0]]
60|65|4|Purple Angel|0.192|0.18814746423272513|0.8092597126960754|1954.2652166559187;1179.5283301535164|[-0.03170420974493027, -0.09955649077892303, 0.0]|[0.026946846395730972, 0.02996676415205002, 0.9991876482963562]|[[2827.300073606339, 0.0, 1993.2574097262354], [0.0, 2852.2438974589363, 1443.3722632010733], [0.0, 0.0, 1.0]]
60|65|4|Purple Angel|0.192|0.18405768322826285|1.6288987398147583|2009.4838399698033;1356.347297300748|[-0.03170420974493027, -0.09955649077892303, 0.0]|[0.026946846395730972, 0.02996676415205002, 0.9991876482963562]|[[2827.300073606339, 0.0, 1993.2574097262354], [0.0, 2852.2438974589363, 1443.3722632010733], [0.0, 0.0, 1.0]]
60|65|4|Purple Angel|0.192|0.18761491947090592|1.7349557876586914|2012.0021831109066;1367.3514139679583|[-0.03170420974493027, -0.09955649077892303, 0.0]|[0.026946846395730972, 0.02996676415205002, 0.9991876482963562]|[[2827.300073606339, 0.0, 1993.2574097262354], [0.0, 2852.2438974589363, 1443.3722632010733], [0.0, 0.0, 1.0]]
60|65|4|Purple Angel|0.192|0.18534756033987598|1.6595360040664673|2010.5581511188896;1359.5493961081863|[-0.03170420974493027, -0.09955649077892303, 0.0]|[0.026946846395730972, 0.02996676415205002, 0.9991876482963562]|[[2827.300073606339, 0.0, 1993.2574097262354], [0.0, 2852.2438974589363, 1443.3722632010733], [0.0, 0.0, 1.0]]
60|65|4|Purple Angel|0.192|0.18454047015895653|1.6564173698425293|2010.4607873519737;1359.2303544110448|[-0.03170420974493027, -0.09955649077892303, 0.0]|[0.026946846395730972, 0.02996676415205002, 0.9991876482963562]|[[2827.300073606339, 0.0, 1993.2574097262354], [0.0, 2852.2438974589363, 1443.3722632010733], [0.0, 0.0, 1.0]]
61|80|6|Purple Angel|0.192|0.19027577328908724|1.6690582036972046|2072.661646138377;1367.6551140853485|[-0.029877623543143272, -0.10001984238624573, 0.0]|[0.022014986723661423, 0.027923760935664177, 0.9993675947189331]|[[2825.1480807147805, 0.0, 2061.852601572974], [0.0, 2850.606508156248, 1458.5627645450384], [0.0, 0.0, 1.0]]
61|80|6|Purple Angel|0.192|0.1890722682291466|1.6760601997375488|2071.7200595689133;1368.7292164355194|[-0.029877623543143272, -0.10001984238624573, 0.0]|[0.022014986723661423, 0.027923760935664177, 0.9993675947189331]|[[2825.1480807147805, 0.0, 2061.852601572974], [0.0, 2850.606508156248, 1458.5627645450384], [0.0, 0.0, 1.0]]
61|80|6|Purple Angel|0.192|0.19135923609119104|2.342663288116455|2086.8522902865393;1416.8899031796195|[-0.029877623543143272, -0.10001984238624573, 0.0]|[0.022014986723661423, 0.027923760935664177, 0.9993675947189331]|[[2825.1480807147805, 0.0, 2061.852601572974], [0.0, 2850.606508156248, 1458.5627645450384], [0.0, 0.0, 1.0]]
61|80|6|Purple Angel|0.192|0.19421570889510742|2.2481272220611572|2084.9354465211086;1411.8994796767945|[-0.029877623543143272, -0.10001984238624573, 0.0]|[0.022014986723661423, 0.027923760935664177, 0.9993675947189331]|[[2825.1480807147805, 0.0, 2061.852601572974], [0.0, 2850.606508156248, 1458.5627645450384], [0.0, 0.0, 1.0]]
61|80|6|Grouper|0.36|0.3557567901687662|1.2369213104248047|2050.763411379185;1309.36500619081|[-0.029877623543143272, -0.10001984238624573, 0.0]|[0.022014986723661423, 0.027923760935664177, 0.9993675947189331]|[[2825.1480807147805, 0.0, 2061.852601572974], [0.0, 2850.606508156248, 1458.5627645450384], [0.0, 0.0, 1.0]]
61|80|6|Grouper|0.36|0.35249172997872175|1.2070871591567993|2050.523659352751;1303.168820908315|[-0.029877623543143272, -0.10001984238624573, 0.0]|[0.022014986723661423, 0.027923760935664177, 0.9993675947189331]|[[2825.1480807147805, 0.0, 2061.852601572974], [0.0, 2850.606508156248, 1458.5627645450384], [0.0, 0.0, 1.0]]
61|80|6|Grouper|0.36|0.3541473438160127|1.949466347694397|2078.650262304455;1392.64914408988|[-0.029877623543143272, -0.10001984238624573, 0.0]|[0.022014986723661423, 0.027923760935664177, 0.9993675947189331]|[[2825.1480807147805, 0.0, 2061.852601572974], [0.0, 2850.606508156248, 1458.5627645450384], [0.0, 0.0, 1.0]]
61|80|6|Grouper|0.36|0.35661341335561464|1.8036634922027588|2075.999554494255;1380.5355130361247|[-0.029877623543143272, -0.10001984238624573, 0.0]|[0.022014986723661423, 0.027923760935664177, 0.9993675947189331]|[[2825.1480807147805, 0.0, 2061.852601572974], [0.0, 2850.606508156248, 1458.5627645450384], [0.0, 0.0, 1.0]]
61|80|6|Grouper|0.36|0.35540466019406775|1.773027777671814|2075.7656184664293;1377.633528526695|[-0.029877623543143272, -0.10001984238624573, 0.0]|[0.022014986723661423, 0.027923760935664177, 0.9993675947189331]|[[2825.1480807147805, 0.0, 2061.852601572974], [0.0, 2850.606508156248, 1458.5627645450384], [0.0, 0.0, 1.0]]
61|80|6|Grouper|0.36|0.35583373021309905|1.775072693824768|2074.7972081476114;1378.1362092645688|[-0.029877623543143272, -0.10001984238624573, 0.0]|[0.022014986723661423, 0.027923760935664177, 0.9993675947189331]|[[2825.1480807147805, 0.0, 2061.852601572974], [0.0, 2850.606508156248, 1458.5627645450384], [0.0, 0.0, 1.0]]
61|80|6|Snook|0.455|0.45368266320428635|1.2493915557861328|2052.476370510397;1311.304347826087|[-0.029877623543143272, -0.10001984238624573, 0.0]|[0.022014986723661423, 0.027923760935664177, 0.9993675947189331]|[[2825.1480807147805, 0.0, 2061.852601572974], [0.0, 2850.606508156248, 1458.5627645450384], [0.0, 0.0, 1.0]]
61|80|6|Snook|0.455|0.4496709923522829|1.7624714374542236|2073.2426471953754;1377.3934519392153|[-0.029877623543143272, -0.10001984238624573, 0.0]|[0.022014986723661423, 0.027923760935664177, 0.9993675947189331]|[[2825.1480807147805, 0.0, 2061.852601572974], [0.0, 2850.606508156248, 1458.5627645450384], [0.0, 0.0, 1.0]]
61|80|6|Snook|0.455|0.44481376628447666|2.000079870223999|2080.158597611425;1396.2118203526536|[-0.029877623543143272, -0.10001984238624573, 0.0]|[0.022014986723661423, 0.027923760935664177, 0.9993675947189331]|[[2825.1480807147805, 0.0, 2061.852601572974], [0.0, 2850.606508156248, 1458.5627645450384], [0.0, 0.0, 1.0]]
61|80|6|Snook|0.455|0.4461873579431654|1.5829761028289795|2068.6104935539224;1358.7791405690891|[-0.029877623543143272, -0.10001984238624573, 0.0]|[0.022014986723661423, 0.027923760935664177, 0.9993675947189331]|[[2825.1480807147805, 0.0, 2061.852601572974], [0.0, 2850.606508156248, 1458.5627645450384], [0.0, 0.0, 1.0]]
61|80|6|Snook|0.455|0.44937022698681883|1.5084060430526733|2065.1423511038142;1350.1449600252963|[-0.029877623543143272, -0.10001984238624573, 0.0]|[0.022014986723661423, 0.027923760935664177, 0.9993675947189331]|[[2825.1480807147805, 0.0, 2061.852601572974], [0.0, 2850.606508156248, 1458.5627645450384], [0.0, 0.0, 1.0]]
66|83|10|Snook|0.455|0.4375562397206184|1.647630214691162|2032.406652610421;1343.9725549661434|[-0.029473014175891876, -0.09940780699253082, 0.0]|[0.02901473641395569, 0.013735744170844555, 0.9994845986366272]|[[2841.3712142828917, 0.0, 2004.355023481056], [0.0, 2863.7600731700495, 1476.2484742699291], [0.0, 0.0, 1.0]]
66|83|10|Snook|0.455|0.3644653551199609|1.7787203788757324|2036.7931855504307;1356.4996141027245|[-0.029473014175891876, -0.09940780699253082, 0.0]|[0.02901473641395569, 0.013735744170844555, 0.9994845986366272]|[[2841.3712142828917, 0.0, 2004.355023481056], [0.0, 2863.7600731700495, 1476.2484742699291], [0.0, 0.0, 1.0]]
76|63|3|Shark|0.605|0.5523573412245564|1.8887059688568115|1979.436477692527;1422.3813848786208|[-0.03206002712249756, -0.09930168092250824, 0.0]|[0.0013077228795737028, 0.027590053156018257, 0.999618411064148]|[[2832.88718694667, 0.0, 2027.3101376941806], [0.0, 2857.5529688242154, 1492.5272084030742], [0.0, 0.0, 1.0]]
76|63|3|Purple Angel|0.192|0.1821827372715756|1.832491159439087|1978.440926805544;1417.5909816056349|[-0.03206002712249756, -0.09930168092250824, 0.0]|[0.0013077228795737028, 0.027590053156018257, 0.999618411064148]|[[2832.88718694667, 0.0, 2027.3101376941806], [0.0, 2857.5529688242154, 1492.5272084030742], [0.0, 0.0, 1.0]]
76|63|3|Grouper|0.36|0.34023766566813507|1.4275270700454712|1965.565586863112;1373.2358728626336|[-0.03206002712249756, -0.09930168092250824, 0.0]|[0.0013077228795737028, 0.027590053156018257, 0.999618411064148]|[[2832.88718694667, 0.0, 2027.3101376941806], [0.0, 2857.5529688242154, 1492.5272084030742], [0.0, 0.0, 1.0]]
76|63|3|Grouper|0.36|0.3420037309773939|1.7459512948989868|1977.0139181834436;1409.5409264341927|[-0.03206002712249756, -0.09930168092250824, 0.0]|[0.0013077228795737028, 0.027590053156018257, 0.999618411064148]|[[2832.88718694667, 0.0, 2027.3101376941806], [0.0, 2857.5529688242154, 1492.5272084030742], [0.0, 0.0, 1.0]]
76|63|3|Grouper|0.36|0.34012127465447434|1.73065984249115|1976.0346413301709;1408.2960115130602|[-0.03206002712249756, -0.09930168092250824, 0.0]|[0.0013077228795737028, 0.027590053156018257, 0.999618411064148]|[[2832.88718694667, 0.0, 2027.3101376941806], [0.0, 2857.5529688242154, 1492.5272084030742], [0.0, 0.0, 1.0]]
76|63|3|Snook|0.455|0.43210150031954514|1.3170833587646484|1961.3128412556937;1356.1949385144137|[-0.03206002712249756, -0.09930168092250824, 0.0]|[0.0013077228795737028, 0.027590053156018257, 0.999618411064148]|[[2832.88718694667, 0.0, 2027.3101376941806], [0.0, 2857.5529688242154, 1492.5272084030742], [0.0, 0.0, 1.0]]
76|63|3|Snook|0.455|0.43283999588752026|1.304834246635437|1959.8627101727757;1354.4490155226952|[-0.03206002712249756, -0.09930168092250824, 0.0]|[0.0013077228795737028, 0.027590053156018257, 0.999618411064148]|[[2832.88718694667, 0.0, 2027.3101376941806], [0.0, 2857.5529688242154, 1492.5272084030742], [0.0, 0.0, 1.0]]
76|63|3|Snook|0.455|0.36651210572909715|1.092931866645813|1947.5964816200244;1311.8709521424876|[-0.03206002712249756, -0.09930168092250824, 0.0]|[0.0013077228795737028, 0.027590053156018257, 0.999618411064148]|[[2832.88718694667, 0.0, 2027.3101376941806], [0.0, 2857.5529688242154, 1492.5272084030742], [0.0, 0.0, 1.0]]
76|63|3|Snook|0.455|0.3301433705181137|2.065735340118408|1986.5378346915018;1434.2060535506403|[-0.03206002712249756, -0.09930168092250824, 0.0]|[0.0013077228795737028, 0.027590053156018257, 0.999618411064148]|[[2832.88718694667, 0.0, 2027.3101376941806], [0.0, 2857.5529688242154, 1492.5272084030742], [0.0, 0.0, 1.0]]
76|63|3|Snook|0.455|0.40823528819799826|2.1291003227233887|1985.9000097781422;1438.9816200118028|[-0.03206002712249756, -0.09930168092250824, 0.0]|[0.0013077228795737028, 0.027590053156018257, 0.999618411064148]|[[2832.88718694667, 0.0, 2027.3101376941806], [0.0, 2857.5529688242154, 1492.5272084030742], [0.0, 0.0, 1.0]]
84|62|5|Snook|0.455|0.43487212306999135|0.8998977541923523|1929.8065464409938;1213.192605861977|[-0.030078189447522163, -0.09927792847156525, 0.0]|[0.014451604336500168, 0.03844136372208595, 0.9991563558578491]|[[2833.277965760987, 0.0, 2009.7572163743287], [0.0, 2858.7736950651392, 1407.9866181636053], [0.0, 0.0, 1.0]]
84|62|5|Snook|0.455|0.4447192037810303|1.2495815753936768|1963.6119384765625;1298.4927978515625|[-0.030078189447522163, -0.09927792847156525, 0.0]|[0.014451604336500168, 0.03844136372208595, 0.9991563558578491]|[[2833.277965760987, 0.0, 2009.7572163743287], [0.0, 2858.7736950651392, 1407.9866181636053], [0.0, 0.0, 1.0]]
84|62|5|Purple Angel|0.192|0.19256625576882666|1.209273099899292|1960.088134765625;1291.4981689453127|[-0.030078189447522163, -0.09927792847156525, 0.0]|[0.014451604336500168, 0.03844136372208595, 0.9991563558578491]|[[2833.277965760987, 0.0, 2009.7572163743287], [0.0, 2858.7736950651392, 1407.9866181636053], [0.0, 0.0, 1.0]]
84|62|5|Purple Angel|0.192|0.18937245801704108|1.4550056457519531|1970.080322265625;1332.707763671875|[-0.030078189447522163, -0.09927792847156525, 0.0]|[0.014451604336500168, 0.03844136372208595, 0.9991563558578491]|[[2833.277965760987, 0.0, 2009.7572163743287], [0.0, 2858.7736950651392, 1407.9866181636053], [0.0, 0.0, 1.0]]
84|62|5|Purple Angel|0.192|0.19418947294500927|1.6533046960830688|1978.5708007812498;1355.6484375|[-0.030078189447522163, -0.09927792847156525, 0.0]|[0.014451604336500168, 0.03844136372208595, 0.9991563558578491]|[[2833.277965760987, 0.0, 2009.7572163743287], [0.0, 2858.7736950651392, 1407.9866181636053], [0.0, 0.0, 1.0]]
84|62|5|Shark|0.605|0.6203226527485333|1.6071946620941162|1976.533935546875;1350.9627685546875|[-0.030078189447522163, -0.09927792847156525, 0.0]|[0.014451604336500168, 0.03844136372208595, 0.9991563558578491]|[[2833.277965760987, 0.0, 2009.7572163743287], [0.0, 2858.7736950651392, 1407.9866181636053], [0.0, 0.0, 1.0]]
84|62|5|Grouper|0.36|0.35908550002851963|1.458112120628357|1976.8400758924988;1329.5040984457746|[-0.030078189447522163, -0.09927792847156525, 0.0]|[0.014451604336500168, 0.03844136372208595, 0.9991563558578491]|[[2833.277965760987, 0.0, 2009.7572163743287], [0.0, 2858.7736950651392, 1407.9866181636053], [0.0, 0.0, 1.0]]
84|62|5|Grouper|0.36|0.36504992897914923|2.4781248569488525|2001.2571588906794;1410.5228371448893|[-0.030078189447522163, -0.09927792847156525, 0.0]|[0.014451604336500168, 0.03844136372208595, 0.9991563558578491]|[[2833.277965760987, 0.0, 2009.7572163743287], [0.0, 2858.7736950651392, 1407.9866181636053], [0.0, 0.0, 1.0]]
84|62|5|Snook|0.455|0.4388861253343542|0.8888512253761292|1929.5711863869149;1208.7619440289818|[-0.030078189447522163, -0.09927792847156525, 0.0]|[0.014451604336500168, 0.03844136372208595, 0.9991563558578491]|[[2833.277965760987, 0.0, 2009.7572163743287], [0.0, 2858.7736950651392, 1407.9866181636053], [0.0, 0.0, 1.0]]
58|71|2|Grouper|0.36|0.3617095488178243|1.4831700325012207|2065.7853263797606;1389.5363900734071|[-0.031173786148428917, -0.10015573352575302, 0.0]|[0.03132905066013336, 0.047706976532936096, 0.9983699321746826]|[[2855.292793016781, 0.0, 2031.7894533541553], [0.0, 2881.0734769839373, 1447.6913944790074], [0.0, 0.0, 1.0]]
58|71|2|Grouper|0.36|0.35097160732954735|1.8752206563949585|2077.250518522529;1430.5192757309133|[-0.031173786148428917, -0.10015573352575302, 0.0]|[0.03132905066013336, 0.047706976532936096, 0.9983699321746826]|[[2855.292793016781, 0.0, 2031.7894533541553], [0.0, 2881.0734769839373, 1447.6913944790074], [0.0, 0.0, 1.0]]
58|71|2|Shark|0.605|0.624521214385951|1.4854989051818848|2061.7553080899247;1391.0213424238864|[-0.031173786148428917, -0.10015573352575302, 0.0]|[0.03132905066013336, 0.047706976532936096, 0.9983699321746826]|[[2855.292793016781, 0.0, 2031.7894533541553], [0.0, 2881.0734769839373, 1447.6913944790074], [0.0, 0.0, 1.0]]
58|71|2|Shark|0.605|0.6164688165141263|2.6261775493621826|2090.5271738250376;1474.6217025482733|[-0.031173786148428917, -0.10015573352575302, 0.0]|[0.03132905066013336, 0.047706976532936096, 0.9983699321746826]|[[2855.292793016781, 0.0, 2031.7894533541553], [0.0, 2881.0734769839373, 1447.6913944790074], [0.0, 0.0, 1.0]]
58|71|2|Purple Angel|0.192|0.17451631800842005|1.4083747863769531|2061.6921546999;1379.4486042727422|[-0.031173786148428917, -0.10015573352575302, 0.0]|[0.03132905066013336, 0.047706976532936096, 0.9983699321746826]|[[2855.292793016781, 0.0, 2031.7894533541553], [0.0, 2881.0734769839373, 1447.6913944790074], [0.0, 0.0, 1.0]]
58|71|2|Purple Angel|0.192|0.17082393577338706|1.4936301708221436|2063.6312193194813;1391.6150019254553|[-0.031173786148428917, -0.10015573352575302, 0.0]|[0.03132905066013336, 0.047706976532936096, 0.9983699321746826]|[[2855.292793016781, 0.0, 2031.7894533541553], [0.0, 2881.0734769839373, 1447.6913944790074], [0.0, 0.0, 1.0]]
59|77|1|Shark|0.605|0.6175691663629307|1.3136961460113525|1917.9739910503388;1330.94196444356|[-0.03057379275560379, -0.099056176841259, 0.0]|[0.005684984847903252, 0.032687537372112274, 0.9994494318962097]|[[2832.6628438838216, 0.0, 1968.0272553880557], [0.0, 2855.8825480621545, 1452.810040656435], [0.0, 0.0, 1.0]]
59|77|1|Shark|0.605|0.6340140280692137|2.756769895553589|1953.490571762942;1443.348470509938|[-0.03057379275560379, -0.099056176841259, 0.0]|[0.005684984847903252, 0.032687537372112274, 0.9994494318962097]|[[2832.6628438838216, 0.0, 1968.0272553880557], [0.0, 2855.8825480621545, 1452.810040656435], [0.0, 0.0, 1.0]]
59|77|1|Grouper|0.36|0.35522850655989463|1.6429475545883179|1932.4525839737594;1373.7096553082845|[-0.03057379275560379, -0.099056176841259, 0.0]|[0.005684984847903252, 0.032687537372112274, 0.9994494318962097]|[[2832.6628438838216, 0.0, 1968.0272553880557], [0.0, 2855.8825480621545, 1452.810040656435], [0.0, 0.0, 1.0]]
59|77|1|Grouper|0.36|0.34570498301956565|1.4392658472061157|1924.8437909797203;1349.388999733862|[-0.03057379275560379, -0.099056176841259, 0.0]|[0.005684984847903252, 0.032687537372112274, 0.9994494318962097]|[[2832.6628438838216, 0.0, 1968.0272553880557], [0.0, 2855.8825480621545, 1452.810040656435], [0.0, 0.0, 1.0]]
59|77|1|Grouper|0.36|0.36212499141407384|2.1934056282043457|1945.228877456331;1417.0569772507583|[-0.03057379275560379, -0.099056176841259, 0.0]|[0.005684984847903252, 0.032687537372112274, 0.9994494318962097]|[[2832.6628438838216, 0.0, 1968.0272553880557], [0.0, 2855.8825480621545, 1452.810040656435], [0.0, 0.0, 1.0]]
59|77|1|Grouper|0.36|0.35836668565833874|2.1707985401153564|1947.0163876561426;1415.09030662877|[-0.03057379275560379, -0.099056176841259, 0.0]|[0.005684984847903252, 0.032687537372112274, 0.9994494318962097]|[[2832.6628438838216, 0.0, 1968.0272553880557], [0.0, 2855.8825480621545, 1452.810040656435], [0.0, 0.0, 1.0]]
59|77|1|Grouper|0.36|0.3240076027881237|2.0717809200286865|1941.4973038413589;1409.942224428348|[-0.03057379275560379, -0.099056176841259, 0.0]|[0.005684984847903252, 0.032687537372112274, 0.9994494318962097]|[[2832.6628438838216, 0.0, 1968.0272553880557], [0.0, 2855.8825480621545, 1452.810040656435], [0.0, 0.0, 1.0]]
59|77|1|Snook|0.455|0.44268089881762956|0.9753754138946533|1896.1654569851285;1255.9261540709067|[-0.03057379275560379, -0.099056176841259, 0.0]|[0.005684984847903252, 0.032687537372112274, 0.9994494318962097]|[[2832.6628438838216, 0.0, 1968.0272553880557], [0.0, 2855.8825480621545, 1452.810040656435], [0.0, 0.0, 1.0]]
59|77|1|Snook|0.455|0.41572529840741695|0.8896326422691345|1889.1955484896662;1227.4976152623212|[-0.03057379275560379, -0.099056176841259, 0.0]|[0.005684984847903252, 0.032687537372112274, 0.9994494318962097]|[[2832.6628438838216, 0.0, 1968.0272553880557], [0.0, 2855.8825480621545, 1452.810040656435], [0.0, 0.0, 1.0]]
59|77|1|Snook|0.455|0.41626060249041436|2.273832321166992|1946.1866166334346;1421.7462004936394|[-0.03057379275560379, -0.099056176841259, 0.0]|[0.005684984847903252, 0.032687537372112274, 0.9994494318962097]|[[2832.6628438838216, 0.0, 1968.0272553880557], [0.0, 2855.8825480621545, 1452.810040656435], [0.0, 0.0, 1.0]]
59|77|1|Purple Angel|0.192|0.18990567558187227|1.2431910037994385|1916.0262907581614;1318.1841796841622|[-0.03057379275560379, -0.099056176841259, 0.0]|[0.005684984847903252, 0.032687537372112274, 0.9994494318962097]|[[2832.6628438838216, 0.0, 1968.0272553880557], [0.0, 2855.8825480621545, 1452.810040656435], [0.0, 0.0, 1.0]]
59|77|1|Purple Angel|0.192|0.1908474947907275|1.2424360513687134|1914.7594495279827;1318.4126733790786|[-0.03057379275560379, -0.099056176841259, 0.0]|[0.005684984847903252, 0.032687537372112274, 0.9994494318962097]|[[2832.6628438838216, 0.0, 1968.0272553880557], [0.0, 2855.8825480621545, 1452.810040656435], [0.0, 0.0, 1.0]]
59|77|1|Purple Angel|0.192|0.18977131273780204|1.1212607622146606|1907.5980607077265;1293.694892231756|[-0.03057379275560379, -0.099056176841259, 0.0]|[0.005684984847903252, 0.032687537372112274, 0.9994494318962097]|[[2832.6628438838216, 0.0, 1968.0272553880557], [0.0, 2855.8825480621545, 1452.810040656435], [0.0, 0.0, 1.0]]
59|77|1|Purple Angel|0.192|0.18792744512911816|2.2037127017974854|1947.4633643428558;1417.0758182589389|[-0.03057379275560379, -0.099056176841259, 0.0]|[0.005684984847903252, 0.032687537372112274, 0.9994494318962097]|[[2832.6628438838216, 0.0, 1968.0272553880557], [0.0, 2855.8825480621545, 1452.810040656435], [0.0, 0.0, 1.0]]
60|65|4|Purple Angel|0.192|0.1863657272229256|1.6734379529953003|2010.152024602744;1361.3138618342107|[-0.03170420974493027, -0.09955649077892303, 0.0]|[0.026946846395730972, 0.02996676415205002, 0.9991876482963562]|[[2827.300073606339, 0.0, 1993.2574097262354], [0.0, 2852.2438974589363, 1443.3722632010733], [0.0, 0.0, 1.0]]
61|80|6|Grouper|0.36|0.3506548227757726|1.906355619430542|2079.942660792171;1388.6212992648022|[-0.029877623543143272, -0.10001984238624573, 0.0]|[0.022014986723661423, 0.027923760935664177, 0.9993675947189331]|[[2825.1480807147805, 0.0, 2061.852601572974], [0.0, 2850.606508156248, 1458.5627645450384], [0.0, 0.0, 1.0]]
61|80|6|Grouper|0.36|0.35561200026848117|1.8166489601135254|2076.19790491064;1381.7163611530245|[-0.029877623543143272, -0.10001984238624573, 0.0]|[0.022014986723661423, 0.027923760935664177, 0.9993675947189331]|[[2825.1480807147805, 0.0, 2061.852601572974], [0.0, 2850.606508156248, 1458.5627645450384], [0.0, 0.0, 1.0]]
61|80|6|Grouper|0.36|0.3563686655252612|1.7804728746414185|2075.3902256732185;1378.4838850780893|[-0.029877623543143272, -0.10001984238624573, 0.0]|[0.022014986723661423, 0.027923760935664177, 0.9993675947189331]|[[2825.1480807147805, 0.0, 2061.852601572974], [0.0, 2850.606508156248, 1458.5627645450384], [0.0, 0.0, 1.0]]
61|80|6|Snook|0.455|0.44081792880768333|1.2191201448440552|2052.9707538251573;1304.9292392797083|[-0.029877623543143272, -0.10001984238624573, 0.0]|[0.022014986723661423, 0.027923760935664177, 0.9993675947189331]|[[2825.1480807147805, 0.0, 2061.852601572974], [0.0, 2850.606508156248, 1458.5627645450384], [0.0, 0.0, 1.0]]
61|80|6|Snook|0.455|0.4479368847370368|1.8315011262893677|2076.0366300829332;1383.1586214489175|[-0.029877623543143272, -0.10001984238624573, 0.0]|[0.022014986723661423, 0.027923760935664177, 0.9993675947189331]|[[2825.1480807147805, 0.0, 2061.852601572974], [0.0, 2850.606508156248, 1458.5627645450384], [0.0, 0.0, 1.0]]
61|80|6|Snook|0.455|0.44903981295704287|2.005463123321533|2079.6012454347683;1396.809740211669|[-0.029877623543143272, -0.10001984238624573, 0.0]|[0.022014986723661423, 0.027923760935664177, 0.9993675947189331]|[[2825.1480807147805, 0.0, 2061.852601572974], [0.0, 2850.606508156248, 1458.5627645450384], [0.0, 0.0, 1.0]]
61|80|6|Snook|0.455|0.4614019938871242|2.0675346851348877|2079.4389890487655;1401.5892745511514|[-0.029877623543143272, -0.10001984238624573, 0.0]|[0.022014986723661423, 0.027923760935664177, 0.9993675947189331]|[[2825.1480807147805, 0.0, 2061.852601572974], [0.0, 2850.606508156248, 1458.5627645450384], [0.0, 0.0, 1.0]]
61|80|6|Snook|0.455|0.4409950188237959|1.5387648344039917|2067.836171177661;1353.3601949022673|[-0.029877623543143272, -0.10001984238624573, 0.0]|[0.022014986723661423, 0.027923760935664177, 0.9993675947189331]|[[2825.1480807147805, 0.0, 2061.852601572974], [0.0, 2850.606508156248, 1458.5627645450384], [0.0, 0.0, 1.0]]
61|80|6|Snook|0.455|0.44779078239832226|1.4899585247039795|2064.07957850978;1347.9281183954408|[-0.029877623543143272, -0.10001984238624573, 0.0]|[0.022014986723661423, 0.027923760935664177, 0.9993675947189331]|[[2825.1480807147805, 0.0, 2061.852601572974], [0.0, 2850.606508156248, 1458.5627645450384], [0.0, 0.0, 1.0]]
76|63|3|Grouper|0.36|0.3403086778031688|1.3032232522964478|1959.8089362957442;1354.1749043047664|[-0.03206002712249756, -0.09930168092250824, 0.0]|[0.0013077228795737028, 0.027590053156018257, 0.999618411064148]|[[2832.88718694667, 0.0, 2027.3101376941806], [0.0, 2857.5529688242154, 1492.5272084030742], [0.0, 0.0, 1.0]]
76|63|3|Grouper|0.36|0.34253629169803107|1.7262656688690186|1975.9549003432426;1407.857142857143|[-0.03206002712249756, -0.09930168092250824, 0.0]|[0.0013077228795737028, 0.027590053156018257, 0.999618411064148]|[[2832.88718694667, 0.0, 2027.3101376941806], [0.0, 2857.5529688242154, 1492.5272084030742], [0.0, 0.0, 1.0]]
76|63|3|Grouper|0.36|0.3129147583565376|1.6997110843658447|1976.0055240756762;1404.9805376506745|[-0.03206002712249756, -0.09930168092250824, 0.0]|[0.0013077228795737028, 0.027590053156018257, 0.999618411064148]|[[2832.88718694667, 0.0, 2027.3101376941806], [0.0, 2857.5529688242154, 1492.5272084030742], [0.0, 0.0, 1.0]]
76|63|3|Grouper|0.36|0.2948375456273998|1.7479956150054932|1977.0470751074574;1409.7473310984935|[-0.03206002712249756, -0.09930168092250824, 0.0]|[0.0013077228795737028, 0.027590053156018257, 0.999618411064148]|[[2832.88718694667, 0.0, 2027.3101376941806], [0.0, 2857.5529688242154, 1492.5272084030742], [0.0, 0.0, 1.0]]
76|63|3|Snook|0.455|0.37201173151916767|1.073617935180664|1945.8801981200158;1307.2684411883479|[-0.03206002712249756, -0.09930168092250824, 0.0]|[0.0013077228795737028, 0.027590053156018257, 0.999618411064148]|[[2832.88718694667, 0.0, 2027.3101376941806], [0.0, 2857.5529688242154, 1492.5272084030742], [0.0, 0.0, 1.0]]
76|63|3|Snook|0.455|0.3419455778160999|2.1121273040771484|1985.2177237562018;1438.0267442824413|[-0.03206002712249756, -0.09930168092250824, 0.0]|[0.0013077228795737028, 0.027590053156018257, 0.999618411064148]|[[2832.88718694667, 0.0, 2027.3101376941806], [0.0, 2857.5529688242154, 1492.5272084030742], [0.0, 0.0, 1.0]]
76|63|3|Snook|0.455|0.42506864578683135|2.10331654548645|1986.289518906914;1437.0169509611105|[-0.03206002712249756, -0.09930168092250824, 0.0]|[0.0013077228795737028, 0.027590053156018257, 0.999618411064148]|[[2832.88718694667, 0.0, 2027.3101376941806], [0.0, 2857.5529688242154, 1492.5272084030742], [0.0, 0.0, 1.0]]
84|62|5|Snook|0.455|0.4473886744535822|1.2208412885665894|1960.6118164062498;1293.8267822265627|[-0.030078189447522163, -0.09927792847156525, 0.0]|[0.014451604336500168, 0.03844136372208595, 0.9991563558578491]|[[2833.277965760987, 0.0, 2009.7572163743287], [0.0, 2858.7736950651392, 1407.9866181636053], [0.0, 0.0, 1.0]]
84|62|5|Purple Angel|0.192|0.19228133387011537|1.2001378536224365|1959.88134765625;1289.5322265625|[-0.030078189447522163, -0.09927792847156525, 0.0]|[0.014451604336500168, 0.03844136372208595, 0.9991563558578491]|[[2833.277965760987, 0.0, 2009.7572163743287], [0.0, 2858.7736950651392, 1407.9866181636053], [0.0, 0.0, 1.0]]
84|62|5|Purple Angel|0.192|0.19362744568824172|1.2110730409622192|1960.8355712890625;1291.5218505859377|[-0.030078189447522163, -0.09927792847156525, 0.0]|[0.014451604336500168, 0.03844136372208595, 0.9991563558578491]|[[2833.277965760987, 0.0, 2009.7572163743287], [0.0, 2858.7736950651392, 1407.9866181636053], [0.0, 0.0, 1.0]]
84|62|5|Snook|0.455|0.18940498122151564|1.4619477987289429|1972.8555908203125;1332.20263671875|[-0.030078189447522163, -0.09927792847156525, 0.0]|[0.014451604336500168, 0.03844136372208595, 0.9991563558578491]|[[2833.277965760987, 0.0, 2009.7572163743287], [0.0, 2858.7736950651392, 1407.9866181636053], [0.0, 0.0, 1.0]]
84|62|5|Purple Angel|0.192|0.1838810832811498|1.4921629428863525|1973.7895507812498;1336.3248291015625|[-0.030078189447522163, -0.09927792847156525, 0.0]|[0.014451604336500168, 0.03844136372208595, 0.9991563558578491]|[[2833.277965760987, 0.0, 2009.7572163743287], [0.0, 2858.7736950651392, 1407.9866181636053], [0.0, 0.0, 1.0]]
84|62|5|Shark|0.605|0.6033376477936525|2.4297008514404297|1995.0495576690262;1412.2183670831766|[-0.030078189447522163, -0.09927792847156525, 0.0]|[0.014451604336500168, 0.03844136372208595, 0.9991563558578491]|[[2833.277965760987, 0.0, 2009.7572163743287], [0.0, 2858.7736950651392, 1407.9866181636053], [0.0, 0.0, 1.0]]
84|62|5|Shark|0.605|0.5941010141028694|2.4120235443115234|1994.7757049389477;1411.337555930927|[-0.030078189447522163, -0.09927792847156525, 0.0]|[0.014451604336500168, 0.03844136372208595, 0.9991563558578491]|[[2833.277965760987, 0.0, 2009.7572163743287], [0.0, 2858.7736950651392, 1407.9866181636053], [0.0, 0.0, 1.0]]
84|62|5|Grouper|0.36|0.3568613856582555|1.3699328899383545|1973.5688330277542;1316.6391809813372|[-0.030078189447522163, -0.09927792847156525, 0.0]|[0.014451604336500168, 0.03844136372208595, 0.9991563558578491]|[[2833.277965760987, 0.0, 2009.7572163743287], [0.0, 2858.7736950651392, 1407.9866181636053], [0.0, 0.0, 1.0]]
84|62|5|Grouper|0.36|0.3572317950177973|1.4015661478042603|1975.1232330422024;1321.2726319212024|[-0.030078189447522163, -0.09927792847156525, 0.0]|[0.014451604336500168, 0.03844136372208595, 0.9991563558578491]|[[2833.277965760987, 0.0, 2009.7572163743287], [0.0, 2858.7736950651392, 1407.9866181636053], [0.0, 0.0, 1.0]]
84|62|5|Grouper|0.36|0.3529825728493217|1.3877333402633667|1974.4797629087996;1319.2644165823212|[-0.030078189447522163, -0.09927792847156525, 0.0]|[0.014451604336500168, 0.03844136372208595, 0.9991563558578491]|[[2833.277965760987, 0.0, 2009.7572163743287], [0.0, 2858.7736950651392, 1407.9866181636053], [0.0, 0.0, 1.0]]
84|62|5|Grouper|0.36|0.3617198814166717|1.4850884675979614|1978.3433716177665;1332.837295025582|[-0.030078189447522163, -0.09927792847156525, 0.0]|[0.014451604336500168, 0.03844136372208595, 0.9991563558578491]|[[2833.277965760987, 0.0, 2009.7572163743287], [0.0, 2858.7736950651392, 1407.9866181636053], [0.0, 0.0, 1.0]]
84|62|5|Grouper|0.36|0.3547874042193339|1.7447011470794678|1986.9161147938403;1361.5212504953295|[-0.030078189447522163, -0.09927792847156525, 0.0]|[0.014451604336500168, 0.03844136372208595, 0.9991563558578491]|[[2833.277965760987, 0.0, 2009.7572163743287], [0.0, 2858.7736950651392, 1407.9866181636053], [0.0, 0.0, 1.0]]
84|62|5|Grouper|0.36|0.3582401495406193|1.7403931617736816|1985.8059305483703;1361.656519103819|[-0.030078189447522163, -0.09927792847156525, 0.0]|[0.014451604336500168, 0.03844136372208595, 0.9991563558578491]|[[2833.277965760987, 0.0, 2009.7572163743287], [0.0, 2858.7736950651392, 1407.9866181636053], [0.0, 0.0, 1.0]]
58|71|2|Grouper|0.36|0.3654926036114996|1.2653939723968506|2052.2225755166933;1356.960254372019|[-0.031173786148428917, -0.10015573352575302, 0.0]|[0.03132905066013336, 0.047706976532936096, 0.9983699321746826]|[[2855.292793016781, 0.0, 2031.7894533541553], [0.0, 2881.0734769839373, 1447.6913944790074], [0.0, 0.0, 1.0]]
58|71|2|Grouper|0.36|0.3685983771388443|1.86250901222229|2077.321828756876;1429.368317772203|[-0.031173786148428917, -0.10015573352575302, 0.0]|[0.03132905066013336, 0.047706976532936096, 0.9983699321746826]|[[2855.292793016781, 0.0, 2031.7894533541553], [0.0, 2881.0734769839373, 1447.6913944790074], [0.0, 0.0, 1.0]]
59|77|1|Shark|0.605|0.612958706223398|1.292947769165039|1916.335625249697;1327.6789272749927|[-0.03057379275560379, -0.099056176841259, 0.0]|[0.005684984847903252, 0.032687537372112274, 0.9994494318962097]|[[2832.6628438838216, 0.0, 1968.0272553880557], [0.0, 2855.8825480621545, 1452.810040656435], [0.0, 0.0, 1.0]]
59|77|1|Grouper|0.36|0.32826025458927144|1.441017746925354|1925.0700884302987;1349.5869986929329|[-0.03057379275560379, -0.099056176841259, 0.0]|[0.005684984847903252, 0.032687537372112274, 0.9994494318962097]|[[2832.6628438838216, 0.0, 1968.0272553880557], [0.0, 2855.8825480621545, 1452.810040656435], [0.0, 0.0, 1.0]]
59|77|1|Grouper|0.36|0.3266068231672282|2.0707380771636963|1942.1256909503772;1409.6582564231276|[-0.03057379275560379, -0.099056176841259, 0.0]|[0.005684984847903252, 0.032687537372112274, 0.9994494318962097]|[[2832.6628438838216, 0.0, 1968.0272553880557], [0.0, 2855.8825480621545, 1452.810040656435], [0.0, 0.0, 1.0]]
60|65|4|Shark|0.605|0.6080834233539679|0.6884851455688477|1936.5097000517017;1117.3931264544005|[-0.03170420974493027, -0.09955649077892303, 0.0]|[0.026946846395730972, 0.02996676415205002, 0.9991876482963562]|[[2827.300073606339, 0.0, 1993.2574097262354], [0.0, 2852.2438974589363, 1443.3722632010733], [0.0, 0.0, 1.0]]
60|65|4|Shark|0.605|0.6014432253705414|1.415797472000122|2002.1717104142926;1329.7209890274544|[-0.03170420974493027, -0.09955649077892303, 0.0]|[0.026946846395730972, 0.02996676415205002, 0.9991876482963562]|[[2827.300073606339, 0.0, 1993.2574097262354], [0.0, 2852.2438974589363, 1443.3722632010733], [0.0, 0.0, 1.0]]
60|65|4|Grouper|0.36|0.3471183511311716|1.3987497091293335|2001.45556640625;1327.26220703125|[-0.03170420974493027, -0.09955649077892303, 0.0]|[0.026946846395730972, 0.02996676415205002, 0.9991876482963562]|[[2827.300073606339, 0.0, 1993.2574097262354], [0.0, 2852.2438974589363, 1443.3722632010733], [0.0, 0.0, 1.0]]
60|65|4|Grouper|0.36|0.3444449900572009|1.4054070711135864|2002.3085673739595;1328.0233410791805|[-0.03170420974493027, -0.09955649077892303, 0.0]|[0.026946846395730972, 0.02996676415205002, 0.9991876482963562]|[[2827.300073606339, 0.0, 1993.2574097262354], [0.0, 2852.2438974589363, 1443.3722632010733], [0.0, 0.0, 1.0]]
60|65|4|Purple Angel|0.192|0.18505547009183174|1.6869837045669556|2012.379078498069;1361.9764821961992|[-0.03170420974493027, -0.09955649077892303, 0.0]|[0.026946846395730972, 0.02996676415205002, 0.9991876482963562]|[[2827.300073606339, 0.0, 1993.2574097262354], [0.0, 2852.2438974589363, 1443.3722632010733], [0.0, 0.0, 1.0]]
61|80|6|Purple Angel|0.192|0.19172208027138296|1.6612091064453125|2071.0137076224896;1367.297638434262|[-0.029877623543143272, -0.10001984238624573, 0.0]|[0.022014986723661423, 0.027923760935664177, 0.9993675947189331]|[[2825.1480807147805, 0.0, 2061.852601572974], [0.0, 2850.606508156248, 1458.5627645450384], [0.0, 0.0, 1.0]]
61|80|6|Purple Angel|0.192|0.1911134995421567|1.673270344734192|2071.993604582196;1368.332685856129|[-0.029877623543143272, -0.10001984238624573, 0.0]|[0.022014986723661423, 0.027923760935664177, 0.9993675947189331]|[[2825.1480807147805, 0.0, 2061.852601572974], [0.0, 2850.606508156248, 1458.5627645450384], [0.0, 0.0, 1.0]]
61|80|6|Purple Angel|0.192|0.1922414645469892|1.6782548427581787|2073.0671857583106;1368.554016572532|[-0.029877623543143272, -0.10001984238624573, 0.0]|[0.022014986723661423, 0.027923760935664177, 0.9993675947189331]|[[2825.1480807147805, 0.0, 2061.852601572974], [0.0, 2850.606508156248, 1458.5627645450384], [0.0, 0.0, 1.0]]
61|80|6|Purple Angel|0.192|0.19046149358659284|2.256357431411743|2085.2967920858396;1412.2757417556752|[-0.029877623543143272, -0.10001984238624573, 0.0]|[0.022014986723661423, 0.027923760935664177, 0.9993675947189331]|[[2825.1480807147805, 0.0, 2061.852601572974], [0.0, 2850.606508156248, 1458.5627645450384], [0.0, 0.0, 1.0]]
61|80|6|Purple Angel|0.192|0.19032603222285982|2.4590635299682617|2087.113628191494;1423.132704115237|[-0.029877623543143272, -0.10001984238624573, 0.0]|[0.022014986723661423, 0.027923760935664177, 0.9993675947189331]|[[2825.1480807147805, 0.0, 2061.852601572974], [0.0, 2850.606508156248, 1458.5627645450384], [0.0, 0.0, 1.0]]
61|80|6|Grouper|0.36|0.3514175982216453|1.2683755159378052|2053.2177571185234;1314.8170792058083|[-0.029877623543143272, -0.10001984238624573, 0.0]|[0.022014986723661423, 0.027923760935664177, 0.9993675947189331]|[[2825.1480807147805, 0.0, 2061.852601572974], [0.0, 2850.606508156248, 1458.5627645450384], [0.0, 0.0, 1.0]]
61|80|6|Grouper|0.36|0.3551600459504567|1.215161681175232|2050.2100978457847;1305.0005668389163|[-0.029877623543143272, -0.10001984238624573, 0.0]|[0.022014986723661423, 0.027923760935664177, 0.9993675947189331]|[[2825.1480807147805, 0.0, 2061.852601572974], [0.0, 2850.606508156248, 1458.5627645450384], [0.0, 0.0, 1.0]]
61|80|6|Grouper|0.36|0.3598864956021213|1.930733561515808|2077.748753106781;1391.3797421466124|[-0.029877623543143272, -0.10001984238624573, 0.0]|[0.022014986723661423, 0.027923760935664177, 0.9993675947189331]|[[2825.1480807147805, 0.0, 2061.852601572974], [0.0, 2850.606508156248, 1458.5627645450384], [0.0, 0.0, 1.0]]
61|80|6|Grouper|0.36|0.35677149722600376|1.8759665489196777|2077.2748999793666;1386.801562432603|[-0.029877623543143272, -0.10001984238624573, 0.0]|[0.022014986723661423, 0.027923760935664177, 0.9993675947189331]|[[2825.1480807147805, 0.0, 2061.852601572974], [0.0, 2850.606508156248, 1458.5627645450384], [0.0, 0.0, 1.0]]
61|80|6|Grouper|0.36|0.3505222579867574|1.7500079870224|2074.5043971681816;1375.7090941230797|[-0.029877623543143272, -0.10001984238624573, 0.0]|[0.022014986723661423, 0.027923760935664177, 0.9993675947189331]|[[2825.1480807147805, 0.0, 2061.852601572974], [0.0, 2850.606508156248, 1458.5627645450384], [0.0, 0.0, 1.0]]
61|80|6|Snook|0.455|0.44831578256899846|1.7983726263046265|2073.784245256908;1380.7726549583722|[-0.029877623543143272, -0.10001984238624573, 0.0]|[0.022014986723661423, 0.027923760935664177, 0.9993675947189331]|[[2825.1480807147805, 0.0, 2061.852601572974], [0.0, 2850.606508156248, 1458.5627645450384], [0.0, 0.0, 1.0]]
61|80|6|Snook|0.455|0.4351889795368809|1.9486693143844604|2080.4174720308592;1392.007216317725|[-0.029877623543143272, -0.10001984238624573, 0.0]|[0.022014986723661423, 0.027923760935664177, 0.9993675947189331]|[[2825.1480807147805, 0.0, 2061.852601572974], [0.0, 2850.606508156248, 1458.5627645450384], [0.0, 0.0, 1.0]]
61|80|6|Snook|0.455|0.43446044688707336|1.9531809091567993|2079.5076478502037;1392.658841739777|[-0.029877623543143272, -0.10001984238624573, 0.0]|[0.022014986723661423, 0.027923760935664177, 0.9993675947189331]|[[2825.1480807147805, 0.0, 2061.852601572974], [0.0, 2850.606508156248, 1458.5627645450384], [0.0, 0.0, 1.0]]
61|80|6|Snook|0.455|0.4466882925561613|1.5153493881225586|2065.585898215493;1350.9417651455528|[-0.029877623543143272, -0.10001984238624573, 0.0]|[0.022014986723661423, 0.027923760935664177, 0.9993675947189331]|[[2825.1480807147805, 0.0, 2061.852601572974], [0.0, 2850.606508156248, 1458.5627645450384], [0.0, 0.0, 1.0]]
66|83|10|Shark|0.605|0.597605900521701|1.5122737884521484|2027.401164636206;1328.6636580293964|[-0.029473014175891876, -0.09940780699253082, 0.0]|[0.02901473641395569, 0.013735744170844555, 0.9994845986366272]|[[2841.3712142828917, 0.0, 2004.355023481056], [0.0, 2863.7600731700495, 1476.2484742699291], [0.0, 0.0, 1.0]]
76|63|3|Shark|0.605|0.5479612547593039|1.255497932434082|1958.1451555110364;1345.5588033746308|[-0.03206002712249756, -0.09930168092250824, 0.0]|[0.0013077228795737028, 0.027590053156018257, 0.999618411064148]|[[2832.88718694667, 0.0, 2027.3101376941806], [0.0, 2857.5529688242154, 1492.5272084030742], [0.0, 0.0, 1.0]]
76|63|3|Shark|0.605|0.5577807261226866|2.3875927925109863|1991.5139376499296;1453.0389980252958|[-0.03206002712249756, -0.09930168092250824, 0.0]|[0.0013077228795737028, 0.027590053156018257, 0.999618411064148]|[[2832.88718694667, 0.0, 2027.3101376941806], [0.0, 2857.5529688242154, 1492.5272084030742], [0.0, 0.0, 1.0]]
76|63|3|Grouper|0.36|0.3372757815619806|1.7509828805923462|1977.284407343317;1409.9607573664637|[-0.03206002712249756, -0.09930168092250824, 0.0]|[0.0013077228795737028, 0.027590053156018257, 0.999618411064148]|[[2832.88718694667, 0.0, 2027.3101376941806], [0.0, 2857.5529688242154, 1492.5272084030742], [0.0, 0.0, 1.0]]
76|63|3|Grouper|0.36|0.2885259374062499|1.7202364206314087|1977.3519255138665;1406.7250269108492|[-0.03206002712249756, -0.09930168092250824, 0.0]|[0.0013077228795737028, 0.027590053156018257, 0.999618411064148]|[[2832.88718694667, 0.0, 2027.3101376941806], [0.0, 2857.5529688242154, 1492.5272084030742], [0.0, 0.0, 1.0]]
76|63|3|Snook|0.455|0.43027528237461377|1.3338817358016968|1962.2708741755614;1358.8747134497644|[-0.03206002712249756, -0.09930168092250824, 0.0]|[0.0013077228795737028, 0.027590053156018257, 0.999618411064148]|[[2832.88718694667, 0.0, 2027.3101376941806], [0.0, 2857.5529688242154, 1492.5272084030742], [0.0, 0.0, 1.0]]
76|63|3|Snook|0.455|0.4316898438842434|1.2802456617355347|1960.3678810637923;1349.657931277801|[-0.03206002712249756, -0.09930168092250824, 0.0]|[0.0013077228795737028, 0.027590053156018257, 0.999618411064148]|[[2832.88718694667, 0.0, 2027.3101376941806], [0.0, 2857.5529688242154, 1492.5272084030742], [0.0, 0.0, 1.0]]
76|63|3|Snook|0.455|0.37130011577595523|1.107113242149353|1947.374172745501;1315.6293947506933|[-0.03206002712249756, -0.09930168092250824, 0.0]|[0.0013077228795737028, 0.027590053156018257, 0.999618411064148]|[[2832.88718694667, 0.0, 2027.3101376941806], [0.0, 2857.5529688242154, 1492.5272084030742], [0.0, 0.0, 1.0]]
76|63|3|Snook|0.455|0.3373816952409455|2.127598762512207|1986.3736297897237;1438.6900435821556|[-0.03206002712249756, -0.09930168092250824, 0.0]|[0.0013077228795737028, 0.027590053156018257, 0.999618411064148]|[[2832.88718694667, 0.0, 2027.3101376941806], [0.0, 2857.5529688242154, 1492.5272084030742], [0.0, 0.0, 1.0]]
76|63|3|Snook|0.455|0.42120165800147363|2.1053178310394287|1987.1624633591346;1436.8520505727515|[-0.03206002712249756, -0.09930168092250824, 0.0]|[0.0013077228795737028, 0.027590053156018257, 0.999618411064148]|[[2832.88718694667, 0.0, 2027.3101376941806], [0.0, 2857.5529688242154, 1492.5272084030742], [0.0, 0.0, 1.0]]
84|62|5|Snook|0.455|0.44095341379248915|1.2464593648910522|1963.7821044921875;1297.74609375|[-0.030078189447522163, -0.09927792847156525, 0.0]|[0.014451604336500168, 0.03844136372208595, 0.9991563558578491]|[[2833.277965760987, 0.0, 2009.7572163743287], [0.0, 2858.7736950651392, 1407.9866181636053], [0.0, 0.0, 1.0]]
84|62|5|Purple Angel|0.192|0.18087382076154887|1.5141180753707886|1974.3294677734375;1339.287353515625|[-0.030078189447522163, -0.09927792847156525, 0.0]|[0.014451604336500168, 0.03844136372208595, 0.9991563558578491]|[[2833.277965760987, 0.0, 2009.7572163743287], [0.0, 2858.7736950651392, 1407.9866181636053], [0.0, 0.0, 1.0]]
84|62|5|Purple Angel|0.192|0.1922663171872485|1.6813147068023682|1979.5120849609375;1358.502685546875|[-0.030078189447522163, -0.09927792847156525, 0.0]|[0.014451604336500168, 0.03844136372208595, 0.9991563558578491]|[[2833.277965760987, 0.0, 2009.7572163743287], [0.0, 2858.7736950651392, 1407.9866181636053], [0.0, 0.0, 1.0]]
84|62|5|Purple Angel|0.192|0.19112771442882937|1.665497899055481|1978.997802734375;1356.9002685546875|[-0.030078189447522163, -0.09927792847156525, 0.0]|[0.014451604336500168, 0.03844136372208595, 0.9991563558578491]|[[2833.277965760987, 0.0, 2009.7572163743287], [0.0, 2858.7736950651392, 1407.9866181636053], [0.0, 0.0, 1.0]]
84|62|5|Shark|0.605|0.620553236550623|1.6033165454864502|1976.32373046875;1350.5870361328125|[-0.030078189447522163, -0.09927792847156525, 0.0]|[0.014451604336500168, 0.03844136372208595, 0.9991563558578491]|[[2833.277965760987, 0.0, 2009.7572163743287], [0.0, 2858.7736950651392, 1407.9866181636053], [0.0, 0.0, 1.0]]
84|62|5|Grouper|0.36|0.3573514027229837|1.4424669742584229|1976.686703541419;1327.1268590384082|[-0.030078189447522163, -0.09927792847156525, 0.0]|[0.014451604336500168, 0.03844136372208595, 0.9991563558578491]|[[2833.277965760987, 0.0, 2009.7572163743287], [0.0, 2858.7736950651392, 1407.9866181636053], [0.0, 0.0, 1.0]]
84|62|5|Grouper|0.36|0.35096717311637554|1.7690443992614746|1986.6496321511704;1364.3032590780103|[-0.030078189447522163, -0.09927792847156525, 0.0]|[0.014451604336500168, 0.03844136372208595, 0.9991563558578491]|[[2833.277965760987, 0.0, 2009.7572163743287], [0.0, 2858.7736950651392, 1407.9866181636053], [0.0, 0.0, 1.0]]
84|62|5|Grouper|0.36|0.3630374257810287|2.5055129528045654|2001.2896728515625;1412.0355224609375|[-0.030078189447522163, -0.09927792847156525, 0.0]|[0.014451604336500168, 0.03844136372208595, 0.9991563558578491]|[[2833.277965760987, 0.0, 2009.7572163743287], [0.0, 2858.7736950651392, 1407.9866181636053], [0.0, 0.0, 1.0]]
59|77|1|Grouper|0.36|0.35988305338400556|2.138327121734619|1944.2990561320964;1413.7062130340823|[-0.03057379275560379, -0.099056176841259, 0.0]|[0.005684984847903252, 0.032687537372112274, 0.9994494318962097]|[[2832.6628438838216, 0.0, 1968.0272553880557], [0.0, 2855.8825480621545, 1452.810040656435], [0.0, 0.0, 1.0]]
59|77|1|Snook|0.455|0.45558647543197994|2.2782793045043945|1946.3902855815015;1421.9498694417066|[-0.03057379275560379, -0.099056176841259, 0.0]|[0.005684984847903252, 0.032687537372112274, 0.9994494318962097]|[[2832.6628438838216, 0.0, 1968.0272553880557], [0.0, 2855.8825480621545, 1452.810040656435], [0.0, 0.0, 1.0]]
60|65|4|Grouper|0.36|0.34741920146453575|1.4078749418258667|2001.9867851154045;1328.537388355561|[-0.03170420974493027, -0.09955649077892303, 0.0]|[0.026946846395730972, 0.02996676415205002, 0.9991876482963562]|[[2827.300073606339, 0.0, 1993.2574097262354], [0.0, 2852.2438974589363, 1443.3722632010733], [0.0, 0.0, 1.0]]
61|80|6|Purple Angel|0.192|0.19088061581170543|1.65793776512146|2073.275919084239;1366.208719577264|[-0.029877623543143272, -0.10001984238624573, 0.0]|[0.022014986723661423, 0.027923760935664177, 0.9993675947189331]|[[2825.1480807147805, 0.0, 2061.852601572974], [0.0, 2850.606508156248, 1458.5627645450384], [0.0, 0.0, 1.0]]
61|80|6|Purple Angel|0.192|0.19102680377509504|1.6732137203216553|2072.283199814839;1368.2341872446532|[-0.029877623543143272, -0.10001984238624573, 0.0]|[0.022014986723661423, 0.027923760935664177, 0.9993675947189331]|[[2825.1480807147805, 0.0, 2061.852601572974], [0.0, 2850.606508156248, 1458.5627645450384], [0.0, 0.0, 1.0]]
61|80|6|Purple Angel|0.192|0.19015232297153847|1.6858711242675781|2071.353722415439;1369.941081772126|[-0.029877623543143272, -0.10001984238624573, 0.0]|[0.022014986723661423, 0.027923760935664177, 0.9993675947189331]|[[2825.1480807147805, 0.0, 2061.852601572974], [0.0, 2850.606508156248, 1458.5627645450384], [0.0, 0.0, 1.0]]
61|80|6|Purple Angel|0.192|0.1893299649540438|2.385788679122925|2086.829388086543;1419.3175936433663|[-0.029877623543143272, -0.10001984238624573, 0.0]|[0.022014986723661423, 0.027923760935664177, 0.9993675947189331]|[[2825.1480807147805, 0.0, 2061.852601572974], [0.0, 2850.606508156248, 1458.5627645450384], [0.0, 0.0, 1.0]]
61|80|6|Grouper|0.36|0.35211919633736133|1.2893716096878052|2056.016568240255;1317.901386090048|[-0.029877623543143272, -0.10001984238624573, 0.0]|[0.022014986723661423, 0.027923760935664177, 0.9993675947189331]|[[2825.1480807147805, 0.0, 2061.852601572974], [0.0, 2850.606508156248, 1458.5627645450384], [0.0, 0.0, 1.0]]
61|80|6|Grouper|0.36|0.35555070423417423|1.2388808727264404|2053.8398906012408;1308.7348553477425|[-0.029877623543143272, -0.10001984238624573, 0.0]|[0.022014986723661423, 0.027923760935664177, 0.9993675947189331]|[[2825.1480807147805, 0.0, 2061.852601572974], [0.0, 2850.606508156248, 1458.5627645450384], [0.0, 0.0, 1.0]]
61|80|6|Grouper|0.36|0.35722840674474304|1.8973053693771362|2078.105388529167;1388.411534352074|[-0.029877623543143272, -0.10001984238624573, 0.0]|[0.022014986723661423, 0.027923760935664177, 0.9993675947189331]|[[2825.1480807147805, 0.0, 2061.852601572974], [0.0, 2850.606508156248, 1458.5627645450384], [0.0, 0.0, 1.0]]
61|80|6|Grouper|0.36|0.35577412640479295|1.8072385787963867|2077.287956087766;1380.4698489306481|[-0.029877623543143272, -0.10001984238624573, 0.0]|[0.022014986723661423, 0.027923760935664177, 0.9993675947189331]|[[2825.1480807147805, 0.0, 2061.852601572974], [0.0, 2850.606508156248, 1458.5627645450384], [0.0, 0.0, 1.0]]
61|80|6|Grouper|0.36|0.35241014170201146|1.768044114112854|2075.482274667684;1377.2259390403328|[-0.029877623543143272, -0.10001984238624573, 0.0]|[0.022014986723661423, 0.027923760935664177, 0.9993675947189331]|[[2825.1480807147805, 0.0, 2061.852601572974], [0.0, 2850.606508156248, 1458.5627645450384], [0.0, 0.0, 1.0]]
61|80|6|Snook|0.455|0.44487697366818174|1.7946803569793701|2075.374777755564;1379.8717994334493|[-0.029877623543143272, -0.10001984238624573, 0.0]|[0.022014986723661423, 0.027923760935664177, 0.9993675947189331]|[[2825.1480807147805, 0.0, 2061.852601572974], [0.0, 2850.606508156248, 1458.5627645450384], [0.0, 0.0, 1.0]]
61|80|6|Snook|0.455|0.44838564046858265|2.007956027984619|2079.842477827113;1396.9273460122706|[-0.029877623543143272, -0.10001984238624573, 0.0]|[0.022014986723661423, 0.027923760935664177, 0.9993675947189331]|[[2825.1480807147805, 0.0, 2061.852601572974], [0.0, 2850.606508156248, 1458.5627645450384], [0.0, 0.0, 1.0]]
61|80|6|Snook|0.455|0.4497372629202255|1.5329170227050781|2067.3389838228973;1352.7415221498652|[-0.029877623543143272, -0.10001984238624573, 0.0]|[0.022014986723661423, 0.027923760935664177, 0.9993675947189331]|[[2825.1480807147805, 0.0, 2061.852601572974], [0.0, 2850.606508156248, 1458.5627645450384], [0.0, 0.0, 1.0]]
66|83|10|Shark|0.605|0.5941947098027545|1.5795669555664062|2030.4511643431647;1336.4501991395127|[-0.029473014175891876, -0.09940780699253082, 0.0]|[0.02901473641395569, 0.013735744170844555, 0.9994845986366272]|[[2841.3712142828917, 0.0, 2004.355023481056], [0.0, 2863.7600731700495, 1476.2484742699291], [0.0, 0.0, 1.0]]
66|83|10|Snook|0.455|0.4106612551747665|1.868316650390625|2039.7515840706035;1363.9346928118748|[-0.029473014175891876, -0.09940780699253082, 0.0]|[0.02901473641395569, 0.013735744170844555, 0.9994845986366272]|[[2841.3712142828917, 0.0, 2004.355023481056], [0.0, 2863.7600731700495, 1476.2484742699291], [0.0, 0.0, 1.0]]
76|63|3|Shark|0.605|0.5338611576428688|1.1963478326797485|1954.587960741197;1334.3722217729107|[-0.03206002712249756, -0.09930168092250824, 0.0]|[0.0013077228795737028, 0.027590053156018257, 0.999618411064148]|[[2832.88718694667, 0.0, 2027.3101376941806], [0.0, 2857.5529688242154, 1492.5272084030742], [0.0, 0.0, 1.0]]
76|63|3|Grouper|0.36|0.34234080103676134|1.5549265146255493|1970.5415561216803;1389.6072369251185|[-0.03206002712249756, -0.09930168092250824, 0.0]|[0.0013077228795737028, 0.027590053156018257, 0.999618411064148]|[[2832.88718694667, 0.0, 2027.3101376941806], [0.0, 2857.5529688242154, 1492.5272084030742], [0.0, 0.0, 1.0]]
76|63|3|Grouper|0.36|0.3491271583225984|1.7687408924102783|1976.9095908162667;1411.9155886438823|[-0.03206002712249756, -0.09930168092250824, 0.0]|[0.0013077228795737028, 0.027590053156018257, 0.999618411064148]|[[2832.88718694667, 0.0, 2027.3101376941806], [0.0, 2857.5529688242154, 1492.5272084030742], [0.0, 0.0, 1.0]]
76|63|3|Grouper|0.36|0.29854515439129437|1.7070757150650024|1975.9333570496328;1405.8016558614836|[-0.03206002712249756, -0.09930168092250824, 0.0]|[0.0013077228795737028, 0.027590053156018257, 0.999618411064148]|[[2832.88718694667, 0.0, 2027.3101376941806], [0.0, 2857.5529688242154, 1492.5272084030742], [0.0, 0.0, 1.0]]
76|63|3|Grouper|0.36|0.3229692278850317|1.694129467010498|1976.225216669671;1404.2921129022457|[-0.03206002712249756, -0.09930168092250824, 0.0]|[0.0013077228795737028, 0.027590053156018257, 0.999618411064148]|[[2832.88718694667, 0.0, 2027.3101376941806], [0.0, 2857.5529688242154, 1492.5272084030742], [0.0, 0.0, 1.0]]
76|63|3|Snook|0.455|0.3784801799365331|1.1286784410476685|1950.5000000000002;1320|[-0.03206002712249756, -0.09930168092250824, 0.0]|[0.0013077228795737028, 0.027590053156018257, 0.999618411064148]|[[2832.88718694667, 0.0, 2027.3101376941806], [0.0, 2857.5529688242154, 1492.5272084030742], [0.0, 0.0, 1.0]]
76|63|3|Snook|0.455|0.35005481071140887|2.1073520183563232|1987.119480492228;1437.0193069320699|[-0.03206002712249756, -0.09930168092250824, 0.0]|[0.0013077228795737028, 0.027590053156018257, 0.999618411064148]|[[2832.88718694667, 0.0, 2027.3101376941806], [0.0, 2857.5529688242154, 1492.5272084030742], [0.0, 0.0, 1.0]]
76|63|3|Snook|0.455|0.425898483993193|2.1114320755004883|1985.8157057735993;1437.7577772083673|[-0.03206002712249756, -0.09930168092250824, 0.0]|[0.0013077228795737028, 0.027590053156018257, 0.999618411064148]|[[2832.88718694667, 0.0, 2027.3101376941806], [0.0, 2857.5529688242154, 1492.5272084030742], [0.0, 0.0, 1.0]]
76|63|3|Snook|0.455|0.40416696769880095|2.076854944229126|1986.8327082314875;1434.9149584594204|[-0.03206002712249756, -0.09930168092250824, 0.0]|[0.0013077228795737028, 0.027590053156018257, 0.999618411064148]|[[2832.88718694667, 0.0, 2027.3101376941806], [0.0, 2857.5529688242154, 1492.5272084030742], [0.0, 0.0, 1.0]]
84|62|5|Snook|0.455|0.4456946115052951|1.2096935510635376|1960.843505859375;1291.2042236328123|[-0.030078189447522163, -0.09927792847156525, 0.0]|[0.014451604336500168, 0.03844136372208595, 0.9991563558578491]|[[2833.277965760987, 0.0, 2009.7572163743287], [0.0, 2858.7736950651392, 1407.9866181636053], [0.0, 0.0, 1.0]]
84|62|5|Snook|0.455|0.4462421596326403|1.1926445960998535|1960.4411621093748;1287.5205078125|[-0.030078189447522163, -0.09927792847156525, 0.0]|[0.014451604336500168, 0.03844136372208595, 0.9991563558578491]|[[2833.277965760987, 0.0, 2009.7572163743287], [0.0, 2858.7736950651392, 1407.9866181636053], [0.0, 0.0, 1.0]]
84|62|5|Snook|0.455|0.44189303235381056|1.2508755922317505|1963.0739746093748;1299.0527343750002|[-0.030078189447522163, -0.09927792847156525, 0.0]|[0.014451604336500168, 0.03844136372208595, 0.9991563558578491]|[[2833.277965760987, 0.0, 2009.7572163743287], [0.0, 2858.7736950651392, 1407.9866181636053], [0.0, 0.0, 1.0]]
84|62|5|Snook|0.455|0.1933395888296617|1.1973730325698853|1960.2352294921875;1288.7181396484375|[-0.030078189447522163, -0.09927792847156525, 0.0]|[0.014451604336500168, 0.03844136372208595, 0.9991563558578491]|[[2833.277965760987, 0.0, 2009.7572163743287], [0.0, 2858.7736950651392, 1407.9866181636053], [0.0, 0.0, 1.0]]
84|62|5|Purple Angel|0.192|0.1911541133729767|1.4626291990280151|1971.4605712890625;1333.103271484375|[-0.030078189447522163, -0.09927792847156525, 0.0]|[0.014451604336500168, 0.03844136372208595, 0.9991563558578491]|[[2833.277965760987, 0.0, 2009.7572163743287], [0.0, 2858.7736950651392, 1407.9866181636053], [0.0, 0.0, 1.0]]
84|62|5|Purple Angel|0.192|0.1928210167522978|1.6528184413909912|1978.0443115234375;1355.9202880859375|[-0.030078189447522163, -0.09927792847156525, 0.0]|[0.014451604336500168, 0.03844136372208595, 0.9991563558578491]|[[2833.277965760987, 0.0, 2009.7572163743287], [0.0, 2858.7736950651392, 1407.9866181636053], [0.0, 0.0, 1.0]]
84|62|5|Purple Angel|0.192|0.19318581074514873|1.6596070528030396|1978.4990234375;1356.4736328125|[-0.030078189447522163, -0.09927792847156525, 0.0]|[0.014451604336500168, 0.03844136372208595, 0.9991563558578491]|[[2833.277965760987, 0.0, 2009.7572163743287], [0.0, 2858.7736950651392, 1407.9866181636053], [0.0, 0.0, 1.0]]
84|62|5|Shark|0.605|0.6189175790053764|1.605324625968933|1976.3388671875;1350.8365478515625|[-0.030078189447522163, -0.09927792847156525, 0.0]|[0.014451604336500168, 0.03844136372208595, 0.9991563558578491]|[[2833.277965760987, 0.0, 2009.7572163743287], [0.0, 2858.7736950651392, 1407.9866181636053], [0.0, 0.0, 1.0]]
(437 rows)
