dive_id|image_id|path|camera_id|model|known_length_m|length_m|depth_m|n_ht|ht|dot|pos|ax|km|dist
58|4518|2023-09-07 REEF Data Dump/082923_Pool Calibration/082923_FishModels_FSL02/P8290088.ORF|2|Grouper|0.36|0.36459743720754245|1.2636668682098389|1|2470.161128812016;1340.801642033304;1647.289459898146;1300.9531350641096|2053.0024574107456;1356.3942886424134|[-0.031173786148428917, -0.10015573352575302, 0.0]|[0.03132905066013336, 0.047706976532936096, 0.9983699321746826]|[[2855.292793016781, 0.0, 2031.7894533541553], [0.0, 2881.0734769839373, 1447.6913944790074], [0.0, 0.0, 1.0]]|[-0.11559555406536047, -0.08204727579183725, -0.0014575310792852196, -9.091755738331913e-05, 0.09918960513471031]
58|4517|2023-09-07 REEF Data Dump/082923_Pool Calibration/082923_FishModels_FSL02/P8290087.ORF|2|Grouper|0.36|0.3654926036114996|1.2653939723968506|1|2439.0190549303757;1376.5044305903148;1621.417292115686;1267.4515638846785|2052.2225755166933;1356.960254372019|[-0.031173786148428917, -0.10015573352575302, 0.0]|[0.03132905066013336, 0.047706976532936096, 0.9983699321746826]|[[2855.292793016781, 0.0, 2031.7894533541553], [0.0, 2881.0734769839373, 1447.6913944790074], [0.0, 0.0, 1.0]]|[-0.11559555406536047, -0.08204727579183725, -0.0014575310792852196, -9.091755738331913e-05, 0.09918960513471031]
58|4521|2023-09-07 REEF Data Dump/082923_Pool Calibration/082923_FishModels_FSL02/P8290090.ORF|2|Grouper|0.36|0.3617095488178243|1.4831700325012207|1|2284.527312991739;1506.9734883130745;1708.6102817949459;1112.025268352121|2065.7853263797606;1389.5363900734071|[-0.031173786148428917, -0.10015573352575302, 0.0]|[0.03132905066013336, 0.047706976532936096, 0.9983699321746826]|[[2855.292793016781, 0.0, 2031.7894533541553], [0.0, 2881.0734769839373, 1447.6913944790074], [0.0, 0.0, 1.0]]|[-0.11559555406536047, -0.08204727579183725, -0.0014575310792852196, -9.091755738331913e-05, 0.09918960513471031]
58|4520|2023-09-07 REEF Data Dump/082923_Pool Calibration/082923_FishModels_FSL02/P8290091.ORF|2|Grouper|0.36|0.3632356320534927|1.528298020362854|1|2255.181450918097;1552.4417602086482;1772.7188722287121;1070.8860660656721|2067.1496790878623;1395.3935900132317|[-0.031173786148428917, -0.10015573352575302, 0.0]|[0.03132905066013336, 0.047706976532936096, 0.9983699321746826]|[[2855.292793016781, 0.0, 2031.7894533541553], [0.0, 2881.0734769839373, 1447.6913944790074], [0.0, 0.0, 1.0]]|[-0.11559555406536047, -0.08204727579183725, -0.0014575310792852196, -9.091755738331913e-05, 0.09918960513471031]
58|4522|2023-09-07 REEF Data Dump/082923_Pool Calibration/082923_FishModels_FSL02/P8290092.ORF|2|Grouper|0.36|0.36575497011242525|1.5735011100769043|1|2238.3513442180874;1602.8011701640755;1809.3949537668113;1091.7717282628184|2068.301377603705;1400.9540507906854|[-0.031173786148428917, -0.10015573352575302, 0.0]|[0.03132905066013336, 0.047706976532936096, 0.9983699321746826]|[[2855.292793016781, 0.0, 2031.7894533541553], [0.0, 2881.0734769839373, 1447.6913944790074], [0.0, 0.0, 1.0]]|[-0.11559555406536047, -0.08204727579183725, -0.0014575310792852196, -9.091755738331913e-05, 0.09918960513471031]
58|4525|2023-09-07 REEF Data Dump/082923_Pool Calibration/082923_FishModels_FSL02/P8290095.ORF|2|Grouper|0.36|0.3562232414718988|1.8587162494659424|1|2294.7572821900694;1438.7224111502053;1748.8127852520809;1401.0867024742472|2076.658746727006;1429.2003596316972|[-0.031173786148428917, -0.10015573352575302, 0.0]|[0.03132905066013336, 0.047706976532936096, 0.9983699321746826]|[[2855.292793016781, 0.0, 2031.7894533541553], [0.0, 2881.0734769839373, 1447.6913944790074], [0.0, 0.0, 1.0]]|[-0.11559555406536047, -0.08204727579183725, -0.0014575310792852196, -9.091755738331913e-05, 0.09918960513471031]
58|4524|2023-09-07 REEF Data Dump/082923_Pool Calibration/082923_FishModels_FSL02/P8290094.ORF|2|Grouper|0.36|0.36385661530726077|1.8602747917175293|1|2299.1347166174596;1467.861182190848;1745.0819792430923;1397.08515773659|2076.78275327372;1429.3066030154355|[-0.031173786148428917, -0.10015573352575302, 0.0]|[0.03132905066013336, 0.047706976532936096, 0.9983699321746826]|[[2855.292793016781, 0.0, 2031.7894533541553], [0.0, 2881.0734769839373, 1447.6913944790074], [0.0, 0.0, 1.0]]|[-0.11559555406536047, -0.08204727579183725, -0.0014575310792852196, -9.091755738331913e-05, 0.09918960513471031]
58|4523|2023-09-07 REEF Data Dump/082923_Pool Calibration/082923_FishModels_FSL02/P8290093.ORF|2|Grouper|0.36|0.3685983771388443|1.86250901222229|1|2270.4878402833565;1513.3581582916634;1718.5761503536144;1391.0092372377194|2077.321828756876;1429.368317772203|[-0.031173786148428917, -0.10015573352575302, 0.0]|[0.03132905066013336, 0.047706976532936096, 0.9983699321746826]|[[2855.292793016781, 0.0, 2031.7894533541553], [0.0, 2881.0734769839373, 1447.6913944790074], [0.0, 0.0, 1.0]]|[-0.11559555406536047, -0.08204727579183725, -0.0014575310792852196, -9.091755738331913e-05, 0.09918960513471031]
58|4526|2023-09-07 REEF Data Dump/082923_Pool Calibration/082923_FishModels_FSL02/P8290096.ORF|2|Grouper|0.36|0.35097160732954735|1.8752206563949585|1|2301.3133993065835;1421.1946945001255;1766.9491204227368;1414.56746127637|2077.250518522529;1430.5192757309133|[-0.031173786148428917, -0.10015573352575302, 0.0]|[0.03132905066013336, 0.047706976532936096, 0.9983699321746826]|[[2855.292793016781, 0.0, 2031.7894533541553], [0.0, 2881.0734769839373, 1447.6913944790074], [0.0, 0.0, 1.0]]|[-0.11559555406536047, -0.08204727579183725, -0.0014575310792852196, -9.091755738331913e-05, 0.09918960513471031]
58|4528|2023-09-07 REEF Data Dump/082923_Pool Calibration/082923_FishModels_FSL02/P8290097.ORF|2|Shark|0.605|0.6305193868932951|1.3824542760849|1|2755.6484003453706;1408.248841770642;1454.4413843128216;1355.372938292288|2056.4552656809738;1376.8145975460334|[-0.031173786148428917, -0.10015573352575302, 0.0]|[0.03132905066013336, 0.047706976532936096, 0.9983699321746826]|[[2855.292793016781, 0.0, 2031.7894533541553], [0.0, 2881.0734769839373, 1447.6913944790074], [0.0, 0.0, 1.0]]|[-0.11559555406536047, -0.08204727579183725, -0.0014575310792852196, -9.091755738331913e-05, 0.09918960513471031]
58|4527|2023-09-07 REEF Data Dump/082923_Pool Calibration/082923_FishModels_FSL02/P8290098.ORF|2|Shark|0.605|0.6245815936599836|1.3912490606307983|1|2743.2919329644856;1403.8701696578107;1462.3175111623125;1356.2587309713583|2057.5624398214036;1377.903561086015|[-0.031173786148428917, -0.10015573352575302, 0.0]|[0.03132905066013336, 0.047706976532936096, 0.9983699321746826]|[[2855.292793016781, 0.0, 2031.7894533541553], [0.0, 2881.0734769839373, 1447.6913944790074], [0.0, 0.0, 1.0]]|[-0.11559555406536047, -0.08204727579183725, -0.0014575310792852196, -9.091755738331913e-05, 0.09918960513471031]
58|4530|2023-09-07 REEF Data Dump/082923_Pool Calibration/082923_FishModels_FSL02/P8290100.ORF|2|Shark|0.605|0.624521214385951|1.4854989051818848|1|2700.4749106469303;1421.732468611371;1500.3581680724901;1395.4880150075564|2061.7553080899247;1391.0213424238864|[-0.031173786148428917, -0.10015573352575302, 0.0]|[0.03132905066013336, 0.047706976532936096, 0.9983699321746826]|[[2855.292793016781, 0.0, 2031.7894533541553], [0.0, 2881.0734769839373, 1447.6913944790074], [0.0, 0.0, 1.0]]|[-0.11559555406536047, -0.08204727579183725, -0.0014575310792852196, -9.091755738331913e-05, 0.09918960513471031]
58|4531|2023-09-07 REEF Data Dump/082923_Pool Calibration/082923_FishModels_FSL02/P8290101.ORF|2|Shark|0.605|0.6300027818040079|1.5048789978027344|1|2726.907423009107;1410.7050719085764;1532.5254500828635;1362.4209824653644|2064.4178897484644;1392.9571636537123|[-0.031173786148428917, -0.10015573352575302, 0.0]|[0.03132905066013336, 0.047706976532936096, 0.9983699321746826]|[[2855.292793016781, 0.0, 2031.7894533541553], [0.0, 2881.0734769839373, 1447.6913944790074], [0.0, 0.0, 1.0]]|[-0.11559555406536047, -0.08204727579183725, -0.0014575310792852196, -9.091755738331913e-05, 0.09918960513471031]
58|4532|2023-09-07 REEF Data Dump/082923_Pool Calibration/082923_FishModels_FSL02/P8290102.ORF|2|Shark|0.605|0.6292986162802392|2.199448347091675|1|2536.0402436187646;1522.2760104999322;1721.936962342721;1453.5620660220482|2081.6261099519656;1453.9504955610298|[-0.031173786148428917, -0.10015573352575302, 0.0]|[0.03132905066013336, 0.047706976532936096, 0.9983699321746826]|[[2855.292793016781, 0.0, 2031.7894533541553], [0.0, 2881.0734769839373, 1447.6913944790074], [0.0, 0.0, 1.0]]|[-0.11559555406536047, -0.08204727579183725, -0.0014575310792852196, -9.091755738331913e-05, 0.09918960513471031]
58|4534|2023-09-07 REEF Data Dump/082923_Pool Calibration/082923_FishModels_FSL02/P8290103.ORF|2|Shark|0.605|0.6262355393709188|2.272308588027954|1|2527.5481851215845;1543.4528594157905;1743.5491778417081;1475.302363916445|2081.5598154476065;1458.5874383149035|[-0.031173786148428917, -0.10015573352575302, 0.0]|[0.03132905066013336, 0.047706976532936096, 0.9983699321746826]|[[2855.292793016781, 0.0, 2031.7894533541553], [0.0, 2881.0734769839373, 1447.6913944790074], [0.0, 0.0, 1.0]]|[-0.11559555406536047, -0.08204727579183725, -0.0014575310792852196, -9.091755738331913e-05, 0.09918960513471031]
58|4533|2023-09-07 REEF Data Dump/082923_Pool Calibration/082923_FishModels_FSL02/P8290104.ORF|2|Shark|0.605|0.6272098189822727|2.3377816677093506|1|2516.3062865668853;1527.2158165538501;1752.430457091934;1468.9659245345274|2083.9961270001204;1461.711602712053|[-0.031173786148428917, -0.10015573352575302, 0.0]|[0.03132905066013336, 0.047706976532936096, 0.9983699321746826]|[[2855.292793016781, 0.0, 2031.7894533541553], [0.0, 2881.0734769839373, 1447.6913944790074], [0.0, 0.0, 1.0]]|[-0.11559555406536047, -0.08204727579183725, -0.0014575310792852196, -9.091755738331913e-05, 0.09918960513471031]
58|4537|2023-09-07 REEF Data Dump/082923_Pool Calibration/082923_FishModels_FSL02/P8290107.ORF|2|Shark|0.605|0.6164688165141263|2.6261775493621826|1|2443.5535979076963;1461.2176521911979;1773.3186107314204;1456.52248590625|2090.5271738250376;1474.6217025482733|[-0.031173786148428917, -0.10015573352575302, 0.0]|[0.03132905066013336, 0.047706976532936096, 0.9983699321746826]|[[2855.292793016781, 0.0, 2031.7894533541553], [0.0, 2881.0734769839373, 1447.6913944790074], [0.0, 0.0, 1.0]]|[-0.11559555406536047, -0.08204727579183725, -0.0014575310792852196, -9.091755738331913e-05, 0.09918960513471031]
58|4536|2023-09-07 REEF Data Dump/082923_Pool Calibration/082923_FishModels_FSL02/P8290105.ORF|2|Shark|0.605|0.6362258683327812|2.6695621013641357|1|2466.3261201507435;1490.4073431344905;1786.4310193816784;1461.698276132797|2089.466079381032;1476.854214958234|[-0.031173786148428917, -0.10015573352575302, 0.0]|[0.03132905066013336, 0.047706976532936096, 0.9983699321746826]|[[2855.292793016781, 0.0, 2031.7894533541553], [0.0, 2881.0734769839373, 1447.6913944790074], [0.0, 0.0, 1.0]]|[-0.11559555406536047, -0.08204727579183725, -0.0014575310792852196, -9.091755738331913e-05, 0.09918960513471031]
58|4538|2023-09-07 REEF Data Dump/082923_Pool Calibration/082923_FishModels_FSL02/P8290106.ORF|2|Shark|0.605|0.634169546764895|2.6705751419067383|1|2458.682199219847;1478.260615361102;1781.2018797873734;1450.6247845090047|2090.344965426617;1476.6614044462176|[-0.031173786148428917, -0.10015573352575302, 0.0]|[0.03132905066013336, 0.047706976532936096, 0.9983699321746826]|[[2855.292793016781, 0.0, 2031.7894533541553], [0.0, 2881.0734769839373, 1447.6913944790074], [0.0, 0.0, 1.0]]|[-0.11559555406536047, -0.08204727579183725, -0.0014575310792852196, -9.091755738331913e-05, 0.09918960513471031]
58|4535|2023-09-07 REEF Data Dump/082923_Pool Calibration/082923_FishModels_FSL02/P8290108.ORF|2|Shark|0.605|0.6343356022929032|2.695801019668579|1|2454.4117168825765;1488.5528835889938;1782.5658872354823;1483.4550118784127|2090.2083947392775;1477.7829540149357|[-0.031173786148428917, -0.10015573352575302, 0.0]|[0.03132905066013336, 0.047706976532936096, 0.9983699321746826]|[[2855.292793016781, 0.0, 2031.7894533541553], [0.0, 2881.0734769839373, 1447.6913944790074], [0.0, 0.0, 1.0]]|[-0.11559555406536047, -0.08204727579183725, -0.0014575310792852196, -9.091755738331913e-05, 0.09918960513471031]
58|4539|2023-09-07 REEF Data Dump/082923_Pool Calibration/082923_FishModels_FSL02/P8290109.ORF|2|Shark|0.605|0.628340440032473|2.715808391571045|1|2487.5120329155325;1490.0441057018577;1826.9002550355103;1489.4090547257656|2090.1096317137744;1478.6664016829352|[-0.031173786148428917, -0.10015573352575302, 0.0]|[0.03132905066013336, 0.047706976532936096, 0.9983699321746826]|[[2855.292793016781, 0.0, 2031.7894533541553], [0.0, 2881.0734769839373, 1447.6913944790074], [0.0, 0.0, 1.0]]|[-0.11559555406536047, -0.08204727579183725, -0.0014575310792852196, -9.091755738331913e-05, 0.09918960513471031]
59|4357|2024.06.20.REEF/08_2023/082923_Pool Calibration/082929_FishModels_FSL01/P8290175.ORF|1|Grouper|0.36|0.33675788876273927|1.4309660196304321|1|2243.6787146031083;1376.9182655878394;1597.6141637416085;1211.2758031863057|1925.2463587877785;1348.0331230443455|[-0.03057379275560379, -0.099056176841259, 0.0]|[0.005684984847903252, 0.032687537372112274, 0.9994494318962097]|[[2832.6628438838216, 0.0, 1968.0272553880557], [0.0, 2855.8825480621545, 1452.810040656435], [0.0, 0.0, 1.0]]|[-0.12100428903752407, -0.054716493247621914, -0.0033433024221579243, -6.011803399688542e-06, 0.045781926585394796]
59|4356|2024.06.20.REEF/08_2023/082923_Pool Calibration/082929_FishModels_FSL01/P8290174.ORF|1|Grouper|0.36|0.34638284553169063|1.439164638519287|1|2245.310104225777;1384.6766696839984;1583.9192045299721;1217.8552573721333|1924.5681617498567;1349.4500638667705|[-0.03057379275560379, -0.099056176841259, 0.0]|[0.005684984847903252, 0.032687537372112274, 0.9994494318962097]|[[2832.6628438838216, 0.0, 1968.0272553880557], [0.0, 2855.8825480621545, 1452.810040656435], [0.0, 0.0, 1.0]]|[-0.12100428903752407, -0.054716493247621914, -0.0033433024221579243, -6.011803399688542e-06, 0.045781926585394796]
59|4354|2024.06.20.REEF/08_2023/082923_Pool Calibration/082929_FishModels_FSL01/P8290173.ORF|1|Grouper|0.36|0.34570498301956565|1.4392658472061157|1|2243.3570675938226;1393.2449593158103;1586.6230200438254;1213.9266779544341|1924.8437909797203;1349.388999733862|[-0.03057379275560379, -0.099056176841259, 0.0]|[0.005684984847903252, 0.032687537372112274, 0.9994494318962097]|[[2832.6628438838216, 0.0, 1968.0272553880557], [0.0, 2855.8825480621545, 1452.810040656435], [0.0, 0.0, 1.0]]|[-0.12100428903752407, -0.054716493247621914, -0.0033433024221579243, -6.011803399688542e-06, 0.045781926585394796]
59|4358|2024.06.20.REEF/08_2023/082923_Pool Calibration/082929_FishModels_FSL01/P8290176.ORF|1|Grouper|0.36|0.32826025458927144|1.441017746925354|1|2259.171713448547;1379.4829627450617;1629.3403959677617;1238.008973505317|1925.0700884302987;1349.5869986929329|[-0.03057379275560379, -0.099056176841259, 0.0]|[0.005684984847903252, 0.032687537372112274, 0.9994494318962097]|[[2832.6628438838216, 0.0, 1968.0272553880557], [0.0, 2855.8825480621545, 1452.810040656435], [0.0, 0.0, 1.0]]|[-0.12100428903752407, -0.054716493247621914, -0.0033433024221579243, -6.011803399688542e-06, 0.045781926585394796]
59|4355|2024.06.20.REEF/08_2023/082923_Pool Calibration/082929_FishModels_FSL01/P8290172.ORF|1|Grouper|0.36|0.3500939317353681|1.4445370435714722|1|2214.016995071125;1384.6952322503378;1554.9839951959823;1190.8169194963712|1924.6144308397666;1350.2440879167411|[-0.03057379275560379, -0.099056176841259, 0.0]|[0.005684984847903252, 0.032687537372112274, 0.9994494318962097]|[[2832.6628438838216, 0.0, 1968.0272553880557], [0.0, 2855.8825480621545, 1452.810040656435], [0.0, 0.0, 1.0]]|[-0.12100428903752407, -0.054716493247621914, -0.0033433024221579243, -6.011803399688542e-06, 0.045781926585394796]
59|4359|2024.06.20.REEF/08_2023/082923_Pool Calibration/082929_FishModels_FSL01/P8290177.ORF|1|Grouper|0.36|0.3156905166791478|1.4473788738250732|1|2244.5839998237407;1351.049332836958;1633.4833362437787;1259.31447295024|1925.1494621498705;1350.498701841144|[-0.03057379275560379, -0.099056176841259, 0.0]|[0.005684984847903252, 0.032687537372112274, 0.9994494318962097]|[[2832.6628438838216, 0.0, 1968.0272553880557], [0.0, 2855.8825480621545, 1452.810040656435], [0.0, 0.0, 1.0]]|[-0.12100428903752407, -0.054716493247621914, -0.0033433024221579243, -6.011803399688542e-06, 0.045781926585394796]
59|4352|2024.06.20.REEF/08_2023/082923_Pool Calibration/082929_FishModels_FSL01/P8290171.ORF|1|Grouper|0.36|0.3511606306344865|1.5794833898544312|1|2221.3499338288952;1448.1134001428666;1611.8328301876631;1288.3656872929885|1930.162289507423;1366.8368626479335|[-0.03057379275560379, -0.099056176841259, 0.0]|[0.005684984847903252, 0.032687537372112274, 0.9994494318962097]|[[2832.6628438838216, 0.0, 1968.0272553880557], [0.0, 2855.8825480621545, 1452.810040656435], [0.0, 0.0, 1.0]]|[-0.12100428903752407, -0.054716493247621914, -0.0033433024221579243, -6.011803399688542e-06, 0.045781926585394796]
59|4353|2024.06.20.REEF/08_2023/082923_Pool Calibration/082929_FishModels_FSL01/P8290170.ORF|1|Grouper|0.36|0.35150461047572673|1.5982246398925781|1|2221.038184104106;1451.540301005222;1619.7737298351929;1287.0767885140192|1930.1544619281715;1369.134160876532|[-0.03057379275560379, -0.099056176841259, 0.0]|[0.005684984847903252, 0.032687537372112274, 0.9994494318962097]|[[2832.6628438838216, 0.0, 1968.0272553880557], [0.0, 2855.8825480621545, 1452.810040656435], [0.0, 0.0, 1.0]]|[-0.12100428903752407, -0.054716493247621914, -0.0033433024221579243, -6.011803399688542e-06, 0.045781926585394796]
59|4351|2024.06.20.REEF/08_2023/082923_Pool Calibration/082929_FishModels_FSL01/P8290169.ORF|1|Grouper|0.36|0.3525296225708938|1.6128841638565063|1|2202.1215061036633;1415.5070146991952;1605.3914745667926;1249.0937004332136|1931.8122407063431;1370.400122470361|[-0.03057379275560379, -0.099056176841259, 0.0]|[0.005684984847903252, 0.032687537372112274, 0.9994494318962097]|[[2832.6628438838216, 0.0, 1968.0272553880557], [0.0, 2855.8825480621545, 1452.810040656435], [0.0, 0.0, 1.0]]|[-0.12100428903752407, -0.054716493247621914, -0.0033433024221579243, -6.011803399688542e-06, 0.045781926585394796]
59|4349|2024.06.20.REEF/08_2023/082923_Pool Calibration/082929_FishModels_FSL01/P8290168.ORF|1|Grouper|0.36|0.35522850655989463|1.6429475545883179|1|2192.8812703429203;1402.9105212081658;1600.1347291761488;1247.5013440283064|1932.4525839737594;1373.7096553082845|[-0.03057379275560379, -0.099056176841259, 0.0]|[0.005684984847903252, 0.032687537372112274, 0.9994494318962097]|[[2832.6628438838216, 0.0, 1968.0272553880557], [0.0, 2855.8825480621545, 1452.810040656435], [0.0, 0.0, 1.0]]|[-0.12100428903752407, -0.054716493247621914, -0.0033433024221579243, -6.011803399688542e-06, 0.045781926585394796]
59|4350|2024.06.20.REEF/08_2023/082923_Pool Calibration/082929_FishModels_FSL01/P8290167.ORF|1|Grouper|0.36|0.35470186536197956|1.6431807279586792|1|2191.675570059123;1419.3130390996196;1598.6637651625276;1268.9969255323913|1932.2871682576658;1373.7965972974218|[-0.03057379275560379, -0.099056176841259, 0.0]|[0.005684984847903252, 0.032687537372112274, 0.9994494318962097]|[[2832.6628438838216, 0.0, 1968.0272553880557], [0.0, 2855.8825480621545, 1452.810040656435], [0.0, 0.0, 1.0]]|[-0.12100428903752407, -0.054716493247621914, -0.0033433024221579243, -6.011803399688542e-06, 0.045781926585394796]
59|4375|2024.06.20.REEF/08_2023/082923_Pool Calibration/082929_FishModels_FSL01/P8290193.ORF|1|Grouper|0.36|0.3266068231672282|2.0707380771636963|1|2085.2871773088323;1522.6033003279872;1698.0021317650317;1298.0133424098926|1942.1256909503772;1409.6582564231276|[-0.03057379275560379, -0.099056176841259, 0.0]|[0.005684984847903252, 0.032687537372112274, 0.9994494318962097]|[[2832.6628438838216, 0.0, 1968.0272553880557], [0.0, 2855.8825480621545, 1452.810040656435], [0.0, 0.0, 1.0]]|[-0.12100428903752407, -0.054716493247621914, -0.0033433024221579243, -6.011803399688542e-06, 0.045781926585394796]
59|4374|2024.06.20.REEF/08_2023/082923_Pool Calibration/082929_FishModels_FSL01/P8290192.ORF|1|Grouper|0.36|0.3240076027881237|2.0717809200286865|1|2096.9849541091203;1508.507915200369;1674.3314112553835;1374.6971003777771|1941.4973038413589;1409.942224428348|[-0.03057379275560379, -0.099056176841259, 0.0]|[0.005684984847903252, 0.032687537372112274, 0.9994494318962097]|[[2832.6628438838216, 0.0, 1968.0272553880557], [0.0, 2855.8825480621545, 1452.810040656435], [0.0, 0.0, 1.0]]|[-0.12100428903752407, -0.054716493247621914, -0.0033433024221579243, -6.011803399688542e-06, 0.045781926585394796]
59|4373|2024.06.20.REEF/08_2023/082923_Pool Calibration/082929_FishModels_FSL01/P8290191.ORF|1|Grouper|0.36|0.3258595560454979|2.089184045791626|1|2138.876376791919;1471.670686589001;1706.362208504732;1380.7139229107404|1943.295585478611;1410.61339498388|[-0.03057379275560379, -0.099056176841259, 0.0]|[0.005684984847903252, 0.032687537372112274, 0.9994494318962097]|[[2832.6628438838216, 0.0, 1968.0272553880557], [0.0, 2855.8825480621545, 1452.810040656435], [0.0, 0.0, 1.0]]|[-0.12100428903752407, -0.054716493247621914, -0.0033433024221579243, -6.011803399688542e-06, 0.045781926585394796]
59|4361|2024.06.20.REEF/08_2023/082923_Pool Calibration/082929_FishModels_FSL01/P8290179.ORF|1|Grouper|0.36|0.3605327047051573|2.1267237663269043|1|2154.1888477544608;1448.7212496414459;1680.8917057826259;1366.886993234751|1944.2267882140886;1412.9437890713461|[-0.03057379275560379, -0.099056176841259, 0.0]|[0.005684984847903252, 0.032687537372112274, 0.9994494318962097]|[[2832.6628438838216, 0.0, 1968.0272553880557], [0.0, 2855.8825480621545, 1452.810040656435], [0.0, 0.0, 1.0]]|[-0.12100428903752407, -0.054716493247621914, -0.0033433024221579243, -6.011803399688542e-06, 0.045781926585394796]
59|4362|2024.06.20.REEF/08_2023/082923_Pool Calibration/082929_FishModels_FSL01/P8290180.ORF|1|Grouper|0.36|0.3610486152104037|2.1281747817993164|1|2123.5180313938845;1432.5149967923726;1644.0497815618726;1399.7812942296948|1943.9786044955274;1413.1121604782015|[-0.03057379275560379, -0.099056176841259, 0.0]|[0.005684984847903252, 0.032687537372112274, 0.9994494318962097]|[[2832.6628438838216, 0.0, 1968.0272553880557], [0.0, 2855.8825480621545, 1452.810040656435], [0.0, 0.0, 1.0]]|[-0.12100428903752407, -0.054716493247621914, -0.0033433024221579243, -6.011803399688542e-06, 0.045781926585394796]
59|4366|2024.06.20.REEF/08_2023/082923_Pool Calibration/082929_FishModels_FSL01/P8290187.ORF|1|Grouper|0.36|0.36015730671215757|2.1308436393737793|1|2109.140241061543;1457.1797237300636;1653.2831865206424;1309.6097531606135|1945.2493082865258;1412.9344368270586|[-0.03057379275560379, -0.099056176841259, 0.0]|[0.005684984847903252, 0.032687537372112274, 0.9994494318962097]|[[2832.6628438838216, 0.0, 1968.0272553880557], [0.0, 2855.8825480621545, 1452.810040656435], [0.0, 0.0, 1.0]]|[-0.12100428903752407, -0.054716493247621914, -0.0033433024221579243, -6.011803399688542e-06, 0.045781926585394796]
59|4370|2024.06.20.REEF/08_2023/082923_Pool Calibration/082929_FishModels_FSL01/P8290190.ORF|1|Grouper|0.36|0.3256727101317345|2.13260817527771|1|2161.651254506488;1436.427713927351;1734.5086331480288;1367.504488400296|1943.961957180627;1413.4273140759933|[-0.03057379275560379, -0.099056176841259, 0.0]|[0.005684984847903252, 0.032687537372112274, 0.9994494318962097]|[[2832.6628438838216, 0.0, 1968.0272553880557], [0.0, 2855.8825480621545, 1452.810040656435], [0.0, 0.0, 1.0]]|[-0.12100428903752407, -0.054716493247621914, -0.0033433024221579243, -6.011803399688542e-06, 0.045781926585394796]
59|4363|2024.06.20.REEF/08_2023/082923_Pool Calibration/082929_FishModels_FSL01/P8290181.ORF|1|Grouper|0.36|0.35988305338400556|2.138327121734619|1|2143.647239930065;1408.1075760160466;1667.1840513169218;1391.7138938309674|1944.2990561320964;1413.7062130340823|[-0.03057379275560379, -0.099056176841259, 0.0]|[0.005684984847903252, 0.032687537372112274, 0.9994494318962097]|[[2832.6628438838216, 0.0, 1968.0272553880557], [0.0, 2855.8825480621545, 1452.810040656435], [0.0, 0.0, 1.0]]|[-0.12100428903752407, -0.054716493247621914, -0.0033433024221579243, -6.011803399688542e-06, 0.045781926585394796]
59|4365|2024.06.20.REEF/08_2023/082923_Pool Calibration/082929_FishModels_FSL01/P8290186.ORF|1|Grouper|0.36|0.360155511668187|2.1429431438446045|1|2151.505801055816;1507.127564860977;1707.454344160472;1334.0682357386222|1945.4121914512416;1413.6968345535158|[-0.03057379275560379, -0.099056176841259, 0.0]|[0.005684984847903252, 0.032687537372112274, 0.9994494318962097]|[[2832.6628438838216, 0.0, 1968.0272553880557], [0.0, 2855.8825480621545, 1452.810040656435], [0.0, 0.0, 1.0]]|[-0.12100428903752407, -0.054716493247621914, -0.0033433024221579243, -6.011803399688542e-06, 0.045781926585394796]
59|4368|2024.06.20.REEF/08_2023/082923_Pool Calibration/082929_FishModels_FSL01/P8290185.ORF|1|Grouper|0.36|0.3567566773687199|2.1477909088134766|1|2161.6037351165833;1554.6758884264166;1747.7923165903308;1328.906980597991|1944.593396190122;1414.2531032714653|[-0.03057379275560379, -0.099056176841259, 0.0]|[0.005684984847903252, 0.032687537372112274, 0.9994494318962097]|[[2832.6628438838216, 0.0, 1968.0272553880557], [0.0, 2855.8825480621545, 1452.810040656435], [0.0, 0.0, 1.0]]|[-0.12100428903752407, -0.054716493247621914, -0.0033433024221579243, -6.011803399688542e-06, 0.045781926585394796]
59|4372|2024.06.20.REEF/08_2023/082923_Pool Calibration/082929_FishModels_FSL01/P8290188.ORF|1|Grouper|0.36|0.33574176200143657|2.1515986919403076|1|2118.4313753552337;1435.426626504522;1677.1971633525795;1408.917693609501|1944.9844454555903;1414.3943137781368|[-0.03057379275560379, -0.099056176841259, 0.0]|[0.005684984847903252, 0.032687537372112274, 0.9994494318962097]|[[2832.6628438838216, 0.0, 1968.0272553880557], [0.0, 2855.8825480621545, 1452.810040656435], [0.0, 0.0, 1.0]]|[-0.12100428903752407, -0.054716493247621914, -0.0033433024221579243, -6.011803399688542e-06, 0.045781926585394796]
59|4369|2024.06.20.REEF/08_2023/082923_Pool Calibration/082929_FishModels_FSL01/P8290184.ORF|1|Grouper|0.36|0.35836668565833874|2.1707985401153564|1|2124.008319321022;1588.5014409359562;1777.9865206388138;1271.3639150568622|1947.0163876561426;1415.09030662877|[-0.03057379275560379, -0.099056176841259, 0.0]|[0.005684984847903252, 0.032687537372112274, 0.9994494318962097]|[[2832.6628438838216, 0.0, 1968.0272553880557], [0.0, 2855.8825480621545, 1452.810040656435], [0.0, 0.0, 1.0]]|[-0.12100428903752407, -0.054716493247621914, -0.0033433024221579243, -6.011803399688542e-06, 0.045781926585394796]
59|4364|2024.06.20.REEF/08_2023/082923_Pool Calibration/082929_FishModels_FSL01/P8290182.ORF|1|Grouper|0.36|0.3646481284087374|2.184995412826538|1|2083.3310518281123;1569.6494306053062;1763.2461511731901;1218.911832281773|1945.3791971001876;1416.475970378418|[-0.03057379275560379, -0.099056176841259, 0.0]|[0.005684984847903252, 0.032687537372112274, 0.9994494318962097]|[[2832.6628438838216, 0.0, 1968.0272553880557], [0.0, 2855.8825480621545, 1452.810040656435], [0.0, 0.0, 1.0]]|[-0.12100428903752407, -0.054716493247621914, -0.0033433024221579243, -6.011803399688542e-06, 0.045781926585394796]
59|4367|2024.06.20.REEF/08_2023/082923_Pool Calibration/082929_FishModels_FSL01/P8290183.ORF|1|Grouper|0.36|0.36212499141407384|2.1934056282043457|1|2099.62549824146;1581.3840942717966;1780.8207000039693;1236.4191648879032|1945.228877456331;1417.0569772507583|[-0.03057379275560379, -0.099056176841259, 0.0]|[0.005684984847903252, 0.032687537372112274, 0.9994494318962097]|[[2832.6628438838216, 0.0, 1968.0272553880557], [0.0, 2855.8825480621545, 1452.810040656435], [0.0, 0.0, 1.0]]|[-0.12100428903752407, -0.054716493247621914, -0.0033433024221579243, -6.011803399688542e-06, 0.045781926585394796]
59|4371|2024.06.20.REEF/08_2023/082923_Pool Calibration/082929_FishModels_FSL01/P8290189.ORF|1|Grouper|0.36|0.34462055414439396|2.2544620037078857|1|2140.7448854144936;1424.590867951479;1709.9747258703999;1380.293045876904|1948.0703284032766;1420.0353980542586|[-0.03057379275560379, -0.099056176841259, 0.0]|[0.005684984847903252, 0.032687537372112274, 0.9994494318962097]|[[2832.6628438838216, 0.0, 1968.0272553880557], [0.0, 2855.8825480621545, 1452.810040656435], [0.0, 0.0, 1.0]]|[-0.12100428903752407, -0.054716493247621914, -0.0033433024221579243, -6.011803399688542e-06, 0.045781926585394796]
59|4336|2024.06.20.REEF/08_2023/082923_Pool Calibration/082929_FishModels_FSL01/P8290155.ORF|1|Shark|0.605|0.608563152093008|1.2828024625778198|1|1278.0758868401506;1217.7885147504987;2593.9653636790554;1492.57453231231|1916.6583486467239;1325.6737169478338|[-0.03057379275560379, -0.099056176841259, 0.0]|[0.005684984847903252, 0.032687537372112274, 0.9994494318962097]|[[2832.6628438838216, 0.0, 1968.0272553880557], [0.0, 2855.8825480621545, 1452.810040656435], [0.0, 0.0, 1.0]]|[-0.12100428903752407, -0.054716493247621914, -0.0033433024221579243, -6.011803399688542e-06, 0.045781926585394796]
59|4335|2024.06.20.REEF/08_2023/082923_Pool Calibration/082929_FishModels_FSL01/P8290152.ORF|1|Shark|0.605|0.6118348294039523|1.292711853981018|1|1298.1848232548118;1239.513687455396;2610.216016135919;1517.481850200759|1916.9161816065189;1327.452852153667|[-0.03057379275560379, -0.099056176841259, 0.0]|[0.005684984847903252, 0.032687537372112274, 0.9994494318962097]|[[2832.6628438838216, 0.0, 1968.0272553880557], [0.0, 2855.8825480621545, 1452.810040656435], [0.0, 0.0, 1.0]]|[-0.12100428903752407, -0.054716493247621914, -0.0033433024221579243, -6.011803399688542e-06, 0.045781926585394796]
59|4333|2024.06.20.REEF/08_2023/082923_Pool Calibration/082929_FishModels_FSL01/P8290153.ORF|1|Shark|0.605|0.612958706223398|1.292947769165039|1|1291.1943291149455;1224.948701435196;2605.240883591154;1504.1189670328233|1916.335625249697;1327.6789272749927|[-0.03057379275560379, -0.099056176841259, 0.0]|[0.005684984847903252, 0.032687537372112274, 0.9994494318962097]|[[2832.6628438838216, 0.0, 1968.0272553880557], [0.0, 2855.8825480621545, 1452.810040656435], [0.0, 0.0, 1.0]]|[-0.12100428903752407, -0.054716493247621914, -0.0033433024221579243, -6.011803399688542e-06, 0.045781926585394796]
59|4337|2024.06.20.REEF/08_2023/082923_Pool Calibration/082929_FishModels_FSL01/P8290151.ORF|1|Shark|0.605|0.6175691663629307|1.3136961460113525|1|1310.4798638150255;1265.3231285263716;2614.5798415506183;1536.9350501757526|1917.9739910503388;1330.94196444356|[-0.03057379275560379, -0.099056176841259, 0.0]|[0.005684984847903252, 0.032687537372112274, 0.9994494318962097]|[[2832.6628438838216, 0.0, 1968.0272553880557], [0.0, 2855.8825480621545, 1452.810040656435], [0.0, 0.0, 1.0]]|[-0.12100428903752407, -0.054716493247621914, -0.0033433024221579243, -6.011803399688542e-06, 0.045781926585394796]
59|4332|2024.06.20.REEF/08_2023/082923_Pool Calibration/082929_FishModels_FSL01/P8290150.ORF|1|Shark|0.605|0.6129197906263839|1.3136996030807495|1|1330.7319046605037;1259.4358406436797;2623.7131558862816;1535.2575310898508|1917.7704663480104;1331.004669107231|[-0.03057379275560379, -0.099056176841259, 0.0]|[0.005684984847903252, 0.032687537372112274, 0.9994494318962097]|[[2832.6628438838216, 0.0, 1968.0272553880557], [0.0, 2855.8825480621545, 1452.810040656435], [0.0, 0.0, 1.0]]|[-0.12100428903752407, -0.054716493247621914, -0.0033433024221579243, -6.011803399688542e-06, 0.045781926585394796]
59|4331|2024.06.20.REEF/08_2023/082923_Pool Calibration/082929_FishModels_FSL01/P8290149.ORF|1|Shark|0.605|0.6165849702713315|1.3297557830810547|1|1334.1061787228568;1223.0439084297248;2615.5340427982337;1513.700405553687|1918.9757846836235;1333.4800615043193|[-0.03057379275560379, -0.099056176841259, 0.0]|[0.005684984847903252, 0.032687537372112274, 0.9994494318962097]|[[2832.6628438838216, 0.0, 1968.0272553880557], [0.0, 2855.8825480621545, 1452.810040656435], [0.0, 0.0, 1.0]]|[-0.12100428903752407, -0.054716493247621914, -0.0033433024221579243, -6.011803399688542e-06, 0.045781926585394796]
59|4330|2024.06.20.REEF/08_2023/082923_Pool Calibration/082929_FishModels_FSL01/P8290148.ORF|1|Shark|0.605|0.6209204098971791|1.3586183786392212|1|1299.5143860311891;1244.9757551161022;2562.8743195281186;1529.9467837375796|1920.5552096399333;1337.9368550326335|[-0.03057379275560379, -0.099056176841259, 0.0]|[0.005684984847903252, 0.032687537372112274, 0.9994494318962097]|[[2832.6628438838216, 0.0, 1968.0272553880557], [0.0, 2855.8825480621545, 1452.810040656435], [0.0, 0.0, 1.0]]|[-0.12100428903752407, -0.054716493247621914, -0.0033433024221579243, -6.011803399688542e-06, 0.045781926585394796]
59|4338|2024.06.20.REEF/08_2023/082923_Pool Calibration/082929_FishModels_FSL01/P8290156.ORF|1|Shark|0.605|0.610298981187439|2.3366968631744385|1|1607.173985593292;1388.1444477391713;2337.968616499515;1504.3976570360692|1948.9792493724651;1424.5759991355203|[-0.03057379275560379, -0.099056176841259, 0.0]|[0.005684984847903252, 0.032687537372112274, 0.9994494318962097]|[[2832.6628438838216, 0.0, 1968.0272553880557], [0.0, 2855.8825480621545, 1452.810040656435], [0.0, 0.0, 1.0]]|[-0.12100428903752407, -0.054716493247621914, -0.0033433024221579243, -6.011803399688542e-06, 0.045781926585394796]
59|4340|2024.06.20.REEF/08_2023/082923_Pool Calibration/082929_FishModels_FSL01/P8290158.ORF|1|Shark|0.605|0.6175337957050009|2.4337685108184814|1|1623.3176092474696;1391.6168723573783;2332.431564189285;1509.8606651391176|1950.194380851961;1429.490303014051|[-0.03057379275560379, -0.099056176841259, 0.0]|[0.005684984847903252, 0.032687537372112274, 0.9994494318962097]|[[2832.6628438838216, 0.0, 1968.0272553880557], [0.0, 2855.8825480621545, 1452.810040656435], [0.0, 0.0, 1.0]]|[-0.12100428903752407, -0.054716493247621914, -0.0033433024221579243, -6.011803399688542e-06, 0.045781926585394796]
59|4339|2024.06.20.REEF/08_2023/082923_Pool Calibration/082929_FishModels_FSL01/P8290157.ORF|1|Shark|0.605|0.6311706150877782|2.44895076751709|1|1615.7834032996207;1392.8285906223846;2336.756617694472;1508.6307711637921|1949.4301708020148;1430.4977411081109|[-0.03057379275560379, -0.099056176841259, 0.0]|[0.005684984847903252, 0.032687537372112274, 0.9994494318962097]|[[2832.6628438838216, 0.0, 1968.0272553880557], [0.0, 2855.8825480621545, 1452.810040656435], [0.0, 0.0, 1.0]]|[-0.12100428903752407, -0.054716493247621914, -0.0033433024221579243, -6.011803399688542e-06, 0.045781926585394796]
59|4341|2024.06.20.REEF/08_2023/082923_Pool Calibration/082929_FishModels_FSL01/P8290159.ORF|1|Shark|0.605|0.6143619085519185|2.466489315032959|1|1635.714300097203;1397.6012248926336;2330.87618509427;1519.3330351605596|1950.7894998995964;1431.0028294495846|[-0.03057379275560379, -0.099056176841259, 0.0]|[0.005684984847903252, 0.032687537372112274, 0.9994494318962097]|[[2832.6628438838216, 0.0, 1968.0272553880557], [0.0, 2855.8825480621545, 1452.810040656435], [0.0, 0.0, 1.0]]|[-0.12100428903752407, -0.054716493247621914, -0.0033433024221579243, -6.011803399688542e-06, 0.045781926585394796]
59|4345|2024.06.20.REEF/08_2023/082923_Pool Calibration/082929_FishModels_FSL01/P8290161.ORF|1|Shark|0.605|0.6059778676095837|2.6264772415161133|1|1631.8680440927992;1385.9617282818208;2277.4195880747916;1488.7240896056383|1954.1367676364575;1437.6674998498547|[-0.03057379275560379, -0.099056176841259, 0.0]|[0.005684984847903252, 0.032687537372112274, 0.9994494318962097]|[[2832.6628438838216, 0.0, 1968.0272553880557], [0.0, 2855.8825480621545, 1452.810040656435], [0.0, 0.0, 1.0]]|[-0.12100428903752407, -0.054716493247621914, -0.0033433024221579243, -6.011803399688542e-06, 0.045781926585394796]
59|4346|2024.06.20.REEF/08_2023/082923_Pool Calibration/082929_FishModels_FSL01/P8290166.ORF|1|Shark|0.605|0.6089145620872553|2.7050466537475586|1|1627.134456826031;1407.51960872156;2259.1632253231137;1492.6272353845225|1953.0796824970282;1441.3355750206592|[-0.03057379275560379, -0.099056176841259, 0.0]|[0.005684984847903252, 0.032687537372112274, 0.9994494318962097]|[[2832.6628438838216, 0.0, 1968.0272553880557], [0.0, 2855.8825480621545, 1452.810040656435], [0.0, 0.0, 1.0]]|[-0.12100428903752407, -0.054716493247621914, -0.0033433024221579243, -6.011803399688542e-06, 0.045781926585394796]
59|4343|2024.06.20.REEF/08_2023/082923_Pool Calibration/082929_FishModels_FSL01/P8290160.ORF|1|Shark|0.605|0.6309580684218816|2.721863269805908|1|1636.0779052367961;1383.7133127392826;2284.849157667577;1485.9122250845612|1953.6106104954854;1441.8915431377109|[-0.03057379275560379, -0.099056176841259, 0.0]|[0.005684984847903252, 0.032687537372112274, 0.9994494318962097]|[[2832.6628438838216, 0.0, 1968.0272553880557], [0.0, 2855.8825480621545, 1452.810040656435], [0.0, 0.0, 1.0]]|[-0.12100428903752407, -0.054716493247621914, -0.0033433024221579243, -6.011803399688542e-06, 0.045781926585394796]
59|4344|2024.06.20.REEF/08_2023/082923_Pool Calibration/082929_FishModels_FSL01/P8290163.ORF|1|Shark|0.605|0.6239516232560953|2.74080491065979|1|1630.806148499577;1404.413228831804;2269.462150220416;1494.4040799754284|1953.1522251515432;1442.798216848619|[-0.03057379275560379, -0.099056176841259, 0.0]|[0.005684984847903252, 0.032687537372112274, 0.9994494318962097]|[[2832.6628438838216, 0.0, 1968.0272553880557], [0.0, 2855.8825480621545, 1452.810040656435], [0.0, 0.0, 1.0]]|[-0.12100428903752407, -0.054716493247621914, -0.0033433024221579243, -6.011803399688542e-06, 0.045781926585394796]
59|4342|2024.06.20.REEF/08_2023/082923_Pool Calibration/082929_FishModels_FSL01/P8290162.ORF|1|Shark|0.605|0.6340140280692137|2.756769895553589|1|1631.930659893997;1399.1525853372527;2276.2851327860553;1495.9502303681222|1953.490571762942;1443.348470509938|[-0.03057379275560379, -0.099056176841259, 0.0]|[0.005684984847903252, 0.032687537372112274, 0.9994494318962097]|[[2832.6628438838216, 0.0, 1968.0272553880557], [0.0, 2855.8825480621545, 1452.810040656435], [0.0, 0.0, 1.0]]|[-0.12100428903752407, -0.054716493247621914, -0.0033433024221579243, -6.011803399688542e-06, 0.045781926585394796]
59|4347|2024.06.20.REEF/08_2023/082923_Pool Calibration/082929_FishModels_FSL01/P8290165.ORF|1|Shark|0.605|0.6297685966347787|2.784973382949829|1|1634.3941001364042;1400.8027039531964;2270.0182097346337;1480.758797098098|1953.6489763228087;1444.4396590293818|[-0.03057379275560379, -0.099056176841259, 0.0]|[0.005684984847903252, 0.032687537372112274, 0.9994494318962097]|[[2832.6628438838216, 0.0, 1968.0272553880557], [0.0, 2855.8825480621545, 1452.810040656435], [0.0, 0.0, 1.0]]|[-0.12100428903752407, -0.054716493247621914, -0.0033433024221579243, -6.011803399688542e-06, 0.045781926585394796]
60|4682|2024.06.20.REEF/08_2023/082923_Pool Calibration/082929_FishModels_FSL04/P8290079.ORF|4|Grouper|0.36|0.3318553148524912|1.3970922231674194|1|2278.415094339622;1321.9622641509436;1621.811320754717;1179.698113207547|2002.2992405653617;1326.6950463520818|[-0.03170420974493027, -0.09955649077892303, 0.0]|[0.026946846395730972, 0.02996676415205002, 0.9991876482963562]|[[2827.300073606339, 0.0, 1993.2574097262354], [0.0, 2852.2438974589363, 1443.3722632010733], [0.0, 0.0, 1.0]]|[-0.10503180452618159, -0.116551286948027, -0.0029062439353091346, -0.0010174323951853816, 0.11141675034675427]
60|4683|2024.06.20.REEF/08_2023/082923_Pool Calibration/082929_FishModels_FSL04/P8290080.ORF|4|Grouper|0.36|0.3219816885762482|1.398339033126831|1|2274.0377358490564;1330.7169811320755;1641.5094339622642;1175.3207547169811|2001.3337415342971;1327.237366957762|[-0.03170420974493027, -0.09955649077892303, 0.0]|[0.026946846395730972, 0.02996676415205002, 0.9991876482963562]|[[2827.300073606339, 0.0, 1993.2574097262354], [0.0, 2852.2438974589363, 1443.3722632010733], [0.0, 0.0, 1.0]]|[-0.10503180452618159, -0.116551286948027, -0.0029062439353091346, -0.0010174323951853816, 0.11141675034675427]
60|4675|2024.06.20.REEF/08_2023/082923_Pool Calibration/082929_FishModels_FSL04/P8290068.ORF|4|Grouper|0.36|0.3471183511311716|1.3987497091293335|1|2320.6671728822434;1383.3126121855237;1630.039710617219;1258.4415861800292|2001.45556640625;1327.26220703125|[-0.03170420974493027, -0.09955649077892303, 0.0]|[0.026946846395730972, 0.02996676415205002, 0.9991876482963562]|[[2827.300073606339, 0.0, 1993.2574097262354], [0.0, 2852.2438974589363, 1443.3722632010733], [0.0, 0.0, 1.0]]|[-0.10503180452618159, -0.116551286948027, -0.0029062439353091346, -0.0010174323951853816, 0.11141675034675427]
60|4678|2024.06.20.REEF/08_2023/082923_Pool Calibration/082929_FishModels_FSL04/P8290078.ORF|4|Grouper|0.36|0.3331525185410549|1.4001166820526123|1|2271.8490566037735;1356.981132075472;1619.622641509434;1190.6415094339623|2001.377422467555;1327.5068048329006|[-0.03170420974493027, -0.09955649077892303, 0.0]|[0.026946846395730972, 0.02996676415205002, 0.9991876482963562]|[[2827.300073606339, 0.0, 1993.2574097262354], [0.0, 2852.2438974589363, 1443.3722632010733], [0.0, 0.0, 1.0]]|[-0.10503180452618159, -0.116551286948027, -0.0029062439353091346, -0.0010174323951853816, 0.11141675034675427]
60|4681|2024.06.20.REEF/08_2023/082923_Pool Calibration/082929_FishModels_FSL04/P8290077.ORF|4|Grouper|0.36|0.34337998491002797|1.4030801057815552|1|2317.8113207547167;1427.0188679245284;1654.6415094339623;1227.8490566037735|2001.697329290172;1327.8757750407428|[-0.03170420974493027, -0.09955649077892303, 0.0]|[0.026946846395730972, 0.02996676415205002, 0.9991876482963562]|[[2827.300073606339, 0.0, 1993.2574097262354], [0.0, 2852.2438974589363, 1443.3722632010733], [0.0, 0.0, 1.0]]|[-0.10503180452618159, -0.116551286948027, -0.0029062439353091346, -0.0010174323951853816, 0.11141675034675427]
60|4680|2024.06.20.REEF/08_2023/082923_Pool Calibration/082929_FishModels_FSL04/P8290076.ORF|4|Grouper|0.36|0.3444449900572009|1.4054070711135864|1|2302.490566037736;1431.3962264150944;1648.0754716981132;1201.5849056603774|2002.3085673739595;1328.0233410791805|[-0.03170420974493027, -0.09955649077892303, 0.0]|[0.026946846395730972, 0.02996676415205002, 0.9991876482963562]|[[2827.300073606339, 0.0, 1993.2574097262354], [0.0, 2852.2438974589363, 1443.3722632010733], [0.0, 0.0, 1.0]]|[-0.10503180452618159, -0.116551286948027, -0.0029062439353091346, -0.0010174323951853816, 0.11141675034675427]
60|4671|2024.06.20.REEF/08_2023/082923_Pool Calibration/082929_FishModels_FSL04/P8290069.ORF|4|Grouper|0.36|0.3473984838749527|1.4068251848220825|1|2337.509433962264;1387.622641509434;1654.6415094339623;1240.9811320754716|2002.7788641860125;1328.0892643322024|[-0.03170420974493027, -0.09955649077892303, 0.0]|[0.026946846395730972, 0.02996676415205002, 0.9991876482963562]|[[2827.300073606339, 0.0, 1993.2574097262354], [0.0, 2852.2438974589363, 1443.3722632010733], [0.0, 0.0, 1.0]]|[-0.10503180452618159, -0.116551286948027, -0.0029062439353091346, -0.0010174323951853816, 0.11141675034675427]
60|4679|2024.06.20.REEF/08_2023/082923_Pool Calibration/082929_FishModels_FSL04/P8290074.ORF|4|Grouper|0.36|0.34741920146453575|1.4078749418258667|1|2260.9056603773583;1413.8867924528302;1621.811320754717;1131.5471698113208|2001.9867851154045;1328.537388355561|[-0.03170420974493027, -0.09955649077892303, 0.0]|[0.026946846395730972, 0.02996676415205002, 0.9991876482963562]|[[2827.300073606339, 0.0, 1993.2574097262354], [0.0, 2852.2438974589363, 1443.3722632010733], [0.0, 0.0, 1.0]]|[-0.10503180452618159, -0.116551286948027, -0.0029062439353091346, -0.0010174323951853816, 0.11141675034675427]
60|4676|2024.06.20.REEF/08_2023/082923_Pool Calibration/082929_FishModels_FSL04/P8290073.ORF|4|Grouper|0.36|0.34810583220527846|1.4115904569625854|1|2298.11320754717;1440.1509433962262;1663.3962264150946;1149.056603773585|2000.393127880133;1329.7224017933272|[-0.03170420974493027, -0.09955649077892303, 0.0]|[0.026946846395730972, 0.02996676415205002, 0.9991876482963562]|[[2827.300073606339, 0.0, 1993.2574097262354], [0.0, 2852.2438974589363, 1443.3722632010733], [0.0, 0.0, 1.0]]|[-0.10503180452618159, -0.116551286948027, -0.0029062439353091346, -0.0010174323951853816, 0.11141675034675427]
60|4674|2024.06.20.REEF/08_2023/082923_Pool Calibration/082929_FishModels_FSL04/P8290071.ORF|4|Grouper|0.36|0.3475684093932937|1.412384271621704|1|2311.2452830188677;1420.4528301886792;1648.0754716981132;1208.1509433962265|2001.7652681086856;1329.3341215358084|[-0.03170420974493027, -0.09955649077892303, 0.0]|[0.026946846395730972, 0.02996676415205002, 0.9991876482963562]|[[2827.300073606339, 0.0, 1993.2574097262354], [0.0, 2852.2438974589363, 1443.3722632010733], [0.0, 0.0, 1.0]]|[-0.10503180452618159, -0.116551286948027, -0.0029062439353091346, -0.0010174323951853816, 0.11141675034675427]
60|4677|2024.06.20.REEF/08_2023/082923_Pool Calibration/082929_FishModels_FSL04/P8290075.ORF|4|Grouper|0.36|0.3499294876830977|1.4128915071487427|1|2271.8490566037735;1407.3207547169814;1621.811320754717;1144.6792452830186|2003.516765905922;1328.7854933486178|[-0.03170420974493027, -0.09955649077892303, 0.0]|[0.026946846395730972, 0.02996676415205002, 0.9991876482963562]|[[2827.300073606339, 0.0, 1993.2574097262354], [0.0, 2852.2438974589363, 1443.3722632010733], [0.0, 0.0, 1.0]]|[-0.10503180452618159, -0.116551286948027, -0.0029062439353091346, -0.0010174323951853816, 0.11141675034675427]
60|4673|2024.06.20.REEF/08_2023/082923_Pool Calibration/082929_FishModels_FSL04/P8290070.ORF|4|Grouper|0.36|0.3484230696599163|1.413307785987854|1|2311.2452830188677;1420.4528301886792;1641.5094339622642;1225.6603773584907|2002.570581312318;1329.186447755951|[-0.03170420974493027, -0.09955649077892303, 0.0]|[0.026946846395730972, 0.02996676415205002, 0.9991876482963562]|[[2827.300073606339, 0.0, 1993.2574097262354], [0.0, 2852.2438974589363, 1443.3722632010733], [0.0, 0.0, 1.0]]|[-0.10503180452618159, -0.116551286948027, -0.0029062439353091346, -0.0010174323951853816, 0.11141675034675427]
60|4672|2024.06.20.REEF/08_2023/082923_Pool Calibration/082929_FishModels_FSL04/P8290072.ORF|4|Grouper|0.36|0.3499261479471178|1.4234912395477295|1|2302.490566037736;1420.4528301886792;1654.6415094339623;1166.5660377358492|2002.983683773056;1330.6425954943084|[-0.03170420974493027, -0.09955649077892303, 0.0]|[0.026946846395730972, 0.02996676415205002, 0.9991876482963562]|[[2827.300073606339, 0.0, 1993.2574097262354], [0.0, 2852.2438974589363, 1443.3722632010733], [0.0, 0.0, 1.0]]|[-0.10503180452618159, -0.116551286948027, -0.0029062439353091346, -0.0010174323951853816, 0.11141675034675427]
60|4685|2024.06.20.REEF/08_2023/082923_Pool Calibration/082929_FishModels_FSL04/P8290083.ORF|4|Grouper|0.36|0.3446091195324492|1.8189091682434082|1|2284.9811320754716;1381.056603773585;1757.5094339622638;1286.9433962264152|2015.4093774203577;1374.515965405241|[-0.03170420974493027, -0.09955649077892303, 0.0]|[0.026946846395730972, 0.02996676415205002, 0.9991876482963562]|[[2827.300073606339, 0.0, 1993.2574097262354], [0.0, 2852.2438974589363, 1443.3722632010733], [0.0, 0.0, 1.0]]|[-0.10503180452618159, -0.116551286948027, -0.0029062439353091346, -0.0010174323951853816, 0.11141675034675427]
60|4687|2024.06.20.REEF/08_2023/082923_Pool Calibration/082929_FishModels_FSL04/P8290081.ORF|4|Grouper|0.36|0.34681893320503243|1.8296353816986084|1|2243.396226415094;1396.377358490566;1718.1132075471696;1289.1320754716983|2016.3670900589614;1375.1658346803522|[-0.03170420974493027, -0.09955649077892303, 0.0]|[0.026946846395730972, 0.02996676415205002, 0.9991876482963562]|[[2827.300073606339, 0.0, 1993.2574097262354], [0.0, 2852.2438974589363, 1443.3722632010733], [0.0, 0.0, 1.0]]|[-0.10503180452618159, -0.116551286948027, -0.0029062439353091346, -0.0010174323951853816, 0.11141675034675427]
60|4686|2024.06.20.REEF/08_2023/082923_Pool Calibration/082929_FishModels_FSL04/P8290082.ORF|4|Grouper|0.36|0.3482340533258657|1.8502390384674072|1|2256.528301886792;1407.3207547169814;1733.433962264151;1308.8301886792453|2017.0580849090572;1376.8360959865715|[-0.03170420974493027, -0.09955649077892303, 0.0]|[0.026946846395730972, 0.02996676415205002, 0.9991876482963562]|[[2827.300073606339, 0.0, 1993.2574097262354], [0.0, 2852.2438974589363, 1443.3722632010733], [0.0, 0.0, 1.0]]|[-0.10503180452618159, -0.116551286948027, -0.0029062439353091346, -0.0010174323951853816, 0.11141675034675427]
60|4684|2024.06.20.REEF/08_2023/082923_Pool Calibration/082929_FishModels_FSL04/P8290084.ORF|4|Grouper|0.36|0.35457518460760595|1.859976053237915|1|2304.6792452830186;1400.7547169811319;1775.018867924528;1300.075471698113|2018.640712787074;1377.1509399020906|[-0.03170420974493027, -0.09955649077892303, 0.0]|[0.026946846395730972, 0.02996676415205002, 0.9991876482963562]|[[2827.300073606339, 0.0, 1993.2574097262354], [0.0, 2852.2438974589363, 1443.3722632010733], [0.0, 0.0, 1.0]]|[-0.10503180452618159, -0.116551286948027, -0.0029062439353091346, -0.0010174323951853816, 0.11141675034675427]
60|4688|2024.06.20.REEF/08_2023/082923_Pool Calibration/082929_FishModels_FSL04/P8290086.ORF|4|Grouper|0.36|0.34322099761737823|1.871742844581604|1|2293.7358490566035;1407.3207547169814;1779.3962264150944;1341.6603773584907|2017.3445172225756;1378.702082315933|[-0.03170420974493027, -0.09955649077892303, 0.0]|[0.026946846395730972, 0.02996676415205002, 0.9991876482963562]|[[2827.300073606339, 0.0, 1993.2574097262354], [0.0, 2852.2438974589363, 1443.3722632010733], [0.0, 0.0, 1.0]]|[-0.10503180452618159, -0.116551286948027, -0.0029062439353091346, -0.0010174323951853816, 0.11141675034675427]
60|4689|2024.06.20.REEF/08_2023/082923_Pool Calibration/082929_FishModels_FSL04/P8290085.ORF|4|Grouper|0.36|0.35124661702021287|1.8789139986038208|1|2284.9811320754716;1407.3207547169814;1759.698113207547;1348.2264150943397|2017.3340866119506;1379.3628765369806|[-0.03170420974493027, -0.09955649077892303, 0.0]|[0.026946846395730972, 0.02996676415205002, 0.9991876482963562]|[[2827.300073606339, 0.0, 1993.2574097262354], [0.0, 2852.2438974589363, 1443.3722632010733], [0.0, 0.0, 1.0]]|[-0.10503180452618159, -0.116551286948027, -0.0029062439353091346, -0.0010174323951853816, 0.11141675034675427]
60|4690|2024.06.20.REEF/08_2023/082923_Pool Calibration/082929_FishModels_FSL04/P8290087.ORF|4|Grouper|0.36|0.35489442084657014|1.940307378768921|1|2284.9811320754716;1400.7547169811319;1772.830188679245;1328.5283018867924|2018.1085871059681;1384.4435668054437|[-0.03170420974493027, -0.09955649077892303, 0.0]|[0.026946846395730972, 0.02996676415205002, 0.9991876482963562]|[[2827.300073606339, 0.0, 1993.2574097262354], [0.0, 2852.2438974589363, 1443.3722632010733], [0.0, 0.0, 1.0]]|[-0.10503180452618159, -0.116551286948027, -0.0029062439353091346, -0.0010174323951853816, 0.11141675034675427]
60|4654|2024.06.20.REEF/08_2023/082923_Pool Calibration/082929_FishModels_FSL04/P8290052.ORF|4|Shark|0.605|0.6124504369235394|0.6261482238769531|1|547.1698113207548;960.8301886792452;3283.0188679245284;1367.9245283018868|1924.0425271397773;1076.162230143667|[-0.03170420974493027, -0.09955649077892303, 0.0]|[0.026946846395730972, 0.02996676415205002, 0.9991876482963562]|[[2827.300073606339, 0.0, 1993.2574097262354], [0.0, 2852.2438974589363, 1443.3722632010733], [0.0, 0.0, 1.0]]|[-0.10503180452618159, -0.116551286948027, -0.0029062439353091346, -0.0010174323951853816, 0.11141675034675427]
60|4656|2024.06.20.REEF/08_2023/082923_Pool Calibration/082929_FishModels_FSL04/P8290053.ORF|4|Shark|0.605|0.6112569085979076|0.6278536915779114|1|538.4150943396226;973.9622641509433;3258.9433962264143;1396.377358490566|1926.199068684517;1076.8149010477298|[-0.03170420974493027, -0.09955649077892303, 0.0]|[0.026946846395730972, 0.02996676415205002, 0.9991876482963562]|[[2827.300073606339, 0.0, 1993.2574097262354], [0.0, 2852.2438974589363, 1443.3722632010733], [0.0, 0.0, 1.0]]|[-0.10503180452618159, -0.116551286948027, -0.0029062439353091346, -0.0010174323951853816, 0.11141675034675427]
60|4655|2024.06.20.REEF/08_2023/082923_Pool Calibration/082929_FishModels_FSL04/P8290051.ORF|4|Shark|0.605|0.6167927691751458|0.6306596398353577|1|564.6792452830189;949.8867924528303;3300.5283018867926;1354.7924528301885|1927.032328634992;1078.7644155202136|[-0.03170420974493027, -0.09955649077892303, 0.0]|[0.026946846395730972, 0.02996676415205002, 0.9991876482963562]|[[2827.300073606339, 0.0, 1993.2574097262354], [0.0, 2852.2438974589363, 1443.3722632010733], [0.0, 0.0, 1.0]]|[-0.10503180452618159, -0.116551286948027, -0.0029062439353091346, -0.0010174323951853816, 0.11141675034675427]
60|4658|2024.06.20.REEF/08_2023/082923_Pool Calibration/082929_FishModels_FSL04/P8290054.ORF|4|Shark|0.605|0.612007153854119|0.6320545077323914|1|534.0377358490565;991.4716981132075;3237.056603773585;1429.2075471698115|1925.0430872496158;1080.5159223289982|[-0.03170420974493027, -0.09955649077892303, 0.0]|[0.026946846395730972, 0.02996676415205002, 0.9991876482963562]|[[2827.300073606339, 0.0, 1993.2574097262354], [0.0, 2852.2438974589363, 1443.3722632010733], [0.0, 0.0, 1.0]]|[-0.10503180452618159, -0.116551286948027, -0.0029062439353091346, -0.0010174323951853816, 0.11141675034675427]
60|4659|2024.06.20.REEF/08_2023/082923_Pool Calibration/082929_FishModels_FSL04/P8290055.ORF|4|Shark|0.605|0.611311639189521|0.6353991627693176|1|584.377358490566;973.9622641509433;3272.075471698113;1396.377358490566|1926.7303408424755;1082.5675485625968|[-0.03170420974493027, -0.09955649077892303, 0.0]|[0.026946846395730972, 0.02996676415205002, 0.9991876482963562]|[[2827.300073606339, 0.0, 1993.2574097262354], [0.0, 2852.2438974589363, 1443.3722632010733], [0.0, 0.0, 1.0]]|[-0.10503180452618159, -0.116551286948027, -0.0029062439353091346, -0.0010174323951853816, 0.11141675034675427]
60|4657|2024.06.20.REEF/08_2023/082923_Pool Calibration/082929_FishModels_FSL04/P8290056.ORF|4|Shark|0.605|0.6113139414681134|0.6378361582756042|1|643.4716981132075;943.3207547169811;3324.6037735849054;1339.4716981132076|1927.5672861674689;1084.175167893728|[-0.03170420974493027, -0.09955649077892303, 0.0]|[0.026946846395730972, 0.02996676415205002, 0.9991876482963562]|[[2827.300073606339, 0.0, 1993.2574097262354], [0.0, 2852.2438974589363, 1443.3722632010733], [0.0, 0.0, 1.0]]|[-0.10503180452618159, -0.116551286948027, -0.0029062439353091346, -0.0010174323951853816, 0.11141675034675427]
60|4653|2024.06.20.REEF/08_2023/082923_Pool Calibration/082929_FishModels_FSL04/P8290050.ORF|4|Shark|0.605|0.6093503642856928|0.6827916502952576|1|702.5660377358489;987.0943396226415;3193.283018867924;1394.188679245283|1934.6116108971867;1114.2276965336082|[-0.03170420974493027, -0.09955649077892303, 0.0]|[0.026946846395730972, 0.02996676415205002, 0.9991876482963562]|[[2827.300073606339, 0.0, 1993.2574097262354], [0.0, 2852.2438974589363, 1443.3722632010733], [0.0, 0.0, 1.0]]|[-0.10503180452618159, -0.116551286948027, -0.0029062439353091346, -0.0010174323951853816, 0.11141675034675427]
60|4652|2024.06.20.REEF/08_2023/082923_Pool Calibration/082929_FishModels_FSL04/P8290049.ORF|4|Shark|0.605|0.6080834233539679|0.6884851455688477|1|678.4905660377357;1017.7358490566036;3149.5094339622638;1381.056603773585|1936.5097000517017;1117.3931264544005|[-0.03170420974493027, -0.09955649077892303, 0.0]|[0.026946846395730972, 0.02996676415205002, 0.9991876482963562]|[[2827.300073606339, 0.0, 1993.2574097262354], [0.0, 2852.2438974589363, 1443.3722632010733], [0.0, 0.0, 1.0]]|[-0.10503180452618159, -0.116551286948027, -0.0029062439353091346, -0.0010174323951853816, 0.11141675034675427]
60|4651|2024.06.20.REEF/08_2023/082923_Pool Calibration/082929_FishModels_FSL04/P8290048.ORF|4|Shark|0.605|0.611001808437446|0.6954958438873291|1|702.5660377358489;1039.6226415094343;3160.452830188679;1400.7547169811319|1935.3964495969385;1122.3827720824165|[-0.03170420974493027, -0.09955649077892303, 0.0]|[0.026946846395730972, 0.02996676415205002, 0.9991876482963562]|[[2827.300073606339, 0.0, 1993.2574097262354], [0.0, 2852.2438974589363, 1443.3722632010733], [0.0, 0.0, 1.0]]|[-0.10503180452618159, -0.116551286948027, -0.0029062439353091346, -0.0010174323951853816, 0.11141675034675427]
60|4661|2024.06.20.REEF/08_2023/082923_Pool Calibration/082929_FishModels_FSL04/P8290057.ORF|4|Shark|0.605|0.6067595638312172|1.347687840461731|1|1401.6895142828332;1192.9651619107754;2653.538990075346;1425.6159282394476|2000.1659280999816;1319.1549942884071|[-0.03170420974493027, -0.09955649077892303, 0.0]|[0.026946846395730972, 0.02996676415205002, 0.9991876482963562]|[[2827.300073606339, 0.0, 1993.2574097262354], [0.0, 2852.2438974589363, 1443.3722632010733], [0.0, 0.0, 1.0]]|[-0.10503180452618159, -0.116551286948027, -0.0029062439353091346, -0.0010174323951853816, 0.11141675034675427]
60|4660|2024.06.20.REEF/08_2023/082923_Pool Calibration/082929_FishModels_FSL04/P8290058.ORF|4|Shark|0.605|0.6014265332946892|1.359297275543213|1|1412.9886919901382;1180.2763999280637;2643.2229234207484;1408.992682532317|1999.7151809716386;1321.3232769572808|[-0.03170420974493027, -0.09955649077892303, 0.0]|[0.026946846395730972, 0.02996676415205002, 0.9991876482963562]|[[2827.300073606339, 0.0, 1993.2574097262354], [0.0, 2852.2438974589363, 1443.3722632010733], [0.0, 0.0, 1.0]]|[-0.10503180452618159, -0.116551286948027, -0.0029062439353091346, -0.0010174323951853816, 0.11141675034675427]
60|4663|2024.06.20.REEF/08_2023/082923_Pool Calibration/082929_FishModels_FSL04/P8290060.ORF|4|Shark|0.605|0.6029508993498283|1.3896650075912476|1|1408.5063971993607;1215.254672376978;2611.150059448568;1459.2095048428373|2000.6236801834946;1326.0817253660855|[-0.03170420974493027, -0.09955649077892303, 0.0]|[0.026946846395730972, 0.02996676415205002, 0.9991876482963562]|[[2827.300073606339, 0.0, 1993.2574097262354], [0.0, 2852.2438974589363, 1443.3722632010733], [0.0, 0.0, 1.0]]|[-0.10503180452618159, -0.116551286948027, -0.0029062439353091346, -0.0010174323951853816, 0.11141675034675427]
60|4662|2024.06.20.REEF/08_2023/082923_Pool Calibration/082929_FishModels_FSL04/P8290059.ORF|4|Shark|0.605|0.6132370592339322|1.4061509370803833|1|1392.6285989682938;1214.2316357554353;2605.3854480117716;1438.7856609016753|2002.0138271711292;1328.2544620644123|[-0.03170420974493027, -0.09955649077892303, 0.0]|[0.026946846395730972, 0.02996676415205002, 0.9991876482963562]|[[2827.300073606339, 0.0, 1993.2574097262354], [0.0, 2852.2438974589363, 1443.3722632010733], [0.0, 0.0, 1.0]]|[-0.10503180452618159, -0.116551286948027, -0.0029062439353091346, -0.0010174323951853816, 0.11141675034675427]
60|4664|2024.06.20.REEF/08_2023/082923_Pool Calibration/082929_FishModels_FSL04/P8290061.ORF|4|Shark|0.605|0.6014432253705414|1.415797472000122|1|1424.830188679245;1203.7735849056603;2600.1509433962265;1453.2830188679245|2002.1717104142926;1329.7209890274544|[-0.03170420974493027, -0.09955649077892303, 0.0]|[0.026946846395730972, 0.02996676415205002, 0.9991876482963562]|[[2827.300073606339, 0.0, 1993.2574097262354], [0.0, 2852.2438974589363, 1443.3722632010733], [0.0, 0.0, 1.0]]|[-0.10503180452618159, -0.116551286948027, -0.0029062439353091346, -0.0010174323951853816, 0.11141675034675427]
60|4665|2024.06.20.REEF/08_2023/082923_Pool Calibration/082929_FishModels_FSL04/P8290063.ORF|4|Shark|0.605|0.6014602210851712|1.4666094779968262|1|1468.6037735849056;1247.5471698113206;2602.3396226415093;1492.6792452830189|2004.694622816852;1336.5517894890654|[-0.03170420974493027, -0.09955649077892303, 0.0]|[0.026946846395730972, 0.02996676415205002, 0.9991876482963562]|[[2827.300073606339, 0.0, 1993.2574097262354], [0.0, 2852.2438974589363, 1443.3722632010733], [0.0, 0.0, 1.0]]|[-0.10503180452618159, -0.116551286948027, -0.0029062439353091346, -0.0010174323951853816, 0.11141675034675427]
60|4666|2024.06.20.REEF/08_2023/082923_Pool Calibration/082929_FishModels_FSL04/P8290062.ORF|4|Shark|0.605|0.599939650109113|1.4722036123275757|1|1479.5471698113208;1278.188679245283;2606.7169811320755;1518.9433962264154|2003.3208384776515;1337.8962143924937|[-0.03170420974493027, -0.09955649077892303, 0.0]|[0.026946846395730972, 0.02996676415205002, 0.9991876482963562]|[[2827.300073606339, 0.0, 1993.2574097262354], [0.0, 2852.2438974589363, 1443.3722632010733], [0.0, 0.0, 1.0]]|[-0.10503180452618159, -0.116551286948027, -0.0029062439353091346, -0.0010174323951853816, 0.11141675034675427]
60|4667|2024.06.20.REEF/08_2023/082923_Pool Calibration/082929_FishModels_FSL04/P8290064.ORF|4|Shark|0.605|0.6002833654951986|1.4722411632537842|1|1468.6037735849056;1212.5283018867924;2593.584905660377;1466.4150943396226|2004.003450656552;1337.6399424964022|[-0.03170420974493027, -0.09955649077892303, 0.0]|[0.026946846395730972, 0.02996676415205002, 0.9991876482963562]|[[2827.300073606339, 0.0, 1993.2574097262354], [0.0, 2852.2438974589363, 1443.3722632010733], [0.0, 0.0, 1.0]]|[-0.10503180452618159, -0.116551286948027, -0.0029062439353091346, -0.0010174323951853816, 0.11141675034675427]
60|4670|2024.06.20.REEF/08_2023/082923_Pool Calibration/082929_FishModels_FSL04/P8290067.ORF|4|Shark|0.605|0.6008599209970732|1.4756028652191162|1|1464.2264150943395;1210.3396226415095;2591.396226415094;1446.7169811320753|2005.4549334524613;1337.6007243190588|[-0.03170420974493027, -0.09955649077892303, 0.0]|[0.026946846395730972, 0.02996676415205002, 0.9991876482963562]|[[2827.300073606339, 0.0, 1993.2574097262354], [0.0, 2852.2438974589363, 1443.3722632010733], [0.0, 0.0, 1.0]]|[-0.10503180452618159, -0.116551286948027, -0.0029062439353091346, -0.0010174323951853816, 0.11141675034675427]
60|4668|2024.06.20.REEF/08_2023/082923_Pool Calibration/082929_FishModels_FSL04/P8290065.ORF|4|Shark|0.605|0.6042332737505763|1.4819285869598389|1|1468.6037735849056;1208.1509433962265;2593.584905660377;1462.0377358490564|2004.3816572884716;1338.916803820006|[-0.03170420974493027, -0.09955649077892303, 0.0]|[0.026946846395730972, 0.02996676415205002, 0.9991876482963562]|[[2827.300073606339, 0.0, 1993.2574097262354], [0.0, 2852.2438974589363, 1443.3722632010733], [0.0, 0.0, 1.0]]|[-0.10503180452618159, -0.116551286948027, -0.0029062439353091346, -0.0010174323951853816, 0.11141675034675427]
60|4669|2024.06.20.REEF/08_2023/082923_Pool Calibration/082929_FishModels_FSL04/P8290066.ORF|4|Shark|0.605|0.6113621630836773|1.5006359815597534|1|1488.3018867924527;1216.9056603773586;2613.2830188679245;1466.4150943396226|2007.7672604290708;1340.356489971424|[-0.03170420974493027, -0.09955649077892303, 0.0]|[0.026946846395730972, 0.02996676415205002, 0.9991876482963562]|[[2827.300073606339, 0.0, 1993.2574097262354], [0.0, 2852.2438974589363, 1443.3722632010733], [0.0, 0.0, 1.0]]|[-0.10503180452618159, -0.116551286948027, -0.0029062439353091346, -0.0010174323951853816, 0.11141675034675427]
61|3370|2023-09-07 REEF Data Dump/082923_Pool Calibration/082929_FishModels_FSL06/P8290094.ORF|6|Grouper|0.36|0.35249172997872175|1.2070871591567993|1|2414.888346800243;1275.2711193741989;1590.0668907534398;1292.3539035184651|2050.523659352751;1303.168820908315|[-0.029877623543143272, -0.10001984238624573, 0.0]|[0.022014986723661423, 0.027923760935664177, 0.9993675947189331]|[[2825.1480807147805, 0.0, 2061.852601572974], [0.0, 2850.606508156248, 1458.5627645450384], [0.0, 0.0, 1.0]]|[-0.09747574682920097, -0.13276029739730982, -0.0029275610442781445, 0.0005606131205602907, 0.13559718374741433]
61|3369|2023-09-07 REEF Data Dump/082923_Pool Calibration/082929_FishModels_FSL06/P8290092.ORF|6|Grouper|0.36|0.3518685737179744|1.2128413915634155|1|2464.32246986219;1300.0702773073192;1644.7412732758569;1309.0733662482164|2051.6040123738408;1304.034719670022|[-0.029877623543143272, -0.10001984238624573, 0.0]|[0.022014986723661423, 0.027923760935664177, 0.9993675947189331]|[[2825.1480807147805, 0.0, 2061.852601572974], [0.0, 2850.606508156248, 1458.5627645450384], [0.0, 0.0, 1.0]]|[-0.09747574682920097, -0.13276029739730982, -0.0029275610442781445, 0.0005606131205602907, 0.13559718374741433]
61|3371|2023-09-07 REEF Data Dump/082923_Pool Calibration/082929_FishModels_FSL06/P8290093.ORF|6|Grouper|0.36|0.3551600459504567|1.215161681175232|1|2441.00831234143;1257.8075635681741;1615.7251594258632;1284.8168303908656|2050.2100978457847;1305.0005668389163|[-0.029877623543143272, -0.10001984238624573, 0.0]|[0.022014986723661423, 0.027923760935664177, 0.9993675947189331]|[[2825.1480807147805, 0.0, 2061.852601572974], [0.0, 2850.606508156248, 1458.5627645450384], [0.0, 0.0, 1.0]]|[-0.09747574682920097, -0.13276029739730982, -0.0029275610442781445, 0.0005606131205602907, 0.13559718374741433]
61|3373|2023-09-07 REEF Data Dump/082923_Pool Calibration/082929_FishModels_FSL06/P8290095.ORF|6|Grouper|0.36|0.3574292774121939|1.2315272092819214|1|2431.1749455671716;1289.5887229840262;1611.7643275059727;1319.5880656954716|2051.7266028442514;1307.920305093096|[-0.029877623543143272, -0.10001984238624573, 0.0]|[0.022014986723661423, 0.027923760935664177, 0.9993675947189331]|[[2825.1480807147805, 0.0, 2061.852601572974], [0.0, 2850.606508156248, 1458.5627645450384], [0.0, 0.0, 1.0]]|[-0.09747574682920097, -0.13276029739730982, -0.0029275610442781445, 0.0005606131205602907, 0.13559718374741433]
61|3365|2023-09-07 REEF Data Dump/082923_Pool Calibration/082929_FishModels_FSL06/P8290091.ORF|6|Grouper|0.36|0.3557567901687662|1.2369213104248047|1|2484.22822774335;1329.9106955256354;1671.6746023019098;1330.7678196031054|2050.763411379185;1309.36500619081|[-0.029877623543143272, -0.10001984238624573, 0.0]|[0.022014986723661423, 0.027923760935664177, 0.9993675947189331]|[[2825.1480807147805, 0.0, 2061.852601572974], [0.0, 2850.606508156248, 1458.5627645450384], [0.0, 0.0, 1.0]]|[-0.09747574682920097, -0.13276029739730982, -0.0029275610442781445, 0.0005606131205602907, 0.13559718374741433]
61|3372|2023-09-07 REEF Data Dump/082923_Pool Calibration/082929_FishModels_FSL06/P8290096.ORF|6|Grouper|0.36|0.35555070423417423|1.2388808727264404|1|2444.0820625511883;1283.69936206446;1633.770146235438;1312.0503892423098|2053.8398906012408;1308.7348553477425|[-0.029877623543143272, -0.10001984238624573, 0.0]|[0.022014986723661423, 0.027923760935664177, 0.9993675947189331]|[[2825.1480807147805, 0.0, 2061.852601572974], [0.0, 2850.606508156248, 1458.5627645450384], [0.0, 0.0, 1.0]]|[-0.09747574682920097, -0.13276029739730982, -0.0029275610442781445, 0.0005606131205602907, 0.13559718374741433]
61|3374|2023-09-07 REEF Data Dump/082923_Pool Calibration/082929_FishModels_FSL06/P8290097.ORF|6|Grouper|0.36|0.3578160926753251|1.2450666427612305|1|2461.2353317932193;1268.9888356685558;1652.29278530538;1338.9788490950898|2053.7840227507886;1310.0042497163415|[-0.029877623543143272, -0.10001984238624573, 0.0]|[0.022014986723661423, 0.027923760935664177, 0.9993675947189331]|[[2825.1480807147805, 0.0, 2061.852601572974], [0.0, 2850.606508156248, 1458.5627645450384], [0.0, 0.0, 1.0]]|[-0.09747574682920097, -0.13276029739730982, -0.0029275610442781445, 0.0005606131205602907, 0.13559718374741433]
61|3368|2023-09-07 REEF Data Dump/082923_Pool Calibration/082929_FishModels_FSL06/P8290090.ORF|6|Grouper|0.36|0.3532648657881582|1.2527464628219604|1|2491.5494833288462;1344.7208039915888;1694.9755425469332;1357.1976516623563|2052.4348003702926;1311.9970554851059|[-0.029877623543143272, -0.10001984238624573, 0.0]|[0.022014986723661423, 0.027923760935664177, 0.9993675947189331]|[[2825.1480807147805, 0.0, 2061.852601572974], [0.0, 2850.606508156248, 1458.5627645450384], [0.0, 0.0, 1.0]]|[-0.09747574682920097, -0.13276029739730982, -0.0029275610442781445, 0.0005606131205602907, 0.13559718374741433]
61|3366|2023-09-07 REEF Data Dump/082923_Pool Calibration/082929_FishModels_FSL06/P8290089.ORF|6|Grouper|0.36|0.3514175982216453|1.2683755159378052|1|2461.9942903122924;1374.6355216002894;1679.4400075822973;1391.7780031496868|2053.2177571185234;1314.8170792058083|[-0.029877623543143272, -0.10001984238624573, 0.0]|[0.022014986723661423, 0.027923760935664177, 0.9993675947189331]|[[2825.1480807147805, 0.0, 2061.852601572974], [0.0, 2850.606508156248, 1458.5627645450384], [0.0, 0.0, 1.0]]|[-0.09747574682920097, -0.13276029739730982, -0.0029275610442781445, 0.0005606131205602907, 0.13559718374741433]
61|3367|2023-09-07 REEF Data Dump/082923_Pool Calibration/082929_FishModels_FSL06/P8290088.ORF|6|Grouper|0.36|0.35211919633736133|1.2893716096878052|1|2420.690938862599;1343.333315017137;1649.938595353151;1378.2776043293704|2056.016568240255;1317.901386090048|[-0.029877623543143272, -0.10001984238624573, 0.0]|[0.022014986723661423, 0.027923760935664177, 0.9993675947189331]|[[2825.1480807147805, 0.0, 2061.852601572974], [0.0, 2850.606508156248, 1458.5627645450384], [0.0, 0.0, 1.0]]|[-0.09747574682920097, -0.13276029739730982, -0.0029275610442781445, 0.0005606131205602907, 0.13559718374741433]
61|3387|2023-09-07 REEF Data Dump/082923_Pool Calibration/082929_FishModels_FSL06/P8290114.ORF|6|Grouper|0.36|0.3505222579867574|1.7500079870224|1|2314.8864532538664;1333.1016771544475;1750.9089537588961;1379.76168610547|2074.5043971681816;1375.7090941230797|[-0.029877623543143272, -0.10001984238624573, 0.0]|[0.022014986723661423, 0.027923760935664177, 0.9993675947189331]|[[2825.1480807147805, 0.0, 2061.852601572974], [0.0, 2850.606508156248, 1458.5627645450384], [0.0, 0.0, 1.0]]|[-0.09747574682920097, -0.13276029739730982, -0.0029275610442781445, 0.0005606131205602907, 0.13559718374741433]
61|3388|2023-09-07 REEF Data Dump/082923_Pool Calibration/082929_FishModels_FSL06/P8290112.ORF|6|Grouper|0.36|0.35241014170201146|1.768044114112854|1|2304.662333500116;1348.99193025621;1743.7006379519123;1398.6243436483348|2075.482274667684;1377.2259390403328|[-0.029877623543143272, -0.10001984238624573, 0.0]|[0.022014986723661423, 0.027923760935664177, 0.9993675947189331]|[[2825.1480807147805, 0.0, 2061.852601572974], [0.0, 2850.606508156248, 1458.5627645450384], [0.0, 0.0, 1.0]]|[-0.09747574682920097, -0.13276029739730982, -0.0029275610442781445, 0.0005606131205602907, 0.13559718374741433]
61|3386|2023-09-07 REEF Data Dump/082923_Pool Calibration/082929_FishModels_FSL06/P8290109.ORF|6|Grouper|0.36|0.35540466019406775|1.773027777671814|1|2329.7400647379245;1365.8973883604967;1765.762565242955;1417.6291374148914|2075.7656184664293;1377.633528526695|[-0.029877623543143272, -0.10001984238624573, 0.0]|[0.022014986723661423, 0.027923760935664177, 0.9993675947189331]|[[2825.1480807147805, 0.0, 2061.852601572974], [0.0, 2850.606508156248, 1458.5627645450384], [0.0, 0.0, 1.0]]|[-0.09747574682920097, -0.13276029739730982, -0.0029275610442781445, 0.0005606131205602907, 0.13559718374741433]
61|3391|2023-09-07 REEF Data Dump/082923_Pool Calibration/082929_FishModels_FSL06/P8290111.ORF|6|Grouper|0.36|0.35583373021309905|1.775072693824768|1|2331.2565492232843;1372.393365279767;1766.7328623325664;1418.0390262101157|2074.7972081476114;1378.1362092645688|[-0.029877623543143272, -0.10001984238624573, 0.0]|[0.022014986723661423, 0.027923760935664177, 0.9993675947189331]|[[2825.1480807147805, 0.0, 2061.852601572974], [0.0, 2850.606508156248, 1458.5627645450384], [0.0, 0.0, 1.0]]|[-0.09747574682920097, -0.13276029739730982, -0.0029275610442781445, 0.0005606131205602907, 0.13559718374741433]
61|3390|2023-09-07 REEF Data Dump/082923_Pool Calibration/082929_FishModels_FSL06/P8290113.ORF|6|Grouper|0.36|0.3563686655252612|1.7804728746414185|1|2313.7559932003574;1342.6846229186413;1751.0629343942885;1399.1039802815967|2075.3902256732185;1378.4838850780893|[-0.029877623543143272, -0.10001984238624573, 0.0]|[0.022014986723661423, 0.027923760935664177, 0.9993675947189331]|[[2825.1480807147805, 0.0, 2061.852601572974], [0.0, 2850.606508156248, 1458.5627645450384], [0.0, 0.0, 1.0]]|[-0.09747574682920097, -0.13276029739730982, -0.0029275610442781445, 0.0005606131205602907, 0.13559718374741433]
61|3389|2023-09-07 REEF Data Dump/082923_Pool Calibration/082929_FishModels_FSL06/P8290110.ORF|6|Grouper|0.36|0.35787302429901074|1.7866650819778442|1|2317.5116495973157;1364.2927459692353;1753.9182818971572;1415.6103529323486|2074.602175510266;1379.3462950835121|[-0.029877623543143272, -0.10001984238624573, 0.0]|[0.022014986723661423, 0.027923760935664177, 0.9993675947189331]|[[2825.1480807147805, 0.0, 2061.852601572974], [0.0, 2850.606508156248, 1458.5627645450384], [0.0, 0.0, 1.0]]|[-0.09747574682920097, -0.13276029739730982, -0.0029275610442781445, 0.0005606131205602907, 0.13559718374741433]
61|3381|2023-09-07 REEF Data Dump/082923_Pool Calibration/082929_FishModels_FSL06/P8290108.ORF|6|Grouper|0.36|0.35661341335561464|1.8036634922027588|1|2298.870730079854;1361.4517104588906;1742.368975497255;1409.9933349882642|2075.999554494255;1380.5355130361247|[-0.029877623543143272, -0.10001984238624573, 0.0]|[0.022014986723661423, 0.027923760935664177, 0.9993675947189331]|[[2825.1480807147805, 0.0, 2061.852601572974], [0.0, 2850.606508156248, 1458.5627645450384], [0.0, 0.0, 1.0]]|[-0.09747574682920097, -0.13276029739730982, -0.0029275610442781445, 0.0005606131205602907, 0.13559718374741433]
61|3383|2023-09-07 REEF Data Dump/082923_Pool Calibration/082929_FishModels_FSL06/P8290107.ORF|6|Grouper|0.36|0.35577412640479295|1.8072385787963867|1|2332.3838500548004;1354.3159338435391;1778.0036433708267;1399.1813270656762|2077.287956087766;1380.4698489306481|[-0.029877623543143272, -0.10001984238624573, 0.0]|[0.022014986723661423, 0.027923760935664177, 0.9993675947189331]|[[2825.1480807147805, 0.0, 2061.852601572974], [0.0, 2850.606508156248, 1458.5627645450384], [0.0, 0.0, 1.0]]|[-0.09747574682920097, -0.13276029739730982, -0.0029275610442781445, 0.0005606131205602907, 0.13559718374741433]
61|3385|2023-09-07 REEF Data Dump/082923_Pool Calibration/082929_FishModels_FSL06/P8290106.ORF|6|Grouper|0.36|0.35561200026848117|1.8166489601135254|1|2277.1505459229165;1307.7390697380781;1725.5612968106213;1347.952867007418|2076.19790491064;1381.7163611530245|[-0.029877623543143272, -0.10001984238624573, 0.0]|[0.022014986723661423, 0.027923760935664177, 0.9993675947189331]|[[2825.1480807147805, 0.0, 2061.852601572974], [0.0, 2850.606508156248, 1458.5627645450384], [0.0, 0.0, 1.0]]|[-0.09747574682920097, -0.13276029739730982, -0.0029275610442781445, 0.0005606131205602907, 0.13559718374741433]
61|3384|2023-09-07 REEF Data Dump/082923_Pool Calibration/082929_FishModels_FSL06/P8290105.ORF|6|Grouper|0.36|0.3588638143957399|1.8422605991363525|1|2300.6714596484903;1317.0802304017875;1751.2521858193847;1348.937314346501|2076.3902268201837;1384.0369189813568|[-0.029877623543143272, -0.10001984238624573, 0.0]|[0.022014986723661423, 0.027923760935664177, 0.9993675947189331]|[[2825.1480807147805, 0.0, 2061.852601572974], [0.0, 2850.606508156248, 1458.5627645450384], [0.0, 0.0, 1.0]]|[-0.09747574682920097, -0.13276029739730982, -0.0029275610442781445, 0.0005606131205602907, 0.13559718374741433]
61|3382|2023-09-07 REEF Data Dump/082923_Pool Calibration/082929_FishModels_FSL06/P8290104.ORF|6|Grouper|0.36|0.35677149722600376|1.8759665489196777|1|2354.4900857400057;1312.2119601638137;1817.9385280280299;1340.568059081767|2077.2748999793666;1386.801562432603|[-0.029877623543143272, -0.10001984238624573, 0.0]|[0.022014986723661423, 0.027923760935664177, 0.9993675947189331]|[[2825.1480807147805, 0.0, 2061.852601572974], [0.0, 2850.606508156248, 1458.5627645450384], [0.0, 0.0, 1.0]]|[-0.09747574682920097, -0.13276029739730982, -0.0029275610442781445, 0.0005606131205602907, 0.13559718374741433]
61|3378|2023-09-07 REEF Data Dump/082923_Pool Calibration/082929_FishModels_FSL06/P8290103.ORF|6|Grouper|0.36|0.35722840674474304|1.8973053693771362|1|2340.114568259565;1385.5478034176808;1808.3621251137133;1399.202488311375|2078.105388529167;1388.411534352074|[-0.029877623543143272, -0.10001984238624573, 0.0]|[0.022014986723661423, 0.027923760935664177, 0.9993675947189331]|[[2825.1480807147805, 0.0, 2061.852601572974], [0.0, 2850.606508156248, 1458.5627645450384], [0.0, 0.0, 1.0]]|[-0.09747574682920097, -0.13276029739730982, -0.0029275610442781445, 0.0005606131205602907, 0.13559718374741433]
61|3380|2023-09-07 REEF Data Dump/082923_Pool Calibration/082929_FishModels_FSL06/P8290101.ORF|6|Grouper|0.36|0.3506548227757726|1.906355619430542|1|2311.850332467034;1381.901395229304;1793.0113198920756;1411.3174878288617|2079.942660792171;1388.6212992648022|[-0.029877623543143272, -0.10001984238624573, 0.0]|[0.022014986723661423, 0.027923760935664177, 0.9993675947189331]|[[2825.1480807147805, 0.0, 2061.852601572974], [0.0, 2850.606508156248, 1458.5627645450384], [0.0, 0.0, 1.0]]|[-0.09747574682920097, -0.13276029739730982, -0.0029275610442781445, 0.0005606131205602907, 0.13559718374741433]
61|3377|2023-09-07 REEF Data Dump/082923_Pool Calibration/082929_FishModels_FSL06/P8290102.ORF|6|Grouper|0.36|0.3598864956021213|1.930733561515808|1|2333.232064346603;1373.6094806617396;1806.9414951582273;1391.9457718047|2077.748753106781;1391.3797421466124|[-0.029877623543143272, -0.10001984238624573, 0.0]|[0.022014986723661423, 0.027923760935664177, 0.9993675947189331]|[[2825.1480807147805, 0.0, 2061.852601572974], [0.0, 2850.606508156248, 1458.5627645450384], [0.0, 0.0, 1.0]]|[-0.09747574682920097, -0.13276029739730982, -0.0029275610442781445, 0.0005606131205602907, 0.13559718374741433]
61|3379|2023-09-07 REEF Data Dump/082923_Pool Calibration/082929_FishModels_FSL06/P8290100.ORF|6|Grouper|0.36|0.35658063594609224|1.9475067853927612|1|2312.1125482850553;1363.8064579498264;1795.809405761782;1395.7584206010704|2079.097808312943;1392.3387034436728|[-0.029877623543143272, -0.10001984238624573, 0.0]|[0.022014986723661423, 0.027923760935664177, 0.9993675947189331]|[[2825.1480807147805, 0.0, 2061.852601572974], [0.0, 2850.606508156248, 1458.5627645450384], [0.0, 0.0, 1.0]]|[-0.09747574682920097, -0.13276029739730982, -0.0029275610442781445, 0.0005606131205602907, 0.13559718374741433]
61|3376|2023-09-07 REEF Data Dump/082923_Pool Calibration/082929_FishModels_FSL06/P8290099.ORF|6|Grouper|0.36|0.3541473438160127|1.949466347694397|1|2313.0504207860386;1368.4225071250992;1800.774660048994;1399.933318418239|2078.650262304455;1392.64914408988|[-0.029877623543143272, -0.10001984238624573, 0.0]|[0.022014986723661423, 0.027923760935664177, 0.9993675947189331]|[[2825.1480807147805, 0.0, 2061.852601572974], [0.0, 2850.606508156248, 1458.5627645450384], [0.0, 0.0, 1.0]]|[-0.09747574682920097, -0.13276029739730982, -0.0029275610442781445, 0.0005606131205602907, 0.13559718374741433]
66|3499|2024.06.20.REEF/08_2023/082923_Pool Calibration/082929_FishModels_FSL07/P8290066.ORF|10|Grouper|0.36|0.3049862521605992|2.198831558227539|1|2259.1511612260306;1428.5673088066605;1866.1927380167651;1398.238302988496|2043.1141187665821;1388.0852797623602|[-0.029473014175891876, -0.09940780699253082, 0.0]|[0.02901473641395569, 0.013735744170844555, 0.9994845986366272]|[[2841.3712142828917, 0.0, 2004.355023481056], [0.0, 2863.7600731700495, 1476.2484742699291], [0.0, 0.0, 1.0]]|[-0.12522768463073414, -0.03655398418155435, -0.0016834701843602728, 0.00031500872322268533, 0.033920993967001614]
66|3500|2024.06.20.REEF/08_2023/082923_Pool Calibration/082929_FishModels_FSL07/P8290067.ORF|10|Grouper|0.36|0.3046287541977297|2.212307929992676|1|2239.134541550382;1418.2704566534644;1850.1320756217472;1376.0735789934088|2046.001467880291;1387.8835719888875|[-0.029473014175891876, -0.09940780699253082, 0.0]|[0.02901473641395569, 0.013735744170844555, 0.9994845986366272]|[[2841.3712142828917, 0.0, 2004.355023481056], [0.0, 2863.7600731700495, 1476.2484742699291], [0.0, 0.0, 1.0]]|[-0.12522768463073414, -0.03655398418155435, -0.0016834701843602728, 0.00031500872322268533, 0.033920993967001614]
66|3502|2024.06.20.REEF/08_2023/082923_Pool Calibration/082929_FishModels_FSL07/P8290068.ORF|10|Grouper|0.36|0.30367747068423806|2.214240312576294|1|2244.604200204085;1401.356613577507;1857.9815507854937;1352.199747960209|2046.913674151784;1387.7005098169334|[-0.029473014175891876, -0.09940780699253082, 0.0]|[0.02901473641395569, 0.013735744170844555, 0.9994845986366272]|[[2841.3712142828917, 0.0, 2004.355023481056], [0.0, 2863.7600731700495, 1476.2484742699291], [0.0, 0.0, 1.0]]|[-0.12522768463073414, -0.03655398418155435, -0.0016834701843602728, 0.00031500872322268533, 0.033920993967001614]
66|3501|2024.06.20.REEF/08_2023/082923_Pool Calibration/082929_FishModels_FSL07/P8290069.ORF|10|Grouper|0.36|0.3164271480302645|2.2647945880889893|1|2241.2623060111564;1410.721365255139;1846.1737519584751;1371.668966459174|2047.5747048312408;1390.628120541091|[-0.029473014175891876, -0.09940780699253082, 0.0]|[0.02901473641395569, 0.013735744170844555, 0.9994845986366272]|[[2841.3712142828917, 0.0, 2004.355023481056], [0.0, 2863.7600731700495, 1476.2484742699291], [0.0, 0.0, 1.0]]|[-0.12522768463073414, -0.03655398418155435, -0.0016834701843602728, 0.00031500872322268533, 0.033920993967001614]
66|3503|2024.06.20.REEF/08_2023/082923_Pool Calibration/082929_FishModels_FSL07/P8290070.ORF|10|Shark|0.605|0.6028819290070336|1.3332633972167969|1|1393.8493814798692;1324.831100534348;2673.5356291423905;1440.5428509927808|2019.0971389097467;1303.6771962115847|[-0.029473014175891876, -0.09940780699253082, 0.0]|[0.02901473641395569, 0.013735744170844555, 0.9994845986366272]|[[2841.3712142828917, 0.0, 2004.355023481056], [0.0, 2863.7600731700495, 1476.2484742699291], [0.0, 0.0, 1.0]]|[-0.12522768463073414, -0.03655398418155435, -0.0016834701843602728, 0.00031500872322268533, 0.033920993967001614]
66|3504|2024.06.20.REEF/08_2023/082923_Pool Calibration/082929_FishModels_FSL07/P8290071.ORF|10|Shark|0.605|0.6013915219204907|1.3344919681549072|1|1417.5711577334148;1284.8635882264798;2695.543157240996;1365.433251508648|2019.9021427334114;1303.617709311108|[-0.029473014175891876, -0.09940780699253082, 0.0]|[0.02901473641395569, 0.013735744170844555, 0.9994845986366272]|[[2841.3712142828917, 0.0, 2004.355023481056], [0.0, 2863.7600731700495, 1476.2484742699291], [0.0, 0.0, 1.0]]|[-0.12522768463073414, -0.03655398418155435, -0.0016834701843602728, 0.00031500872322268533, 0.033920993967001614]
66|3506|2024.06.20.REEF/08_2023/082923_Pool Calibration/082929_FishModels_FSL07/P8290072.ORF|10|Shark|0.605|0.597605900521701|1.5122737884521484|1|1483.139407983735;1253.227753942155;2602.54345315939;1341.5115339215515|2027.401164636206;1328.6636580293964|[-0.029473014175891876, -0.09940780699253082, 0.0]|[0.02901473641395569, 0.013735744170844555, 0.9994845986366272]|[[2841.3712142828917, 0.0, 2004.355023481056], [0.0, 2863.7600731700495, 1476.2484742699291], [0.0, 0.0, 1.0]]|[-0.12522768463073414, -0.03655398418155435, -0.0016834701843602728, 0.00031500872322268533, 0.033920993967001614]
66|3507|2024.06.20.REEF/08_2023/082923_Pool Calibration/082929_FishModels_FSL07/P8290073.ORF|10|Shark|0.605|0.5997940778799594|1.537984848022461|1|1468.1529750572956;1250.3040997486905;2572.418816519751;1343.1051703702458|2028.9258673454847;1331.6089512620433|[-0.029473014175891876, -0.09940780699253082, 0.0]|[0.02901473641395569, 0.013735744170844555, 0.9994845986366272]|[[2841.3712142828917, 0.0, 2004.355023481056], [0.0, 2863.7600731700495, 1476.2484742699291], [0.0, 0.0, 1.0]]|[-0.12522768463073414, -0.03655398418155435, -0.0016834701843602728, 0.00031500872322268533, 0.033920993967001614]
66|3508|2024.06.20.REEF/08_2023/082923_Pool Calibration/082929_FishModels_FSL07/P8290074.ORF|10|Shark|0.605|0.5984507661756732|1.5506017208099365|1|1462.1603816362694;1243.1561623344578;2554.106025892268;1345.098138412236|2028.6510277855546;1333.3663783477116|[-0.029473014175891876, -0.09940780699253082, 0.0]|[0.02901473641395569, 0.013735744170844555, 0.9994845986366272]|[[2841.3712142828917, 0.0, 2004.355023481056], [0.0, 2863.7600731700495, 1476.2484742699291], [0.0, 0.0, 1.0]]|[-0.12522768463073414, -0.03655398418155435, -0.0016834701843602728, 0.00031500872322268533, 0.033920993967001614]
66|3505|2024.06.20.REEF/08_2023/082923_Pool Calibration/082929_FishModels_FSL07/P8290075.ORF|10|Shark|0.605|0.5951196649419139|1.560592770576477|1|1453.1549744181552;1266.565656015098;2532.4719858167578;1362.8272831770994|2030.3865926442747;1334.0591833282776|[-0.029473014175891876, -0.09940780699253082, 0.0]|[0.02901473641395569, 0.013735744170844555, 0.9994845986366272]|[[2841.3712142828917, 0.0, 2004.355023481056], [0.0, 2863.7600731700495, 1476.2484742699291], [0.0, 0.0, 1.0]]|[-0.12522768463073414, -0.03655398418155435, -0.0016834701843602728, 0.00031500872322268533, 0.033920993967001614]
66|3509|2024.06.20.REEF/08_2023/082923_Pool Calibration/082929_FishModels_FSL07/P8290076.ORF|10|Shark|0.605|0.5941947098027545|1.5795669555664062|1|1456.8554744299413;1309.9928514144055;2521.9901506683827;1399.7928923889942|2030.4511643431647;1336.4501991395127|[-0.029473014175891876, -0.09940780699253082, 0.0]|[0.02901473641395569, 0.013735744170844555, 0.9994845986366272]|[[2841.3712142828917, 0.0, 2004.355023481056], [0.0, 2863.7600731700495, 1476.2484742699291], [0.0, 0.0, 1.0]]|[-0.12522768463073414, -0.03655398418155435, -0.0016834701843602728, 0.00031500872322268533, 0.033920993967001614]
66|3510|2024.06.20.REEF/08_2023/082923_Pool Calibration/082929_FishModels_FSL07/P8290077.ORF|10|Shark|0.605|0.5974067842603665|1.6063196659088135|1|1462.3341447155058;1309.5868048078275;2516.0856846545717;1389.5642448994633|2030.637574990862;1339.7011703605206|[-0.029473014175891876, -0.09940780699253082, 0.0]|[0.02901473641395569, 0.013735744170844555, 0.9994845986366272]|[[2841.3712142828917, 0.0, 2004.355023481056], [0.0, 2863.7600731700495, 1476.2484742699291], [0.0, 0.0, 1.0]]|[-0.12522768463073414, -0.03655398418155435, -0.0016834701843602728, 0.00031500872322268533, 0.033920993967001614]
66|3511|2024.06.20.REEF/08_2023/082923_Pool Calibration/082929_FishModels_FSL07/P8290078.ORF|10|Shark|0.605|0.60414764012131|1.6512272357940674|1|1511.5976433536396;1287.662575397437;2548.7684944932203;1359.1741108549822|2031.816396042133;1344.5929028550165|[-0.029473014175891876, -0.09940780699253082, 0.0]|[0.02901473641395569, 0.013735744170844555, 0.9994845986366272]|[[2841.3712142828917, 0.0, 2004.355023481056], [0.0, 2863.7600731700495, 1476.2484742699291], [0.0, 0.0, 1.0]]|[-0.12522768463073414, -0.03655398418155435, -0.0016834701843602728, 0.00031500872322268533, 0.033920993967001614]
66|3514|2024.06.20.REEF/08_2023/082923_Pool Calibration/082929_FishModels_FSL07/P8290081.ORF|10|Shark|0.605|0.58867037195385|2.413271427154541|1|1722.5689601505915;1377.7543683293986;2414.0061908114885;1426.0709456455463|2049.0841513987;1398.6310906256924|[-0.029473014175891876, -0.09940780699253082, 0.0]|[0.02901473641395569, 0.013735744170844555, 0.9994845986366272]|[[2841.3712142828917, 0.0, 2004.355023481056], [0.0, 2863.7600731700495, 1476.2484742699291], [0.0, 0.0, 1.0]]|[-0.12522768463073414, -0.03655398418155435, -0.0016834701843602728, 0.00031500872322268533, 0.033920993967001614]
66|3517|2024.06.20.REEF/08_2023/082923_Pool Calibration/082929_FishModels_FSL07/P8290083.ORF|10|Shark|0.605|0.5831759917585385|2.487372875213623|1|1700.0045036441688;1365.35728835787;2362.061654061271;1439.8728544920286|2051.051426662005;1401.8220167265476|[-0.029473014175891876, -0.09940780699253082, 0.0]|[0.02901473641395569, 0.013735744170844555, 0.9994845986366272]|[[2841.3712142828917, 0.0, 2004.355023481056], [0.0, 2863.7600731700495, 1476.2484742699291], [0.0, 0.0, 1.0]]|[-0.12522768463073414, -0.03655398418155435, -0.0016834701843602728, 0.00031500872322268533, 0.033920993967001614]
66|3516|2024.06.20.REEF/08_2023/082923_Pool Calibration/082929_FishModels_FSL07/P8290085.ORF|10|Shark|0.605|0.5853996930393571|2.4956820011138916|1|1711.0753306886452;1369.7556401336424;2373.1842345240057;1446.616331023346|2050.300328597378;1402.5039447347167|[-0.029473014175891876, -0.09940780699253082, 0.0]|[0.02901473641395569, 0.013735744170844555, 0.9994845986366272]|[[2841.3712142828917, 0.0, 2004.355023481056], [0.0, 2863.7600731700495, 1476.2484742699291], [0.0, 0.0, 1.0]]|[-0.12522768463073414, -0.03655398418155435, -0.0016834701843602728, 0.00031500872322268533, 0.033920993967001614]
66|3518|2024.06.20.REEF/08_2023/082923_Pool Calibration/082929_FishModels_FSL07/P8290084.ORF|10|Shark|0.605|0.5882838251755056|2.5119619369506836|1|1705.0543079741058;1368.7174180582267;2365.9057073999693;1447.2490865998654|2052.065501911899;1402.7211539387|[-0.029473014175891876, -0.09940780699253082, 0.0]|[0.02901473641395569, 0.013735744170844555, 0.9994845986366272]|[[2841.3712142828917, 0.0, 2004.355023481056], [0.0, 2863.7600731700495, 1476.2484742699291], [0.0, 0.0, 1.0]]|[-0.12522768463073414, -0.03655398418155435, -0.0016834701843602728, 0.00031500872322268533, 0.033920993967001614]
76|4195|2024.06.20.REEF/08_2023/082923_Pool Calibration/082923_FishModels_FSL03/P8290107.ORF|3|Grouper|0.36|0.3246816918635769|1.2901562452316284|1|2279.232837030591;1406.874986198009;1571.3550960457828;1321.4414657343252|1958.8331663104693;1352.046905687|[-0.03206002712249756, -0.09930168092250824, 0.0]|[0.0013077228795737028, 0.027590053156018257, 0.999618411064148]|[[2832.88718694667, 0.0, 2027.3101376941806], [0.0, 2857.5529688242154, 1492.5272084030742], [0.0, 0.0, 1.0]]|[-0.12725704527417409, -0.02928287723648356, -0.003002611873808373, -0.0008914728701532138, 0.02515944404058419]
76|4194|2024.06.20.REEF/08_2023/082923_Pool Calibration/082923_FishModels_FSL03/P8290105.ORF|3|Grouper|0.36|0.3411909586443384|1.2962359189987183|1|2311.7629382303844;1340.3270539656824;1566.931809425967;1304.804338591933|1960.0094878317987;1352.7929594934403|[-0.03206002712249756, -0.09930168092250824, 0.0]|[0.0013077228795737028, 0.027590053156018257, 0.999618411064148]|[[2832.88718694667, 0.0, 2027.3101376941806], [0.0, 2857.5529688242154, 1492.5272084030742], [0.0, 0.0, 1.0]]|[-0.12725704527417409, -0.02928287723648356, -0.003002611873808373, -0.0008914728701532138, 0.02515944404058419]
76|4197|2024.06.20.REEF/08_2023/082923_Pool Calibration/082923_FishModels_FSL03/P8290109.ORF|3|Grouper|0.36|0.3069196936381781|1.302162766456604|1|2243.7215127929044;1434.2952136127349;1576.4585962190058;1409.6144188121148|1959.1074060190274;1354.2111569829112|[-0.03206002712249756, -0.09930168092250824, 0.0]|[0.0013077228795737028, 0.027590053156018257, 0.999618411064148]|[[2832.88718694667, 0.0, 2027.3101376941806], [0.0, 2857.5529688242154, 1492.5272084030742], [0.0, 0.0, 1.0]]|[-0.12725704527417409, -0.02928287723648356, -0.003002611873808373, -0.0008914728701532138, 0.02515944404058419]
76|4198|2024.06.20.REEF/08_2023/082923_Pool Calibration/082923_FishModels_FSL03/P8290106.ORF|3|Grouper|0.36|0.3403086778031688|1.3032232522964478|1|2309.8773661902455;1348.1727411756092;1573.9390427820783;1272.5447773951812|1959.8089362957442;1354.1749043047664|[-0.03206002712249756, -0.09930168092250824, 0.0]|[0.0013077228795737028, 0.027590053156018257, 0.999618411064148]|[[2832.88718694667, 0.0, 2027.3101376941806], [0.0, 2857.5529688242154, 1492.5272084030742], [0.0, 0.0, 1.0]]|[-0.12725704527417409, -0.02928287723648356, -0.003002611873808373, -0.0008914728701532138, 0.02515944404058419]
76|4196|2024.06.20.REEF/08_2023/082923_Pool Calibration/082923_FishModels_FSL03/P8290108.ORF|3|Grouper|0.36|0.31933082284141145|1.3126215934753418|1|2293.6411533152973;1404.2825414864458;1606.7306133234076;1347.9527477741271|1960.6775394364113;1355.5919711527129|[-0.03206002712249756, -0.09930168092250824, 0.0]|[0.0013077228795737028, 0.027590053156018257, 0.999618411064148]|[[2832.88718694667, 0.0, 2027.3101376941806], [0.0, 2857.5529688242154, 1492.5272084030742], [0.0, 0.0, 1.0]]|[-0.12725704527417409, -0.02928287723648356, -0.003002611873808373, -0.0008914728701532138, 0.02515944404058419]
76|4193|2024.06.20.REEF/08_2023/082923_Pool Calibration/082923_FishModels_FSL03/P8290104.ORF|3|Grouper|0.36|0.34615446662767274|1.3977930545806885|1|2248.929702930885;1483.7697856545683;1602.0759051344226;1209.8400851202177|1965.5767779619414;1368.5458823386468|[-0.03206002712249756, -0.09930168092250824, 0.0]|[0.0013077228795737028, 0.027590053156018257, 0.999618411064148]|[[2832.88718694667, 0.0, 2027.3101376941806], [0.0, 2857.5529688242154, 1492.5272084030742], [0.0, 0.0, 1.0]]|[-0.12725704527417409, -0.02928287723648356, -0.003002611873808373, -0.0008914728701532138, 0.02515944404058419]
76|4192|2024.06.20.REEF/08_2023/082923_Pool Calibration/082923_FishModels_FSL03/P8290103.ORF|3|Grouper|0.36|0.34061520901905434|1.4077043533325195|1|2259.399741114336;1449.987466721201;1631.10588816924;1173.554219799636|1965.316412140687;1370.2195441864387|[-0.03206002712249756, -0.09930168092250824, 0.0]|[0.0013077228795737028, 0.027590053156018257, 0.999618411064148]|[[2832.88718694667, 0.0, 2027.3101376941806], [0.0, 2857.5529688242154, 1492.5272084030742], [0.0, 0.0, 1.0]]|[-0.12725704527417409, -0.02928287723648356, -0.003002611873808373, -0.0008914728701532138, 0.02515944404058419]
76|4188|2024.06.20.REEF/08_2023/082923_Pool Calibration/082923_FishModels_FSL03/P8290101.ORF|3|Grouper|0.36|0.33517123199845333|1.4232327938079834|1|2238.3054917947325;1482.1805776984554;1634.324925879312;1196.3590318248368|1965.9607821544528;1372.4315576816036|[-0.03206002712249756, -0.09930168092250824, 0.0]|[0.0013077228795737028, 0.027590053156018257, 0.999618411064148]|[[2832.88718694667, 0.0, 2027.3101376941806], [0.0, 2857.5529688242154, 1492.5272084030742], [0.0, 0.0, 1.0]]|[-0.12725704527417409, -0.02928287723648356, -0.003002611873808373, -0.0008914728701532138, 0.02515944404058419]
76|4190|2024.06.20.REEF/08_2023/082923_Pool Calibration/082923_FishModels_FSL03/P8290102.ORF|3|Grouper|0.36|0.34023766566813507|1.4275270700454712|1|2242.239783647909;1495.7694728191814;1623.185782192804;1223.8739037244418|1965.565586863112;1373.2358728626336|[-0.03206002712249756, -0.09930168092250824, 0.0]|[0.0013077228795737028, 0.027590053156018257, 0.999618411064148]|[[2832.88718694667, 0.0, 2027.3101376941806], [0.0, 2857.5529688242154, 1492.5272084030742], [0.0, 0.0, 1.0]]|[-0.12725704527417409, -0.02928287723648356, -0.003002611873808373, -0.0008914728701532138, 0.02515944404058419]
76|4191|2024.06.20.REEF/08_2023/082923_Pool Calibration/082923_FishModels_FSL03/P8290100.ORF|3|Grouper|0.36|0.3375105128971768|1.4475725889205933|1|2214.7251047300047;1464.1965253878602;1617.9787447293056;1178.6044712664034|1965.3697649046405;1376.372603651611|[-0.03206002712249756, -0.09930168092250824, 0.0]|[0.0013077228795737028, 0.027590053156018257, 0.999618411064148]|[[2832.88718694667, 0.0, 2027.3101376941806], [0.0, 2857.5529688242154, 1492.5272084030742], [0.0, 0.0, 1.0]]|[-0.12725704527417409, -0.02928287723648356, -0.003002611873808373, -0.0008914728701532138, 0.02515944404058419]
76|4189|2024.06.20.REEF/08_2023/082923_Pool Calibration/082923_FishModels_FSL03/P8290099.ORF|3|Grouper|0.36|0.33909025138002474|1.4678863286972046|1|2224.096958511726;1465.2578538077914;1631.4866657715706;1185.2257589546064|1966.7819901542935;1378.8895811282734|[-0.03206002712249756, -0.09930168092250824, 0.0]|[0.0013077228795737028, 0.027590053156018257, 0.999618411064148]|[[2832.88718694667, 0.0, 2027.3101376941806], [0.0, 2857.5529688242154, 1492.5272084030742], [0.0, 0.0, 1.0]]|[-0.12725704527417409, -0.02928287723648356, -0.003002611873808373, -0.0008914728701532138, 0.02515944404058419]
76|4183|2024.06.20.REEF/08_2023/082923_Pool Calibration/082923_FishModels_FSL03/P8290098.ORF|3|Grouper|0.36|0.3406396118260624|1.4952865839004517|1|2233.9859771726665;1485.4273414701975;1648.2604369973499;1212.12352753265|1969.0632220957546;1382.0416876652987|[-0.03206002712249756, -0.09930168092250824, 0.0]|[0.0013077228795737028, 0.027590053156018257, 0.999618411064148]|[[2832.88718694667, 0.0, 2027.3101376941806], [0.0, 2857.5529688242154, 1492.5272084030742], [0.0, 0.0, 1.0]]|[-0.12725704527417409, -0.02928287723648356, -0.003002611873808373, -0.0008914728701532138, 0.02515944404058419]
76|4186|2024.06.20.REEF/08_2023/082923_Pool Calibration/082923_FishModels_FSL03/P8290096.ORF|3|Grouper|0.36|0.33545022633929295|1.505768060684204|1|2236.615855158561;1466.2538518637814;1650.4489846906263;1230.3427499916763|1968.9514627644608;1383.5359993712516|[-0.03206002712249756, -0.09930168092250824, 0.0]|[0.0013077228795737028, 0.027590053156018257, 0.999618411064148]|[[2832.88718694667, 0.0, 2027.3101376941806], [0.0, 2857.5529688242154, 1492.5272084030742], [0.0, 0.0, 1.0]]|[-0.12725704527417409, -0.02928287723648356, -0.003002611873808373, -0.0008914728701532138, 0.02515944404058419]
76|4185|2024.06.20.REEF/08_2023/082923_Pool Calibration/082923_FishModels_FSL03/P8290095.ORF|3|Grouper|0.36|0.34234080103676134|1.5549265146255493|1|2225.5506166428545;1475.6175767427233;1637.686630595126;1265.4239946495334|1970.5415561216803;1389.6072369251185|[-0.03206002712249756, -0.09930168092250824, 0.0]|[0.0013077228795737028, 0.027590053156018257, 0.999618411064148]|[[2832.88718694667, 0.0, 2027.3101376941806], [0.0, 2857.5529688242154, 1492.5272084030742], [0.0, 0.0, 1.0]]|[-0.12725704527417409, -0.02928287723648356, -0.003002611873808373, -0.0008914728701532138, 0.02515944404058419]
76|4184|2024.06.20.REEF/08_2023/082923_Pool Calibration/082923_FishModels_FSL03/P8290094.ORF|3|Grouper|0.36|0.34577461954441824|1.5741288661956787|1|2225.451444911591;1464.5997611730056;1629.2944614562155;1284.6573645919868|1970.9694880401046;1391.9289863619003|[-0.03206002712249756, -0.09930168092250824, 0.0]|[0.0013077228795737028, 0.027590053156018257, 0.999618411064148]|[[2832.88718694667, 0.0, 2027.3101376941806], [0.0, 2857.5529688242154, 1492.5272084030742], [0.0, 0.0, 1.0]]|[-0.12725704527417409, -0.02928287723648356, -0.003002611873808373, -0.0008914728701532138, 0.02515944404058419]
76|4213|2024.06.20.REEF/08_2023/082923_Pool Calibration/082923_FishModels_FSL03/P8290124.ORF|3|Grouper|0.36|0.3229692278850317|1.694129467010498|1|2177.1476453847217;1491.7255788346051;1656.4099968441733;1347.3022466221873|1976.225216669671;1404.2921129022457|[-0.03206002712249756, -0.09930168092250824, 0.0]|[0.0013077228795737028, 0.027590053156018257, 0.999618411064148]|[[2832.88718694667, 0.0, 2027.3101376941806], [0.0, 2857.5529688242154, 1492.5272084030742], [0.0, 0.0, 1.0]]|[-0.12725704527417409, -0.02928287723648356, -0.003002611873808373, -0.0008914728701532138, 0.02515944404058419]
76|4209|2024.06.20.REEF/08_2023/082923_Pool Calibration/082923_FishModels_FSL03/P8290123.ORF|3|Grouper|0.36|0.3129147583565376|1.6997110843658447|1|2182.5441960940116;1462.8246122188514;1676.7235114439475;1334.6743315233261|1976.0055240756762;1404.9805376506745|[-0.03206002712249756, -0.09930168092250824, 0.0]|[0.0013077228795737028, 0.027590053156018257, 0.999618411064148]|[[2832.88718694667, 0.0, 2027.3101376941806], [0.0, 2857.5529688242154, 1492.5272084030742], [0.0, 0.0, 1.0]]|[-0.12725704527417409, -0.02928287723648356, -0.003002611873808373, -0.0008914728701532138, 0.02515944404058419]
76|4211|2024.06.20.REEF/08_2023/082923_Pool Calibration/082923_FishModels_FSL03/P8290122.ORF|3|Grouper|0.36|0.29854515439129437|1.7070757150650024|1|2154.2139728981433;1464.7744554302303;1674.3675820154263;1340.3995547833724|1975.9333570496328;1405.8016558614836|[-0.03206002712249756, -0.09930168092250824, 0.0]|[0.0013077228795737028, 0.027590053156018257, 0.999618411064148]|[[2832.88718694667, 0.0, 2027.3101376941806], [0.0, 2857.5529688242154, 1492.5272084030742], [0.0, 0.0, 1.0]]|[-0.12725704527417409, -0.02928287723648356, -0.003002611873808373, -0.0008914728701532138, 0.02515944404058419]
76|4207|2024.06.20.REEF/08_2023/082923_Pool Calibration/082923_FishModels_FSL03/P8290118.ORF|3|Grouper|0.36|0.339991496402525|1.719670295715332|1|2215.196994336921;1525.2467205870898;1730.1348818141744;1242.7953333116445|1974.9378729935759;1407.5277300844248|[-0.03206002712249756, -0.09930168092250824, 0.0]|[0.0013077228795737028, 0.027590053156018257, 0.999618411064148]|[[2832.88718694667, 0.0, 2027.3101376941806], [0.0, 2857.5529688242154, 1492.5272084030742], [0.0, 0.0, 1.0]]|[-0.12725704527417409, -0.02928287723648356, -0.003002611873808373, -0.0008914728701532138, 0.02515944404058419]
76|4210|2024.06.20.REEF/08_2023/082923_Pool Calibration/082923_FishModels_FSL03/P8290121.ORF|3|Grouper|0.36|0.2885259374062499|1.7202364206314087|1|2161.5550401226633;1450.563643599044;1698.1582328738864;1344.6443733707522|1977.3519255138665;1406.7250269108492|[-0.03206002712249756, -0.09930168092250824, 0.0]|[0.0013077228795737028, 0.027590053156018257, 0.999618411064148]|[[2832.88718694667, 0.0, 2027.3101376941806], [0.0, 2857.5529688242154, 1492.5272084030742], [0.0, 0.0, 1.0]]|[-0.12725704527417409, -0.02928287723648356, -0.003002611873808373, -0.0008914728701532138, 0.02515944404058419]
76|4202|2024.06.20.REEF/08_2023/082923_Pool Calibration/082923_FishModels_FSL03/P8290117.ORF|3|Grouper|0.36|0.34222096682994624|1.7216224670410156|1|2237.031254488022;1496.758643816512;1725.108175519123;1260.121353008372|1975.559595101064;1407.5073257072897|[-0.03206002712249756, -0.09930168092250824, 0.0]|[0.0013077228795737028, 0.027590053156018257, 0.999618411064148]|[[2832.88718694667, 0.0, 2027.3101376941806], [0.0, 2857.5529688242154, 1492.5272084030742], [0.0, 0.0, 1.0]]|[-0.12725704527417409, -0.02928287723648356, -0.003002611873808373, -0.0008914728701532138, 0.02515944404058419]
76|4204|2024.06.20.REEF/08_2023/082923_Pool Calibration/082923_FishModels_FSL03/P8290116.ORF|3|Grouper|0.36|0.34253629169803107|1.7262656688690186|1|2238.8273460089135;1463.2804706633729;1703.6140638704983;1289.9580284716224|1975.9549003432426;1407.857142857143|[-0.03206002712249756, -0.09930168092250824, 0.0]|[0.0013077228795737028, 0.027590053156018257, 0.999618411064148]|[[2832.88718694667, 0.0, 2027.3101376941806], [0.0, 2857.5529688242154, 1492.5272084030742], [0.0, 0.0, 1.0]]|[-0.12725704527417409, -0.02928287723648356, -0.003002611873808373, -0.0008914728701532138, 0.02515944404058419]
76|4208|2024.06.20.REEF/08_2023/082923_Pool Calibration/082923_FishModels_FSL03/P8290119.ORF|3|Grouper|0.36|0.34012127465447434|1.73065984249115|1|2201.125356093754;1605.1667420266392;1747.357573411184;1279.785953560181|1976.0346413301709;1408.2960115130602|[-0.03206002712249756, -0.09930168092250824, 0.0]|[0.0013077228795737028, 0.027590053156018257, 0.999618411064148]|[[2832.88718694667, 0.0, 2027.3101376941806], [0.0, 2857.5529688242154, 1492.5272084030742], [0.0, 0.0, 1.0]]|[-0.12725704527417409, -0.02928287723648356, -0.003002611873808373, -0.0008914728701532138, 0.02515944404058419]
76|4203|2024.06.20.REEF/08_2023/082923_Pool Calibration/082923_FishModels_FSL03/P8290114.ORF|3|Grouper|0.36|0.3420037309773939|1.7459512948989868|1|2224.4170020121182;1410.994802553792;1671.951717525913;1358.4363767965715|1977.0139181834436;1409.5409264341927|[-0.03206002712249756, -0.09930168092250824, 0.0]|[0.0013077228795737028, 0.027590053156018257, 0.999618411064148]|[[2832.88718694667, 0.0, 2027.3101376941806], [0.0, 2857.5529688242154, 1492.5272084030742], [0.0, 0.0, 1.0]]|[-0.12725704527417409, -0.02928287723648356, -0.003002611873808373, -0.0008914728701532138, 0.02515944404058419]
76|4212|2024.06.20.REEF/08_2023/082923_Pool Calibration/082923_FishModels_FSL03/P8290120.ORF|3|Grouper|0.36|0.2948375456273998|1.7479956150054932|1|2192.8969309248478;1448.1744352987207;1729.9013330329954;1329.0152562918925|1977.0470751074574;1409.7473310984935|[-0.03206002712249756, -0.09930168092250824, 0.0]|[0.0013077228795737028, 0.027590053156018257, 0.999618411064148]|[[2832.88718694667, 0.0, 2027.3101376941806], [0.0, 2857.5529688242154, 1492.5272084030742], [0.0, 0.0, 1.0]]|[-0.12725704527417409, -0.02928287723648356, -0.003002611873808373, -0.0008914728701532138, 0.02515944404058419]
76|4205|2024.06.20.REEF/08_2023/082923_Pool Calibration/082923_FishModels_FSL03/P8290113.ORF|3|Grouper|0.36|0.3372757815619806|1.7509828805923462|1|2219.7180925882803;1379.7028875927342;1674.0733671698063;1385.3198185896888|1977.284407343317;1409.9607573664637|[-0.03206002712249756, -0.09930168092250824, 0.0]|[0.0013077228795737028, 0.027590053156018257, 0.999618411064148]|[[2832.88718694667, 0.0, 2027.3101376941806], [0.0, 2857.5529688242154, 1492.5272084030742], [0.0, 0.0, 1.0]]|[-0.12725704527417409, -0.02928287723648356, -0.003002611873808373, -0.0008914728701532138, 0.02515944404058419]
76|4199|2024.06.20.REEF/08_2023/082923_Pool Calibration/082923_FishModels_FSL03/P8290112.ORF|3|Grouper|0.36|0.33661301675167116|1.7646396160125732|1|2241.2048280028785;1385.7629812054404;1701.9794522952102;1421.4706139717964|1978.7623301521517;1410.8494303005964|[-0.03206002712249756, -0.09930168092250824, 0.0]|[0.0013077228795737028, 0.027590053156018257, 0.999618411064148]|[[2832.88718694667, 0.0, 2027.3101376941806], [0.0, 2857.5529688242154, 1492.5272084030742], [0.0, 0.0, 1.0]]|[-0.12725704527417409, -0.02928287723648356, -0.003002611873808373, -0.0008914728701532138, 0.02515944404058419]
76|4206|2024.06.20.REEF/08_2023/082923_Pool Calibration/082923_FishModels_FSL03/P8290115.ORF|3|Grouper|0.36|0.3491271583225984|1.7687408924102783|1|2226.7288794556675;1445.196700013887;1678.2756885387155;1335.2653362163414|1976.9095908162667;1411.9155886438823|[-0.03206002712249756, -0.09930168092250824, 0.0]|[0.0013077228795737028, 0.027590053156018257, 0.999618411064148]|[[2832.88718694667, 0.0, 2027.3101376941806], [0.0, 2857.5529688242154, 1492.5272084030742], [0.0, 0.0, 1.0]]|[-0.12725704527417409, -0.02928287723648356, -0.003002611873808373, -0.0008914728701532138, 0.02515944404058419]
76|4200|2024.06.20.REEF/08_2023/082923_Pool Calibration/082923_FishModels_FSL03/P8290111.ORF|3|Grouper|0.36|0.3311704165155826|1.768940806388855|1|2242.9941852247143;1400.8580168940005;1715.4038808678802;1455.4224894358479|1977.63949238422;1411.6767881418116|[-0.03206002712249756, -0.09930168092250824, 0.0]|[0.0013077228795737028, 0.027590053156018257, 0.999618411064148]|[[2832.88718694667, 0.0, 2027.3101376941806], [0.0, 2857.5529688242154, 1492.5272084030742], [0.0, 0.0, 1.0]]|[-0.12725704527417409, -0.02928287723648356, -0.003002611873808373, -0.0008914728701532138, 0.02515944404058419]
76|4201|2024.06.20.REEF/08_2023/082923_Pool Calibration/082923_FishModels_FSL03/P8290110.ORF|3|Grouper|0.36|0.32650238804658127|1.7730064392089844|1|2219.625593369832;1387.285237992052;1702.2260066789029;1454.568047148433|1978.3643329190288;1411.824718822432|[-0.03206002712249756, -0.09930168092250824, 0.0]|[0.0013077228795737028, 0.027590053156018257, 0.999618411064148]|[[2832.88718694667, 0.0, 2027.3101376941806], [0.0, 2857.5529688242154, 1492.5272084030742], [0.0, 0.0, 1.0]]|[-0.12725704527417409, -0.02928287723648356, -0.003002611873808373, -0.0008914728701532138, 0.02515944404058419]
76|4147|2024.06.20.REEF/08_2023/082923_Pool Calibration/082923_FishModels_FSL03/P8290060.ORF|3|Shark|0.605|0.5384755302380534|1.1054017543792725|1|2671.098497495826;1266.3171953255423;1291.492487479132;1233.5893155258764|1947.6686900624945;1315.0852246655375|[-0.03206002712249756, -0.09930168092250824, 0.0]|[0.0013077228795737028, 0.027590053156018257, 0.999618411064148]|[[2832.88718694667, 0.0, 2027.3101376941806], [0.0, 2857.5529688242154, 1492.5272084030742], [0.0, 0.0, 1.0]]|[-0.12725704527417409, -0.02928287723648356, -0.003002611873808373, -0.0008914728701532138, 0.02515944404058419]
76|4145|2024.06.20.REEF/08_2023/082923_Pool Calibration/082923_FishModels_FSL03/P8290059.ORF|3|Shark|0.605|0.5358475999019513|1.123928427696228|1|2663.54590984975;1301.5626043405675;1314.1502504173623;1243.6594323873123|1949.5279964618933;1319.1466047709305|[-0.03206002712249756, -0.09930168092250824, 0.0]|[0.0013077228795737028, 0.027590053156018257, 0.999618411064148]|[[2832.88718694667, 0.0, 2027.3101376941806], [0.0, 2857.5529688242154, 1492.5272084030742], [0.0, 0.0, 1.0]]|[-0.12725704527417409, -0.02928287723648356, -0.003002611873808373, -0.0008914728701532138, 0.02515944404058419]
76|4149|2024.06.20.REEF/08_2023/082923_Pool Calibration/082923_FishModels_FSL03/P8290058.ORF|3|Shark|0.605|0.5385802641144453|1.1494038105010986|1|2676.1335559265444;1311.6327212020033;1349.3956594323872;1268.8347245409013|1950.446023822057;1325.034934327523|[-0.03206002712249756, -0.09930168092250824, 0.0]|[0.0013077228795737028, 0.027590053156018257, 0.999618411064148]|[[2832.88718694667, 0.0, 2027.3101376941806], [0.0, 2857.5529688242154, 1492.5272084030742], [0.0, 0.0, 1.0]]|[-0.12725704527417409, -0.02928287723648356, -0.003002611873808373, -0.0008914728701532138, 0.02515944404058419]
76|4148|2024.06.20.REEF/08_2023/082923_Pool Calibration/082923_FishModels_FSL03/P8290057.ORF|3|Shark|0.605|0.5298737907270785|1.157069444656372|1|2620.747913188648;1356.948247078464;1324.2203672787978;1311.6327212020033|1951.355142106505;1326.545687718992|[-0.03206002712249756, -0.09930168092250824, 0.0]|[0.0013077228795737028, 0.027590053156018257, 0.999618411064148]|[[2832.88718694667, 0.0, 2027.3101376941806], [0.0, 2857.5529688242154, 1492.5272084030742], [0.0, 0.0, 1.0]]|[-0.12725704527417409, -0.02928287723648356, -0.003002611873808373, -0.0008914728701532138, 0.02515944404058419]
76|4146|2024.06.20.REEF/08_2023/082923_Pool Calibration/082923_FishModels_FSL03/P8290056.ORF|3|Shark|0.605|0.5338611576428688|1.1963478326797485|1|2645.923205342237;1367.0183639399;1382.1235392320534;1336.8080133555925|1954.587960741197;1334.3722217729107|[-0.03206002712249756, -0.09930168092250824, 0.0]|[0.0013077228795737028, 0.027590053156018257, 0.999618411064148]|[[2832.88718694667, 0.0, 2027.3101376941806], [0.0, 2857.5529688242154, 1492.5272084030742], [0.0, 0.0, 1.0]]|[-0.12725704527417409, -0.02928287723648356, -0.003002611873808373, -0.0008914728701532138, 0.02515944404058419]
76|4143|2024.06.20.REEF/08_2023/082923_Pool Calibration/082923_FishModels_FSL03/P8290054.ORF|3|Shark|0.605|0.5274991592017664|1.2414071559906006|1|2570.397328881469;1367.0183639399;1367.0183639399;1336.8080133555925|1956.2587934744608;1343.3558410273827|[-0.03206002712249756, -0.09930168092250824, 0.0]|[0.0013077228795737028, 0.027590053156018257, 0.999618411064148]|[[2832.88718694667, 0.0, 2027.3101376941806], [0.0, 2857.5529688242154, 1492.5272084030742], [0.0, 0.0, 1.0]]|[-0.12725704527417409, -0.02928287723648356, -0.003002611873808373, -0.0008914728701532138, 0.02515944404058419]
76|4142|2024.06.20.REEF/08_2023/082923_Pool Calibration/082923_FishModels_FSL03/P8290055.ORF|3|Shark|0.605|0.5479612547593039|1.255497932434082|1|2590.5375626043406;1331.772954924875;1354.4307178631052;1304.0801335559265|1958.1451555110364;1345.5588033746308|[-0.03206002712249756, -0.09930168092250824, 0.0]|[0.0013077228795737028, 0.027590053156018257, 0.999618411064148]|[[2832.88718694667, 0.0, 2027.3101376941806], [0.0, 2857.5529688242154, 1492.5272084030742], [0.0, 0.0, 1.0]]|[-0.12725704527417409, -0.02928287723648356, -0.003002611873808373, -0.0008914728701532138, 0.02515944404058419]
76|4141|2024.06.20.REEF/08_2023/082923_Pool Calibration/082923_FishModels_FSL03/P8290053.ORF|3|Shark|0.605|0.5203286854604017|1.2597874402999878|1|2531.427764222422;1400.8187953370425;1362.0428919994865;1360.5979143816041|1957.8838821851498;1346.4949641950564|[-0.03206002712249756, -0.09930168092250824, 0.0]|[0.0013077228795737028, 0.027590053156018257, 0.999618411064148]|[[2832.88718694667, 0.0, 2027.3101376941806], [0.0, 2857.5529688242154, 1492.5272084030742], [0.0, 0.0, 1.0]]|[-0.12725704527417409, -0.02928287723648356, -0.003002611873808373, -0.0008914728701532138, 0.02515944404058419]
76|4144|2024.06.20.REEF/08_2023/082923_Pool Calibration/082923_FishModels_FSL03/P8290052.ORF|3|Shark|0.605|0.5360814311627861|1.3247697353363037|1|2557.8096828046746;1351.9131886477462;1412.3338898163606;1306.5976627712853|1959.0457098222178;1358.3812046447686|[-0.03206002712249756, -0.09930168092250824, 0.0]|[0.0013077228795737028, 0.027590053156018257, 0.999618411064148]|[[2832.88718694667, 0.0, 2027.3101376941806], [0.0, 2857.5529688242154, 1492.5272084030742], [0.0, 0.0, 1.0]]|[-0.12725704527417409, -0.02928287723648356, -0.003002611873808373, -0.0008914728701532138, 0.02515944404058419]
76|4150|2024.06.20.REEF/08_2023/082923_Pool Calibration/082923_FishModels_FSL03/P8290062.ORF|3|Shark|0.605|0.549182020117657|1.8731689453125|1|2402.3908167382597;1467.7195325542568;1572.9398200460028;1424.5281416531723|1979.812186443273;1420.8484254970306|[-0.03206002712249756, -0.09930168092250824, 0.0]|[0.0013077228795737028, 0.027590053156018257, 0.999618411064148]|[[2832.88718694667, 0.0, 2027.3101376941806], [0.0, 2857.5529688242154, 1492.5272084030742], [0.0, 0.0, 1.0]]|[-0.12725704527417409, -0.02928287723648356, -0.003002611873808373, -0.0008914728701532138, 0.02515944404058419]
76|4159|2024.06.20.REEF/08_2023/082923_Pool Calibration/082923_FishModels_FSL03/P8290068.ORF|3|Shark|0.605|0.5491464718268031|1.8756682872772217|1|2365.649811983295;1442.2691904293606;1537.5916836071906;1394.7887931600885|1980.8345139253472;1420.712609278765|[-0.03206002712249756, -0.09930168092250824, 0.0]|[0.0013077228795737028, 0.027590053156018257, 0.999618411064148]|[[2832.88718694667, 0.0, 2027.3101376941806], [0.0, 2857.5529688242154, 1492.5272084030742], [0.0, 0.0, 1.0]]|[-0.12725704527417409, -0.02928287723648356, -0.003002611873808373, -0.0008914728701532138, 0.02515944404058419]
76|4157|2024.06.20.REEF/08_2023/082923_Pool Calibration/082923_FishModels_FSL03/P8290070.ORF|3|Shark|0.605|0.5481153649720252|1.8759925365447998|1|2379.966144921694;1471.0092112836544;1554.1087804394183;1415.4096186009392|1981.0692639237275;1420.6590124651295|[-0.03206002712249756, -0.09930168092250824, 0.0]|[0.0013077228795737028, 0.027590053156018257, 0.999618411064148]|[[2832.88718694667, 0.0, 2027.3101376941806], [0.0, 2857.5529688242154, 1492.5272084030742], [0.0, 0.0, 1.0]]|[-0.12725704527417409, -0.02928287723648356, -0.003002611873808373, -0.0008914728701532138, 0.02515944404058419]
76|4156|2024.06.20.REEF/08_2023/082923_Pool Calibration/082923_FishModels_FSL03/P8290064.ORF|3|Shark|0.605|0.5495183214856068|1.8770583868026733|1|2393.251982172228;1451.5415268920863;1564.9089714125084;1410.4947234528001|1980.1698981296656;1421.0760602065532|[-0.03206002712249756, -0.09930168092250824, 0.0]|[0.0013077228795737028, 0.027590053156018257, 0.999618411064148]|[[2832.88718694667, 0.0, 2027.3101376941806], [0.0, 2857.5529688242154, 1492.5272084030742], [0.0, 0.0, 1.0]]|[-0.12725704527417409, -0.02928287723648356, -0.003002611873808373, -0.0008914728701532138, 0.02515944404058419]
76|4158|2024.06.20.REEF/08_2023/082923_Pool Calibration/082923_FishModels_FSL03/P8290069.ORF|3|Shark|0.605|0.5490540302184357|1.8776259422302246|1|2360.2154968875784;1455.8558045248096;1533.471047709193;1403.1997889810582|1980.6388691423092;1420.9507896692405|[-0.03206002712249756, -0.09930168092250824, 0.0]|[0.0013077228795737028, 0.027590053156018257, 0.999618411064148]|[[2832.88718694667, 0.0, 2027.3101376941806], [0.0, 2857.5529688242154, 1492.5272084030742], [0.0, 0.0, 1.0]]|[-0.12725704527417409, -0.02928287723648356, -0.003002611873808373, -0.0008914728701532138, 0.02515944404058419]
76|4154|2024.06.20.REEF/08_2023/082923_Pool Calibration/082923_FishModels_FSL03/P8290067.ORF|3|Shark|0.605|0.5503106508680008|1.8810081481933594|1|2375.341891331366;1437.7138009887544;1547.6068670586794;1395.466455704515|1980.572274083535;1421.2802707657863|[-0.03206002712249756, -0.09930168092250824, 0.0]|[0.0013077228795737028, 0.027590053156018257, 0.999618411064148]|[[2832.88718694667, 0.0, 2027.3101376941806], [0.0, 2857.5529688242154, 1492.5272084030742], [0.0, 0.0, 1.0]]|[-0.12725704527417409, -0.02928287723648356, -0.003002611873808373, -0.0008914728701532138, 0.02515944404058419]
76|4153|2024.06.20.REEF/08_2023/082923_Pool Calibration/082923_FishModels_FSL03/P8290066.ORF|3|Shark|0.605|0.549427023524329|1.8810621500015259|1|2382.910899633882;1424.8922438788532;1556.219019689201;1389.4253367266522|1980.251436159591;1421.3991418367893|[-0.03206002712249756, -0.09930168092250824, 0.0]|[0.0013077228795737028, 0.027590053156018257, 0.999618411064148]|[[2832.88718694667, 0.0, 2027.3101376941806], [0.0, 2857.5529688242154, 1492.5272084030742], [0.0, 0.0, 1.0]]|[-0.12725704527417409, -0.02928287723648356, -0.003002611873808373, -0.0008914728701532138, 0.02515944404058419]
76|4152|2024.06.20.REEF/08_2023/082923_Pool Calibration/082923_FishModels_FSL03/P8290063.ORF|3|Shark|0.605|0.5530289257548082|1.886426329612732|1|2395.268465986202;1455.3675634335534;1565.9687252215067;1410.4321154579147|1981.623760430796;1421.3903504587297|[-0.03206002712249756, -0.09930168092250824, 0.0]|[0.0013077228795737028, 0.027590053156018257, 0.999618411064148]|[[2832.88718694667, 0.0, 2027.3101376941806], [0.0, 2857.5529688242154, 1492.5272084030742], [0.0, 0.0, 1.0]]|[-0.12725704527417409, -0.02928287723648356, -0.003002611873808373, -0.0008914728701532138, 0.02515944404058419]
76|4155|2024.06.20.REEF/08_2023/082923_Pool Calibration/082923_FishModels_FSL03/P8290065.ORF|3|Shark|0.605|0.5523573412245564|1.8887059688568115|1|2386.497857325002;1421.29466762041;1558.8029539880072;1384.784616140203|1979.436477692527;1422.3813848786208|[-0.03206002712249756, -0.09930168092250824, 0.0]|[0.0013077228795737028, 0.027590053156018257, 0.999618411064148]|[[2832.88718694667, 0.0, 2027.3101376941806], [0.0, 2857.5529688242154, 1492.5272084030742], [0.0, 0.0, 1.0]]|[-0.12725704527417409, -0.02928287723648356, -0.003002611873808373, -0.0008914728701532138, 0.02515944404058419]
76|4151|2024.06.20.REEF/08_2023/082923_Pool Calibration/082923_FishModels_FSL03/P8290061.ORF|3|Shark|0.605|0.5563632585100188|1.8922933340072632|1|2420.742180869148;1451.9252056067648;1588.6339746059746;1415.0139447696329|1981.6530273871708;1421.8930605477444|[-0.03206002712249756, -0.09930168092250824, 0.0]|[0.0013077228795737028, 0.027590053156018257, 0.999618411064148]|[[2832.88718694667, 0.0, 2027.3101376941806], [0.0, 2857.5529688242154, 1492.5272084030742], [0.0, 0.0, 1.0]]|[-0.12725704527417409, -0.02928287723648356, -0.003002611873808373, -0.0008914728701532138, 0.02515944404058419]
76|4161|2024.06.20.REEF/08_2023/082923_Pool Calibration/082923_FishModels_FSL03/P8290071.ORF|3|Shark|0.605|0.5699321265116303|2.2334482669830322|1|2364.295318278572;1459.20289503292;1641.7172664560192;1437.5375897589508|1987.984743048018;1445.1683779173368|[-0.03206002712249756, -0.09930168092250824, 0.0]|[0.0013077228795737028, 0.027590053156018257, 0.999618411064148]|[[2832.88718694667, 0.0, 2027.3101376941806], [0.0, 2857.5529688242154, 1492.5272084030742], [0.0, 0.0, 1.0]]|[-0.12725704527417409, -0.02928287723648356, -0.003002611873808373, -0.0008914728701532138, 0.02515944404058419]
76|4162|2024.06.20.REEF/08_2023/082923_Pool Calibration/082923_FishModels_FSL03/P8290072.ORF|3|Shark|0.605|0.5637008076399033|2.240142583847046|1|2349.6270129605455;1463.1868316770383;1637.3260931269265;1434.7935541100132|1988.2569417525187;1445.4988082386915|[-0.03206002712249756, -0.09930168092250824, 0.0]|[0.0013077228795737028, 0.027590053156018257, 0.999618411064148]|[[2832.88718694667, 0.0, 2027.3101376941806], [0.0, 2857.5529688242154, 1492.5272084030742], [0.0, 0.0, 1.0]]|[-0.12725704527417409, -0.02928287723648356, -0.003002611873808373, -0.0008914728701532138, 0.02515944404058419]
76|4164|2024.06.20.REEF/08_2023/082923_Pool Calibration/082923_FishModels_FSL03/P8290074.ORF|3|Shark|0.605|0.5574919033892698|2.276691198348999|1|2328.6633252521524;1445.2711707536466;1636.4669622051224;1399.4186728193215|1989.8473649973441;1447.1845013258758|[-0.03206002712249756, -0.09930168092250824, 0.0]|[0.0013077228795737028, 0.027590053156018257, 0.999618411064148]|[[2832.88718694667, 0.0, 2027.3101376941806], [0.0, 2857.5529688242154, 1492.5272084030742], [0.0, 0.0, 1.0]]|[-0.12725704527417409, -0.02928287723648356, -0.003002611873808373, -0.0008914728701532138, 0.02515944404058419]
76|4160|2024.06.20.REEF/08_2023/082923_Pool Calibration/082923_FishModels_FSL03/P8290073.ORF|3|Shark|0.605|0.5714652417625938|2.304943799972534|1|2337.9558278974077;1444.6361477088128;1636.922890289872;1401.1305775328872|1990.8307684922333;1448.5474679595527|[-0.03206002712249756, -0.09930168092250824, 0.0]|[0.0013077228795737028, 0.027590053156018257, 0.999618411064148]|[[2832.88718694667, 0.0, 2027.3101376941806], [0.0, 2857.5529688242154, 1492.5272084030742], [0.0, 0.0, 1.0]]|[-0.12725704527417409, -0.02928287723648356, -0.003002611873808373, -0.0008914728701532138, 0.02515944404058419]
76|4163|2024.06.20.REEF/08_2023/082923_Pool Calibration/082923_FishModels_FSL03/P8290076.ORF|3|Shark|0.605|0.5584417789041491|2.3505020141601562|1|2316.9781062869656;1470.2182135817193;1644.8930829404198;1433.8957096707263|1991.905796395122;1450.8184338566646|[-0.03206002712249756, -0.09930168092250824, 0.0]|[0.0013077228795737028, 0.027590053156018257, 0.999618411064148]|[[2832.88718694667, 0.0, 2027.3101376941806], [0.0, 2857.5529688242154, 1492.5272084030742], [0.0, 0.0, 1.0]]|[-0.12725704527417409, -0.02928287723648356, -0.003002611873808373, -0.0008914728701532138, 0.02515944404058419]
76|4165|2024.06.20.REEF/08_2023/082923_Pool Calibration/082923_FishModels_FSL03/P8290075.ORF|3|Shark|0.605|0.569513986406479|2.3605098724365234|1|2323.802080363277;1471.7372463444242;1641.7461735901848;1427.2030077257107|1991.5442179136583;1451.5120902083402|[-0.03206002712249756, -0.09930168092250824, 0.0]|[0.0013077228795737028, 0.027590053156018257, 0.999618411064148]|[[2832.88718694667, 0.0, 2027.3101376941806], [0.0, 2857.5529688242154, 1492.5272084030742], [0.0, 0.0, 1.0]]|[-0.12725704527417409, -0.02928287723648356, -0.003002611873808373, -0.0008914728701532138, 0.02515944404058419]
76|4167|2024.06.20.REEF/08_2023/082923_Pool Calibration/082923_FishModels_FSL03/P8290077.ORF|3|Shark|0.605|0.5577807261226866|2.3875927925109863|1|2311.46770968303;1472.842362627035;1650.0895159207055;1448.7698012115145|1991.5139376499296;1453.0389980252958|[-0.03206002712249756, -0.09930168092250824, 0.0]|[0.0013077228795737028, 0.027590053156018257, 0.999618411064148]|[[2832.88718694667, 0.0, 2027.3101376941806], [0.0, 2857.5529688242154, 1492.5272084030742], [0.0, 0.0, 1.0]]|[-0.12725704527417409, -0.02928287723648356, -0.003002611873808373, -0.0008914728701532138, 0.02515944404058419]
76|4166|2024.06.20.REEF/08_2023/082923_Pool Calibration/082923_FishModels_FSL03/P8290078.ORF|3|Shark|0.605|0.5717790468526295|2.4827330112457275|1|2312.637917123761;1483.7152799179812;1660.3303054089934;1471.4799467755147|1992.0143872184108;1457.9441483428404|[-0.03206002712249756, -0.09930168092250824, 0.0]|[0.0013077228795737028, 0.027590053156018257, 0.999618411064148]|[[2832.88718694667, 0.0, 2027.3101376941806], [0.0, 2857.5529688242154, 1492.5272084030742], [0.0, 0.0, 1.0]]|[-0.12725704527417409, -0.02928287723648356, -0.003002611873808373, -0.0008914728701532138, 0.02515944404058419]
84|4857|2025-02-10 REEF Data Dump SMILE 6/083123_Fish Degree Angle Tests/083023_FishModels_FSL05/P8300002.ORF|5|Grouper|0.36|0.3568613856582555|1.3699328899383545|1|2335.320754716981;1219.0943396226417;1617.433962264151;1392|1973.5688330277542;1316.6391809813372|[-0.030078189447522163, -0.09927792847156525, 0.0]|[0.014451604336500168, 0.03844136372208595, 0.9991563558578491]|[[2833.277965760987, 0.0, 2009.7572163743287], [0.0, 2858.7736950651392, 1407.9866181636053], [0.0, 0.0, 1.0]]|[-0.12400110807193415, -0.043131654100972555, -0.003115796934186425, -0.0006848557959985216, 0.03604454414920244]
84|4861|2025-02-10 REEF Data Dump SMILE 6/083123_Fish Degree Angle Tests/083023_FishModels_FSL05/P8300005.ORF|5|Grouper|0.36|0.3529825728493217|1.3877333402633667|1|2284.9811320754716;1205.9622641509434;1582.4150943396226;1367.9245283018868|1974.4797629087996;1319.2644165823212|[-0.030078189447522163, -0.09927792847156525, 0.0]|[0.014451604336500168, 0.03844136372208595, 0.9991563558578491]|[[2833.277965760987, 0.0, 2009.7572163743287], [0.0, 2858.7736950651392, 1407.9866181636053], [0.0, 0.0, 1.0]]|[-0.12400110807193415, -0.043131654100972555, -0.003115796934186425, -0.0006848557959985216, 0.03604454414920244]
84|4859|2025-02-10 REEF Data Dump SMILE 6/083123_Fish Degree Angle Tests/083023_FishModels_FSL05/P8300004.ORF|5|Grouper|0.36|0.3572317950177973|1.4015661478042603|1|2304.6792452830186;1219.0943396226417;1602.1132075471698;1387.622641509434|1975.1232330422024;1321.2726319212024|[-0.030078189447522163, -0.09927792847156525, 0.0]|[0.014451604336500168, 0.03844136372208595, 0.9991563558578491]|[[2833.277965760987, 0.0, 2009.7572163743287], [0.0, 2858.7736950651392, 1407.9866181636053], [0.0, 0.0, 1.0]]|[-0.12400110807193415, -0.043131654100972555, -0.003115796934186425, -0.0006848557959985216, 0.03604454414920244]
84|4864|2025-02-10 REEF Data Dump SMILE 6/083123_Fish Degree Angle Tests/083023_FishModels_FSL05/P8300008.ORF|5|Grouper|0.36|0.3487524866662192|1.4354692697525024|1|2295.9245283018863;1256.3018867924527;1637.1320754716978;1457.6603773584907|1976.4889076224429;1326.1235475985904|[-0.030078189447522163, -0.09927792847156525, 0.0]|[0.014451604336500168, 0.03844136372208595, 0.9991563558578491]|[[2833.277965760987, 0.0, 2009.7572163743287], [0.0, 2858.7736950651392, 1407.9866181636053], [0.0, 0.0, 1.0]]|[-0.12400110807193415, -0.043131654100972555, -0.003115796934186425, -0.0006848557959985216, 0.03604454414920244]
84|4863|2025-02-10 REEF Data Dump SMILE 6/083123_Fish Degree Angle Tests/083023_FishModels_FSL05/P8300006.ORF|5|Grouper|0.36|0.3573514027229837|1.4424669742584229|1|2254.3396226415093;1254.1132075471694;1586.792452830189;1472.9811320754716|1976.686703541419;1327.1268590384082|[-0.030078189447522163, -0.09927792847156525, 0.0]|[0.014451604336500168, 0.03844136372208595, 0.9991563558578491]|[[2833.277965760987, 0.0, 2009.7572163743287], [0.0, 2858.7736950651392, 1407.9866181636053], [0.0, 0.0, 1.0]]|[-0.12400110807193415, -0.043131654100972555, -0.003115796934186425, -0.0006848557959985216, 0.03604454414920244]
84|4865|2025-02-10 REEF Data Dump SMILE 6/083123_Fish Degree Angle Tests/083023_FishModels_FSL05/P8300009.ORF|5|Grouper|0.36|0.3531331391026754|1.4472917318344116|1|2298.11320754717;1317.5849056603774;1634.9433962264154;1514.5660377358488|1976.084484658686;1328.184106892861|[-0.030078189447522163, -0.09927792847156525, 0.0]|[0.014451604336500168, 0.03844136372208595, 0.9991563558578491]|[[2833.277965760987, 0.0, 2009.7572163743287], [0.0, 2858.7736950651392, 1407.9866181636053], [0.0, 0.0, 1.0]]|[-0.12400110807193415, -0.043131654100972555, -0.003115796934186425, -0.0006848557959985216, 0.03604454414920244]
84|4862|2025-02-10 REEF Data Dump SMILE 6/083123_Fish Degree Angle Tests/083023_FishModels_FSL05/P8300007.ORF|5|Grouper|0.36|0.35908550002851963|1.458112120628357|1|2265.2830188679245;1247.5471698113206;1602.1132075471698;1466.4150943396226|1976.8400758924988;1329.5040984457746|[-0.030078189447522163, -0.09927792847156525, 0.0]|[0.014451604336500168, 0.03844136372208595, 0.9991563558578491]|[[2833.277965760987, 0.0, 2009.7572163743287], [0.0, 2858.7736950651392, 1407.9866181636053], [0.0, 0.0, 1.0]]|[-0.12400110807193415, -0.043131654100972555, -0.003115796934186425, -0.0006848557959985216, 0.03604454414920244]
84|4866|2025-02-10 REEF Data Dump SMILE 6/083123_Fish Degree Angle Tests/083023_FishModels_FSL05/P8300010.ORF|5|Grouper|0.36|0.3617198814166717|1.4850884675979614|1|2245.5849056603774;1256.3018867924527;1582.4150943396226;1448.9056603773588|1978.3433716177665;1332.837295025582|[-0.030078189447522163, -0.09927792847156525, 0.0]|[0.014451604336500168, 0.03844136372208595, 0.9991563558578491]|[[2833.277965760987, 0.0, 2009.7572163743287], [0.0, 2858.7736950651392, 1407.9866181636053], [0.0, 0.0, 1.0]]|[-0.12400110807193415, -0.043131654100972555, -0.003115796934186425, -0.0006848557959985216, 0.03604454414920244]
84|4873|2025-02-10 REEF Data Dump SMILE 6/083123_Fish Degree Angle Tests/083023_FishModels_FSL05/P8300017.ORF|5|Grouper|0.36|0.3582401495406193|1.7403931617736816|1|2222.650217706821;1323.477503628447;1656.9608127721335;1466.5834542815676|1985.8059305483703;1361.656519103819|[-0.030078189447522163, -0.09927792847156525, 0.0]|[0.014451604336500168, 0.03844136372208595, 0.9991563558578491]|[[2833.277965760987, 0.0, 2009.7572163743287], [0.0, 2858.7736950651392, 1407.9866181636053], [0.0, 0.0, 1.0]]|[-0.12400110807193415, -0.043131654100972555, -0.003115796934186425, -0.0006848557959985216, 0.03604454414920244]
84|4871|2025-02-10 REEF Data Dump SMILE 6/083123_Fish Degree Angle Tests/083023_FishModels_FSL05/P8300015.ORF|5|Grouper|0.36|0.3547874042193339|1.7447011470794678|1|2217.6649690634895;1286.6257163835764;1662.379561297493;1441.65762959213|1986.9161147938403;1361.5212504953295|[-0.030078189447522163, -0.09927792847156525, 0.0]|[0.014451604336500168, 0.03844136372208595, 0.9991563558578491]|[[2833.277965760987, 0.0, 2009.7572163743287], [0.0, 2858.7736950651392, 1407.9866181636053], [0.0, 0.0, 1.0]]|[-0.12400110807193415, -0.043131654100972555, -0.003115796934186425, -0.0006848557959985216, 0.03604454414920244]
84|4868|2025-02-10 REEF Data Dump SMILE 6/083123_Fish Degree Angle Tests/083023_FishModels_FSL05/P8300012.ORF|5|Grouper|0.36|0.35096717311637554|1.7690443992614746|1|2243.6457535610602;1321.225215661731;1694.0377358490564;1440.1509433962262|1986.6496321511704;1364.3032590780103|[-0.030078189447522163, -0.09927792847156525, 0.0]|[0.014451604336500168, 0.03844136372208595, 0.9991563558578491]|[[2833.277965760987, 0.0, 2009.7572163743287], [0.0, 2858.7736950651392, 1407.9866181636053], [0.0, 0.0, 1.0]]|[-0.12400110807193415, -0.043131654100972555, -0.003115796934186425, -0.0006848557959985216, 0.03604454414920244]
84|4870|2025-02-10 REEF Data Dump SMILE 6/083123_Fish Degree Angle Tests/083023_FishModels_FSL05/P8300014.ORF|5|Grouper|0.36|0.3588348088818995|1.7759230136871338|1|2208.0077109348417;1256.8440766631209;1652.6769495125443;1397.1635742196695|1988.032074189924;1364.2773698807453|[-0.030078189447522163, -0.09927792847156525, 0.0]|[0.014451604336500168, 0.03844136372208595, 0.9991563558578491]|[[2833.277965760987, 0.0, 2009.7572163743287], [0.0, 2858.7736950651392, 1407.9866181636053], [0.0, 0.0, 1.0]]|[-0.12400110807193415, -0.043131654100972555, -0.003115796934186425, -0.0006848557959985216, 0.03604454414920244]
84|4869|2025-02-10 REEF Data Dump SMILE 6/083123_Fish Degree Angle Tests/083023_FishModels_FSL05/P8300011.ORF|5|Grouper|0.36|0.3557916974977759|1.7854058742523193|1|2241.9129930289732;1305.1083149345393;1691.8490566037733;1433.5849056603774|1988.2730432630692;1365.1462746854615|[-0.030078189447522163, -0.09927792847156525, 0.0]|[0.014451604336500168, 0.03844136372208595, 0.9991563558578491]|[[2833.277965760987, 0.0, 2009.7572163743287], [0.0, 2858.7736950651392, 1407.9866181636053], [0.0, 0.0, 1.0]]|[-0.12400110807193415, -0.043131654100972555, -0.003115796934186425, -0.0006848557959985216, 0.03604454414920244]
84|4874|2025-02-10 REEF Data Dump SMILE 6/083123_Fish Degree Angle Tests/083023_FishModels_FSL05/P8300018.ORF|5|Grouper|0.36|0.36504992897914923|2.4781248569488525|1|2198.4322875962935;1369.1289494250307;1800.067425450973;1494.751367645417|2001.2571588906794;1410.5228371448893|[-0.030078189447522163, -0.09927792847156525, 0.0]|[0.014451604336500168, 0.03844136372208595, 0.9991563558578491]|[[2833.277965760987, 0.0, 2009.7572163743287], [0.0, 2858.7736950651392, 1407.9866181636053], [0.0, 0.0, 1.0]]|[-0.12400110807193415, -0.043131654100972555, -0.003115796934186425, -0.0006848557959985216, 0.03604454414920244]
84|4876|2025-02-10 REEF Data Dump SMILE 6/083123_Fish Degree Angle Tests/083023_FishModels_FSL05/P8300020.ORF|5|Grouper|0.36|0.3609908147793266|2.497807025909424|1|2158.430682810007;1339.2283818956632;1769.6239627534933;1468.8306219145013|2000.4692382812502;1412.16015625|[-0.030078189447522163, -0.09927792847156525, 0.0]|[0.014451604336500168, 0.03844136372208595, 0.9991563558578491]|[[2833.277965760987, 0.0, 2009.7572163743287], [0.0, 2858.7736950651392, 1407.9866181636053], [0.0, 0.0, 1.0]]|[-0.12400110807193415, -0.043131654100972555, -0.003115796934186425, -0.0006848557959985216, 0.03604454414920244]
84|4875|2025-02-10 REEF Data Dump SMILE 6/083123_Fish Degree Angle Tests/083023_FishModels_FSL05/P8300019.ORF|5|Grouper|0.36|0.3630374257810287|2.5055129528045654|1|2192.3257494596955;1345.3356733749056;1801.6677910067526;1472.648311620731|2001.2896728515625;1412.0355224609375|[-0.030078189447522163, -0.09927792847156525, 0.0]|[0.014451604336500168, 0.03844136372208595, 0.9991563558578491]|[[2833.277965760987, 0.0, 2009.7572163743287], [0.0, 2858.7736950651392, 1407.9866181636053], [0.0, 0.0, 1.0]]|[-0.12400110807193415, -0.043131654100972555, -0.003115796934186425, -0.0006848557959985216, 0.03604454414920244]
84|4922|2025-02-10 REEF Data Dump SMILE 6/083123_Fish Degree Angle Tests/083023_FishModels_FSL05/P8300068.ORF|5|Shark|0.605|0.6184904899504076|1.6022818088531494|1|2509.7732704512614;1287.477979273756;1416.2382811235539;1304.336962991492|1976.261474609375;1350.4803466796875|[-0.030078189447522163, -0.09927792847156525, 0.0]|[0.014451604336500168, 0.03844136372208595, 0.9991563558578491]|[[2833.277965760987, 0.0, 2009.7572163743287], [0.0, 2858.7736950651392, 1407.9866181636053], [0.0, 0.0, 1.0]]|[-0.12400110807193415, -0.043131654100972555, -0.003115796934186425, -0.0006848557959985216, 0.03604454414920244]
84|4925|2025-02-10 REEF Data Dump SMILE 6/083123_Fish Degree Angle Tests/083023_FishModels_FSL05/P8300066.ORF|5|Shark|0.605|0.620553236550623|1.6033165454864502|1|2488.175688014703;1322.8456182174687;1391.752271406684;1342.7970782384582|1976.32373046875;1350.5870361328125|[-0.030078189447522163, -0.09927792847156525, 0.0]|[0.014451604336500168, 0.03844136372208595, 0.9991563558578491]|[[2833.277965760987, 0.0, 2009.7572163743287], [0.0, 2858.7736950651392, 1407.9866181636053], [0.0, 0.0, 1.0]]|[-0.12400110807193415, -0.043131654100972555, -0.003115796934186425, -0.0006848557959985216, 0.03604454414920244]
84|4923|2025-02-10 REEF Data Dump SMILE 6/083123_Fish Degree Angle Tests/083023_FishModels_FSL05/P8300069.ORF|5|Shark|0.605|0.6189175790053764|1.605324625968933|1|2500.081046153242;1304.2957659472022;1407.7386100040615;1305.6560927668152|1976.3388671875;1350.8365478515625|[-0.030078189447522163, -0.09927792847156525, 0.0]|[0.014451604336500168, 0.03844136372208595, 0.9991563558578491]|[[2833.277965760987, 0.0, 2009.7572163743287], [0.0, 2858.7736950651392, 1407.9866181636053], [0.0, 0.0, 1.0]]|[-0.12400110807193415, -0.043131654100972555, -0.003115796934186425, -0.0006848557959985216, 0.03604454414920244]
84|4924|2025-02-10 REEF Data Dump SMILE 6/083123_Fish Degree Angle Tests/083023_FishModels_FSL05/P8300067.ORF|5|Shark|0.605|0.6203226527485333|1.6071946620941162|1|2490.6455926112703;1325.665568912892;1397.396271915681;1351.511778485538|1976.533935546875;1350.9627685546875|[-0.030078189447522163, -0.09927792847156525, 0.0]|[0.014451604336500168, 0.03844136372208595, 0.9991563558578491]|[[2833.277965760987, 0.0, 2009.7572163743287], [0.0, 2858.7736950651392, 1407.9866181636053], [0.0, 0.0, 1.0]]|[-0.12400110807193415, -0.043131654100972555, -0.003115796934186425, -0.0006848557959985216, 0.03604454414920244]
84|4928|2025-02-10 REEF Data Dump SMILE 6/083123_Fish Degree Angle Tests/083023_FishModels_FSL05/P8300072.ORF|5|Shark|0.605|0.5941010141028694|2.4120235443115234|1|2329.8785850179324;1382.7421385769128;1633.1764714909864;1423.2762476180767|1994.7757049389477;1411.337555930927|[-0.030078189447522163, -0.09927792847156525, 0.0]|[0.014451604336500168, 0.03844136372208595, 0.9991563558578491]|[[2833.277965760987, 0.0, 2009.7572163743287], [0.0, 2858.7736950651392, 1407.9866181636053], [0.0, 0.0, 1.0]]|[-0.12400110807193415, -0.043131654100972555, -0.003115796934186425, -0.0006848557959985216, 0.03604454414920244]
84|4929|2025-02-10 REEF Data Dump SMILE 6/083123_Fish Degree Angle Tests/083023_FishModels_FSL05/P8300073.ORF|5|Shark|0.605|0.5975364150267437|2.4291539192199707|1|2325.785374690559;1389.6665726546887;1630.0600407149534;1431.2544734515334|1995.4278781620221;1411.8801869880765|[-0.030078189447522163, -0.09927792847156525, 0.0]|[0.014451604336500168, 0.03844136372208595, 0.9991563558578491]|[[2833.277965760987, 0.0, 2009.7572163743287], [0.0, 2858.7736950651392, 1407.9866181636053], [0.0, 0.0, 1.0]]|[-0.12400110807193415, -0.043131654100972555, -0.003115796934186425, -0.0006848557959985216, 0.03604454414920244]
84|4926|2025-02-10 REEF Data Dump SMILE 6/083123_Fish Degree Angle Tests/083023_FishModels_FSL05/P8300070.ORF|5|Shark|0.605|0.6033376477936525|2.4297008514404297|1|2324.16567046577;1375.221126416993;1621.6789487477092;1414.2869222622871|1995.0495576690262;1412.2183670831766|[-0.030078189447522163, -0.09927792847156525, 0.0]|[0.014451604336500168, 0.03844136372208595, 0.9991563558578491]|[[2833.277965760987, 0.0, 2009.7572163743287], [0.0, 2858.7736950651392, 1407.9866181636053], [0.0, 0.0, 1.0]]|[-0.12400110807193415, -0.043131654100972555, -0.003115796934186425, -0.0006848557959985216, 0.03604454414920244]
(227 rows)
